country,country_code,version,effective_from,profile_id,profile_label_fr,profile_label_en,smic_multiple,gross_monthly_eur,employee_prsi_monthly_eur,employer_prsi_monthly_eur,employee_contributions_monthly_eur,employer_contributions_monthly_eur,employee_contribution_rate,employer_contribution_rate,net_before_income_tax_monthly_eur,income_tax_monthly_eur,usc_monthly_eur,net_after_income_tax_monthly_eur,employer_cost_monthly_eur,social_wedge_monthly_eur,total_wedge_after_income_tax_monthly_eur,cost_to_net_ratio,cost_to_net_after_income_tax_ratio,delta_gross_monthly_eur,delta_net_before_income_tax_monthly_eur,delta_net_after_income_tax_monthly_eur,delta_employer_cost_monthly_eur,delta_social_wedge_monthly_eur,delta_total_wedge_after_income_tax_monthly_eur,marginal_net_before_income_tax_rate,marginal_net_after_income_tax_rate,marginal_employer_cost_rate,marginal_social_wedge_rate,marginal_total_wedge_after_income_tax_rate
Ireland,IE,2026-01,2026-01-01,ireland__standard_employee,Irlande · salarié standard,Ireland · standard employee,0.8,1913.08,80.34,172.16,80.34,172.16,0.04199510736613211,0.08999100926255045,1832.74,49.28,23.25,1760.21,2085.24,252.5,325.03,1.1377718607112846,1.1846541037717089,,,,,,,,,,,
Ireland,IE,2026-01,2026-01-01,ireland__standard_employee,Irlande · salarié standard,Ireland · standard employee,0.81,1936.9935,81.34,174.33,81.34,174.33,0.041992913244159054,0.09000030201443629,1855.6535,54.07,23.73,1777.8535,2111.3235,255.67,333.47,1.1377789549611497,1.187568885737773,23.913500000000113,22.913499999999885,17.643499999999904,26.083500000000186,3.1699999999999875,8.440000000000055,0.9581826165136754,0.7378050055407958,1.0907437221653067,0.13256110565161822,0.35293871662450144
Ireland,IE,2026-01,2026-01-01,ireland__standard_employee,Irlande · salarié standard,Ireland · standard employee,0.82,1960.907,82.38,176.5,82.38,176.5,0.042011171361007946,0.09000936811383713,1878.527,58.85,24.2,1795.477,2137.407,258.88,341.93,1.1378101033416077,1.1904396436155964,23.913499999999885,22.87350000000015,17.62350000000015,26.083500000000186,3.210000000000008,8.45999999999998,0.9565099211742429,0.7369686578710868,1.0907437221653171,0.13423380099107296,0.35377506429422795
Ireland,IE,2026-01,2026-01-01,ireland__standard_employee,Irlande · salarié standard,Ireland · standard employee,0.83,1984.8205,83.37,178.62,83.37,178.62,0.0420037983283627,0.08999302455814015,1901.4505,63.63,24.68,1813.1405,2163.4405,261.99,350.3,1.1377842862593581,1.1932006923898066,23.913500000000113,22.923499999999876,17.663499999999885,26.033500000000004,3.1100000000000136,8.370000000000005,0.9586007903485382,0.7386413532105214,1.0886528529909834,0.13005206264244043,0.35001149978045726
Ireland,IE,2026-01,2026-01-01,ireland__standard_employee,Irlande · salarié standard,Ireland · standard employee,0.84,2008.734,84.37,180.79,84.37,180.79,0.042001579104052604,0.09000196143441591,1924.364,68.41,25.16,1830.794,2189.524,265.16,358.73,1.137790979253405,1.1959423069990398,23.913499999999885,22.913500000000113,17.653500000000122,26.08349999999973,3.170000000000016,8.430000000000007,0.9581826165136941,0.738223179375675,1.090743722165298,0.1325611056516207,0.3525205427896396
Ireland,IE,2026-01,2026-01-01,ireland__standard_employee,Irlande · salarié standard,Ireland · standard employee,0.85,2032.6475,85.37,182.95,85.37,182.95,0.04199941209678511,0.09000576833907503,1947.2775,73.2,25.64,1848.4375,2215.5975,268.32,367.16,1.1377923793604148,1.1986326289095521,23.913500000000113,22.913499999999885,17.643499999999904,26.073499999999967,3.159999999999968,8.430000000000007,0.9581826165136754,0.7378050055407958,1.0903255483304344,0.13214293181675427,0.3525205427896363
Ireland,IE,2026-01,2026-01-01,ireland__standard_employee,Irlande · salarié standard,Ireland · standard employee,0.86,2056.561,86.36,185.08,86.36,185.08,0.041992432998583566,0.08999489925171197,1970.201,77.98,26.12,1866.101,2241.641,271.44,375.54,1.1377727450143411,1.201243126711791,23.913500000000113,22.923500000000104,17.663500000000113,26.043500000000222,3.1200000000000045,8.379999999999995,0.9586007903485477,0.7386413532105308,1.0890710268258557,0.1304702364773032,0.35042967361532007
Ireland,IE,2026-01,2026-01-01,ireland__standard_employee,Irlande · salarié standard,Ireland · standard employee,0.87,2080.4745,87.36,187.24,87.36,187.24,0.041990420935224156,0.08999869981583529,1993.1145,82.76,26.59,1883.7645,2267.7145,274.6,383.95,1.1377743225489554,1.2038205943471172,23.913499999999658,22.913499999999885,17.663499999999885,26.073499999999967,3.160000000000025,8.409999999999968,0.9581826165136936,0.7386413532105354,1.0903255483304553,0.13214293181675915,0.35168419511991506
Ireland,IE,2026-01,2026-01-01,ireland__standard_employee,Irlande · salarié standard,Ireland · standard employee,0.88,2104.388,88.4,189.41,88.4,189.41,0.042007462502162154,0.09000716597889744,2015.988,87.55,27.07,1901.368,2293.798,277.81,392.43,1.1378033996234105,1.2063935019417598,23.913500000000113,22.87350000000015,17.60349999999994,26.08349999999973,3.2099999999999795,8.480000000000018,0.9565099211742338,0.7361323102013447,1.0907437221652878,0.1342338009910705,0.3546114119639525
Ireland,IE,2026-01,2026-01-01,ireland__standard_employee,Irlande · salarié standard,Ireland · standard employee,0.89,2128.3015,89.4,191.53,89.4,191.53,0.04200532678288297,0.08999194897903327,2038.9015,92.33,27.55,1919.0215,2319.8315,280.93,400.81,1.1377849788231555,1.2088616516281867,23.913500000000113,22.913499999999885,17.653500000000122,26.033500000000004,3.1200000000000045,8.379999999999995,0.9581826165136754,0.7382231793756681,1.0886528529909834,0.1304702364773032,0.35042967361532007
Ireland,IE,2026-01,2026-01-01,ireland__standard_employee,Irlande · salarié standard,Ireland · standard employee,0.9,2152.215,90.39,242.15,90.39,242.15,0.04199859214808929,0.11251199345790266,2061.825,97.11,28.03,1936.685,2394.365,332.54,457.68,1.1612842991039491,1.2363213429132769,23.913500000000113,22.923499999999876,17.663499999999885,74.5335,51.610000000000014,56.870000000000005,0.9586007903485382,0.7386413532105214,3.116795952077264,2.158195161728721,2.378154598866738
Ireland,IE,2026-01,2026-01-01,ireland__standard_employee,Irlande · salarié standard,Ireland · standard employee,0.91,2176.1285,91.39,244.83,91.39,244.83,0.04199660084411376,0.11250714284565458,2084.7385,101.89,28.51,1954.3385,2420.9585,336.22,466.62,1.1612768220090912,1.2387610948666261,23.913499999999658,22.913500000000113,17.653500000000122,26.593500000000404,3.680000000000007,8.939999999999998,0.9581826165137032,0.7382231793756822,1.1120705877433577,0.15388797122964265,0.37384740836766367
Ireland,IE,2026-01,2026-01-01,ireland__standard_employee,Irlande · salarié standard,Ireland · standard employee,0.92,2200.042,92.39,247.52,92.39,247.52,0.04199465282935508,0.11250694304926907,2107.652,106.68,28.99,1971.982,2447.562,339.91,475.58,1.161274252106135,1.2411685299358717,23.913500000000113,22.913500000000113,17.643499999999904,26.603499999999713,3.6899999999999977,8.95999999999998,0.958182616513685,0.7378050055407958,1.112488761578171,0.1543061450645025,0.37468375603738213
Ireland,IE,2026-01,2026-01-01,ireland__standard_employee,Irlande · salarié standard,Ireland · standard employee,0.93,2223.9555,93.43,250.21,93.43,250.21,0.042010732678778875,0.11250674754958002,2130.5255,111.46,29.46,1989.6055,2474.1655,343.64,484.56,1.1612935400209947,1.243545768244006,23.913500000000113,22.87350000000015,17.623499999999922,26.603500000000167,3.7299999999999613,8.980000000000018,0.9565099211742338,0.7369686578710702,1.1124887615781898,0.15597884040395357,0.37552010370711003
Ireland,IE,2026-01,2026-01-01,ireland__standard_employee,Irlande · salarié standard,Ireland · standard employee,0.94,2247.869,94.42,252.89,94.42,252.89,0.04200422711465838,0.11250210755164114,2153.449,116.24,29.94,2007.269,2500.759,347.31,493.49,1.1612808104580141,1.245851452894455,23.913500000000113,22.923499999999876,17.663500000000113,26.59349999999995,3.670000000000016,8.930000000000007,0.9586007903485382,0.7386413532105308,1.1120705877433175,0.15346979739477695,0.3734292345327938
Ireland,IE,2026-01,2026-01-01,ireland__standard_employee,Irlande · salarié standard,Ireland · standard employee,0.95,2271.7825,95.42,255.58,95.42,255.58,0.04200226033962318,0.11250196706771007,2176.3625,121.02,30.42,2024.9225,2527.3625,351.0,502.44,1.1612782796983498,1.2481280147758742,23.913499999999658,22.913500000000113,17.653499999999894,26.603500000000167,3.6899999999999977,8.949999999999989,0.9581826165137032,0.7382231793756726,1.1124887615782109,0.15430614506450543,0.3742655822025265
Ireland,IE,2026-01,2026-01-01,ireland__standard_employee,Irlande · salarié standard,Ireland · standard employee,0.96,2295.696,96.42,258.27,96.42,258.27,0.042000334539067895,0.11250182951052752,2199.276,125.81,30.9,2042.566,2553.966,354.69,511.4,1.161275801672914,1.2503713466296806,23.913500000000113,22.913499999999658,17.64350000000013,26.603499999999713,3.6899999999999977,8.95999999999998,0.9581826165136659,0.7378050055408053,1.112488761578171,0.1543061450645025,0.37468375603738213
Ireland,IE,2026-01,2026-01-01,ireland__standard_employee,Irlande · salarié standard,Ireland · standard employee,0.97,2319.6095,97.41,260.95,97.41,260.95,0.04199413737527804,0.11249738371911305,2222.1995,130.59,31.38,2060.2295,2580.5595,358.36,520.33,1.1612636489208101,1.2525592415796396,23.913500000000113,22.92350000000033,17.663499999999885,26.59349999999995,3.670000000000016,8.930000000000064,0.9586007903485572,0.7386413532105214,1.1120705877433175,0.15346979739477695,0.3734292345327962
Ireland,IE,2026-01,2026-01-01,ireland__standard_employee,Irlande · salarié standard,Ireland · standard employee,0.98,2343.523,98.41,263.64,98.41,263.64,0.041992333764166175,0.11249729573808323,2245.113,135.37,31.86,2077.883,2607.163,362.05,529.28,1.161261370808507,1.2547207903428632,23.913500000000113,22.913499999999658,17.653499999999894,26.603500000000167,3.6899999999999977,8.949999999999932,0.9581826165136659,0.7382231793756586,1.1124887615781898,0.1543061450645025,0.374265582202517
Ireland,IE,2026-01,2026-01-01,ireland__standard_employee,Irlande · salarié standard,Ireland · standard employee,0.99,2367.4365,99.45,266.33,99.45,266.33,0.042007462502162154,0.11249720953444792,2267.9865,140.16,32.33,2095.4965,2633.7665,365.78,538.27,1.1612796196097286,1.2568699112596942,23.913499999999658,22.87350000000015,17.613500000000386,26.603500000000167,3.7299999999999613,8.990000000000009,0.956509921174252,0.7365504840362405,1.1124887615782109,0.15597884040395654,0.37593827754197995
Ireland,IE,2026-01,2026-01-01,ireland__standard_employee,Irlande · salarié standard,Ireland · standard employee,1.0,2391.35,100.45,269.01,100.45,269.01,0.04200556171200368,0.11249294331653668,2290.9,144.94,32.81,2113.15,2660.36,369.46,547.21,1.1612728621938975,1.2589546411754962,23.913500000000113,22.913500000000113,17.653499999999894,26.59349999999995,3.680000000000007,8.940000000000055,0.958182616513685,0.7382231793756586,1.1120705877433175,0.1538879712296397,0.37384740836765895
Ireland,IE,2026-01,2026-01-01,ireland__standard_employee,Irlande · salarié standard,Ireland · standard employee,1.01,2415.2635,101.44,271.7,101.44,271.7,0.041999558226255645,0.11249290191318669,2313.8235,149.72,33.53,2130.5735,2686.9635,373.14,556.39,1.1612655416456785,1.2611456492817543,23.913500000000113,22.923499999999876,17.423499999999876,26.603499999999713,3.680000000000007,9.17999999999995,0.9586007903485382,0.7286051811738053,1.112488761578171,0.1538879712296397,0.3838835804043702
Ireland,IE,2026-01,2026-01-01,ireland__standard_employee,Irlande · salarié standard,Ireland · standard employee,1.02,2439.177,102.44,274.43,102.44,274.43,0.041997772199393484,0.11250926029558331,2336.737,154.5,34.24,2147.997,2713.607,376.87,565.61,1.161280452186104,1.2633197346178786,23.913500000000113,22.913500000000113,17.423499999999876,26.64350000000013,3.730000000000018,9.220000000000027,0.958182616513685,0.7286051811738053,1.1141614569176408,0.15597884040395596,0.385556275743826
Ireland,IE,2026-01,2026-01-01,ireland__standard_employee,Irlande · salarié standard,Ireland · standard employee,1.03,2463.0905,103.44,277.12,103.44,277.12,0.04199602085266457,0.11250906127890957,2359.6505,159.29,34.96,2165.4005,2740.2105,380.56,574.81,1.1612781214845165,1.2654520491705807,23.913499999999658,22.913500000000113,17.40350000000035,26.603500000000167,3.6899999999999977,9.199999999999932,0.9581826165137032,0.7277688335041127,1.1124887615782109,0.15430614506450543,0.38471992807410305
Ireland,IE,2026-01,2026-01-01,ireland__standard_employee,Irlande · salarié standard,Ireland · standard employee,1.04,2487.004,104.43,279.8,104.43,279.8,0.041990282283422144,0.11250484518722126,2382.574,164.07,35.68,2182.824,2766.804,384.23,583.98,1.1612667644320807,1.2675341667491287,23.913500000000113,22.923499999999876,17.423499999999876,26.59349999999995,3.670000000000016,9.170000000000073,0.9586007903485382,0.7286051811738053,1.1120705877433175,0.15346979739477695,0.38346540656951217
Ireland,IE,2026-01,2026-01-01,ireland__standard_employee,Irlande · salarié standard,Ireland · standard employee,1.05,2510.9175,105.47,282.49,105.47,282.49,0.04200456606001591,0.11250469200999237,2405.4475,168.85,36.4,2200.1975,2793.4075,387.96,593.21,1.1612839191044493,1.2696167048639952,23.913500000000113,22.87350000000015,17.37350000000015,26.603499999999713,3.7299999999999613,9.230000000000018,0.9565099211742338,0.726514311999501,1.112488761578171,0.15597884040395357,0.3859744495786888
Ireland,IE,2026-01,2026-01-01,ireland__standard_employee,Irlande · salarié standard,Ireland · standard employee,1.06,2534.831,106.47,285.18,106.47,285.18,0.04200280018667911,0.11250454172289986,2428.361,173.63,37.11,2217.621,2820.011,391.65,602.39,1.1612816216369806,1.2716379399365356,23.913500000000113,22.913499999999658,17.423499999999876,26.603500000000167,3.6899999999999977,9.17999999999995,0.9581826165136659,0.7286051811738053,1.1124887615781898,0.1543061450645025,0.3838835804043702
Ireland,IE,2026-01,2026-01-01,ireland__standard_employee,Irlande · salarié standard,Ireland · standard employee,1.07,2558.7445,107.47,287.86,107.47,287.86,0.042001067320320565,0.11250048607823095,2451.2745,178.42,37.83,2235.0245,2846.6045,395.33,611.58,1.1612752876105878,1.2736345843188743,23.913499999999658,22.913500000000113,17.403499999999894,26.59349999999995,3.680000000000007,9.190000000000055,0.9581826165137032,0.7277688335040936,1.1120705877433388,0.15388797122964265,0.384301754239245
Ireland,IE,2026-01,2026-01-01,ireland__standard_employee,Irlande · salarié standard,Ireland · standard employee,1.08,2582.658,108.46,290.55,108.46,290.55,0.04199549456412734,0.11250037751804537,2474.198,183.2,38.55,2252.448,2873.208,399.01,620.76,1.1612684190998457,1.2755934876188042,23.913500000000113,22.923499999999876,17.423499999999876,26.603500000000167,3.680000000000007,9.17999999999995,0.9586007903485382,0.7286051811738053,1.1124887615781898,0.1538879712296397,0.3838835804043702
Ireland,IE,2026-01,2026-01-01,ireland__standard_employee,Irlande · salarié standard,Ireland · standard employee,1.09,2606.5715,109.46,293.24,109.46,293.24,0.04199386051754191,0.11250027094978979,2497.1115,187.98,39.27,2269.8615,2899.8115,402.7,629.95,1.1612663271143477,1.2775279460883406,23.913500000000113,22.913500000000113,17.413500000000113,26.603499999999713,3.6899999999999977,9.190000000000055,0.958182616513685,0.728187007338952,1.112488761578171,0.1543061450645025,0.38430175423923774
Ireland,IE,2026-01,2026-01-01,ireland__standard_employee,Irlande · salarié standard,Ireland · standard employee,1.1,2630.485,110.5,295.92,110.5,295.92,0.04200746250216215,0.11249636473882194,2519.985,192.77,39.98,2287.235,2926.405,406.42,639.17,1.1612787377702645,1.2794509527879732,23.913500000000113,22.87350000000015,17.37350000000015,26.593500000000404,3.7200000000000273,9.219999999999914,0.9565099211742338,0.726514311999501,1.1120705877433366,0.15556066656909318,0.3855562757438213
Ireland,IE,2026-01,2026-01-01,ireland__standard_employee,Irlande · salarié standard,Ireland · standard employee,1.11,2654.3985,111.5,298.61,111.5,298.61,0.04200575007859596,0.11249629624187928,2542.8985,197.55,40.7,2304.6485,2953.0085,410.11,648.36,1.1612765904734303,1.2813270657108882,23.913499999999658,22.913499999999658,17.413499999999658,26.603499999999713,3.6899999999999977,9.190000000000055,0.9581826165136842,0.7281870073389469,1.112488761578192,0.15430614506450543,0.384301754239245
Ireland,IE,2026-01,2026-01-01,ireland__standard_employee,Irlande · salarié standard,Ireland · standard employee,1.12,2678.312,112.49,301.3,112.49,301.3,0.04200033453906788,0.11249622896809632,2565.822,202.33,41.42,2322.072,2979.612,413.79,657.54,1.1612699555931782,1.283169514123593,23.913500000000113,22.92350000000033,17.42350000000033,26.603500000000167,3.680000000000007,9.17999999999995,0.9586007903485572,0.7286051811738243,1.1124887615781898,0.1538879712296397,0.3838835804043702
Ireland,IE,2026-01,2026-01-01,ireland__standard_employee,Irlande · salarié standard,Ireland · standard employee,1.13,2702.2255,113.49,303.98,113.49,303.98,0.041998715503202826,0.11249246223159394,2588.7355,207.11,42.14,2339.4855,3006.2055,417.47,666.72,1.1612640611603617,1.2849857372486386,23.913500000000113,22.913499999999658,17.413499999999658,26.59349999999995,3.680000000000007,9.180000000000064,0.9581826165136659,0.728187007338933,1.1120705877433175,0.1538879712296397,0.3838835804043749
Ireland,IE,2026-01,2026-01-01,ireland__standard_employee,Irlande · salarié standard,Ireland · standard employee,1.14,2726.139,114.49,306.67,114.49,306.67,0.04199712487147574,0.11249242976972196,2611.649,211.9,42.85,2356.899,3032.809,421.16,675.91,1.16126209915651,1.2867793655986106,23.913500000000113,22.913500000000113,17.413500000000113,26.603500000000167,3.6899999999999977,9.18999999999994,0.958182616513685,0.728187007338952,1.1124887615781898,0.1543061450645025,0.38430175423923296
Ireland,IE,2026-01,2026-01-01,ireland__standard_employee,Irlande · salarié standard,Ireland · standard employee,1.15,2750.0525,115.48,309.4,115.48,309.4,0.04199192560869293,0.11250694304926906,2634.5725,216.68,43.57,2374.3225,3059.4525,424.88,685.13,1.1612709462351103,1.2885581044698016,23.913499999999658,22.92350000000033,17.42350000000033,26.643499999999676,3.7199999999999704,9.220000000000027,0.9586007903485755,0.7286051811738382,1.114161456917643,0.15556066656909376,0.3855562757438334
Ireland,IE,2026-01,2026-01-01,ireland__standard_employee,Irlande · salarié standard,Ireland · standard employee,1.16,2773.966,116.52,312.09,116.52,312.09,0.042004840722633226,0.1125067863124494,2657.446,221.46,44.29,2391.696,3086.056,428.61,694.36,1.1612864381816226,1.2903211779423474,23.913500000000113,22.873499999999694,17.373499999999694,26.603500000000167,3.730000000000018,9.230000000000018,0.9565099211742148,0.726514311999482,1.1124887615781898,0.15597884040395596,0.3859744495786888
Ireland,IE,2026-01,2026-01-01,ireland__standard_employee,Irlande · salarié standard,Ireland · standard employee,1.17,2797.8795,117.52,314.77,117.52,314.77,0.042003238524032226,0.11250305811955091,2680.3595,226.24,45.01,2409.1095,3112.6495,432.29,703.54,1.1612806043368435,1.2920332180832794,23.913500000000113,22.913500000000113,17.413500000000113,26.59349999999995,3.680000000000007,9.17999999999995,0.958182616513685,0.728187007338952,1.1120705877433175,0.1538879712296397,0.3838835804043702
Ireland,IE,2026-01,2026-01-01,ireland__standard_employee,Irlande · salarié standard,Ireland · standard employee,1.18,2821.793,118.52,317.46,118.52,317.46,0.042001663481339706,0.11250293696242071,2703.273,231.03,45.72,2426.523,3139.253,435.98,712.73,1.1612785686092377,1.293724807059319,23.913500000000113,22.913500000000113,17.413500000000113,26.603500000000167,3.6899999999999977,9.190000000000055,0.958182616513685,0.728187007338952,1.1124887615781898,0.1543061450645025,0.38430175423923774
Ireland,IE,2026-01,2026-01-01,ireland__standard_employee,Irlande · salarié standard,Ireland · standard employee,1.19,2845.7065,119.51,320.15,119.51,320.15,0.04199660084411376,0.1125028178415448,2726.1965,235.81,46.44,2443.9465,3165.8565,439.66,721.91,1.1612723074070415,1.2953869898543198,23.913499999999658,22.923499999999876,17.423499999999876,26.603499999999713,3.680000000000007,9.17999999999995,0.9586007903485564,0.7286051811738192,1.112488761578192,0.15388797122964265,0.3838835804043775
Ireland,IE,2026-01,2026-01-01,ireland__standard_employee,Irlande · salarié standard,Ireland · standard employee,1.2,2869.62,120.51,322.83,120.51,322.83,0.04199510736613211,0.11249921592405963,2749.11,240.59,47.16,2461.36,3192.45,443.34,731.09,1.1612667372349597,1.2970268469464037,23.913500000000113,22.913500000000113,17.413500000000113,26.59349999999995,3.67999999999995,9.180000000000064,0.958182616513685,0.728187007338952,1.1120705877433175,0.15388797122963735,0.3838835804043749
Ireland,IE,2026-01,2026-01-01,ireland__standard_employee,Irlande · salarié standard,Ireland · standard employee,1.21,2893.5335,121.55,325.52,121.55,325.52,0.04200746250216215,0.11249912952450697,2771.9835,245.37,47.87,2478.7435,3219.0535,447.07,740.31,1.1612816237903292,1.298663415557116,23.913500000000113,22.873499999999694,17.383499999999913,26.603500000000167,3.730000000000018,9.219999999999914,0.9565099211742148,0.7269324858343542,1.1124887615781898,0.15597884040395596,0.3855562757438213
Ireland,IE,2026-01,2026-01-01,ireland__standard_employee,Irlande · salarié standard,Ireland · standard employee,1.22,2917.447,122.55,328.21,122.55,328.21,0.042005904477442096,0.11249904454134044,2794.897,250.16,48.59,2496.147,3245.657,450.76,749.51,1.1612796464413537,1.300266771147693,23.913500000000113,22.913500000000113,17.403499999999894,26.603500000000167,3.6899999999999977,9.200000000000045,0.958182616513685,0.7277688335040798,1.1124887615781898,0.1543061450645025,0.3847199280741005
Ireland,IE,2026-01,2026-01-01,ireland__standard_employee,Irlande · salarié standard,Ireland · standard employee,1.23,2941.3605,123.54,330.89,123.54,330.89,0.04200097199918202,0.11249556115273868,2817.8205,254.94,49.31,2513.5705,3272.2505,454.43,758.68,1.1612700312173894,1.301833586923462,23.913499999999658,22.923499999999876,17.423499999999876,26.59349999999995,3.670000000000016,9.169999999999959,0.9586007903485564,0.7286051811738192,1.1120705877433388,0.15346979739477987,0.3834654065695147
Ireland,IE,2026-01,2026-01-01,ireland__standard_employee,Irlande · salarié standard,Ireland · standard employee,1.24,2965.274,124.54,333.58,124.54,333.58,0.0419994914466589,0.11249550631746004,2840.734,259.72,50.03,2530.984,3298.854,458.12,767.87,1.1612681792804254,1.3033879313342163,23.913500000000113,22.913500000000113,17.413500000000113,26.603499999999713,3.6899999999999977,9.190000000000055,0.958182616513685,0.728187007338952,1.112488761578171,0.1543061450645025,0.38430175423923774
Ireland,IE,2026-01,2026-01-01,ireland__standard_employee,Irlande · salarié standard,Ireland · standard employee,1.25,2989.1875,125.54,336.27,125.54,336.27,0.04199803458297614,0.11249545235954586,2863.6475,264.51,50.74,2548.3975,3325.4575,461.81,777.06,1.1612663569800403,1.3049210337084383,23.913500000000113,22.913500000000113,17.413500000000113,26.603500000000167,3.6899999999999977,9.18999999999994,0.958182616513685,0.728187007338952,1.1124887615781898,0.1543061450645025,0.38430175423923296
Ireland,IE,2026-01,2026-01-01,ireland__standard_employee,Irlande · salarié standard,Ireland · standard employee,1.26,3013.101,126.53,338.95,126.53,338.95,0.041993282004154524,0.11249208041814727,2886.571,269.29,51.46,2565.821,3352.051,465.48,786.23,1.1612570763026442,1.306424337473269,23.913500000000113,22.923499999999876,17.423499999999876,26.59349999999995,3.670000000000016,9.170000000000073,0.9586007903485382,0.7286051811738053,1.1120705877433175,0.15346979739477695,0.38346540656951217
Ireland,IE,2026-01,2026-01-01,ireland__standard_employee,Irlande · salarié standard,Ireland · standard employee,1.27,3037.0145,127.57,341.68,127.57,341.68,0.042005067805899514,0.1125052251149937,2909.4445,274.07,52.18,2583.1945,3378.6945,469.25,795.5,1.1612850838020798,1.307952033809301,23.913500000000113,22.87350000000015,17.37350000000015,26.64350000000013,3.769999999999982,9.269999999999982,0.9565099211742338,0.726514311999501,1.1141614569176408,0.15765153574340704,0.3876471449181399
Ireland,IE,2026-01,2026-01-01,ireland__standard_employee,Irlande · salarié standard,Ireland · standard employee,1.28,3060.928,128.57,344.37,128.57,344.37,0.04200360152215276,0.1125050964936124,2932.358,278.85,52.9,2600.608,3405.298,472.94,804.69,1.1612831721092718,1.309423796281485,23.913499999999658,22.913500000000113,17.413500000000113,26.603499999999713,3.6899999999999977,9.190000000000055,0.9581826165137032,0.7281870073389659,1.112488761578192,0.15430614506450543,0.384301754239245
Ireland,IE,2026-01,2026-01-01,ireland__standard_employee,Irlande · salarié standard,Ireland · standard employee,1.29,3084.8415,129.57,347.06,129.57,347.06,0.04200215797148735,0.11250496986636105,2955.2715,283.64,53.61,2618.0215,3431.9015,476.63,813.88,1.1612812900608287,1.3108759802010794,23.913500000000113,22.913499999999658,17.413499999999658,26.603500000000167,3.6899999999999977,9.18999999999994,0.9581826165136659,0.728187007338933,1.1124887615781898,0.1543061450645025,0.38430175423923296
Ireland,IE,2026-01,2026-01-01,ireland__standard_employee,Irlande · salarié standard,Ireland · standard employee,1.3,3108.755,130.56,349.74,130.56,349.74,0.04199751990748708,0.11250162846541462,2978.195,288.42,54.33,2635.445,3458.495,480.3,823.05,1.1612721799613523,1.3123001997765082,23.913500000000113,22.92350000000033,17.42350000000033,26.59349999999995,3.670000000000016,9.169999999999959,0.9586007903485572,0.7286051811738243,1.1120705877433175,0.15346979739477695,0.38346540656950745
Ireland,IE,2026-01,2026-01-01,ireland__standard_employee,Irlande · salarié standard,Ireland · standard employee,1.31,3132.6685,131.56,352.43,131.56,352.43,0.04199614482030256,0.11250153024490142,3001.1085,293.2,55.05,2652.8585,3485.0985,483.99,832.24,1.1612704105832894,1.31371443294092,23.913500000000113,22.913499999999658,17.413499999999658,26.603500000000167,3.6899999999999977,9.190000000000055,0.9581826165136659,0.728187007338933,1.1124887615781898,0.1543061450645025,0.38430175423923774
Ireland,IE,2026-01,2026-01-01,ireland__standard_employee,Irlande · salarié standard,Ireland · standard employee,1.32,3156.582,132.56,355.12,132.56,355.12,0.04199479056777236,0.11250143351257785,3024.022,297.98,55.77,2670.272,3511.702,487.68,841.43,1.1612686680189495,1.3151102209812333,23.913499999999658,22.913500000000113,17.413500000000113,26.603500000000167,3.6899999999999977,9.18999999999994,0.9581826165137032,0.7281870073389659,1.1124887615782109,0.15430614506450543,0.3843017542392403
Ireland,IE,2026-01,2026-01-01,ireland__standard_employee,Irlande · salarié standard,Ireland · standard employee,1.33,3180.4955,133.6,357.8,133.6,357.8,0.042006033336629466,0.11249819407070377,3046.8955,302.77,56.48,2687.6455,3538.2955,491.4,850.65,1.1612789148823779,1.3165037948643152,23.913500000000113,22.87350000000015,17.37350000000015,26.59349999999995,3.7199999999999704,9.220000000000027,0.9565099211742338,0.726514311999501,1.1120705877433175,0.1555606665690908,0.385556275743826
Ireland,IE,2026-01,2026-01-01,ireland__standard_employee,Irlande · salarié standard,Ireland · standard employee,1.34,3204.409,134.59,360.49,134.59,360.49,0.04200150480166546,0.11249812367896857,3069.819,307.55,57.2,2705.069,3564.899,495.08,859.83,1.1612733519468088,1.317858805080388,23.913500000000113,22.923499999999876,17.423499999999876,26.603499999999713,3.680000000000007,9.180000000000064,0.9586007903485382,0.7286051811738053,1.112488761578171,0.1538879712296397,0.3838835804043749
Ireland,IE,2026-01,2026-01-01,ireland__standard_employee,Irlande · salarié standard,Ireland · standard employee,1.35,3228.3225,135.59,363.18,135.59,363.18,0.04200014094007027,0.1124980543300739,3092.7325,312.33,57.92,2722.4825,3591.5025,498.77,869.02,1.1612716263045704,1.319201317180184,23.913500000000113,22.913500000000113,17.413500000000113,26.603500000000167,3.6899999999999977,9.18999999999994,0.958182616513685,0.728187007338952,1.1124887615781898,0.1543061450645025,0.38430175423923296
Ireland,IE,2026-01,2026-01-01,ireland__standard_employee,Irlande · salarié standard,Ireland · standard employee,1.36,3252.236,136.59,365.86,136.59,365.86,0.04199879713526324,0.11249491119340663,3115.646,317.12,58.64,2739.886,3618.096,502.45,878.21,1.1612667164369765,1.3205279343739118,23.913499999999658,22.913500000000113,17.403499999999894,26.59349999999995,3.680000000000007,9.190000000000055,0.9581826165137032,0.7277688335040936,1.1120705877433388,0.15388797122964265,0.384301754239245
Ireland,IE,2026-01,2026-01-01,ireland__standard_employee,Irlande · salarié standard,Ireland · standard employee,1.37,3276.1495,137.58,368.55,137.58,368.55,0.041994420584286526,0.11249486630570431,3138.5695,321.9,59.35,2757.3195,3644.6995,506.13,887.38,1.1612613644528185,1.3218270497851266,23.913500000000113,22.923499999999876,17.433500000000095,26.603500000000167,3.680000000000007,9.169999999999959,0.9586007903485382,0.7290233550086777,1.1124887615781898,0.1538879712296397,0.38346540656950745
Ireland,IE,2026-01,2026-01-01,ireland__standard_employee,Irlande · salarié standard,Ireland · standard employee,1.38,3300.063,138.62,371.24,138.62,371.24,0.04200525868748567,0.1124948220685484,3161.443,326.68,60.07,2774.693,3671.303,509.86,896.61,1.1612744559999975,1.3231384517133968,23.913500000000113,22.87350000000015,17.37350000000015,26.603499999999713,3.730000000000018,9.230000000000018,0.9565099211742338,0.726514311999501,1.112488761578171,0.15597884040395596,0.3859744495786888
Ireland,IE,2026-01,2026-01-01,ireland__standard_employee,Irlande · salarié standard,Ireland · standard employee,1.39,3323.9765,139.62,373.97,139.62,373.97,0.04200390706733336,0.11250681224731886,3184.3565,331.46,60.79,2792.1065,3697.9465,513.59,905.84,1.1612853334731836,1.3244288855027557,23.913500000000113,22.913499999999658,17.413499999999658,26.64350000000013,3.730000000000018,9.230000000000018,0.9581826165136659,0.728187007338933,1.1141614569176408,0.15597884040395596,0.3859744495786888
Ireland,IE,2026-01,2026-01-01,ireland__standard_employee,Irlande · salarié standard,Ireland · standard employee,1.4,3347.89,140.62,376.65,140.62,376.65,0.04200257475604038,0.11250369635800458,3207.27,336.25,61.51,2809.51,3724.54,517.27,915.03,1.1612804659414393,1.3256902449181531,23.913499999999658,22.913500000000113,17.40350000000035,26.59349999999995,3.67999999999995,9.18999999999994,0.9581826165137032,0.7277688335041127,1.1120705877433388,0.15388797122964026,0.3843017542392403
Ireland,IE,2026-01,2026-01-01,ireland__standard_employee,Irlande · salarié standard,Ireland · standard employee,1.41,3371.8035,141.61,379.34,141.61,379.34,0.041998295570901456,0.11250359043758038,3230.1935,341.03,62.22,2826.9435,3751.1435,520.95,924.2,1.1612751681903888,1.3269255292863122,23.913500000000113,22.923499999999876,17.43349999999964,26.603500000000167,3.6800000000000637,9.170000000000073,0.9586007903485382,0.7290233550086586,1.1124887615781898,0.1538879712296421,0.38346540656951217
Ireland,IE,2026-01,2026-01-01,ireland__standard_employee,Irlande · salarié standard,Ireland · standard employee,1.42,3395.717,142.61,382.03,142.61,382.03,0.04199702154213676,0.1125034860089931,3253.107,345.81,62.94,2844.357,3777.747,524.64,933.39,1.1612735148275173,1.328155010077849,23.913500000000113,22.913500000000113,17.413500000000113,26.603499999999713,3.689999999999941,9.18999999999994,0.958182616513685,0.728187007338952,1.112488761578171,0.1543061450645001,0.38430175423923296
Ireland,IE,2026-01,2026-01-01,ireland__standard_employee,Irlande · salarié standard,Ireland · standard employee,1.43,3419.6305,143.61,384.71,143.61,384.71,0.041995765331956196,0.11250045874839401,3276.0205,350.59,63.66,2861.7705,3804.3405,528.32,942.57,1.1612688321089566,1.3293660340687699,23.913500000000113,22.913500000000113,17.413500000000113,26.59349999999995,3.6800000000000637,9.180000000000064,0.958182616513685,0.728187007338952,1.1120705877433175,0.1538879712296421,0.3838835804043749
Ireland,IE,2026-01,2026-01-01,ireland__standard_employee,Irlande · salarié standard,Ireland · standard employee,1.44,3443.544,144.65,387.4,144.65,387.4,0.04200614250899655,0.11250037751804536,3298.894,355.38,64.37,2879.144,3830.944,532.05,951.8,1.161281326408184,1.3305843681316392,23.913499999999658,22.873499999999694,17.373499999999694,26.603500000000167,3.7299999999999045,9.229999999999905,0.9565099211742331,0.7265143119994958,1.1124887615782109,0.15597884040395416,0.38597444957869137
Ireland,IE,2026-01,2026-01-01,ireland__standard_employee,Irlande · salarié standard,Ireland · standard employee,1.45,3467.4575,145.64,390.09,145.64,390.09,0.04200195676515141,0.1125002974081153,3321.8175,360.16,65.09,2896.5675,3857.5475,535.73,960.98,1.161276168844315,1.331765097826997,23.913500000000113,22.92350000000033,17.42350000000033,26.603500000000167,3.6800000000000637,9.180000000000064,0.9586007903485572,0.7286051811738243,1.1124887615781898,0.1538879712296421,0.3838835804043749
Ireland,IE,2026-01,2026-01-01,ireland__standard_employee,Irlande · salarié standard,Ireland · standard employee,1.46,3491.371,146.64,392.77,146.64,392.77,0.04200069256461144,0.11249735419123319,3344.731,364.94,65.81,2913.981,3884.141,539.41,970.16,1.1612715641407336,1.3329328502828262,23.913500000000113,22.913500000000113,17.413500000000113,26.59349999999995,3.67999999999995,9.17999999999995,0.958182616513685,0.728187007338952,1.1120705877433175,0.15388797122963735,0.3838835804043702
Ireland,IE,2026-01,2026-01-01,ireland__standard_employee,Irlande · salarié standard,Ireland · standard employee,1.47,3515.2845,147.64,395.46,147.64,395.46,0.04199944556407881,0.11249729573808322,3367.6445,369.72,66.53,2931.3945,3910.7445,543.1,979.35,1.1612699915326572,1.3340901403751695,23.913500000000113,22.913499999999658,17.413499999999658,26.603499999999713,3.6900000000000546,9.190000000000055,0.9581826165136659,0.728187007338933,1.112488761578171,0.15430614506450488,0.38430175423923774
Ireland,IE,2026-01,2026-01-01,ireland__standard_employee,Irlande · salarié standard,Ireland · standard employee,1.48,3539.198,148.63,398.15,148.63,398.15,0.041995389916020524,0.11249723807484069,3390.568,374.51,67.24,2948.818,3937.348,546.78,988.53,1.1612650151832968,1.3352292342219831,23.913499999999658,22.92350000000033,17.42350000000033,26.603500000000167,3.67999999999995,9.17999999999995,0.9586007903485755,0.7286051811738382,1.1124887615782109,0.15388797122964026,0.3838835804043775
Ireland,IE,2026-01,2026-01-01,ireland__standard_employee,Irlande · salarié standard,Ireland · standard employee,1.49,3563.1115,149.63,400.83,149.63,400.83,0.04199419524199565,0.11249437464979695,3413.4815,379.29,67.96,2966.2315,3963.9415,550.46,997.71,1.16126057809307,1.3363560800969176,23.913500000000113,22.913499999999658,17.413499999999658,26.59349999999995,3.6800000000000637,9.180000000000064,0.9581826165136659,0.728187007338933,1.1120705877433175,0.1538879712296421,0.3838835804043749
Ireland,IE,2026-01,2026-01-01,ireland__standard_employee,Irlande · salarié standard,Ireland · standard employee,1.5,3587.025,150.67,403.56,150.67,403.56,0.0420041677992208,0.11250548853158258,3436.355,384.07,68.68,2983.605,3990.585,554.23,1006.98,1.1612842677779216,1.3375044618841971,23.913500000000113,22.87350000000015,17.37350000000015,26.64350000000013,3.769999999999982,9.269999999999982,0.9565099211742338,0.726514311999501,1.1141614569176408,0.15765153574340704,0.3876471449181399
Ireland,IE,2026-01,2026-01-01,ireland__standard_employee,Irlande · salarié standard,Ireland · standard employee,1.51,3610.9385,151.67,406.25,151.67,406.25,0.04200293081701613,0.1125053777570568,3459.2685,388.86,69.4,3001.0085,4017.1885,557.92,1016.18,1.1612826526764257,1.3386128363181913,23.913500000000113,22.913500000000113,17.403499999999894,26.603500000000167,3.689999999999941,9.199999999999932,0.958182616513685,0.7277688335040798,1.1124887615781898,0.1543061450645001,0.3847199280740957
Ireland,IE,2026-01,2026-01-01,ireland__standard_employee,Irlande · salarié standard,Ireland · standard employee,1.52,3634.852,152.66,408.94,152.66,408.94,0.041998958967242685,0.11250526844009055,3482.192,393.64,70.11,3018.442,4043.792,561.6,1025.35,1.1612777239164296,1.3396951142344296,23.913499999999658,22.923499999999876,17.433500000000095,26.603499999999713,3.6800000000000637,9.169999999999959,0.9586007903485564,0.7290233550086915,1.112488761578192,0.15388797122964504,0.3834654065695147
Ireland,IE,2026-01,2026-01-01,ireland__standard_employee,Irlande · salarié standard,Ireland · standard employee,1.53,3658.7655,153.66,411.62,153.66,411.62,0.041997772199393484,0.11250242738978489,3505.1055,398.42,70.83,3035.8555,4070.3855,565.28,1034.53,1.161273319733172,1.340770501099278,23.913500000000113,22.913500000000113,17.413500000000113,26.59349999999995,3.67999999999995,9.180000000000064,0.958182616513685,0.728187007338952,1.1120705877433175,0.15388797122963735,0.3838835804043749
Ireland,IE,2026-01,2026-01-01,ireland__standard_employee,Irlande · salarié standard,Ireland · standard employee,1.54,3682.679,154.66,414.31,154.66,414.31,0.04199660084411375,0.11250233865074855,3528.019,406.41,71.55,3050.059,4096.989,568.97,1046.93,1.161271807209655,1.3432490978043377,23.913500000000113,22.913499999999658,14.203500000000076,26.603499999999713,3.6900000000000546,12.400000000000091,0.9581826165136659,0.5939532063478792,1.112488761578171,0.15430614506450488,0.5185355552303106
Ireland,IE,2026-01,2026-01-01,ireland__standard_employee,Irlande · salarié standard,Ireland · standard employee,1.55,3706.5925,155.7,417.0,155.7,417.0,0.04200623618593088,0.11250225105673203,3550.8925,415.97,72.27,3062.6525,4123.5925,572.7,1060.94,1.1612833956533462,1.3464121378445646,23.913500000000113,22.87350000000015,12.593499999999949,26.603500000000167,3.730000000000018,14.009999999999991,0.9565099211742338,0.5266272189349066,1.1124887615781898,0.15597884040395596,0.5858615426432736
Ireland,IE,2026-01,2026-01-01,ireland__standard_employee,Irlande · salarié standard,Ireland · standard employee,1.56,3730.506,156.69,419.68,156.69,419.68,0.04200234499019704,0.1124994839842102,3573.816,425.54,72.98,3075.296,4150.186,576.37,1074.89,1.1612757903596604,1.3495240783326223,23.913499999999658,22.923499999999876,12.643499999999676,26.59349999999995,3.669999999999959,13.950000000000045,0.9586007903485564,0.528718088109221,1.1120705877433388,0.15346979739477748,0.5833524996341082
Ireland,IE,2026-01,2026-01-01,ireland__standard_employee,Irlande · salarié standard,Ireland · standard employee,1.57,3754.4195,157.69,422.37,157.69,422.37,0.0420011668914462,0.11249941568863042,3596.7295,435.1,73.7,3087.9295,4176.7895,580.06,1088.86,1.1612742909913019,1.3526181540090212,23.913500000000113,22.913500000000113,12.633500000000367,26.603500000000167,3.689999999999941,13.9699999999998,0.958182616513685,0.5282999142743767,1.1124887615781898,0.1543061450645001,0.584188847303813
Ireland,IE,2026-01,2026-01-01,ireland__standard_employee,Irlande · salarié standard,Ireland · standard employee,1.58,3778.333,158.69,425.06,158.69,425.06,0.042000003705337775,0.11249934825755167,3619.643,444.67,74.42,3100.553,4203.393,583.75,1102.84,1.1612728106059078,1.3556913879556325,23.913500000000113,22.913500000000113,12.623499999999694,26.603500000000167,3.6900000000000546,13.980000000000018,0.958182616513685,0.5278817404394854,1.1124887615781898,0.15430614506450488,0.5846070211386853
Ireland,IE,2026-01,2026-01-01,ireland__standard_employee,Irlande · salarié standard,Ireland · standard employee,1.59,3802.2465,159.68,427.74,159.68,427.74,0.04199622512638252,0.11249665165054396,3642.5665,454.23,75.14,3113.1965,4229.9865,587.42,1116.79,1.1612654154701088,1.358727757788498,23.913500000000113,22.923499999999876,12.643500000000131,26.59349999999995,3.669999999999959,13.950000000000045,0.9586007903485382,0.52871808810923,1.1120705877433175,0.15346979739477457,0.5833524996340971
Ireland,IE,2026-01,2026-01-01,ireland__standard_employee,Irlande · salarié standard,Ireland · standard employee,1.6,3826.16,160.68,430.43,160.68,430.43,0.04199510736613211,0.11249660233759175,3665.48,463.8,75.85,3125.83,4256.59,591.11,1130.76,1.161264009079302,1.3617471199649374,23.913499999999658,22.913500000000113,12.633499999999913,26.603500000000167,3.6900000000000546,13.970000000000027,0.9581826165137032,0.5282999142743677,1.1124887615782109,0.1543061450645078,0.5841888473038337
Ireland,IE,2026-01,2026-01-01,ireland__standard_employee,Irlande · salarié standard,Ireland · standard employee,1.61,3850.0735,161.72,433.12,161.72,433.12,0.042004392903148474,0.11249655363722277,3688.3535,473.36,76.57,3138.4235,4283.1935,594.84,1144.77,1.1612752139945373,1.3647595679805484,23.913500000000113,22.87350000000015,12.593499999999949,26.603500000000167,3.730000000000018,14.009999999999991,0.9565099211742338,0.5266272189349066,1.1124887615781898,0.15597884040395596,0.5858615426432736
Ireland,IE,2026-01,2026-01-01,ireland__standard_employee,Irlande · salarié standard,Ireland · standard employee,1.62,3873.987,162.72,435.85,162.72,435.85,0.04200323852403222,0.1125068308179661,3711.267,482.93,77.29,3151.047,4309.837,598.57,1158.79,1.161284542448711,1.3677476089693361,23.913500000000113,22.913499999999658,12.62350000000015,26.64350000000013,3.730000000000018,14.019999999999982,0.9581826165136659,0.5278817404395044,1.1141614569176408,0.15597884040395596,0.5862797164781365
Ireland,IE,2026-01,2026-01-01,ireland__standard_employee,Irlande · salarié standard,Ireland · standard employee,1.63,3897.9005,163.71,438.53,163.71,438.53,0.041999532825427434,0.11250415448008486,3734.1905,492.49,78.01,3163.6905,4336.4305,602.24,1172.74,1.1612772567441323,1.3706873349336794,23.913500000000113,22.92350000000033,12.643500000000131,26.59349999999995,3.669999999999959,13.950000000000045,0.9586007903485572,0.52871808810923,1.1120705877433175,0.15346979739477457,0.5833524996340971
Ireland,IE,2026-01,2026-01-01,ireland__standard_employee,Irlande · salarié standard,Ireland · standard employee,1.64,3921.814,164.71,441.22,164.71,441.22,0.04199842215872554,0.11250406062092698,3757.104,502.06,78.72,3176.324,4363.034,605.93,1186.71,1.161275812434258,1.3736111303506822,23.913499999999658,22.913499999999658,12.633499999999913,26.603499999999258,3.689999999999941,13.970000000000027,0.9581826165136842,0.5282999142743677,1.112488761578173,0.15430614506450305,0.5841888473038337
Ireland,IE,2026-01,2026-01-01,ireland__standard_employee,Irlande · salarié standard,Ireland · standard employee,1.65,3945.7275,165.71,443.91,165.71,443.91,0.04199732495465032,0.11250396789945583,3780.0175,511.63,79.44,3188.9475,4389.6375,609.62,1200.69,1.161274385634458,1.3765160762289128,23.913500000000113,22.913500000000113,12.62350000000015,26.603500000000167,3.6900000000000546,13.980000000000018,0.958182616513685,0.5278817404395044,1.1124887615781898,0.15430614506450488,0.5846070211386853
Ireland,IE,2026-01,2026-01-01,ireland__standard_employee,Irlande · salarié standard,Ireland · standard employee,1.66,3969.641,166.7,446.59,166.7,446.59,0.04199372185041418,0.11250135717562369,3802.941,521.19,80.16,3201.591,4416.231,613.29,1214.64,1.1612672928662318,1.3793863738372578,23.913500000000113,22.923499999999876,12.643499999999676,26.59349999999995,3.669999999999959,13.950000000000045,0.9586007903485382,0.528718088109211,1.1120705877433175,0.15346979739477457,0.5833524996340971
Ireland,IE,2026-01,2026-01-01,ireland__standard_employee,Irlande · salarié standard,Ireland · standard employee,1.67,3993.5545,167.74,449.28,167.74,449.28,0.04200268207182349,0.11250128175288455,3825.8145,530.75,80.88,3214.1845,4442.8345,617.02,1228.65,1.1612780755575056,1.3822587035685103,23.913500000000113,22.87350000000015,12.593499999999949,26.603500000000167,3.730000000000018,14.009999999999991,0.9565099211742338,0.5266272189349066,1.1124887615781898,0.15597884040395596,0.5858615426432736
Ireland,IE,2026-01,2026-01-01,ireland__standard_employee,Irlande · salarié standard,Ireland · standard employee,1.68,4017.468,168.74,451.97,168.74,451.97,0.042001579104052604,0.11250120722803518,3848.728,540.32,81.59,3226.818,4469.438,620.71,1242.62,1.1612766607564888,1.3850914430252963,23.913499999999658,22.913500000000113,12.633500000000367,26.603500000000167,3.6900000000000546,13.9699999999998,0.9581826165137032,0.5282999142743868,1.1124887615782109,0.1543061450645078,0.5841888473038241
Ireland,IE,2026-01,2026-01-01,ireland__standard_employee,Irlande · salarié standard,Ireland · standard employee,1.69,4041.3815,169.74,454.65,169.74,454.65,0.042000489189154756,0.11249865918374695,3871.6415,549.89,82.31,3239.4415,4496.0315,624.39,1256.59,1.1612726798181081,1.3879032851804853,23.913500000000113,22.913500000000113,12.623499999999694,26.59349999999995,3.67999999999995,13.970000000000027,0.958182616513685,0.5278817404394854,1.1120705877433175,0.15388797122963735,0.5841888473038226
Ireland,IE,2026-01,2026-01-01,ireland__standard_employee,Irlande · salarié standard,Ireland · standard employee,1.7,4065.295,170.73,457.34,170.73,457.34,0.041996952250697675,0.11249860096253778,3894.565,559.45,83.03,3252.085,4522.635,628.07,1270.55,1.1612683316365242,1.3906878202753004,23.913500000000113,22.923499999999876,12.643500000000131,26.603500000000167,3.6800000000000637,13.960000000000036,0.9586007903485382,0.52871808810923,1.1124887615781898,0.1538879712296421,0.5837706734689598
Ireland,IE,2026-01,2026-01-01,ireland__standard_employee,Irlande · salarié standard,Ireland · standard employee,1.71,4089.2085,171.73,460.03,171.73,460.03,0.04199590214096444,0.11249854342227841,3917.4785,569.02,83.75,3264.7085,4549.2385,631.76,1284.53,1.161266998657427,1.3934593241632445,23.913500000000113,22.913500000000113,12.62350000000015,26.603500000000167,3.689999999999941,13.980000000000018,0.958182616513685,0.5278817404395044,1.1124887615781898,0.1543061450645001,0.5846070211386853
Ireland,IE,2026-01,2026-01-01,ireland__standard_employee,Irlande · salarié standard,Ireland · standard employee,1.72,4113.122,172.77,462.71,172.77,462.71,0.04200458921471331,0.11249605530786591,3940.352,578.58,84.46,3277.312,4575.832,635.48,1298.52,1.1612749317827442,1.3962149468832996,23.913500000000113,22.873499999999694,12.603499999999713,26.59349999999995,3.7200000000000273,13.990000000000009,0.9565099211742148,0.5270453927697599,1.1120705877433175,0.15556066656909318,0.5850251949735481
Ireland,IE,2026-01,2026-01-01,ireland__standard_employee,Irlande · salarié standard,Ireland · standard employee,1.73,4137.0355,173.77,465.4,173.77,465.4,0.042003507100676324,0.11249601314757873,3963.2655,588.15,85.18,3289.9355,4602.4355,639.17,1312.5,1.1612735760448043,1.3989439914551516,23.913499999999658,22.913500000000113,12.62350000000015,26.603499999999258,3.689999999999941,13.980000000000018,0.9581826165137032,0.5278817404395145,1.112488761578173,0.15430614506450305,0.5846070211386964
Ireland,IE,2026-01,2026-01-01,ireland__standard_employee,Irlande · salarié standard,Ireland · standard employee,1.74,4160.949,174.76,468.09,174.76,468.09,0.042000034126830205,0.1124959714718926,3986.189,597.71,85.9,3302.579,4629.039,642.85,1326.46,1.161269322653793,1.4016436851321348,23.913499999999658,22.923499999999876,12.643500000000131,26.603500000000167,3.6800000000000637,13.960000000000036,0.9586007903485564,0.52871808810924,1.1124887615782109,0.15388797122964504,0.5837706734689709
Ireland,IE,2026-01,2026-01-01,ireland__standard_employee,Irlande · salarié standard,Ireland · standard employee,1.75,4184.8625,175.76,470.82,175.76,470.82,0.0419989904088844,0.11250548853158257,4009.1025,607.28,86.61,3315.2125,4655.6825,646.58,1340.47,1.1612779917699785,1.4043390883691467,23.913500000000568,22.913500000000113,12.633499999999913,26.64350000000013,3.730000000000018,14.009999999999991,0.9581826165136668,0.5282999142743476,1.1141614569176197,0.155978840403953,0.5858615426432625
Ireland,IE,2026-01,2026-01-01,ireland__standard_employee,Irlande · salarié standard,Ireland · standard employee,1.76,4208.776,176.76,473.5,176.76,473.5,0.041997958551369806,0.11250301750437658,4032.016,616.85,87.33,3327.836,4682.276,650.26,1354.44,1.1612741616104698,1.407003229726465,23.913499999999658,22.913500000000113,12.623499999999694,26.59349999999995,3.67999999999995,13.970000000000027,0.9581826165137032,0.5278817404394954,1.1120705877433388,0.15388797122964026,0.5841888473038337
Ireland,IE,2026-01,2026-01-01,ireland__standard_employee,Irlande · salarié standard,Ireland · standard employee,1.77,4232.6895,177.75,476.19,177.75,476.19,0.04199457578922338,0.11250293696242071,4054.9395,626.41,88.05,3340.4795,4708.8795,653.94,1368.4,1.161269977024318,1.4096417894496882,23.913500000000568,22.923499999999876,12.643500000000131,26.603500000000167,3.6800000000000637,13.960000000000036,0.95860079034852,0.5287180881092199,1.1124887615781687,0.15388797122963918,0.5837706734689487
Ireland,IE,2026-01,2026-01-01,ireland__standard_employee,Irlande · salarié standard,Ireland · standard employee,1.78,4256.603,178.79,478.88,178.79,478.88,0.04200297749167587,0.11250285732543062,4077.813,635.97,88.77,3353.073,4735.483,657.67,1382.41,1.1612800783164898,1.4122815101251898,23.913499999999658,22.87350000000015,12.593499999999949,26.603500000000167,3.7299999999999045,14.009999999999991,0.956509921174252,0.5266272189349166,1.1124887615782109,0.15597884040395416,0.5858615426432848
Ireland,IE,2026-01,2026-01-01,ireland__standard_employee,Irlande · salarié standard,Ireland · standard employee,1.79,4280.5165,179.79,481.56,179.79,481.56,0.0420019406536571,0.11250044241156412,4100.7265,645.54,89.48,3365.7065,4762.0765,661.35,1396.37,1.1612763006750146,1.4148816897730092,23.913499999999658,22.913499999999658,12.633499999999913,26.59349999999995,3.6800000000000637,13.959999999999809,0.9581826165136842,0.5282999142743677,1.1120705877433388,0.15388797122964504,0.5837706734689614
Ireland,IE,2026-01,2026-01-01,ireland__standard_employee,Irlande · salarié standard,Ireland · standard employee,1.8,4304.43,180.79,484.25,180.79,484.25,0.04200091533606075,0.11250037751804536,4123.64,655.11,90.2,3378.33,4788.68,665.04,1410.35,1.161274990057328,1.4174695781643591,23.913500000000568,22.913500000000568,12.62350000000015,26.603500000000167,3.689999999999941,13.980000000000018,0.9581826165136857,0.5278817404394944,1.1124887615781687,0.1543061450644972,0.5846070211386742
Ireland,IE,2026-01,2026-01-01,ireland__standard_employee,Irlande · salarié standard,Ireland · standard employee,1.81,4328.3435,181.78,486.94,181.78,486.94,0.04199759099526181,0.11250031334158206,4146.5635,664.67,90.92,3390.9735,4815.2835,668.72,1424.31,1.1612708933554254,1.4200298232941069,23.913499999999658,22.923499999999876,12.643500000000131,26.603499999999258,3.6800000000000637,13.960000000000036,0.9586007903485564,0.52871808810924,1.112488761578173,0.15388797122964504,0.5837706734689709
Ireland,IE,2026-01,2026-01-01,ireland__standard_employee,Irlande · salarié standard,Ireland · standard employee,1.82,4352.257,182.78,489.62,182.78,489.62,0.04199660084411376,0.11249795221192133,4169.477,674.24,91.64,3403.597,4841.877,672.4,1438.28,1.161267228479735,1.422576468365673,23.913499999999658,22.913499999999658,12.62350000000015,26.59350000000086,3.67999999999995,13.970000000000027,0.9581826165136842,0.5278817404395145,1.1120705877433767,0.15388797122964026,0.5841888473038337
Ireland,IE,2026-01,2026-01-01,ireland__standard_employee,Irlande · salarié standard,Ireland · standard employee,1.83,4376.1705,183.82,492.31,183.82,492.31,0.04200476192598072,0.11249790198987905,4192.3505,683.8,92.35,3416.2005,4868.4805,676.13,1452.28,1.1612770687947012,1.4251155633283235,23.913500000000568,22.873499999999694,12.603499999999713,26.603499999999258,3.730000000000018,14.0,0.9565099211741966,0.5270453927697498,1.1124887615781307,0.155978840403953,0.5854433688083998
Ireland,IE,2026-01,2026-01-01,ireland__standard_employee,Irlande · salarié standard,Ireland · standard employee,1.84,4400.084,184.82,495.0,184.82,495.0,0.04200374356489558,0.11249785231372857,4215.264,693.37,93.07,3428.824,4895.084,679.82,1466.26,1.1612757824895428,1.4276276647620292,23.913499999999658,22.913500000000568,12.62350000000015,26.603500000000167,3.6900000000000546,13.980000000000018,0.9581826165137222,0.5278817404395145,1.1124887615782109,0.1543061450645078,0.5846070211386964
Ireland,IE,2026-01,2026-01-01,ireland__standard_employee,Irlande · salarié standard,Ireland · standard employee,1.85,4423.9975,185.81,497.68,185.81,497.68,0.042000475814012096,0.11249554277551015,4238.1875,702.93,93.79,3441.4675,4921.6775,683.49,1480.21,1.1612694105676071,1.4301101201740247,23.913500000000568,22.923499999999876,12.643500000000131,26.59349999999995,3.669999999999959,13.950000000000045,0.95860079034852,0.5287180881092199,1.1120705877432964,0.15346979739477165,0.583352499634086
Ireland,IE,2026-01,2026-01-01,ireland__standard_employee,Irlande · salarié standard,Ireland · standard employee,1.86,4447.911,186.81,500.37,186.81,500.37,0.04199949144665889,0.11249550631746004,4261.101,712.5,94.51,3454.091,4948.281,687.18,1494.19,1.1612681792804256,1.432585591983535,23.913499999999658,22.913499999999658,12.623499999999694,26.603500000000167,3.689999999999941,13.980000000000018,0.9581826165136842,0.5278817404394954,1.1124887615782109,0.15430614506450305,0.5846070211386964
Ireland,IE,2026-01,2026-01-01,ireland__standard_employee,Irlande · salarié standard,Ireland · standard employee,1.87,4471.8245,187.81,503.1,187.81,503.1,0.041998517607298766,0.11250441514419898,4284.0145,722.06,95.22,3466.7345,4974.9245,690.91,1508.19,1.1612762982011384,1.435046295007593,23.913499999999658,22.913500000000568,12.643500000000131,26.64350000000013,3.730000000000018,14.0,0.9581826165137222,0.52871808810924,1.114161456917662,0.15597884040395893,0.5854433688084221
Ireland,IE,2026-01,2026-01-01,ireland__standard_employee,Irlande · salarié standard,Ireland · standard employee,1.88,4495.738,188.8,505.79,188.8,505.79,0.04199532979902299,0.11250433188055,4306.938,731.63,95.94,3479.368,5001.528,694.59,1522.16,1.1612723470827768,1.4374817495591155,23.913500000000568,22.923499999999876,12.633499999999913,26.603500000000167,3.6800000000000637,13.970000000000027,0.95860079034852,0.5282999142743476,1.1124887615781687,0.15388797122963918,0.5841888473038115
Ireland,IE,2026-01,2026-01-01,ireland__standard_employee,Irlande · salarié standard,Ireland · standard employee,1.89,4519.6515,189.84,508.47,189.84,508.47,0.04200323852403222,0.11250203693802499,4329.8115,741.19,96.66,3491.9615,5028.1215,698.31,1536.16,1.1612795383817518,1.4399132121015654,23.913499999999658,22.873499999999694,12.593499999999949,26.59349999999995,3.7199999999999136,14.0,0.9565099211742331,0.5266272189349166,1.1120705877433388,0.15556066656909137,0.5854433688084221
Ireland,IE,2026-01,2026-01-01,ireland__standard_employee,Irlande · salarié standard,Ireland · standard employee,1.9,4543.565,190.84,511.16,190.84,511.16,0.04200226033962318,0.11250196706771007,4352.725,750.76,97.38,3504.585,5054.725,702.0,1550.14,1.1612782796983498,1.4423177066614166,23.913499999999658,22.913500000000568,12.62350000000015,26.603500000000167,3.6900000000000546,13.980000000000018,0.9581826165137222,0.5278817404395145,1.1124887615782109,0.1543061450645078,0.5846070211386964
Ireland,IE,2026-01,2026-01-01,ireland__standard_employee,Irlande · salarié standard,Ireland · standard employee,1.91,4567.4785,191.84,513.85,191.84,513.85,0.04200129239798284,0.11250189792902147,4375.6385,760.33,98.09,3517.2185,5081.3285,705.69,1564.11,1.1612770341974092,1.4447008339117973,23.913500000000568,22.913499999999658,12.633499999999913,26.603499999999258,3.6900000000000546,13.9699999999998,0.9581826165136477,0.5282999142743476,1.1124887615781307,0.15430614506450194,0.5841888473038019
Ireland,IE,2026-01,2026-01-01,ireland__standard_employee,Irlande · salarié standard,Ireland · standard employee,1.92,4591.392,192.83,516.53,192.83,516.53,0.04199815655034465,0.11249965152180427,4398.562,769.89,98.81,3529.862,5107.922,709.36,1578.06,1.1612708880766032,1.4470599700498206,23.913499999999658,22.923499999999876,12.643500000000131,26.59349999999995,3.669999999999959,13.950000000000045,0.9586007903485564,0.52871808810924,1.1120705877433388,0.15346979739477748,0.5833524996341082
Ireland,IE,2026-01,2026-01-01,ireland__standard_employee,Irlande · salarié standard,Ireland · standard employee,1.93,4615.3055,193.83,519.22,193.83,519.22,0.0419972199023445,0.11249959509722597,4421.4755,779.46,99.53,3542.4855,5134.5255,713.05,1592.04,1.1612696937933955,1.4494132721220738,23.913500000000568,22.913499999999658,12.623499999999694,26.603500000000167,3.689999999999941,13.980000000000018,0.9581826165136477,0.5278817404394754,1.1124887615781687,0.1543061450644972,0.5846070211386742
Ireland,IE,2026-01,2026-01-01,ireland__standard_employee,Irlande · salarié standard,Ireland · standard employee,1.94,4639.219,194.83,521.91,194.83,521.91,0.04199629291050929,0.1124995392543443,4444.389,789.02,100.25,3555.119,5161.129,716.74,1606.01,1.161268511824685,1.4517457784113554,23.913499999999658,22.913500000000568,12.633500000000367,26.603500000000167,3.6900000000000546,13.970000000000027,0.9581826165137222,0.5282999142743868,1.1124887615782109,0.1543061450645078,0.5841888473038337
Ireland,IE,2026-01,2026-01-01,ireland__standard_employee,Irlande · salarié standard,Ireland · standard employee,1.95,4663.1325,195.87,524.59,195.87,524.59,0.04200395335110036,0.11249733950300578,4467.2625,798.59,100.96,3567.7125,5187.7225,720.46,1620.01,1.1612755014956027,1.454075265313559,23.913499999999658,22.873499999999694,12.593499999999949,26.59349999999995,3.7200000000000273,14.0,0.9565099211742331,0.5266272189349166,1.1120705877433388,0.15556066656909615,0.5854433688084221
Ireland,IE,2026-01,2026-01-01,ireland__standard_employee,Irlande · salarié standard,Ireland · standard employee,1.96,4687.046,196.86,527.28,196.86,527.28,0.042000867924061346,0.11249729573808323,4490.186,808.15,101.68,3580.356,5214.326,724.14,1633.97,1.1612717156928465,1.456370818991184,23.913500000000568,22.923499999999876,12.643500000000131,26.603500000000167,3.67999999999995,13.960000000000036,0.95860079034852,0.5287180881092199,1.1124887615781687,0.1538879712296344,0.5837706734689487
Ireland,IE,2026-01,2026-01-01,ireland__standard_employee,Irlande · salarié standard,Ireland · standard employee,1.97,4710.9595,197.86,529.97,197.86,529.97,0.041999936530976334,0.11249725241747462,4513.0995,817.72,102.4,3592.9795,5240.9295,727.83,1647.95,1.1612705414538278,1.458658336347313,23.913499999999658,22.913500000000568,12.623499999999694,26.603500000000167,3.6900000000000546,13.980000000000018,0.9581826165137222,0.5278817404394954,1.1124887615782109,0.1543061450645078,0.5846070211386964
Ireland,IE,2026-01,2026-01-01,ireland__standard_employee,Irlande · salarié standard,Ireland · standard employee,1.98,4734.873,198.86,532.65,198.86,532.65,0.0419990145459023,0.11249509754538295,4536.013,827.28,103.11,3605.623,5267.523,731.51,1661.9,1.1612671744988383,1.4609189590814122,23.913499999999658,22.913499999999658,12.643500000000131,26.59349999999995,3.67999999999995,13.950000000000045,0.9581826165136842,0.52871808810924,1.1120705877433388,0.15388797122964026,0.5833524996341082
Ireland,IE,2026-01,2026-01-01,ireland__standard_employee,Irlande · salarié standard,Ireland · standard employee,1.99,4758.7865,199.85,535.38,199.85,535.38,0.0419960004509553,0.11250347121057017,4558.9365,836.85,103.83,3618.2565,5294.1665,735.23,1675.91,1.1612722616338262,1.4631816456351285,23.913500000000568,22.923499999999876,12.633499999999913,26.64350000000013,3.7200000000000273,14.009999999999991,0.95860079034852,0.5282999142743476,1.1141614569176197,0.15556066656909023,0.5858615426432625
Ireland,IE,2026-01,2026-01-01,ireland__standard_employee,Irlande · salarié standard,Ireland · standard employee,2.0,4782.7,200.89,538.07,200.89,538.07,0.04200347084282936,0.11250339766240827,4581.81,846.41,104.55,3630.85,5320.77,738.96,1689.92,1.1612812403831674,1.4654337138686535,23.913499999999658,22.873500000000604,12.593499999999949,26.603500000000167,3.730000000000018,14.009999999999991,0.956509921174271,0.5266272189349166,1.1124887615782109,0.15597884040395893,0.5858615426432848
Ireland,IE,2026-01,2026-01-01,ireland__standard_employee,Irlande · salarié standard,Ireland · standard employee,2.01,4806.6135,201.89,540.76,201.89,540.76,0.04200254503508551,0.11250332484606887,4604.7235,855.98,105.27,3643.4735,5347.3735,742.65,1703.9,1.161280042113278,1.467658128980491,23.913500000000568,22.913499999999658,12.62350000000015,26.603499999999258,3.689999999999941,13.980000000000018,0.9581826165136477,0.5278817404394944,1.1124887615781307,0.1543061450644972,0.5846070211386742
Ireland,IE,2026-01,2026-01-01,ireland__standard_employee,Irlande · salarié standard,Ireland · standard employee,2.02,4830.527,202.89,543.44,202.89,543.44,0.042001628393754965,0.11250118258318399,4627.637,865.55,105.98,3656.107,5373.967,746.33,1717.86,1.161276694779647,1.4698604280454597,23.913499999999658,22.913499999999658,12.633499999999913,26.59349999999995,3.6800000000000637,13.959999999999809,0.9581826165136842,0.5282999142743677,1.1120705877433388,0.15388797122964504,0.5837706734689614
Ireland,IE,2026-01,2026-01-01,ireland__standard_employee,Irlande · salarié standard,Ireland · standard employee,2.03,4854.4405,203.88,546.13,203.88,546.13,0.04199866081374362,0.11250112139596727,4650.5605,875.11,106.7,3668.7505,5400.5705,750.01,1731.82,1.1612730336483097,1.4720462729749544,23.913499999999658,22.923499999999876,12.643500000000131,26.603500000000167,3.67999999999995,13.960000000000036,0.9586007903485564,0.52871808810924,1.1124887615782109,0.15388797122964026,0.5837706734689709
Ireland,IE,2026-01,2026-01-01,ireland__standard_employee,Irlande · salarié standard,Ireland · standard employee,2.04,4878.354,204.88,548.82,204.88,548.82,0.041997772199393484,0.11250106080862521,4673.474,884.67,107.42,3681.384,5427.174,753.7,1745.79,1.1612718932425856,1.4742211081484573,23.913500000000568,22.913500000000568,12.633499999999913,26.603500000000167,3.6900000000000546,13.970000000000027,0.9581826165136857,0.5282999142743476,1.1124887615781687,0.15430614506450194,0.5841888473038115
Ireland,IE,2026-01,2026-01-01,ireland__standard_employee,Irlande · salarié standard,Ireland · standard employee,2.05,4902.2675,205.88,551.5,205.88,551.5,0.04199689225445165,0.112498960940014,4696.3875,894.24,108.14,3694.0075,5453.7675,757.38,1759.76,1.1612686346686683,1.4763823571013324,23.913499999999658,22.913499999999658,12.62350000000015,26.59349999999995,3.67999999999995,13.970000000000027,0.9581826165136842,0.5278817404395145,1.1120705877433388,0.15388797122964026,0.5841888473038337
Ireland,IE,2026-01,2026-01-01,ireland__standard_employee,Irlande · salarié standard,Ireland · standard employee,2.06,4926.181,206.92,554.19,206.92,554.19,0.04200414073295317,0.11249891142854883,4719.261,903.81,108.85,3706.601,5480.371,761.11,1773.77,1.1612773694864513,1.478543549737347,23.913499999999658,22.873500000000604,12.593499999999949,26.603500000000167,3.730000000000018,14.009999999999991,0.956509921174271,0.5266272189349166,1.1124887615782109,0.15597884040395893,0.5858615426432848
Ireland,IE,2026-01,2026-01-01,ireland__standard_employee,Irlande · salarié standard,Ireland · standard employee,2.07,4950.0945,207.91,556.88,207.91,556.88,0.042001218360578775,0.1124988623954553,4742.1845,913.37,109.57,3719.2445,5506.9745,764.79,1787.73,1.1612737758305272,1.4806702006281116,23.913500000000568,22.923499999999876,12.643499999999676,26.603500000000167,3.67999999999995,13.960000000000036,0.95860079034852,0.528718088109201,1.1124887615781687,0.1538879712296344,0.5837706734689487
Ireland,IE,2026-01,2026-01-01,ireland__standard_employee,Irlande · salarié standard,Ireland · standard employee,2.08,4974.008,208.91,559.56,208.91,559.56,0.042000334539067895,0.11249680338270465,4765.098,922.94,110.29,3731.868,5533.568,768.47,1801.7,1.1612705551910998,1.4827877084612853,23.913499999999658,22.913499999999658,12.62350000000015,26.59349999999995,3.6800000000000637,13.970000000000027,0.9581826165136842,0.5278817404395145,1.1120705877433388,0.15388797122964504,0.5841888473038337
Ireland,IE,2026-01,2026-01-01,ireland__standard_employee,Irlande · salarié standard,Ireland · standard employee,2.09,4997.9215,209.91,562.25,209.91,562.25,0.041999459175179124,0.11249676490517109,4788.0115,932.5,111.01,3744.5015,5560.1715,772.16,1815.67,1.16126945392675,1.484889644188953,23.913500000000568,22.913499999999658,12.633499999999913,26.603500000000167,3.689999999999941,13.970000000000027,0.9581826165136477,0.5282999142743476,1.1124887615781687,0.1543061450644972,0.5841888473038115
Ireland,IE,2026-01,2026-01-01,ireland__standard_employee,Irlande · salarié standard,Ireland · standard employee,2.1,5021.835,210.9,564.98,210.9,564.98,0.04199660084411375,0.11250469200999237,4810.935,942.07,111.72,3757.145,5586.815,775.88,1829.67,1.1612742637345963,1.4869841328987834,23.913499999999658,22.923500000000786,12.643500000000131,26.64349999999922,3.7200000000000273,14.0,0.9586007903485945,0.52871808810924,1.1141614569176241,0.15556066656909615,0.5854433688084221
Ireland,IE,2026-01,2026-01-01,ireland__standard_employee,Irlande · salarié standard,Ireland · standard employee,2.11,5045.7485,211.9,567.67,211.9,567.67,0.04199575147274978,0.11250461651031557,4833.8485,951.63,112.44,3769.7785,5613.4185,779.57,1843.64,1.1612731553336848,1.4890579114926779,23.913499999999658,22.913499999999658,12.633499999999913,26.603500000000167,3.6900000000000546,13.970000000000027,0.9581826165136842,0.5282999142743677,1.1124887615782109,0.1543061450645078,0.5841888473038337
Ireland,IE,2026-01,2026-01-01,ireland__standard_employee,Irlande · salarié standard,Ireland · standard employee,2.12,5069.662,212.94,570.35,212.94,570.35,0.04200280018667911,0.11250256920481089,4856.722,961.2,113.16,3782.362,5640.012,783.29,1857.65,1.1612795626350447,1.4911349045913636,23.913500000000568,22.873499999999694,12.583500000000186,26.59349999999995,3.7199999999999136,14.009999999999991,0.9565099211741966,0.5262090451000434,1.1120705877432964,0.15556066656908546,0.5858615426432625
Ireland,IE,2026-01,2026-01-01,ireland__standard_employee,Irlande · salarié standard,Ireland · standard employee,2.13,5093.5755,213.94,573.04,213.94,573.04,0.04200192968573844,0.11250250438027275,4879.6355,970.77,113.88,3794.9855,5666.6155,786.98,1871.63,1.1612784397523133,1.4931850200745167,23.913499999999658,22.913500000000568,12.623499999999694,26.603500000000167,3.6900000000000546,13.980000000000018,0.9581826165137222,0.5278817404394954,1.1124887615782109,0.1543061450645078,0.5846070211386964
Ireland,IE,2026-01,2026-01-01,ireland__standard_employee,Irlande · salarié standard,Ireland · standard employee,2.14,5117.489,214.93,575.73,214.93,575.73,0.041999113236980086,0.11250244016157142,4902.559,980.33,114.59,3807.639,5693.219,790.66,1885.58,1.1612749586491464,1.4952097612194855,23.913499999999658,22.923499999999876,12.65350000000035,26.603500000000167,3.67999999999995,13.949999999999818,0.9586007903485564,0.5291362619441123,1.1124887615782109,0.15388797122964026,0.5833524996340986
Ireland,IE,2026-01,2026-01-01,ireland__standard_employee,Irlande · salarié standard,Ireland · standard employee,2.15,5141.4025,215.93,578.41,215.93,578.41,0.041998267982325845,0.11250043154567262,4925.4725,989.89,115.31,3820.2725,5719.8125,794.34,1899.54,1.1612718373719477,1.4972263104268086,23.913500000000568,22.913499999999658,12.633499999999913,26.59349999999995,3.6800000000000637,13.960000000000036,0.9581826165136477,0.5282999142743476,1.1120705877432964,0.15388797122963918,0.5837706734689487
Ireland,IE,2026-01,2026-01-01,ireland__standard_employee,Irlande · salarié standard,Ireland · standard employee,2.16,5165.316,216.93,581.1,216.93,581.1,0.041997430554103564,0.11250037751804537,4948.386,999.46,116.03,3832.896,5746.416,798.03,1913.52,1.1612707658618386,1.4992360867605072,23.913499999999658,22.913500000000568,12.62350000000015,26.603500000000167,3.689999999999941,13.980000000000018,0.9581826165137222,0.5278817404395145,1.1124887615782109,0.15430614506450305,0.5846070211386964
Ireland,IE,2026-01,2026-01-01,ireland__standard_employee,Irlande · salarié standard,Ireland · standard employee,2.17,5189.2295,217.97,583.79,217.97,583.79,0.04200430911756746,0.11250032398836861,4971.2595,1009.03,116.75,3845.4795,5773.0195,801.76,1927.54,1.1612790480963628,1.5012482838616095,23.913500000000568,22.873499999999694,12.58349999999973,26.603500000000167,3.730000000000018,14.019999999999982,0.9565099211741966,0.5262090451000243,1.1124887615781687,0.155978840403953,0.5862797164781253
Ireland,IE,2026-01,2026-01-01,ireland__standard_employee,Irlande · salarié standard,Ireland · standard employee,2.18,5213.143,218.96,586.47,218.96,586.47,0.04200153343194307,0.1124983527211895,4994.183,1018.59,117.46,3858.133,5799.613,805.43,1941.48,1.1612736257361815,1.5032174888735046,23.913499999999658,22.923499999999876,12.653499999999894,26.59349999999995,3.669999999999959,13.940000000000055,0.9586007903485564,0.5291362619440934,1.1120705877433388,0.15346979739477748,0.5829343257992453
Ireland,IE,2026-01,2026-01-01,ireland__standard_employee,Irlande · salarié standard,Ireland · standard employee,2.19,5237.0565,219.96,589.16,219.96,589.16,0.04200069256461144,0.11249830892601598,5017.0965,1028.16,118.18,3870.7565,5826.2165,809.12,1955.46,1.1612725607330854,1.5051880685338899,23.913499999999658,22.913499999999658,12.62350000000015,26.603500000000167,3.6900000000000546,13.980000000000018,0.9581826165136842,0.5278817404395145,1.1124887615782109,0.1543061450645078,0.5846070211386964
Ireland,IE,2026-01,2026-01-01,ireland__standard_employee,Irlande · salarié standard,Ireland · standard employee,2.2,5260.97,220.96,591.85,220.96,591.85,0.04199985934152827,0.1124982655289804,5040.01,1037.72,118.9,3883.39,5852.82,812.81,1969.43,1.1612715054136797,1.5071419558684553,23.913500000000568,22.913500000000568,12.633499999999913,26.603499999999258,3.689999999999941,13.970000000000027,0.9581826165136857,0.5282999142743476,1.1124887615781307,0.1543061450644972,0.5841888473038115
Ireland,IE,2026-01,2026-01-01,ireland__standard_employee,Irlande · salarié standard,Ireland · standard employee,2.21,5284.8835,221.95,594.53,221.95,594.53,0.04199714146962748,0.11249633033538015,5062.9335,1047.29,119.62,3896.0235,5879.4135,816.48,1983.39,1.1612661908358068,1.5090806048782814,23.913499999999658,22.923499999999876,12.633499999999913,26.59349999999995,3.6700000000000728,13.960000000000036,0.9586007903485564,0.5282999142743677,1.1120705877433388,0.15346979739478225,0.5837706734689709
Ireland,IE,2026-01,2026-01-01,ireland__standard_employee,Irlande · salarié standard,Ireland · standard employee,2.22,5308.797,222.95,597.22,222.95,597.22,0.04199633174898192,0.11249629624187928,5085.847,1056.85,120.33,3908.667,5906.017,820.17,1997.35,1.161265173726225,1.5110054143778429,23.913499999999658,22.913499999999658,12.643500000000131,26.603500000000167,3.689999999999941,13.959999999999809,0.9581826165136842,0.52871808810924,1.1124887615782109,0.15430614506450305,0.5837706734689614
Ireland,IE,2026-01,2026-01-01,ireland__standard_employee,Irlande · salarié standard,Ireland · standard employee,2.23,5332.7105,223.99,599.95,223.99,599.95,0.04200303016636662,0.1125037633301114,5108.7205,1066.42,121.05,3921.2505,5932.6605,823.94,2011.41,1.161281087896666,1.5129511618806295,23.913500000000568,22.873500000000604,12.583500000000186,26.64350000000013,3.7700000000000955,14.060000000000173,0.9565099211742347,0.5262090451000434,1.1141614569176197,0.1576515357434088,0.5879524118175858
Ireland,IE,2026-01,2026-01-01,ireland__standard_employee,Irlande · salarié standard,Ireland · standard employee,2.24,5356.624,224.99,602.64,224.99,602.64,0.04200220138654495,0.11250369635800457,5131.634,1075.98,121.77,3933.884,5959.264,827.63,2025.38,1.1612800133446772,1.5148550389386164,23.913499999999658,22.913499999999658,12.633499999999913,26.603500000000167,3.689999999999941,13.970000000000027,0.9581826165136842,0.5282999142743677,1.1124887615782109,0.15430614506450305,0.5841888473038337
Ireland,IE,2026-01,2026-01-01,ireland__standard_employee,Irlande · salarié standard,Ireland · standard employee,2.25,5380.5375,225.98,605.32,225.98,605.32,0.04199952142327788,0.11250177143082826,5154.5575,1085.55,122.48,3946.5275,5985.8575,831.3,2039.33,1.1612747553984992,1.5167403495858067,23.913500000000568,22.923499999999876,12.643500000000131,26.59349999999995,3.669999999999959,13.949999999999818,0.95860079034852,0.5287180881092199,1.1120705877432964,0.15346979739477165,0.5833524996340764
Ireland,IE,2026-01,2026-01-01,ireland__standard_employee,Irlande · salarié standard,Ireland · standard employee,2.26,5404.451,226.98,608.01,226.98,608.01,0.041998715503202826,0.11250171386510861,5177.471,1095.11,123.2,3959.161,6012.461,834.99,2053.3,1.1612737183849025,1.5186199803443203,23.913499999999658,22.913499999999658,12.633499999999913,26.603500000000167,3.6900000000000546,13.970000000000255,0.9581826165136842,0.5282999142743677,1.1124887615782109,0.1543061450645078,0.5841888473038432
Ireland,IE,2026-01,2026-01-01,ireland__standard_employee,Irlande · salarié standard,Ireland · standard employee,2.27,5428.3645,227.98,610.7,227.98,610.7,0.04199791668374517,0.11250165680657592,5200.3845,1104.68,123.92,3971.7845,6039.0645,838.68,2067.28,1.1612726905097113,1.5204914818515456,23.913499999999658,22.913500000000568,12.62350000000015,26.603500000000167,3.689999999999941,13.980000000000018,0.9581826165137222,0.5278817404395145,1.1124887615782109,0.15430614506450305,0.5846070211386964
Ireland,IE,2026-01,2026-01-01,ireland__standard_employee,Irlande · salarié standard,Ireland · standard employee,2.28,5452.278,229.02,613.38,229.02,613.38,0.04200446125454352,0.11249976615278973,5223.258,1114.25,124.64,3984.368,6065.658,842.4,2081.29,1.1612786502217582,1.522363898113829,23.913500000000568,22.873499999999694,12.58349999999973,26.59349999999995,3.7200000000000273,14.009999999999764,0.9565099211741966,0.5262090451000243,1.1120705877432964,0.15556066656909023,0.585861542643253
Ireland,IE,2026-01,2026-01-01,ireland__standard_employee,Irlande · salarié standard,Ireland · standard employee,2.29,5476.1915,230.01,616.07,230.01,616.07,0.04200181823444268,0.1124997180978788,5246.1815,1123.81,125.35,3997.0215,6092.2615,846.08,2095.24,1.161275396209605,1.5242003326727165,23.913499999999658,22.923499999999876,12.653499999999894,26.603499999999258,3.6800000000000637,13.949999999999818,0.9586007903485564,0.5291362619440934,1.112488761578173,0.15388797122964504,0.5833524996340986
Ireland,IE,2026-01,2026-01-01,ireland__standard_employee,Irlande · salarié standard,Ireland · standard employee,2.3,5500.105,231.01,618.76,231.01,618.76,0.04200101634423343,0.11249967046083667,5269.095,1133.38,126.07,4009.645,6118.865,849.77,2109.22,1.161274374441911,1.526036594262086,23.913499999999658,22.913500000000568,12.62350000000015,26.603500000000167,3.689999999999941,13.980000000000018,0.9581826165137222,0.5278817404395145,1.1124887615782109,0.15430614506450305,0.5846070211386964
Ireland,IE,2026-01,2026-01-01,ireland__standard_employee,Irlande · salarié standard,Ireland · standard employee,2.31,5524.0185,232.01,621.44,232.01,621.44,0.04200022139679655,0.11249781295989505,5292.0085,1142.94,126.79,4022.2785,6145.4585,853.45,2123.18,1.161271471880667,1.5278550453430815,23.913500000000568,22.913499999999658,12.633499999999913,26.59349999999995,3.6800000000000637,13.960000000000036,0.9581826165136477,0.5282999142743476,1.1120705877432964,0.15388797122963918,0.5837706734689487
Ireland,IE,2026-01,2026-01-01,ireland__standard_employee,Irlande · salarié standard,Ireland · standard employee,2.32,5547.932,233.0,624.13,233.0,624.13,0.04199763082892869,0.11249777394531872,5314.932,1152.51,127.51,4034.912,6172.062,857.13,2137.15,1.1612682909207492,1.5296645874804706,23.913499999999658,22.923499999999876,12.633499999999913,26.603500000000167,3.67999999999995,13.970000000000255,0.9586007903485564,0.5282999142743677,1.1124887615782109,0.15388797122964026,0.5841888473038432
Ireland,IE,2026-01,2026-01-01,ireland__standard_employee,Irlande · salarié standard,Ireland · standard employee,2.33,5571.8455,234.0,626.82,234.0,626.82,0.041996857235183566,0.11249773526563148,5337.8455,1162.07,128.22,4047.5555,6198.6655,860.82,2151.11,1.161267312813756,1.5314590497894343,23.913500000000568,22.913500000000568,12.643500000000131,26.603500000000167,3.6900000000000546,13.960000000000036,0.9581826165136857,0.5287180881092199,1.1124887615781687,0.15430614506450194,0.5837706734689487
Ireland,IE,2026-01,2026-01-01,ireland__standard_employee,Irlande · salarié standard,Ireland · standard employee,2.34,5595.759,235.04,629.5,235.04,629.5,0.042003238524032226,0.1124959098488695,5360.719,1171.64,128.94,4060.139,6225.259,864.54,2165.12,1.1612731426512004,1.5332625311596477,23.913499999999658,22.873499999999694,12.583500000000186,26.59349999999995,3.7199999999999136,14.009999999999764,0.9565099211742331,0.5262090451000634,1.1120705877433388,0.15556066656909137,0.5858615426432753
Ireland,IE,2026-01,2026-01-01,ireland__standard_employee,Irlande · salarié standard,Ireland · standard employee,2.35,5619.6725,236.04,632.23,236.04,632.23,0.04200244765153129,0.11250299728320468,5383.6325,1181.2,129.66,4072.7725,6251.9025,868.27,2179.13,1.1612795821408688,1.5350482994078358,23.913499999999658,22.913499999999658,12.633499999999913,26.64350000000013,3.730000000000018,14.010000000000218,0.9581826165136842,0.5282999142743677,1.114161456917662,0.15597884040395893,0.5858615426432943
Ireland,IE,2026-01,2026-01-01,ireland__standard_employee,Irlande · salarié standard,Ireland · standard employee,2.36,5643.586,237.03,634.92,237.03,634.92,0.041999891558310624,0.11250293696242071,5406.556,1190.77,130.38,4085.406,6278.506,871.95,2193.1,1.1612764207010895,1.536813232271162,23.913500000000568,22.923499999999876,12.633499999999913,26.603500000000167,3.6800000000000637,13.9699999999998,0.95860079034852,0.5282999142743476,1.1124887615781687,0.15388797122963918,0.5841888473038019
Ireland,IE,2026-01,2026-01-01,ireland__standard_employee,Irlande · salarié standard,Ireland · standard employee,2.37,5667.4995,238.03,637.61,238.03,637.61,0.04199912148205748,0.11250287715067289,5429.4695,1200.33,131.09,4098.0495,6305.1095,875.64,2207.06,1.1612754247905803,1.538563528820235,23.913499999999658,22.913500000000568,12.643500000000131,26.603499999999258,3.689999999999941,13.960000000000036,0.9581826165137222,0.52871808810924,1.112488761578173,0.15430614506450305,0.5837706734689709
Ireland,IE,2026-01,2026-01-01,ireland__standard_employee,Irlande · salarié standard,Ireland · standard employee,2.38,5691.413,239.03,640.29,239.03,640.29,0.04199835787703335,0.11250106080862521,5452.383,1209.9,131.81,4110.673,6331.703,879.32,2221.03,1.1612726031902014,1.5403081198626112,23.913499999999658,22.913499999999658,12.623499999999694,26.59350000000086,3.6800000000000637,13.970000000000255,0.9581826165136842,0.5278817404394954,1.1120705877433767,0.15388797122964504,0.5841888473038432
Ireland,IE,2026-01,2026-01-01,ireland__standard_employee,Irlande · salarié standard,Ireland · standard employee,2.39,5715.3265,240.02,642.98,240.02,642.98,0.04199585098069201,0.11250100934740999,5475.3065,1219.47,132.53,4123.3065,6358.3065,883.0,2235.0,1.16126951066575,1.542040714169563,23.913500000000568,22.923499999999876,12.633499999999913,26.603499999999258,3.67999999999995,13.9699999999998,0.95860079034852,0.5282999142743476,1.1124887615781307,0.1538879712296344,0.5841888473038019
Ireland,IE,2026-01,2026-01-01,ireland__standard_employee,Irlande · salarié standard,Ireland · standard employee,2.4,5739.24,241.06,645.67,241.06,645.67,0.04200207693004649,0.11250095831503823,5498.18,1229.03,133.25,4135.9,6384.91,886.73,2249.01,1.1612770043905438,1.5437776541986026,23.913499999999658,22.873500000000604,12.593499999999949,26.603500000000167,3.730000000000018,14.010000000000218,0.956509921174271,0.5266272189349166,1.1124887615782109,0.15597884040395893,0.5858615426432943
Ireland,IE,2026-01,2026-01-01,ireland__standard_employee,Irlande · salarié standard,Ireland · standard employee,2.41,5763.1535,242.06,648.35,242.06,648.35,0.042001310567209425,0.11249917254503111,5521.0935,1238.59,133.96,4148.5435,6411.5035,890.41,2262.96,1.1612742113496177,1.545483011085698,23.913500000000568,22.913499999999658,12.643500000000131,26.59349999999995,3.67999999999995,13.949999999999818,0.9581826165136477,0.5287180881092199,1.1120705877432964,0.1538879712296344,0.5833524996340764
Ireland,IE,2026-01,2026-01-01,ireland__standard_employee,Irlande · salarié standard,Ireland · standard employee,2.42,5787.067,243.06,651.04,243.06,651.04,0.04200055053794954,0.11249912952450697,5544.007,1248.16,134.68,4161.167,6438.107,894.1,2276.94,1.161273245145614,1.5471878441792892,23.913499999999658,22.913499999999658,12.623500000000604,26.603500000000167,3.6900000000000546,13.980000000000018,0.9581826165136842,0.5278817404395335,1.1124887615782109,0.1543061450645078,0.5846070211386964
Ireland,IE,2026-01,2026-01-01,ireland__standard_employee,Irlande · salarié standard,Ireland · standard employee,2.43,5810.9805,244.05,653.73,244.05,653.73,0.04199807588409563,0.1124990868580612,5566.9305,1257.73,135.4,4173.8005,6464.7105,897.78,2290.91,1.1612702008764078,1.5488786538791204,23.913499999999658,22.923500000000786,12.633499999999913,26.603500000000167,3.67999999999995,13.9699999999998,0.9586007903485945,0.5282999142743677,1.1124887615782109,0.15388797122964026,0.5841888473038241
Ireland,IE,2026-01,2026-01-01,ireland__standard_employee,Irlande · salarié standard,Ireland · standard employee,2.44,5834.894,245.05,656.41,245.05,656.41,0.04199733534148179,0.11249733071414837,5589.844,1267.29,136.12,4186.434,6491.304,901.46,2304.87,1.161267470076088,1.550556870119056,23.913500000000568,22.913499999999658,12.633499999999913,26.59349999999995,3.6800000000000637,13.960000000000036,0.9581826165136477,0.5282999142743476,1.1120705877432964,0.15388797122963918,0.5837706734689487
Ireland,IE,2026-01,2026-01-01,ireland__standard_employee,Irlande · salarié standard,Ireland · standard employee,2.45,5858.8075,246.09,659.1,246.09,659.1,0.04200342817202989,0.11249729573808323,5612.7175,1276.86,137.92,4197.9375,6517.9075,905.19,2319.97,1.1612748191940891,1.5526451977905817,23.913499999999658,22.873499999999694,11.503499999999804,26.603500000000167,3.730000000000018,15.099999999999909,0.9565099211742331,0.48104627093482627,1.1124887615782109,0.15597884040395893,0.6314424906433657
Ireland,IE,2026-01,2026-01-01,ireland__standard_employee,Irlande · salarié standard,Ireland · standard employee,2.46,5882.721,247.09,661.79,247.09,661.79,0.04200267189281967,0.11249726104637633,5635.631,1286.42,139.84,4209.371,6544.511,908.88,2335.14,1.1612738662272246,1.5547479659074956,23.913499999999658,22.913500000000568,11.433500000000095,26.603500000000167,3.689999999999941,15.170000000000073,0.9581826165137222,0.47811905409079636,1.1124887615782109,0.15430614506450305,0.6343697074874146
Ireland,IE,2026-01,2026-01-01,ireland__standard_employee,Irlande · salarié standard,Ireland · standard employee,2.47,5906.6345,248.08,664.52,248.08,664.52,0.04200022872585057,0.11250399868148266,5658.5545,1295.99,141.75,4220.8145,6571.1545,912.6,2350.34,1.1612779376782534,1.5568451302467805,23.913500000000568,22.923499999999876,11.443500000000313,26.64349999999922,3.7200000000000273,15.200000000000273,0.95860079034852,0.4785372279256504,1.1141614569175817,0.15556066656909023,0.6356242289919883
Ireland,IE,2026-01,2026-01-01,ireland__standard_employee,Irlande · salarié standard,Ireland · standard employee,2.48,5930.548,249.08,667.2,249.08,667.2,0.0419994914466589,0.11250225105673203,5681.468,1305.55,143.66,4232.258,6597.748,916.28,2365.49,1.1612752197143414,1.5589191396176698,23.913499999999658,22.913499999999658,11.443499999999403,26.59349999999995,3.67999999999995,15.149999999999636,0.9581826165136842,0.4785372279256306,1.1120705877433388,0.15388797122964026,0.63353335981767
Ireland,IE,2026-01,2026-01-01,ireland__standard_employee,Irlande · salarié standard,Ireland · standard employee,2.49,5954.4615,250.08,669.89,250.08,669.89,0.04199876008938844,0.11250219688211939,5704.3815,1315.12,145.58,4243.6815,6624.3515,919.97,2380.67,1.1612742766240303,1.5609916766845013,23.913500000000568,22.913500000000568,11.423499999999876,26.603500000000167,3.6900000000000546,15.180000000000291,0.9581826165136857,0.4777008802559059,1.1124887615781687,0.15430614506450194,0.6347878813222628
Ireland,IE,2026-01,2026-01-01,ireland__standard_employee,Irlande · salarié standard,Ireland · standard employee,2.5,5978.375,251.07,672.58,251.07,672.58,0.04199636188763669,0.11250214314090368,5727.305,1324.69,147.49,4255.125,6650.955,923.65,2395.83,1.16127131347117,1.5630457389618402,23.913499999999658,22.923499999999876,11.443500000000313,26.603500000000167,3.67999999999995,15.159999999999854,0.9586007903485564,0.4785372279256686,1.1124887615782109,0.15388797122964026,0.6339515336525423
Ireland,IE,2026-01,2026-01-01,ireland__standard_employee,Irlande · salarié standard,Ireland · standard employee,2.51,6002.2885,252.11,675.26,252.11,675.26,0.042002312951135226,0.11250042379669022,5750.1785,1334.25,149.4,4266.5285,6677.5485,927.37,2411.02,1.1612767325396942,1.5651011120633553,23.913499999999658,22.873499999999694,11.40350000000035,26.59349999999995,3.7200000000000273,15.190000000000055,0.9565099211742331,0.4768645325862175,1.1120705877433388,0.15556066656909615,0.6352060551571402
Ireland,IE,2026-01,2026-01-01,ireland__standard_employee,Irlande · salarié standard,Ireland · standard employee,2.52,6026.202,253.11,677.95,253.11,677.95,0.042001579104052604,0.11250037751804537,5773.092,1343.81,151.31,4277.972,6704.152,931.06,2426.18,1.161275794669477,1.5671332117180756,23.913500000000568,22.913499999999658,11.443499999999403,26.603500000000167,3.689999999999941,15.159999999999854,0.9581826165136477,0.4785372279256124,1.1124887615781687,0.1543061450644972,0.6339515336525182
Ireland,IE,2026-01,2026-01-01,ireland__standard_employee,Irlande · salarié standard,Ireland · standard employee,2.53,6050.1155,254.11,680.64,254.11,680.64,0.0420008510581327,0.11250033160523962,5796.0055,1353.38,153.23,4289.3955,6730.7555,934.75,2441.36,1.1612748642146733,1.5691617851513109,23.913499999999658,22.913500000000568,11.423499999999876,26.603500000000167,3.6900000000000546,15.180000000000291,0.9581826165137222,0.47770088025592405,1.1124887615782109,0.1543061450645078,0.6347878813222869
Ireland,IE,2026-01,2026-01-01,ireland__standard_employee,Irlande · salarié standard,Ireland · standard employee,2.54,6074.029,255.1,683.32,255.1,683.32,0.04199848239117726,0.11249863970027145,5818.929,1362.95,155.14,4300.839,6757.349,938.42,2456.51,1.161270226875083,1.5711699507933221,23.913500000000568,22.923499999999876,11.443500000000313,26.59349999999995,3.669999999999959,15.150000000000091,0.95860079034852,0.4785372279256504,1.1120705877432964,0.15346979739477165,0.633533359817665
Ireland,IE,2026-01,2026-01-01,ireland__standard_employee,Irlande · salarié standard,Ireland · standard employee,2.55,6097.9425,256.1,686.01,256.1,686.01,0.04199777219939349,0.11249860096253779,5841.8425,1372.51,157.05,4312.2825,6783.9525,942.11,2471.67,1.1612693255595303,1.5731697772583317,23.913499999999658,22.913499999999658,11.443500000000313,26.603500000000167,3.6900000000000546,15.159999999999854,0.9581826165136842,0.4785372279256686,1.1124887615782109,0.1543061450645078,0.6339515336525423
Ireland,IE,2026-01,2026-01-01,ireland__standard_employee,Irlande · salarié standard,Ireland · standard employee,2.56,6121.856,257.14,688.7,257.14,688.7,0.04200360152215276,0.11249856252744267,5864.716,1382.08,158.97,4323.666,6810.556,945.84,2486.89,1.161276351659654,1.5751808765987014,23.913499999999658,22.873500000000604,11.383499999999913,26.603499999999258,3.730000000000018,15.2199999999998,0.956509921174271,0.4760281849164729,1.112488761578173,0.15597884040395893,0.636460576661719
Ireland,IE,2026-01,2026-01-01,ireland__standard_employee,Irlande · salarié standard,Ireland · standard employee,2.57,6145.7695,258.14,691.38,258.14,691.38,0.04200287693835573,0.11249689725590914,5887.6295,1391.64,160.88,4335.1095,6837.1495,949.52,2502.04,1.1612737350405626,1.5771572782648284,23.913500000000568,22.913499999999658,11.443499999999403,26.59350000000086,3.67999999999995,15.150000000000091,0.9581826165136477,0.4785372279256124,1.1120705877433343,0.1538879712296344,0.633533359817665
Ireland,IE,2026-01,2026-01-01,ireland__standard_employee,Irlande · salarié standard,Ireland · standard employee,2.58,6169.683,259.13,694.07,259.13,694.07,0.042000537142670054,0.11249686572227456,5910.553,1401.21,162.79,4346.553,6863.753,953.2,2517.2,1.161270865856376,1.5791255737592524,23.913499999999658,22.923499999999876,11.443500000000313,26.603499999999258,3.6800000000000637,15.159999999999854,0.9586007903485564,0.4785372279256686,1.112488761578173,0.15388797122964504,0.6339515336525423
Ireland,IE,2026-01,2026-01-01,ireland__standard_employee,Irlande · salarié standard,Ireland · standard employee,2.59,6193.5965,260.13,696.8,260.13,696.8,0.041999829985695715,0.11250329271530685,5933.4665,1410.77,164.71,4357.9865,6890.3965,956.93,2532.41,1.1612767174129996,1.5810963388711736,23.913499999999658,22.913500000000568,11.433500000000095,26.64350000000013,3.7299999999999045,15.210000000000036,0.9581826165137222,0.47811905409079636,1.114161456917662,0.15597884040395416,0.6360424028268657
Ireland,IE,2026-01,2026-01-01,ireland__standard_employee,Irlande · salarié standard,Ireland · standard employee,2.6,6217.51,261.13,699.49,261.13,699.49,0.0419991282683904,0.11250323682631792,5956.38,1420.34,166.62,4369.42,6917.0,960.62,2547.58,1.1612758084608437,1.5830476356129646,23.913500000000568,22.913499999999658,11.433500000000095,26.603500000000167,3.6900000000000546,15.170000000000073,0.9581826165136477,0.47811905409077815,1.1124887615781687,0.15430614506450194,0.6343697074873905
Ireland,IE,2026-01,2026-01-01,ireland__standard_employee,Irlande · salarié standard,Ireland · standard employee,2.61,6241.4235,262.12,702.17,262.12,702.17,0.041996829729628184,0.11250157916699612,5979.3035,1429.9,168.53,4380.8735,6943.5935,964.29,2562.72,1.161271291882073,1.5849792284575208,23.913499999999658,22.923499999999876,11.453499999999622,26.59349999999995,3.669999999999959,15.139999999999873,0.9586007903485564,0.4789554017605029,1.1120705877433388,0.15346979739477748,0.6331151859828168
Ireland,IE,2026-01,2026-01-01,ireland__standard_employee,Irlande · salarié standard,Ireland · standard employee,2.62,6265.337,263.16,704.86,263.16,704.86,0.042002529153659256,0.11250153024490142,6002.177,1439.47,170.45,4392.257,6970.197,968.02,2577.94,1.1612781495780613,1.5869283149870328,23.913500000000568,22.873499999999694,11.383499999999913,26.603500000000167,3.730000000000018,15.220000000000255,0.9565099211741966,0.4760281849164548,1.1124887615781687,0.155978840403953,0.6364605766617139
Ireland,IE,2026-01,2026-01-01,ireland__standard_employee,Irlande · salarié standard,Ireland · standard employee,2.63,6289.2505,264.16,707.55,264.16,707.55,0.0420018251777378,0.1125014816948379,6025.0905,1449.03,172.36,4403.7005,6996.8005,971.71,2593.1,1.1612772455451084,1.5888456764941212,23.913499999999658,22.913500000000568,11.443500000000313,26.603500000000167,3.6900000000000546,15.159999999999854,0.9581826165137222,0.4785372279256686,1.1124887615782109,0.1543061450645078,0.6339515336525423
Ireland,IE,2026-01,2026-01-01,ireland__standard_employee,Irlande · salarié standard,Ireland · standard employee,2.64,6313.164,265.16,710.23,265.16,710.23,0.04200112653496726,0.11249984952077913,6048.004,1458.6,174.27,4415.134,7023.394,975.39,2608.26,1.1612746949241437,1.590754436898178,23.913499999999658,22.913499999999658,11.433500000000095,26.59349999999995,3.67999999999995,15.16000000000031,0.9581826165136842,0.47811905409079636,1.1120705877433388,0.15388797122964026,0.6339515336525614
Ireland,IE,2026-01,2026-01-01,ireland__standard_employee,Irlande · salarié standard,Ireland · standard employee,2.65,6337.0775,266.15,712.92,266.15,712.92,0.041998855150501155,0.11249980767948634,6070.9275,1468.17,176.19,4426.5675,7049.9975,979.07,2623.43,1.1612718979101628,1.592655596012034,23.913500000000568,22.923499999999876,11.433500000000095,26.603500000000167,3.6800000000000637,15.169999999999618,0.95860079034852,0.47811905409077815,1.1124887615781687,0.15388797122963918,0.6343697074873715
Ireland,IE,2026-01,2026-01-01,ireland__standard_employee,Irlande · salarié standard,Ireland · standard employee,2.66,6360.991,267.15,715.61,267.15,715.61,0.0419981729261997,0.11249976615278971,6093.841,1477.73,178.1,4438.011,7076.601,982.76,2638.59,1.161271027583424,1.5945433663864284,23.913499999999658,22.913500000000568,11.443500000000313,26.603499999999258,3.689999999999941,15.16000000000031,0.9581826165137222,0.4785372279256686,1.112488761578173,0.15430614506450305,0.6339515336525614
Ireland,IE,2026-01,2026-01-01,ireland__standard_employee,Irlande · salarié standard,Ireland · standard employee,2.67,6384.9045,268.15,718.29,268.15,718.29,0.04199749581219265,0.11249815874301644,6116.7545,1487.29,180.01,4449.4545,7103.1945,986.44,2653.74,1.161268528923304,1.596419179025204,23.913499999999658,22.913499999999658,11.443499999999403,26.59349999999995,3.6800000000000637,15.149999999999636,0.9581826165136842,0.4785372279256306,1.1120705877433388,0.15388797122964504,0.63353335981767
Ireland,IE,2026-01,2026-01-01,ireland__standard_employee,Irlande · salarié standard,Ireland · standard employee,2.68,6408.818,269.19,720.98,269.19,720.98,0.04200306515179554,0.11249812367896857,6139.628,1496.86,181.92,4460.848,7129.798,990.17,2668.95,1.1612752433860813,1.5983055239721236,23.913500000000568,22.873499999999694,11.393500000000131,26.603500000000167,3.7299999999999045,15.210000000000036,0.9565099211741966,0.4764463587513271,1.1124887615781687,0.15597884040394822,0.6360424028268415
Ireland,IE,2026-01,2026-01-01,ireland__standard_employee,Irlande · salarié standard,Ireland · standard employee,2.69,6432.7315,270.18,723.67,270.18,723.67,0.04200082033580914,0.11249808887561993,6162.5515,1506.43,183.84,4472.2815,7156.4015,993.85,2684.12,1.161272485917562,1.6001679456000257,23.913499999999658,22.923499999999876,11.433500000000095,26.603500000000167,3.6800000000000637,15.170000000000073,0.9586007903485564,0.47811905409079636,1.1124887615782109,0.15388797122964504,0.6343697074874146
Ireland,IE,2026-01,2026-01-01,ireland__standard_employee,Irlande · salarié standard,Ireland · standard employee,2.7,6456.645,271.18,726.4,271.18,726.4,0.04200014094007027,0.11250424949799778,6185.465,1515.99,185.75,4483.725,7183.045,997.58,2699.32,1.161278093077885,1.6020262170405186,23.913500000000568,22.913500000000568,11.443500000000313,26.64350000000013,3.730000000000018,15.200000000000273,0.9581826165136857,0.4785372279256504,1.1141614569176197,0.155978840403953,0.6356242289919883
Ireland,IE,2026-01,2026-01-01,ireland__standard_employee,Irlande · salarié standard,Ireland · standard employee,2.71,6480.5585,272.18,729.04,272.18,729.04,0.041999466558322096,0.11249647696259511,6208.3785,1525.56,187.66,4495.1585,7209.5985,1001.22,2714.44,1.1612691623102553,1.6038585736187057,23.913499999999658,22.913499999999658,11.433499999999185,26.553499999999985,3.6399999999999864,15.11999999999989,0.9581826165136842,0.4781190540907583,1.1103978924038875,0.15221527589018916,0.6322788383130912
Ireland,IE,2026-01,2026-01-01,ireland__standard_employee,Irlande · salarié standard,Ireland · standard employee,2.72,6504.472,273.17,731.77,273.17,731.77,0.041997259731458604,0.11250259821242983,6231.302,1535.12,189.58,4506.602,7236.242,1004.94,2729.64,1.1612728768401852,1.605698040341703,23.913499999999658,22.923499999999876,11.443500000000313,26.64350000000013,3.7200000000000273,15.199999999999818,0.9586007903485564,0.4785372279256686,1.114161456917662,0.15556066656909615,0.6356242289919934
Ireland,IE,2026-01,2026-01-01,ireland__standard_employee,Irlande · salarié standard,Ireland · standard employee,2.73,6528.3855,274.21,734.46,274.21,734.46,0.04200272793326926,0.11250254752878795,6254.1755,1544.69,191.49,4517.9955,7262.8455,1008.67,2744.85,1.161279452423425,1.6075371257009887,23.913500000000568,22.873500000000604,11.393500000000131,26.603500000000167,3.7299999999999045,15.210000000000036,0.9565099211742347,0.4764463587513271,1.1124887615781687,0.15597884040394822,0.6360424028268415
Ireland,IE,2026-01,2026-01-01,ireland__standard_employee,Irlande · salarié standard,Ireland · standard employee,2.74,6552.299,275.21,737.14,275.21,737.14,0.04200205149368183,0.11250097103322056,6277.089,1554.25,193.4,4529.439,7289.439,1012.35,2760.0,1.1612769868325907,1.6093469853551399,23.913499999999658,22.913499999999658,11.443500000000313,26.59349999999995,3.6800000000000637,15.150000000000091,0.9581826165136842,0.4785372279256686,1.1120705877433388,0.15388797122964504,0.6335333598176891
Ireland,IE,2026-01,2026-01-01,ireland__standard_employee,Irlande · salarié standard,Ireland · standard employee,2.75,6576.2125,276.21,739.83,276.21,739.83,0.04200137997365505,0.11250092663520227,6300.0025,1563.82,195.32,4540.8625,7316.0425,1016.04,2775.18,1.1612761264777276,1.61115702138085,23.913499999999658,22.913499999999658,11.423499999999876,26.603499999999258,3.689999999999941,15.179999999999836,0.9581826165136842,0.47770088025592405,1.112488761578173,0.15430614506450305,0.6347878813222679
Ireland,IE,2026-01,2026-01-01,ireland__standard_employee,Irlande · salarié standard,Ireland · standard employee,2.76,6600.126,277.2,742.52,277.2,742.52,0.04199919819712533,0.11250088255890874,6322.926,1573.39,197.23,4552.306,7342.646,1019.72,2790.34,1.1612734357479433,1.6129508868692042,23.913500000000568,22.923500000000786,11.443499999999403,26.603500000000167,3.6800000000000637,15.16000000000031,0.958600790348558,0.4785372279256124,1.1124887615781687,0.15388797122963918,0.6339515336525372
Ireland,IE,2026-01,2026-01-01,ireland__standard_employee,Irlande · salarié standard,Ireland · standard employee,2.77,6624.0395,278.2,745.2,278.2,745.2,0.04199854182632818,0.11249932914802215,6345.8395,1582.95,199.14,4563.7495,7369.2395,1023.4,2805.49,1.1612710185941513,1.6147335650214807,23.913499999999658,22.913499999999658,11.443500000000313,26.59349999999995,3.67999999999995,15.149999999999636,0.9581826165136842,0.4785372279256686,1.1120705877433388,0.15388797122964026,0.63353335981767
Ireland,IE,2026-01,2026-01-01,ireland__standard_employee,Irlande · salarié standard,Ireland · standard employee,2.78,6647.953,279.2,747.89,279.2,747.89,0.0419978901776231,0.11249929113518102,6368.753,1592.51,201.05,4575.193,7395.843,1027.09,2820.65,1.1612701889993222,1.6165095111834629,23.913500000000568,22.913499999999658,11.443500000000313,26.603500000000167,3.689999999999941,15.16000000000031,0.9581826165136477,0.4785372279256504,1.1124887615781687,0.1543061450644972,0.6339515336525372
Ireland,IE,2026-01,2026-01-01,ireland__standard_employee,Irlande · salarié standard,Ireland · standard employee,2.79,6671.8665,280.24,750.58,280.24,750.58,0.04200323852403222,0.11249925339483337,6391.6265,1602.08,202.97,4586.5765,7422.4465,1030.82,2835.87,1.161276632794485,1.618297765228597,23.913499999999658,22.873500000000604,11.383499999999913,26.603500000000167,3.730000000000018,15.2199999999998,0.956509921174271,0.4760281849164729,1.1124887615782109,0.15597884040395893,0.636460576661719
Ireland,IE,2026-01,2026-01-01,ireland__standard_employee,Irlande · salarié standard,Ireland · standard employee,2.8,6695.78,281.23,753.26,281.23,753.26,0.042001081278058724,0.11249772244607797,6414.55,1611.65,204.88,4598.02,7449.04,1034.49,2851.02,1.161272419733263,1.6200538492655536,23.913499999999658,22.923499999999876,11.443500000000313,26.59349999999995,3.6700000000000728,15.150000000000091,0.9586007903485564,0.4785372279256686,1.1120705877433388,0.15346979739478225,0.6335333598176891
Ireland,IE,2026-01,2026-01-01,ireland__standard_employee,Irlande · salarié standard,Ireland · standard employee,2.81,6719.6935,282.23,755.95,282.23,755.95,0.042000427549262476,0.11249769055686841,6437.4635,1621.21,206.79,4609.4635,7475.6435,1038.18,2866.18,1.161271594005931,1.621803383408937,23.913500000000568,22.913499999999658,11.443499999999403,26.603500000000167,3.6900000000000546,15.159999999999854,0.9581826165136477,0.4785372279256124,1.1124887615781687,0.15430614506450194,0.6339515336525182
Ireland,IE,2026-01,2026-01-01,ireland__standard_employee,Irlande · salarié standard,Ireland · standard employee,2.82,6743.607,283.23,758.64,283.23,758.64,0.041999778456840685,0.11249765889382345,6460.377,1630.78,208.71,4620.887,7502.247,1041.87,2881.36,1.1612707741359367,1.6235512792240974,23.913499999999658,22.913500000000568,11.423499999999876,26.603500000000167,3.689999999999827,15.180000000000291,0.9581826165137222,0.47770088025592405,1.1124887615782109,0.1543061450644983,0.6347878813222869
Ireland,IE,2026-01,2026-01-01,ireland__standard_employee,Irlande · salarié standard,Ireland · standard employee,2.83,6767.5205,284.22,761.37,284.22,761.37,0.04199765630558489,0.11250353803878393,6483.3005,1640.34,210.62,4632.3405,7528.8905,1045.59,2896.55,1.1612743385872675,1.6252886634736805,23.913499999999658,22.923499999999876,11.453500000000531,26.64350000000013,3.7200000000000273,15.190000000000055,0.9586007903485564,0.4789554017605409,1.114161456917662,0.15556066656909615,0.6352060551571402
Ireland,IE,2026-01,2026-01-01,ireland__standard_employee,Irlande · salarié standard,Ireland · standard employee,2.84,6791.434,285.22,764.05,285.22,764.05,0.04199702154213676,0.11250201356591259,6506.214,1649.91,212.53,4643.774,7555.484,1049.27,2911.71,1.1612719778353433,1.6270137177218358,23.913500000000568,22.913499999999658,11.433500000000095,26.59349999999995,3.6800000000000637,15.159999999999854,0.9581826165136477,0.47811905409077815,1.1120705877432964,0.15388797122963918,0.6339515336525182
Ireland,IE,2026-01,2026-01-01,ireland__standard_employee,Irlande · salarié standard,Ireland · standard employee,2.85,6815.3475,286.26,766.74,286.26,766.74,0.04200226033962318,0.11250196706771005,6529.0875,1659.47,214.45,4655.1675,7582.0875,1053.0,2926.92,1.1612782796983498,1.6287464414545771,23.913499999999658,22.873499999999694,11.393499999999221,26.603499999999258,3.730000000000018,15.210000000000036,0.9565099211742331,0.4764463587513072,1.112488761578173,0.15597884040395893,0.6360424028268657
Ireland,IE,2026-01,2026-01-01,ireland__standard_employee,Irlande · salarié standard,Ireland · standard employee,2.86,6839.261,287.26,769.43,287.26,769.43,0.04200161391705917,0.11250192089466976,6552.001,1669.04,216.36,4666.601,7608.691,1056.69,2942.09,1.1612774479124774,1.6304567285696807,23.913500000000568,22.913500000000568,11.433500000000095,26.603500000000167,3.6900000000000546,15.170000000000073,0.9581826165136857,0.47811905409077815,1.1124887615781687,0.15430614506450194,0.6343697074873905
Ireland,IE,2026-01,2026-01-01,ireland__standard_employee,Irlande · salarié standard,Ireland · standard employee,2.87,6863.1745,288.25,772.11,288.25,772.11,0.04199951494749259,0.1125004179917034,6574.9245,1678.6,218.27,4678.0545,7635.2845,1060.36,2957.23,1.161273334773654,1.6321495399422985,23.913499999999658,22.923499999999876,11.453500000000531,26.59349999999995,3.6699999999998454,15.139999999999873,0.9586007903485564,0.4789554017605409,1.1120705877433388,0.15346979739477273,0.6331151859828168
Ireland,IE,2026-01,2026-01-01,ireland__standard_employee,Irlande · salarié standard,Ireland · standard employee,2.88,6887.088,289.25,774.8,289.25,774.8,0.04199888254658573,0.11250037751804536,6597.838,1688.17,220.19,4689.478,7661.888,1064.05,2972.41,1.1612725259395578,1.6338466669424614,23.913499999999658,22.913499999999658,11.423499999999876,26.603500000000167,3.6900000000000546,15.179999999999836,0.9581826165136842,0.47770088025592405,1.1124887615782109,0.1543061450645078,0.6347878813222679
Ireland,IE,2026-01,2026-01-01,ireland__standard_employee,Irlande · salarié standard,Ireland · standard employee,2.89,6911.0015,290.25,777.49,290.25,777.49,0.04199825452215572,0.11250033732448184,6620.7515,1697.73,222.1,4700.9215,7688.4915,1067.74,2987.57,1.1612717227039862,1.6355285873205923,23.913500000000568,22.913500000000568,11.443500000000313,26.603500000000167,3.6900000000000546,15.16000000000031,0.9581826165136857,0.4785372279256504,1.1124887615781687,0.15430614506450194,0.6339515336525372
Ireland,IE,2026-01,2026-01-01,ireland__standard_employee,Irlande · salarié standard,Ireland · standard employee,2.9,6934.915,291.29,780.17,291.29,780.17,0.04200339874389232,0.1124988554293744,6643.625,1707.3,224.01,4712.315,7715.085,1071.46,3002.77,1.1612764115975842,1.6372175883827802,23.913499999999658,22.873499999999694,11.393499999999221,26.59349999999995,3.7200000000000273,15.199999999999818,0.9565099211742331,0.4764463587513072,1.1120705877433388,0.15556066656909615,0.6356242289919934
Ireland,IE,2026-01,2026-01-01,ireland__standard_employee,Irlande · salarié standard,Ireland · standard employee,2.91,6958.8285,292.28,782.86,292.28,782.86,0.04200132249271555,0.11249882074260058,6666.5485,1716.87,225.93,4723.7485,7741.6885,1075.14,3017.94,1.1612738585791433,1.6388866807790465,23.913499999999658,22.923499999999876,11.433500000000095,26.603500000000167,3.6800000000000637,15.170000000000073,0.9586007903485564,0.47811905409079636,1.1124887615782109,0.15388797122964504,0.6343697074874146
Ireland,IE,2026-01,2026-01-01,ireland__standard_employee,Irlande · salarié standard,Ireland · standard employee,2.92,6982.742,293.28,785.55,293.28,785.55,0.04200069256461144,0.11249878629340739,6689.462,1726.43,227.84,4735.192,7768.292,1078.83,3033.1,1.1612730590292613,1.6405442482585713,23.913500000000568,22.913500000000568,11.443500000000313,26.603500000000167,3.689999999999827,15.159999999999854,0.9581826165136857,0.4785372279256504,1.1124887615781687,0.15430614506449242,0.6339515336525182
Ireland,IE,2026-01,2026-01-01,ireland__standard_employee,Irlande · salarié standard,Ireland · standard employee,2.93,7006.6555,294.28,788.23,294.28,788.23,0.04200006693635786,0.11249732486490881,6712.3755,1736.0,229.75,4746.6255,7794.8855,1082.51,3048.26,1.1612707751525522,1.6421951763415925,23.913499999999658,22.913499999999658,11.433500000000095,26.59349999999995,3.6800000000000637,15.16000000000031,0.9581826165136842,0.47811905409079636,1.1120705877433388,0.15388797122964504,0.6339515336525614
Ireland,IE,2026-01,2026-01-01,ireland__standard_employee,Irlande · salarié standard,Ireland · standard employee,2.94,7030.569,295.27,790.92,295.27,790.92,0.041998023204096284,0.11249729573808322,6735.299,1745.56,231.66,4758.079,7821.489,1086.19,3063.41,1.161268267377588,1.6438333621614942,23.913500000000568,22.923499999999876,11.453499999999622,26.603499999999258,3.6800000000000637,15.149999999999636,0.95860079034852,0.4789554017604847,1.1124887615781307,0.15388797122963918,0.6335333598176459
Ireland,IE,2026-01,2026-01-01,ireland__standard_employee,Irlande · salarié standard,Ireland · standard employee,2.95,7054.4825,296.27,793.65,296.27,793.65,0.0419974108660699,0.1125029369624207,6758.2125,1755.13,233.58,4769.5025,7848.1325,1089.92,3078.63,1.1612734136430307,1.6454824166671471,23.913499999999658,22.913499999999658,11.423499999999876,26.64350000000013,3.730000000000018,15.220000000000255,0.9581826165136842,0.47770088025592405,1.114161456917662,0.15597884040395893,0.636460576661738
Ireland,IE,2026-01,2026-01-01,ireland__standard_employee,Irlande · salarié standard,Ireland · standard employee,2.96,7078.396,297.31,796.34,297.31,796.34,0.04200245366323105,0.11250288907260911,6781.086,1764.69,235.49,4780.906,7874.736,1093.65,3093.83,1.1612794764732375,1.6471221145113502,23.913499999999658,22.873500000000604,11.40350000000035,26.603500000000167,3.730000000000018,15.199999999999818,0.956509921174271,0.4768645325862175,1.1124887615782109,0.15597884040395893,0.6356242289919934
Ireland,IE,2026-01,2026-01-01,ireland__standard_employee,Irlande · salarié standard,Ireland · standard employee,2.97,7102.3095,298.31,799.02,298.31,799.02,0.04200183053132224,0.11250143351257784,6803.9995,1774.26,237.4,4792.3395,7901.3295,1097.33,3108.99,1.1612772017399473,1.648741601048924,23.913500000000568,22.913499999999658,11.433500000000095,26.59349999999995,3.6799999999998363,15.159999999999854,0.9581826165136477,0.47811905409077815,1.1120705877432964,0.15388797122962966,0.6339515336525182
Ireland,IE,2026-01,2026-01-01,ireland__standard_employee,Irlande · salarié standard,Ireland · standard employee,2.98,7126.223,299.3,801.71,299.3,801.71,0.04199980831360456,0.11250139098930809,6826.923,1783.82,239.32,4803.783,7927.933,1101.01,3124.15,1.161274706042532,1.6503520246439107,23.913499999999658,22.923499999999876,11.443500000000313,26.603500000000167,3.6800000000000637,15.16000000000031,0.9586007903485564,0.4785372279256686,1.1124887615782109,0.15388797122964504,0.6339515336525614
Ireland,IE,2026-01,2026-01-01,ireland__standard_employee,Irlande · salarié standard,Ireland · standard employee,2.99,7150.1365,300.3,804.4,300.3,804.4,0.041999198197125324,0.11250134875047489,6849.8365,1793.39,241.23,4815.2165,7954.5365,1104.7,3139.32,1.1612739223775632,1.6519582245159692,23.913499999999658,22.913500000000568,11.433500000000095,26.603500000000167,3.6900000000000546,15.170000000000073,0.9581826165137222,0.47811905409079636,1.1124887615782109,0.1543061450645078,0.6343697074874146
Ireland,IE,2026-01,2026-01-01,ireland__standard_employee,Irlande · salarié standard,Ireland · standard employee,3.0,7174.05,301.3,807.08,301.3,807.08,0.0419985921480893,0.11249991288045108,6872.75,1802.95,243.14,4826.66,7981.13,1108.38,3154.47,1.1612716889163726,1.6535513170598304,23.913500000000568,22.913499999999658,11.443499999999403,26.59349999999995,3.6800000000000637,15.149999999999636,0.9581826165136477,0.4785372279256124,1.1120705877432964,0.15388797122963918,0.6335333598176459
Ireland,IE,2026-01,2026-01-01,ireland__standard_employee,Irlande · salarié standard,Ireland · standard employee,3.01,7197.9635,302.29,809.77,302.29,809.77,0.04199660084411377,0.11249987583293526,6895.6735,1812.52,245.06,4838.0935,8007.7335,1112.06,3169.64,1.1612692364277397,1.6551423613454352,23.913499999999658,22.923499999999876,11.433500000000095,26.603500000000167,3.6799999999998363,15.170000000000073,0.9586007903485564,0.47811905409079636,1.1124887615782109,0.15388797122963552,0.6343697074874146
Ireland,IE,2026-01,2026-01-01,ireland__standard_employee,Irlande · salarié standard,Ireland · standard employee,3.02,7221.877,303.33,812.46,303.33,812.46,0.04200154613544373,0.11249983903076723,6918.547,1822.09,246.97,4849.487,8034.337,1115.79,3184.85,1.161275192609084,1.6567395685358062,23.913500000000568,22.873499999999694,11.393500000000131,26.603500000000167,3.730000000000018,15.210000000000036,0.9565099211741966,0.4764463587513271,1.1124887615781687,0.155978840403953,0.6360424028268415
Ireland,IE,2026-01,2026-01-01,ireland__standard_employee,Irlande · salarié standard,Ireland · standard employee,3.03,7245.7905,304.33,815.14,304.33,815.14,0.042000938337921866,0.11249842235985157,6941.4605,1831.65,248.88,4860.9305,8060.9305,1119.47,3200.0,1.1612729770629684,1.658310173329983,23.913499999999658,22.913500000000568,11.443500000000313,26.59349999999995,3.6800000000000637,15.150000000000091,0.9581826165137222,0.4785372279256686,1.1120705877433388,0.15388797122964504,0.6335333598176891
Ireland,IE,2026-01,2026-01-01,ireland__standard_employee,Irlande · salarié standard,Ireland · standard employee,3.04,7269.704,305.33,817.83,305.33,817.83,0.04200033453906789,0.11249839058096452,6964.374,1841.21,250.79,4872.374,8087.534,1123.16,3215.16,1.1612722119748307,1.6598754529106345,23.913499999999658,22.913499999999658,11.443499999999403,26.603499999999258,3.6900000000000546,15.159999999999854,0.9581826165136842,0.4785372279256306,1.112488761578173,0.1543061450645078,0.6339515336525423
Ireland,IE,2026-01,2026-01-01,ireland__standard_employee,Irlande · salarié standard,Ireland · standard employee,3.05,7293.6175,306.32,820.52,306.32,820.52,0.04199836363779702,0.11249835901046361,6987.2975,1850.78,252.71,4883.8075,8114.1375,1126.84,3230.33,1.1612697899295112,1.6614367990548355,23.913500000000568,22.923499999999876,11.433500000000095,26.603500000000167,3.6799999999998363,15.170000000000073,0.95860079034852,0.47811905409077815,1.1124887615781687,0.15388797122962966,0.6343697074873905
Ireland,IE,2026-01,2026-01-01,ireland__standard_employee,Irlande · salarié standard,Ireland · standard employee,3.06,7317.531,307.32,823.2,307.32,823.2,0.041997772199393484,0.11249696106514616,7010.211,1860.35,254.62,4895.241,8140.731,1130.52,3245.49,1.1612676137708264,1.6629888089268736,23.913499999999658,22.913500000000568,11.433500000000095,26.59349999999995,3.6800000000000637,15.159999999999854,0.9581826165137222,0.47811905409079636,1.1120705877433388,0.15388797122964504,0.6339515336525423
Ireland,IE,2026-01,2026-01-01,ireland__standard_employee,Irlande · salarié standard,Ireland · standard employee,3.07,7341.4445,308.36,825.93,308.36,825.93,0.04200263313302988,0.1125023828757406,7033.0845,1869.91,256.53,4906.6445,8167.3745,1134.29,3260.73,1.161279165634936,1.6645539533177918,23.913499999999658,22.873499999999694,11.40350000000035,26.64350000000013,3.769999999999982,15.240000000000236,0.9565099211742331,0.4768645325862175,1.114161456917662,0.15765153574341004,0.6372969243314636
Ireland,IE,2026-01,2026-01-01,ireland__standard_employee,Irlande · salarié standard,Ireland · standard employee,3.08,7365.358,309.36,828.62,309.36,828.62,0.04200203167313795,0.11250233865074855,7055.998,1879.48,258.45,4918.068,8193.978,1137.98,3275.91,1.1612783903850314,1.666096930745976,23.913500000000568,22.913499999999658,11.423499999999876,26.603499999999258,3.6900000000000546,15.179999999999836,0.9581826165136477,0.4777008802559059,1.1124887615781307,0.15430614506450194,0.6347878813222437
Ireland,IE,2026-01,2026-01-01,ireland__standard_employee,Irlande · salarié standard,Ireland · standard employee,3.09,7389.2715,310.35,831.31,310.35,831.31,0.042000080792808876,0.11250229471200239,7078.9215,1889.04,260.36,4929.5215,8220.5815,1141.66,3291.06,1.1612759796813683,1.6676226079955225,23.913499999999658,22.923500000000786,11.453499999999622,26.603500000001077,3.6800000000000637,15.150000000000091,0.9586007903485945,0.4789554017605029,1.112488761578249,0.15388797122964504,0.6335333598176891
Ireland,IE,2026-01,2026-01-01,ireland__standard_employee,Irlande · salarié standard,Ireland · standard employee,3.1,7413.185,311.35,833.99,311.35,833.99,0.0419994914466589,0.11250090210887764,7101.835,1898.61,262.27,4940.955,8247.175,1145.34,3306.22,1.1612738116275583,1.6691459444581056,23.913500000000568,22.913499999999658,11.433500000000095,26.59349999999904,3.6799999999998363,15.159999999999854,0.9581826165136477,0.47811905409077815,1.1120705877432584,0.15388797122962966,0.6339515336525182
Ireland,IE,2026-01,2026-01-01,ireland__standard_employee,Irlande · salarié standard,Ireland · standard employee,3.11,7437.0985,312.35,836.68,312.35,836.68,0.041998905890516317,0.11250086307180146,7124.7485,1908.17,264.19,4952.3885,8273.7785,1149.03,3321.39,1.1612730610771735,1.6706642663434017,23.913499999999658,22.913499999999658,11.433500000000095,26.603500000001077,3.6900000000000546,15.170000000000073,0.9581826165136842,0.47811905409079636,1.112488761578249,0.1543061450645078,0.6343697074874146
Ireland,IE,2026-01,2026-01-01,ireland__standard_employee,Irlande · salarié standard,Ireland · standard employee,3.12,7461.012,313.34,839.37,313.34,839.37,0.04199698378718597,0.11250082428496296,7147.672,1917.74,266.1,4963.832,8300.382,1152.71,3336.55,1.1612706906528447,1.6721722250068094,23.913499999999658,22.923499999999876,11.443500000000313,26.603499999999258,3.6800000000000637,15.16000000000031,0.9586007903485564,0.4785372279256686,1.112488761578173,0.15388797122964504,0.6339515336525614
Ireland,IE,2026-01,2026-01-01,ireland__standard_employee,Irlande · salarié standard,Ireland · standard employee,3.13,7484.9255,314.38,842.05,314.38,842.05,0.042001754058874734,0.11249944972732194,7170.5455,1927.31,268.01,4975.2255,8326.9755,1156.43,3351.75,1.1612750382798631,1.6736880569533985,23.913500000000568,22.873500000000604,11.393499999999221,26.59350000000086,3.7200000000000273,15.199999999999818,0.9565099211742347,0.47644635875128905,1.1120705877433343,0.15556066656909023,0.6356242289919692
Ireland,IE,2026-01,2026-01-01,ireland__standard_employee,Irlande · salarié standard,Ireland · standard employee,3.14,7508.839,315.38,844.74,315.38,844.74,0.0420011668914462,0.11249941568863042,7193.459,1936.87,269.93,4986.659,8353.579,1160.12,3366.92,1.1612742909913019,1.6751855300312295,23.913499999999658,22.913499999999658,11.433500000000095,26.603499999999258,3.689999999999827,15.170000000000073,0.9581826165136842,0.47811905409079636,1.112488761578173,0.1543061450644983,0.6343697074874146
Ireland,IE,2026-01,2026-01-01,ireland__standard_employee,Irlande · salarié standard,Ireland · standard employee,3.15,7532.7525,316.38,847.43,316.38,847.43,0.04200058345206483,0.1124993818660576,7216.3725,1946.43,271.84,4998.1025,8380.1825,1163.81,3382.08,1.1612735484483374,1.6766727973265856,23.913499999999658,22.913500000000568,11.443500000000313,26.603500000001077,3.6900000000000546,15.159999999999854,0.9581826165137222,0.4785372279256686,1.112488761578249,0.1543061450645078,0.6339515336525423
Ireland,IE,2026-01,2026-01-01,ireland__standard_employee,Irlande · salarié standard,Ireland · standard employee,3.16,7556.666,317.37,850.11,317.37,850.11,0.041998680370417325,0.11249802492263122,7239.296,1956.0,273.75,5009.546,8406.776,1167.48,3397.23,1.1612698251321676,1.6781512735884647,23.913500000000568,22.923499999999876,11.443500000000313,26.59349999999904,3.6700000000000728,15.150000000000091,0.95860079034852,0.4785372279256504,1.1120705877432584,0.1534697973947764,0.633533359817665
Ireland,IE,2026-01,2026-01-01,ireland__standard_employee,Irlande · salarié standard,Ireland · standard employee,3.17,7580.5795,318.37,852.8,318.37,852.8,0.04199810845595644,0.11249799570072445,7262.2095,1965.57,275.67,5020.9695,8433.3795,1171.17,3412.41,1.1612691013664642,1.6796316926442192,23.913499999999658,22.913499999999658,11.423499999999876,26.603499999999258,3.6900000000000546,15.179999999999836,0.9581826165136842,0.47770088025592405,1.112488761578173,0.1543061450645078,0.6347878813222679
Ireland,IE,2026-01,2026-01-01,ireland__standard_employee,Irlande · salarié standard,Ireland · standard employee,3.18,7604.493,319.37,855.49,319.37,855.49,0.04199754013844184,0.11249796666260327,7285.123,1975.13,277.58,5032.413,8459.983,1174.86,3427.57,1.1612683821536025,1.681098709505758,23.913500000000568,22.913499999999658,11.443499999999403,26.603500000001077,3.689999999999827,15.16000000000031,0.9581826165136477,0.4785372279256124,1.1124887615782066,0.15430614506449242,0.6339515336525372
Ireland,IE,2026-01,2026-01-01,ireland__standard_employee,Irlande · salarié standard,Ireland · standard employee,3.19,7628.4065,320.41,858.22,320.41,858.22,0.04200221894310431,0.11250318136559714,7307.9965,1984.7,279.49,5043.8065,8486.6265,1178.63,3442.82,1.1612794970550409,1.6825836796078515,23.913499999999658,22.873500000000604,11.393500000000131,26.64350000000013,3.770000000000209,15.25,0.956509921174271,0.4764463587513452,1.114161456917662,0.15765153574341953,0.6377150981663169
Ireland,IE,2026-01,2026-01-01,ireland__standard_employee,Irlande · salarié standard,Ireland · standard employee,3.2,7652.32,321.4,860.9,321.4,860.9,0.04200033453906789,0.11250182951052752,7330.92,1994.26,281.4,5055.26,8513.22,1182.3,3457.96,1.161275801672914,1.6840320774796942,23.913499999999658,22.923499999999876,11.453500000000531,26.59349999999904,3.6699999999998454,15.139999999999873,0.9586007903485564,0.4789554017605409,1.1120705877433006,0.15346979739477273,0.6331151859828168
Ireland,IE,2026-01,2026-01-01,ireland__standard_employee,Irlande · salarié standard,Ireland · standard employee,3.21,7676.2335,322.4,863.59,322.4,863.59,0.041999764598093584,0.11250178880045794,7353.8335,2003.83,283.32,5066.6835,8539.8235,1185.99,3473.14,1.1612750683028108,1.6854858804580943,23.913500000000568,22.913499999999658,11.423499999999876,26.603500000001077,3.6900000000000546,15.179999999999836,0.9581826165136477,0.4777008802559059,1.1124887615782066,0.15430614506450194,0.6347878813222437
Ireland,IE,2026-01,2026-01-01,ireland__standard_employee,Irlande · salarié standard,Ireland · standard employee,3.22,7700.147,323.4,866.28,323.4,866.28,0.041999198197125324,0.11250174834324592,7376.747,2013.39,285.23,5078.127,8566.427,1189.68,3488.3,1.1612743394886662,1.6869264986874095,23.913499999999658,22.913500000000568,11.443500000000313,26.603499999999258,3.6900000000000546,15.16000000000031,0.9581826165137222,0.4785372279256686,1.112488761578173,0.1543061450645078,0.6339515336525614
Ireland,IE,2026-01,2026-01-01,ireland__standard_employee,Irlande · salarié standard,Ireland · standard employee,3.23,7724.0605,324.39,868.96,324.39,868.96,0.04199734064744832,0.11250041348070747,7399.6705,2022.96,287.14,5089.5705,8593.0205,1193.35,3503.45,1.1612706944180824,1.688358673880242,23.913499999999658,22.923499999999876,11.443499999999403,26.59350000000086,3.6699999999998454,15.149999999999636,0.9586007903485564,0.4785372279256306,1.1120705877433767,0.15346979739477273,0.63353335981767
Ireland,IE,2026-01,2026-01-01,ireland__standard_employee,Irlande · salarié standard,Ireland · standard employee,3.24,7747.974,325.43,871.65,325.43,871.65,0.042001947864048074,0.11250037751804536,7422.544,2032.52,289.06,5100.964,8619.624,1197.08,3518.66,1.1612762416767082,1.689802947050793,23.913500000000568,22.873499999999694,11.393500000000131,26.603499999999258,3.730000000000018,15.210000000000036,0.9565099211741966,0.4764463587513271,1.1124887615781307,0.155978840403953,0.6360424028268415
Ireland,IE,2026-01,2026-01-01,ireland__standard_employee,Irlande · salarié standard,Ireland · standard employee,3.25,7771.8875,326.43,874.34,326.43,874.34,0.04200137997365505,0.11250034177669196,7445.4575,2042.09,290.97,5112.3975,8646.2275,1200.77,3533.83,1.1612755159773593,1.6912275502834042,23.913499999999658,22.913500000000568,11.433500000000095,26.603500000001077,3.6900000000000546,15.170000000000073,0.9581826165137222,0.47811905409079636,1.112488761578249,0.1543061450645078,0.6343697074874146
Ireland,IE,2026-01,2026-01-01,ireland__standard_employee,Irlande · salarié standard,Ireland · standard employee,3.26,7795.801,327.43,877.02,327.43,877.02,0.04200081556725217,0.11249902351278593,7468.371,2051.65,292.88,5123.841,8672.821,1204.45,3548.98,1.1612734557509263,1.692640540563222,23.913500000000568,22.913499999999658,11.443500000000313,26.59349999999904,3.6800000000000637,15.150000000000091,0.9581826165136477,0.4785372279256504,1.1120705877432584,0.15388797122963918,0.633533359817665
Ireland,IE,2026-01,2026-01-01,ireland__standard_employee,Irlande · salarié standard,Ireland · standard employee,3.27,7819.7145,328.42,879.71,328.42,879.71,0.04199897579380935,0.11249899213072294,7491.2945,2061.22,294.8,5135.2745,8699.4245,1208.13,3564.15,1.1612711928492467,1.694052479570469,23.913499999999658,22.923499999999876,11.433500000000095,26.603499999999258,3.6800000000000637,15.170000000000073,0.9586007903485564,0.47811905409079636,1.112488761578173,0.15388797122964504,0.6343697074874146
Ireland,IE,2026-01,2026-01-01,ireland__standard_employee,Irlande · salarié standard,Ireland · standard employee,3.28,7843.628,329.42,882.4,329.42,882.4,0.04199842215872554,0.11249896094001399,7514.208,2070.79,296.71,5146.708,8726.028,1211.82,3579.32,1.1612704891852874,1.6954581452843256,23.913499999999658,22.913499999999658,11.433499999999185,26.603500000001077,3.689999999999827,15.170000000000073,0.9581826165136842,0.4781190540907583,1.112488761578249,0.1543061450644983,0.6343697074874146
Ireland,IE,2026-01,2026-01-01,ireland__standard_employee,Irlande · salarié standard,Ireland · standard employee,3.29,7867.5415,330.42,885.08,330.42,885.08,0.04199787188920453,0.11249765889382346,7537.1215,2080.35,298.62,5158.1515,8752.6215,1215.5,3594.47,1.1612684630332681,1.6968523510796456,23.913500000000568,22.913500000000568,11.443500000000313,26.59349999999904,3.6800000000000637,15.149999999999636,0.9581826165136857,0.4785372279256504,1.1120705877432584,0.15388797122963918,0.6335333598176459
Ireland,IE,2026-01,2026-01-01,ireland__standard_employee,Irlande · salarié standard,Ireland · standard employee,3.3,7891.455,331.46,887.77,331.46,887.77,0.04200239372840624,0.11249763193226092,7559.995,2089.91,300.53,5169.555,8779.225,1219.23,3609.67,1.1612739161864525,1.698255459125592,23.913499999999658,22.873499999999694,11.40350000000035,26.603500000001077,3.730000000000018,15.200000000000273,0.9565099211742331,0.4768645325862175,1.112488761578249,0.15597884040395893,0.6356242289920124
Ireland,IE,2026-01,2026-01-01,ireland__standard_employee,Irlande · salarié standard,Ireland · standard employee,3.31,7915.3685,332.45,890.46,332.45,890.46,0.04200057142001664,0.11249760513360813,7582.9185,2099.48,302.45,5180.9885,8805.8285,1222.91,3624.84,1.161271679235376,1.6996425489074138,23.913499999999658,22.923499999999876,11.433500000000095,26.603499999999258,3.6800000000000637,15.170000000000073,0.9586007903485564,0.47811905409079636,1.112488761578173,0.15388797122964504,0.6343697074874146
Ireland,IE,2026-01,2026-01-01,ireland__standard_employee,Irlande · salarié standard,Ireland · standard employee,3.32,7939.282,333.45,893.19,333.45,893.19,0.042000019649132005,0.11250261673536727,7605.832,2109.05,304.36,5192.422,8832.472,1226.64,3640.05,1.1612762417050495,1.7010312335938798,23.913500000000568,22.913500000000568,11.433499999999185,26.64350000000013,3.730000000000018,15.210000000000036,0.9581826165136857,0.4781190540907401,1.1141614569176197,0.155978840403953,0.6360424028268415
Ireland,IE,2026-01,2026-01-01,ireland__standard_employee,Irlande · salarié standard,Ireland · standard employee,3.33,7963.1955,334.45,895.87,334.45,895.87,0.0419994711921866,0.11250131935100677,7628.7455,2118.61,306.27,5203.8655,8859.0655,1230.32,3655.2,1.1612742226097332,1.70240093638085,23.913499999999658,22.913499999999658,11.443500000000313,26.59350000000086,3.6799999999998363,15.149999999999636,0.9581826165136842,0.4785372279256686,1.1120705877433767,0.15388797122963552,0.63353335981767
Ireland,IE,2026-01,2026-01-01,ireland__standard_employee,Irlande · salarié standard,Ireland · standard employee,3.34,7987.109,335.44,898.56,335.44,898.56,0.04199767400194489,0.11250128175288455,7651.669,2128.18,308.19,5215.299,8885.669,1234.0,3670.37,1.1612720048397285,1.7037698126224403,23.913500000000568,22.923499999999876,11.433500000000095,26.603499999999258,3.6800000000000637,15.170000000000073,0.95860079034852,0.47811905409077815,1.1124887615781307,0.15388797122963918,0.6343697074873905
Ireland,IE,2026-01,2026-01-01,ireland__standard_employee,Irlande · salarié standard,Ireland · standard employee,3.35,8011.0225,336.48,901.25,336.48,901.25,0.042002128941717495,0.11250124437922875,7674.5425,2137.74,310.1,5226.7025,8912.2725,1237.73,3685.57,1.1612773660449467,1.7051424870652194,23.913499999999658,22.873499999999694,11.40350000000035,26.603499999999258,3.730000000000018,15.200000000000273,0.9565099211742331,0.4768645325862175,1.112488761578173,0.15597884040395893,0.6356242289920124
Ireland,IE,2026-01,2026-01-01,ireland__standard_employee,Irlande · salarié standard,Ireland · standard employee,3.36,8034.936,337.48,903.93,337.48,903.93,0.042001579104052604,0.11249996266305046,7697.456,2147.31,312.01,5238.136,8938.866,1241.41,3700.73,1.161275361625971,1.706497502164892,23.913499999999658,22.913500000000568,11.433500000000095,26.59350000000086,3.6800000000000637,15.159999999999854,0.9581826165137222,0.47811905409079636,1.1120705877433767,0.15388797122964504,0.6339515336525423
Ireland,IE,2026-01,2026-01-01,ireland__standard_employee,Irlande · salarié standard,Ireland · standard employee,3.37,8058.8495,338.48,906.62,338.48,906.62,0.042001032529519255,0.11249992942540991,7720.3695,2156.87,313.93,5249.5695,8965.4695,1245.1,3715.9,1.1612746643797296,1.7078485197690974,23.913500000000568,22.913499999999658,11.433499999999185,26.603499999999258,3.689999999999827,15.170000000000073,0.9581826165136477,0.4781190540907401,1.1124887615781307,0.15430614506449242,0.6343697074873905
Ireland,IE,2026-01,2026-01-01,ireland__standard_employee,Irlande · salarié standard,Ireland · standard employee,3.38,8082.763,339.47,909.31,339.47,909.31,0.0419992519884599,0.11249989638444181,7743.293,2166.44,315.84,5261.013,8992.073,1248.78,3731.06,1.1612724715440834,1.7091904163703835,23.913499999999658,22.923499999999876,11.443500000000313,26.603500000001077,3.6800000000000637,15.159999999999854,0.9586007903485564,0.4785372279256686,1.112488761578249,0.15388797122964504,0.6339515336525423
Ireland,IE,2026-01,2026-01-01,ireland__standard_employee,Irlande · salarié standard,Ireland · standard employee,3.39,8106.6765,340.47,911.99,340.47,911.99,0.041998715503202826,0.11249862998727038,7766.2065,2176.01,317.75,5272.4465,9018.6665,1252.46,3746.22,1.1612704993100558,1.7105278356072462,23.913499999999658,22.913500000000568,11.433500000000095,26.59349999999904,3.6800000000000637,15.159999999999854,0.9581826165137222,0.47811905409079636,1.1120705877433006,0.15388797122964504,0.6339515336525423
Ireland,IE,2026-01,2026-01-01,ireland__standard_employee,Irlande · salarié standard,Ireland · standard employee,3.4,8130.59,341.47,914.68,341.47,914.68,0.0419981821737414,0.11249860096253778,7789.12,2185.57,319.67,5283.88,9045.27,1256.15,3761.39,1.1612698225216713,1.7118613594555516,23.913500000000568,22.913499999999658,11.433500000000095,26.603500000001077,3.6900000000000546,15.170000000000073,0.9581826165136477,0.47811905409077815,1.1124887615782066,0.15430614506450194,0.6343697074873905
Ireland,IE,2026-01,2026-01-01,ireland__standard_employee,Irlande · salarié standard,Ireland · standard employee,3.41,8154.5035,342.51,917.37,342.51,917.37,0.042002557237237066,0.11249857210803822,7811.9935,2195.13,321.58,5295.2835,9071.8735,1259.88,3776.59,1.1612750957870102,1.7131988306197394,23.913499999999658,22.873499999999694,11.40349999999944,26.603499999999258,3.730000000000018,15.200000000000273,0.9565099211742331,0.47686453258617945,1.112488761578173,0.15597884040395893,0.6356242289920124
Ireland,IE,2026-01,2026-01-01,ireland__standard_employee,Irlande · salarié standard,Ireland · standard employee,3.42,8178.417,343.5,920.05,343.5,920.05,0.04200079306300963,0.11249732069176713,7834.917,2204.7,323.49,5306.727,9098.467,1263.55,3791.74,1.161271650995154,1.714515745769473,23.913500000000568,22.923500000000786,11.443500000000313,26.59350000000086,3.6699999999998454,15.149999999999636,0.958600790348558,0.4785372279256504,1.1120705877433343,0.1534697973947669,0.6335333598176459
Ireland,IE,2026-01,2026-01-01,ireland__standard_employee,Irlande · salarié standard,Ireland · standard employee,3.43,8202.3305,344.5,922.78,344.5,922.78,0.04200025834121168,0.11250217240088045,7857.8305,2214.27,325.41,5318.1505,9125.1105,1267.28,3806.96,1.161276067230007,1.7158428479976264,23.913499999999658,22.913499999999658,11.423499999999876,26.64350000000013,3.730000000000018,15.220000000000255,0.9581826165136842,0.47770088025592405,1.114161456917662,0.15597884040395893,0.636460576661738
Ireland,IE,2026-01,2026-01-01,ireland__standard_employee,Irlande · salarié standard,Ireland · standard employee,3.44,8226.244,345.5,925.47,345.5,925.47,0.04199972672826141,0.1125021334159308,7880.744,2223.83,327.32,5329.594,9151.714,1270.97,3822.12,1.1612753821212818,1.7171503120125098,23.913500000000568,22.913499999999658,11.443500000000313,26.603499999999258,3.6900000000000546,15.159999999999854,0.9581826165136477,0.4785372279256504,1.1124887615781307,0.15430614506450194,0.6339515336525182
Ireland,IE,2026-01,2026-01-01,ireland__standard_employee,Irlande · salarié standard,Ireland · standard employee,3.45,8250.1575,346.49,928.16,346.49,928.16,0.04199798609905327,0.1125020946569808,7903.6675,2233.4,329.23,5341.0375,9178.3175,1274.65,3837.28,1.1612732316990815,1.7184521733839162,23.91349999999875,22.923499999999876,11.443500000000313,26.603499999999258,3.6800000000000637,15.16000000000031,0.9586007903485929,0.4785372279256868,1.1124887615782153,0.15388797122965087,0.6339515336525855
Ireland,IE,2026-01,2026-01-01,ireland__standard_employee,Irlande · salarié standard,Ireland · standard employee,3.46,8274.071,347.49,930.84,347.49,930.84,0.041997464126184075,0.11250084752717254,7926.581,2242.96,331.14,5352.481,9204.911,1278.33,3852.43,1.1612712971708736,1.7197465997543944,23.913500000000568,22.913500000000568,11.443499999999403,26.59350000000086,3.6799999999998363,15.149999999999636,0.9581826165136857,0.4785372279256124,1.1120705877433343,0.15388797122962966,0.6335333598176459
Ireland,IE,2026-01,2026-01-01,ireland__standard_employee,Irlande · salarié standard,Ireland · standard employee,3.47,8297.9845,348.53,933.53,348.53,933.53,0.042001765609468174,0.11250081269734837,7949.4545,2252.53,333.06,5363.8645,9231.5145,1282.06,3867.65,1.1612764750084423,1.7210566187866976,23.913500000000568,22.873499999999694,11.383499999999913,26.603499999999258,3.730000000000018,15.220000000000255,0.9565099211741966,0.4760281849164548,1.1124887615781307,0.155978840403953,0.6364605766617139
Ireland,IE,2026-01,2026-01-01,ireland__standard_employee,Irlande · salarié standard,Ireland · standard employee,3.48,8321.898,349.53,936.22,349.53,936.22,0.04200123577578096,0.11250077806769562,7972.368,2262.09,334.97,5375.308,9258.118,1285.75,3882.81,1.1612757966014613,1.7223418639452845,23.91349999999875,22.913500000000568,11.443500000000313,26.603500000001077,3.6900000000000546,15.159999999999854,0.9581826165137586,0.4785372279256868,1.1124887615782912,0.15430614506451368,0.6339515336525664
Ireland,IE,2026-01,2026-01-01,ireland__standard_employee,Irlande · salarié standard,Ireland · standard employee,3.49,8345.8115,350.52,938.9,350.52,938.9,0.04199951077255938,0.11249954543066304,7995.2915,2271.66,336.88,5386.7515,9284.7115,1289.42,3897.96,1.1612724188980477,1.723619792002657,23.913500000000568,22.923499999999876,11.443500000000313,26.59349999999904,3.6700000000000728,15.150000000000091,0.95860079034852,0.4785372279256504,1.1120705877432584,0.1534697973947764,0.633533359817665
Ireland,IE,2026-01,2026-01-01,ireland__standard_employee,Irlande · salarié standard,Ireland · standard employee,3.5,8369.725,351.52,941.59,351.52,941.59,0.0419989904088844,0.11249951461965596,8018.205,2281.23,338.8,5398.175,9311.315,1293.11,3913.14,1.1612717559603427,1.7249005450916282,23.913500000000568,22.913499999999658,11.423499999999876,26.603500000001077,3.689999999999827,15.179999999999836,0.9581826165136477,0.4777008802559059,1.1124887615782066,0.15430614506449242,0.6347878813222437
Ireland,IE,2026-01,2026-01-01,ireland__standard_employee,Irlande · salarié standard,Ireland · standard employee,3.51,8393.6385,352.52,944.28,352.52,944.28,0.041998473010244605,0.1124994839842102,8041.1185,2290.79,340.71,5409.6185,9337.9185,1296.8,3928.3,1.161271096800775,1.7261695071473158,23.91349999999875,22.913499999999658,11.443499999999403,26.603499999999258,3.6900000000000546,15.16000000000031,0.9581826165137206,0.4785372279256488,1.1124887615782153,0.15430614506451368,0.6339515336525855
Ireland,IE,2026-01,2026-01-01,ireland__standard_employee,Irlande · salarié standard,Ireland · standard employee,3.52,8417.552,353.56,946.96,353.56,946.96,0.04200271052676598,0.1124982655289804,8063.992,2300.35,342.62,5421.022,9364.512,1300.52,3943.49,1.161274961582303,1.7274440133244247,23.913500000000568,22.873500000000604,11.40350000000035,26.59350000000086,3.7200000000000273,15.1899999999996,0.9565099211742347,0.4768645325861994,1.1120705877433343,0.15556066656909023,0.635206055157097
Ireland,IE,2026-01,2026-01-01,ireland__standard_employee,Irlande · salarié standard,Ireland · standard employee,3.53,8441.4655,354.55,949.65,354.55,949.65,0.042001000892558295,0.11249823860560706,8086.9155,2309.92,344.54,5432.4555,9391.1155,1304.2,3958.66,1.1612728610803464,1.7287054629347633,23.913500000000568,22.923499999999876,11.433500000000095,26.603499999999258,3.6800000000000637,15.170000000000073,0.95860079034852,0.47811905409077815,1.1124887615781307,0.15388797122963918,0.6343697074873905
Ireland,IE,2026-01,2026-01-01,ireland__standard_employee,Irlande · salarié standard,Ireland · standard employee,3.54,8465.379,355.55,952.34,355.55,952.34,0.04200048219932032,0.11249821183434316,8109.829,2319.49,346.45,5443.889,9417.719,1307.89,3973.83,1.1612722043831012,1.7299616138389302,23.913500000000568,22.913499999999658,11.433500000000095,26.603499999999258,3.6900000000000546,15.170000000000073,0.9581826165136477,0.47811905409077815,1.1124887615781307,0.15430614506450194,0.6343697074873905
Ireland,IE,2026-01,2026-01-01,ireland__standard_employee,Irlande · salarié standard,Ireland · standard employee,3.55,8489.2925,356.55,955.07,356.55,955.07,0.041999966428297765,0.1125028970317609,8132.7425,2329.05,348.36,5455.3325,9444.3625,1311.62,3989.03,1.1612764697763394,1.731216658196361,23.91349999999875,22.913500000000568,11.443500000000313,26.64350000000013,3.729999999999791,15.200000000000273,0.9581826165137586,0.4785372279256868,1.1141614569177045,0.15597884040395535,0.6356242289920366
Ireland,IE,2026-01,2026-01-01,ireland__standard_employee,Irlande · salarié standard,Ireland · standard employee,3.56,8513.206,357.54,957.75,357.54,957.75,0.04199827890926168,0.11250168267982708,8155.666,2338.62,350.28,5466.766,9470.956,1315.29,4004.19,1.1612731566005767,1.7324604711450973,23.913500000000568,22.923499999999876,11.433499999999185,26.59350000000086,3.6700000000000728,15.159999999999854,0.95860079034852,0.4781190540907401,1.1120705877433343,0.1534697973947764,0.6339515336525182
Ireland,IE,2026-01,2026-01-01,ireland__standard_employee,Irlande · salarié standard,Ireland · standard employee,3.57,8537.1195,358.54,960.44,358.54,960.44,0.04199777219939349,0.1125016464862651,8178.5795,2348.18,352.19,5478.2095,9497.5595,1318.98,4019.35,1.1612725045956942,1.7336977528880557,23.913500000000568,22.913499999999658,11.443500000000313,26.603499999999258,3.6900000000000546,15.159999999999854,0.9581826165136477,0.4785372279256504,1.1124887615781307,0.15430614506450194,0.6339515336525182
Ireland,IE,2026-01,2026-01-01,ireland__standard_employee,Irlande · salarié standard,Ireland · standard employee,3.58,8561.033,359.58,963.13,359.58,963.13,0.0420019406536571,0.11250161049490173,8201.453,2357.75,354.1,5489.603,9524.163,1322.71,4034.56,1.1612775199711562,1.7349456782211756,23.91349999999875,22.873499999999694,11.393500000000131,26.603500000001077,3.730000000000018,15.210000000000036,0.9565099211742694,0.4764463587513633,1.1124887615782912,0.15597884040396484,0.63604240282689
Ireland,IE,2026-01,2026-01-01,ireland__standard_employee,Irlande · salarié standard,Ireland · standard employee,3.59,8584.9465,360.58,965.81,360.58,965.81,0.042001426566839986,0.11250040987442379,8224.3665,2367.31,356.01,5501.0465,9550.7565,1326.39,4049.71,1.1612756435404477,1.7361708358582315,23.913500000000568,22.913500000000568,11.443500000000313,26.59349999999904,3.6800000000000637,15.150000000000091,0.9581826165136857,0.4785372279256504,1.1120705877432584,0.15388797122963918,0.633533359817665
Ireland,IE,2026-01,2026-01-01,ireland__standard_employee,Irlande · salarié standard,Ireland · standard employee,3.6,8608.86,361.57,968.5,361.57,968.5,0.04199975374207502,0.11250037751804536,8247.29,2376.88,357.93,5512.48,9577.36,1330.07,4064.88,1.16127358198875,1.7373958726380867,23.913500000000568,22.923500000000786,11.433499999999185,26.603500000001077,3.6799999999998363,15.170000000000073,0.958600790348558,0.4781190540907401,1.1124887615782066,0.15388797122962966,0.6343697074873905
Ireland,IE,2026-01,2026-01-01,ireland__standard_employee,Irlande · salarié standard,Ireland · standard employee,3.61,8632.7735,362.57,971.19,362.57,971.19,0.04199924856131115,0.11250034534092666,8270.2035,2386.44,359.84,5523.9235,9603.9635,1333.76,4080.04,1.1612729360287204,1.738612690780385,23.91349999999875,22.91349999999875,11.443500000000313,26.603499999999258,3.6900000000000546,15.159999999999854,0.9581826165136825,0.4785372279256868,1.1124887615782153,0.15430614506451368,0.6339515336525664
Ireland,IE,2026-01,2026-01-01,ireland__standard_employee,Irlande · salarié standard,Ireland · standard employee,3.62,8656.687,363.57,973.87,363.57,973.87,0.041998746171601216,0.11249915816524267,8293.117,2396.01,361.75,5535.357,9630.557,1337.44,4095.2,1.161271087818971,1.7398258143061054,23.913500000000568,22.913500000000568,11.433500000000095,26.59350000000086,3.6800000000000637,15.159999999999854,0.9581826165136857,0.47811905409077815,1.1120705877433343,0.15388797122963918,0.6339515336525182
Ireland,IE,2026-01,2026-01-01,ireland__standard_employee,Irlande · salarié standard,Ireland · standard employee,3.63,8680.6005,364.61,976.56,364.61,976.56,0.042002854526020414,0.11249912952450698,8315.9905,2405.57,363.67,5546.7505,9657.1605,1341.17,4110.41,1.161276038013752,1.7410482948529957,23.913500000000568,22.873499999999694,11.393500000000131,26.603499999999258,3.730000000000018,15.210000000000036,0.9565099211741966,0.4764463587513271,1.1124887615781307,0.155978840403953,0.6360424028268415
Ireland,IE,2026-01,2026-01-01,ireland__standard_employee,Irlande · salarié standard,Ireland · standard employee,3.64,8704.514,365.6,979.25,365.6,979.25,0.042001196160980386,0.11249910104113797,8338.914,2415.14,365.58,5558.194,9683.764,1344.85,4125.57,1.161273998029,1.7422500905869784,23.91349999999875,22.923500000000786,11.443500000000313,26.603499999999258,3.6799999999998363,15.159999999999854,0.9586007903486309,0.4785372279256868,1.1124887615782153,0.15388797122964137,0.6339515336525664
Ireland,IE,2026-01,2026-01-01,ireland__standard_employee,Irlande · salarié standard,Ireland · standard employee,3.65,8728.4275,366.6,981.93,366.6,981.93,0.04200069256461144,0.11249792703210286,8361.8275,2424.71,367.49,5569.6275,9710.3575,1348.53,4140.73,1.1612721620961448,1.7434482826724051,23.913500000000568,22.91349999999875,11.433499999999185,26.59350000000086,3.6800000000000637,15.159999999999854,0.9581826165136097,0.4781190540907401,1.1120705877433343,0.15388797122963918,0.6339515336525182
Ireland,IE,2026-01,2026-01-01,ireland__standard_employee,Irlande · salarié standard,Ireland · standard employee,3.66,8752.341,367.6,984.62,367.6,984.62,0.04200019172013522,0.11249790198987905,8384.741,2434.27,369.41,5581.061,9736.961,1352.22,4155.9,1.1612715288403066,1.7446433572397797,23.913500000000568,22.913500000000568,11.433500000000095,26.603499999999258,3.6900000000000546,15.170000000000073,0.9581826165136857,0.47811905409077815,1.1124887615781307,0.15430614506450194,0.6343697074873905
Ireland,IE,2026-01,2026-01-01,ireland__standard_employee,Irlande · salarié standard,Ireland · standard employee,3.67,8776.2545,368.59,987.35,368.59,987.35,0.041998554166814556,0.11250243483709367,8407.6645,2443.83,371.32,5592.5145,9763.6045,1355.94,4171.09,1.1612742753947902,1.7458344542513033,23.91349999999875,22.923500000000786,11.453500000000531,26.64350000000013,3.7200000000000273,15.19000000000051,0.9586007903486309,0.4789554017605591,1.1141614569177045,0.15556066656910206,0.6352060551571833
Ireland,IE,2026-01,2026-01-01,ireland__standard_employee,Irlande · salarié standard,Ireland · standard employee,3.68,8800.168,369.59,990.04,369.59,990.04,0.04199806185518276,0.1125023976814988,8430.578,2453.4,373.23,5603.948,9790.208,1359.63,4186.26,1.1612736398382175,1.7470197796267914,23.913500000000568,22.91349999999875,11.433500000000095,26.603500000001077,3.6900000000000546,15.170000000000073,0.9581826165136097,0.47811905409077815,1.1124887615782066,0.15430614506450194,0.6343697074873905
Ireland,IE,2026-01,2026-01-01,ireland__standard_employee,Irlande · salarié standard,Ireland · standard employee,3.69,8824.0815,370.63,992.72,370.63,992.72,0.042002105261607116,0.11250122746486418,8453.4515,2462.97,375.15,5615.3315,9816.8015,1363.35,4201.47,1.1612773196841548,1.74821406358645,23.913500000000568,22.873499999999694,11.383499999999913,26.59349999999904,3.7199999999998,15.210000000000036,0.9565099211741966,0.4760281849164548,1.1120705877432584,0.1555606665690807,0.6360424028268415
Ireland,IE,2026-01,2026-01-01,ireland__standard_employee,Irlande · salarié standard,Ireland · standard employee,3.7,8847.995,371.63,995.41,371.63,995.41,0.042001606013565784,0.11250119377327857,8476.365,2472.53,377.06,5626.775,9843.405,1367.04,4216.63,1.1612766793312934,1.7493866379942329,23.913500000000568,22.913500000000568,11.443499999999403,26.603500000001077,3.6900000000000546,15.159999999999854,0.9581826165136857,0.4785372279256124,1.1124887615782066,0.15430614506450194,0.6339515336525182
Ireland,IE,2026-01,2026-01-01,ireland__standard_employee,Irlande · salarié standard,Ireland · standard employee,3.71,8871.9085,372.62,998.1,372.62,998.1,0.04199998230369486,0.11250116026331877,8499.2885,2482.1,378.97,5638.2185,9870.0085,1370.72,4231.79,1.1612746761096533,1.7505544526165495,23.91349999999875,22.923500000000786,11.443500000000313,26.603499999999258,3.6800000000000637,15.159999999999854,0.9586007903486309,0.4785372279256868,1.1124887615782153,0.15388797122965087,0.6339515336525664
Ireland,IE,2026-01,2026-01-01,ireland__standard_employee,Irlande · salarié standard,Ireland · standard employee,3.72,8895.822,373.62,1000.78,373.62,1000.78,0.04199949144665889,0.11250000281030803,8522.202,2491.66,380.88,5649.662,9896.602,1374.4,4246.94,1.1612728729030364,1.7517157663591205,23.913500000000568,22.91349999999875,11.443500000000313,26.59350000000086,3.6800000000000637,15.149999999999636,0.9581826165136097,0.4785372279256504,1.1120705877433343,0.15388797122963918,0.6335333598176459
Ireland,IE,2026-01,2026-01-01,ireland__standard_employee,Irlande · salarié standard,Ireland · standard employee,3.73,8919.7355,374.62,1003.47,374.62,1003.47,0.04199900322156414,0.11249997267295651,8545.1155,2501.23,382.8,5661.0855,9923.2055,1378.09,4262.12,1.161272249626117,1.7528803442378678,23.913500000000568,22.913500000000568,11.423499999999876,26.603499999999258,3.689999999999827,15.180000000000291,0.9581826165136857,0.4777008802559059,1.1124887615781307,0.15430614506449242,0.6347878813222628
Ireland,IE,2026-01,2026-01-01,ireland__standard_employee,Irlande · salarié standard,Ireland · standard employee,3.74,8943.649,375.61,1006.16,375.61,1006.16,0.041997399495440846,0.11249994269676729,8568.039,2510.79,384.71,5672.539,9949.809,1381.77,4277.27,1.1612702743299839,1.754030955097885,23.91349999999875,22.923500000000786,11.453499999999622,26.603499999999258,3.6800000000000637,15.150000000000546,0.9586007903486309,0.4789554017605211,1.1124887615782153,0.15388797122965087,0.6335333598177322
Ireland,IE,2026-01,2026-01-01,ireland__standard_employee,Irlande · salarié standard,Ireland · standard employee,3.75,8967.5625,376.65,1008.84,376.65,1008.84,0.042001379973655044,0.11249879775022477,8590.9125,2520.36,386.62,5683.9325,9976.4025,1385.49,4292.47,1.161273904256387,1.7551936973213529,23.913500000000568,22.873499999999694,11.393500000000131,26.59350000000086,3.7200000000000273,15.199999999999818,0.9565099211741966,0.4764463587513271,1.1120705877433343,0.15556066656909023,0.6356242289919692
Ireland,IE,2026-01,2026-01-01,ireland__standard_employee,Irlande · salarié standard,Ireland · standard employee,3.76,8991.476,377.65,1011.53,377.65,1011.53,0.042000890621295105,0.11249877105827788,8613.826,2529.93,388.54,5695.356,10003.006,1389.18,4307.65,1.1612732832077175,1.7563442917352317,23.913500000000568,22.91349999999875,11.423499999999876,26.603499999999258,3.6900000000000546,15.179999999999382,0.9581826165136097,0.4777008802559059,1.1124887615781307,0.15430614506450194,0.6347878813222247
Ireland,IE,2026-01,2026-01-01,ireland__standard_employee,Irlande · salarié standard,Ireland · standard employee,3.77,9015.3895,378.65,1014.22,378.65,1014.22,0.042000403864968894,0.1124987445079328,8636.7395,2539.49,390.45,5706.7995,10029.6095,1392.87,4322.81,1.161272665454365,1.757484120477686,23.91349999999875,22.913500000000568,11.443500000000313,26.603500000001077,3.689999999999827,15.160000000000764,0.9581826165137586,0.4785372279256868,1.1124887615782912,0.15430614506450416,0.6339515336526045
Ireland,IE,2026-01,2026-01-01,ireland__standard_employee,Irlande · salarié standard,Ireland · standard employee,3.78,9039.303,379.64,1016.9,379.64,1016.9,0.04199881340408657,0.11249761181807934,8659.663,2549.05,392.36,5718.253,10056.203,1396.54,4337.95,1.16126955517784,1.7586145628743601,23.913500000000568,22.923500000000786,11.453499999999622,26.59349999999904,3.6700000000000728,15.139999999999418,0.958600790348558,0.4789554017604847,1.1120705877432584,0.1534697973947764,0.6331151859827737
Ireland,IE,2026-01,2026-01-01,ireland__standard_employee,Irlande · salarié standard,Ireland · standard employee,3.79,9063.2165,380.64,1019.59,380.64,1019.59,0.04199833469717953,0.1124975884665229,8682.5765,2558.62,394.28,5729.6765,10082.8065,1400.23,4353.13,1.1612689505240754,1.7597514449550509,23.913500000000568,22.91349999999875,11.423499999999876,26.603500000001077,3.6900000000000546,15.180000000000291,0.9581826165136097,0.4777008802559059,1.1124887615782066,0.15430614506450194,0.6347878813222628
Ireland,IE,2026-01,2026-01-01,ireland__standard_employee,Irlande · salarié standard,Ireland · standard employee,3.8,9087.13,381.68,1022.32,381.68,1022.32,0.04200226033962318,0.11250196706771007,8705.45,2568.19,396.19,5741.07,10109.45,1404.0,4368.38,1.1612782796983498,1.7608999716080802,23.91349999999875,22.873500000001513,11.393500000000131,26.64350000000013,3.769999999999982,15.25,0.9565099211743455,0.4764463587513633,1.1141614569177045,0.15765153574341603,0.6377150981663411
Ireland,IE,2026-01,2026-01-01,ireland__standard_employee,Irlande · salarié standard,Ireland · standard employee,3.81,9111.0435,382.68,1025.01,382.68,1025.01,0.042001775098538384,0.11250193240763257,8728.3635,2577.75,398.1,5752.5135,10136.0535,1407.69,4383.54,1.1612776553130493,1.7620216797405173,23.913500000000568,22.91349999999875,11.443500000000313,26.603499999999258,3.6900000000000546,15.159999999999854,0.9581826165136097,0.4785372279256504,1.1124887615781307,0.15430614506450194,0.6339515336525182
Ireland,IE,2026-01,2026-01-01,ireland__standard_employee,Irlande · salarié standard,Ireland · standard employee,3.82,9134.957,383.67,1027.69,383.67,1027.69,0.04200019770208005,0.11250080323311869,8751.287,2587.32,400.02,5763.947,10162.647,1411.36,4398.7,1.1612745645297657,1.763140257882316,23.913500000000568,22.923500000000786,11.433500000000095,26.59350000000086,3.6699999999998454,15.159999999999854,0.958600790348558,0.47811905409077815,1.1120705877433343,0.1534697973947669,0.6339515336525182
Ireland,IE,2026-01,2026-01-01,ireland__standard_employee,Irlande · salarié standard,Ireland · standard employee,3.83,9158.8705,384.67,1030.38,384.67,1030.38,0.041999720380367866,0.1125007717927664,8774.2005,2596.88,401.93,5775.3905,10189.2505,1415.05,4413.86,1.1612739531083203,1.7642530838390929,23.913500000000568,22.913500000000568,11.443500000000313,26.603499999999258,3.6900000000000546,15.159999999999854,0.9581826165136857,0.4785372279256504,1.1124887615781307,0.15430614506450194,0.6339515336525182
Ireland,IE,2026-01,2026-01-01,ireland__standard_employee,Irlande · salarié standard,Ireland · standard employee,3.84,9182.784,385.67,1033.07,385.67,1033.07,0.04199924554470627,0.1125007405161659,8797.114,2606.45,403.84,5786.824,10215.854,1418.74,4429.03,1.1612733448719659,1.7653645592124454,23.91349999999875,22.91349999999875,11.433499999999185,26.603499999999258,3.6900000000000546,15.170000000000073,0.9581826165136825,0.4781190540907765,1.1124887615782153,0.15430614506451368,0.6343697074874387
Ireland,IE,2026-01,2026-01-01,ireland__standard_employee,Irlande · salarié standard,Ireland · standard employee,3.85,9206.6975,386.66,1035.75,386.66,1035.75,0.0419976870099186,0.11249962323623644,8820.0375,2616.01,405.75,5798.2775,10242.4475,1422.41,4444.17,1.1612702893836901,1.7664638334401899,23.913500000000568,22.923500000000786,11.453500000000531,26.59350000000086,3.6700000000000728,15.140000000000327,0.958600790348558,0.4789554017605227,1.1120705877433343,0.1534697973947764,0.6331151859828117
Ireland,IE,2026-01,2026-01-01,ireland__standard_employee,Irlande · salarié standard,Ireland · standard employee,3.86,9230.611,387.7,1038.44,387.7,1038.44,0.04200155330995966,0.11249959509722597,8842.911,2625.58,407.67,5809.661,10269.051,1426.14,4459.39,1.161274946677627,1.767581791777524,23.913500000000568,22.873499999999694,11.383499999999913,26.603499999999258,3.730000000000018,15.220000000000255,0.9565099211741966,0.4760281849164548,1.1124887615781307,0.155978840403953,0.6364605766617139
Ireland,IE,2026-01,2026-01-01,ireland__standard_employee,Irlande · salarié standard,Ireland · standard employee,3.87,9254.5245,388.7,1041.13,388.7,1041.13,0.04200107741894249,0.11249956710363673,8865.8245,2635.14,409.58,5821.1045,10295.6545,1429.83,4474.55,1.1612743405872745,1.7686771470946796,23.91349999999875,22.913500000000568,11.443500000000313,26.603500000001077,3.689999999999827,15.159999999999854,0.9581826165137586,0.4785372279256868,1.1124887615782912,0.15430614506450416,0.6339515336525664
Ireland,IE,2026-01,2026-01-01,ireland__standard_employee,Irlande · salarié standard,Ireland · standard employee,3.88,9278.438,389.7,1043.81,389.7,1043.81,0.042000603980971794,0.11249846148672868,8888.738,2644.71,411.49,5832.538,10322.248,1433.51,4489.71,1.161272612602599,1.769769524004816,23.913500000000568,22.91349999999875,11.433499999999185,26.59349999999904,3.6800000000000637,15.159999999999854,0.9581826165136097,0.4781190540907401,1.1120705877432584,0.15388797122963918,0.6339515336525182
Ireland,IE,2026-01,2026-01-01,ireland__standard_employee,Irlande · salarié standard,Ireland · standard employee,3.89,9302.3515,390.69,1046.5,390.69,1046.5,0.0419990579801247,0.11249843655123115,8911.6615,2654.27,413.41,5843.9815,10348.8515,1437.19,4504.87,1.1612707125377237,1.770856307467777,23.913500000000568,22.923500000000786,11.443500000000313,26.603500000001077,3.6800000000000637,15.159999999999854,0.958600790348558,0.4785372279256504,1.1124887615782066,0.15388797122963918,0.6339515336525182
Ireland,IE,2026-01,2026-01-01,ireland__standard_employee,Irlande · salarié standard,Ireland · standard employee,3.9,9326.265,391.69,1049.19,391.69,1049.19,0.0419985921480893,0.11249841174360799,8934.575,2663.84,415.32,5855.415,10375.455,1440.88,4520.04,1.1612701219699875,1.7719418691928757,23.91349999999875,22.913500000000568,11.433500000000095,26.603499999999258,3.6900000000000546,15.170000000000073,0.9581826165137586,0.4781190540908145,1.1124887615782153,0.15430614506451368,0.6343697074874387
Ireland,IE,2026-01,2026-01-01,ireland__standard_employee,Irlande · salarié standard,Ireland · standard employee,3.91,9350.1785,392.69,1051.87,392.69,1051.87,0.041998128698826444,0.1124973175645791,8957.4885,2673.41,417.23,5866.8485,10402.0485,1444.56,4535.2,1.1612684180392754,1.7730214952712688,23.913500000000568,22.91349999999875,11.433500000000095,26.59350000000086,3.6799999999998363,15.159999999999854,0.9581826165136097,0.47811905409077815,1.1120705877433343,0.15388797122962966,0.6339515336525182
Ireland,IE,2026-01,2026-01-01,ireland__standard_employee,Irlande · salarié standard,Ireland · standard employee,3.92,9374.092,393.73,1054.6,393.73,1054.6,0.04200193469404824,0.11250156281803081,8980.362,2682.97,419.15,5878.242,10428.692,1448.33,4550.45,1.1612774629797775,1.7741174997558793,23.913500000000568,22.873499999999694,11.393500000000131,26.643499999998312,3.769999999999982,15.25,0.9565099211741966,0.4764463587513271,1.1141614569175435,0.15765153574340404,0.6377150981662926
Ireland,IE,2026-01,2026-01-01,ireland__standard_employee,Irlande · salarié standard,Ireland · standard employee,3.93,9398.0055,394.72,1057.29,394.72,1057.29,0.04200040104254036,0.11250153024490143,9003.2855,2692.54,421.06,5889.6855,10455.2955,1452.01,4565.61,1.1612755699016766,1.775187401772132,23.91349999999875,22.923500000000786,11.443499999999403,26.603500000001077,3.6800000000000637,15.159999999999854,0.9586007903486309,0.4785372279256488,1.1124887615782912,0.15388797122965087,0.6339515336525664
Ireland,IE,2026-01,2026-01-01,ireland__standard_employee,Irlande · salarié standard,Ireland · standard employee,3.94,9421.919,395.72,1059.98,395.72,1059.98,0.041999936530976334,0.1125014978371179,9026.199,2702.1,422.97,5901.129,10481.899,1455.7,4580.77,1.161274972998047,1.7762531542692932,23.913500000000568,22.913500000000568,11.443500000000313,26.603499999999258,3.6900000000000546,15.160000000000764,0.9581826165136857,0.4785372279256504,1.1124887615781307,0.15430614506450194,0.6339515336525563
Ireland,IE,2026-01,2026-01-01,ireland__standard_employee,Irlande · salarié standard,Ireland · standard employee,3.95,9445.8325,396.72,1062.66,396.72,1062.66,0.0419994743713696,0.11250040692548804,9049.1125,2711.67,424.89,5912.5525,10508.4925,1459.38,4595.94,1.1612732740365421,1.777319102029115,23.913500000000568,22.91349999999875,11.423499999999876,26.59350000000086,3.6800000000000637,15.169999999999163,0.9581826165136097,0.4777008802559059,1.1120705877433343,0.15388797122963918,0.6343697074873524
Ireland,IE,2026-01,2026-01-01,ireland__standard_employee,Irlande · salarié standard,Ireland · standard employee,3.96,9469.746,397.71,1065.35,397.71,1065.35,0.041997958551369806,0.11250037751804537,9072.036,2721.23,426.8,5924.006,10535.096,1463.06,4611.09,1.1612714058894829,1.7783736208234764,23.91349999999875,22.923500000000786,11.453500000000531,26.603499999999258,3.6799999999998363,15.150000000000546,0.9586007903486309,0.4789554017605591,1.1124887615782153,0.15388797122964137,0.6335333598177322
Ireland,IE,2026-01,2026-01-01,ireland__standard_employee,Irlande · salarié standard,Ireland · standard employee,3.97,9493.6595,398.75,1068.04,398.75,1068.04,0.04200171704072597,0.112500348258751,9094.9095,2730.8,428.71,5935.3995,10561.6995,1466.79,4626.3,1.1612759313327965,1.779442057775555,23.913500000000568,22.873499999999694,11.393500000000131,26.603500000001077,3.730000000000018,15.210000000000036,0.9565099211741966,0.4764463587513271,1.1124887615782066,0.155978840403953,0.6360424028268415
Ireland,IE,2026-01,2026-01-01,ireland__standard_employee,Irlande · salarié standard,Ireland · standard employee,3.98,9517.573,399.75,1070.72,399.75,1070.72,0.04200125389109177,0.11249926845846099,9117.823,2740.36,430.62,5946.843,10588.293,1470.47,4641.45,1.1612742427660636,1.780489748930651,23.913500000000568,22.913500000000568,11.443499999999403,26.59349999999904,3.6800000000000637,15.149999999999636,0.9581826165136857,0.4785372279256124,1.1120705877432584,0.15388797122963918,0.6335333598176459
Ireland,IE,2026-01,2026-01-01,ireland__standard_employee,Irlande · salarié standard,Ireland · standard employee,3.99,9541.4865,400.75,1073.41,400.75,1073.41,0.04200079306300962,0.11249924212542772,9140.7365,2749.93,432.54,5958.2665,10614.8965,1474.16,4656.63,1.161273656668694,1.7815410740691104,23.913500000000568,22.913500000000568,11.423499999999876,26.603500000001077,3.6900000000000546,15.180000000000291,0.9581826165136857,0.4777008802559059,1.1124887615782066,0.15430614506450194,0.6347878813222628
Ireland,IE,2026-01,2026-01-01,ireland__standard_employee,Irlande · salarié standard,Ireland · standard employee,4.0,9565.4,401.74,1076.1,401.74,1076.1,0.04199928910448073,0.11249921592405962,9163.66,2759.49,434.45,5969.72,10641.5,1477.84,4671.78,1.161271806243357,1.7825794174601153,23.91349999999875,22.923499999998967,11.453500000000531,26.603499999999258,3.6799999999998363,15.149999999999636,0.9586007903485548,0.4789554017605591,1.1124887615782153,0.15388797122964137,0.6335333598176941
Ireland,IE,2026-01,2026-01-01,ireland__standard_employee,Irlande · salarié standard,Ireland · standard employee,4.01,9589.3135,402.74,1078.78,402.74,1078.78,0.041998835474510256,0.11249814702585333,9186.5735,2769.06,436.36,5981.1535,10668.0935,1481.52,4686.94,1.1612701406024784,1.7836180763459757,23.913500000000568,22.913500000000568,11.433500000000095,26.59350000000086,3.6800000000000637,15.159999999999854,0.9581826165136857,0.47811905409077815,1.1120705877433343,0.15388797122963918,0.6339515336525182
Ireland,IE,2026-01,2026-01-01,ireland__standard_employee,Irlande · salarié standard,Ireland · standard employee,4.02,9613.227,403.74,1081.47,403.74,1081.47,0.04199838410140529,0.11249812367896858,9209.487,2778.63,438.28,5992.577,10694.697,1485.21,4702.12,1.1612695690867472,1.7846574186697977,23.913500000000568,22.91349999999875,11.423499999999876,26.603499999999258,3.6900000000000546,15.180000000000291,0.9581826165136097,0.4777008802559059,1.1124887615781307,0.15430614506450194,0.6347878813222628
Ireland,IE,2026-01,2026-01-01,ireland__standard_employee,Irlande · salarié standard,Ireland · standard employee,4.03,9637.1405,404.78,1084.2,404.78,1084.2,0.042002085577148116,0.11250225105673203,9232.3605,2788.19,440.19,6003.9805,10721.3405,1488.98,4717.36,1.1612783642926423,1.7857054165982056,23.91349999999875,22.873500000001513,11.40349999999944,26.64350000000013,3.769999999999982,15.239999999999782,0.9565099211743455,0.4768645325861976,1.1141614569177045,0.15765153574341603,0.6372969243314688
Ireland,IE,2026-01,2026-01-01,ireland__standard_employee,Irlande · salarié standard,Ireland · standard employee,4.04,9661.054,405.77,1086.89,405.77,1086.89,0.0420005933100053,0.11250221766693366,9255.284,2797.75,442.1,6015.434,10747.944,1492.66,4732.51,1.1612765205260043,1.7867279401619236,23.913500000000568,22.923499999998967,11.453500000000531,26.603499999999258,3.6800000000000637,15.150000000000546,0.9586007903484819,0.4789554017605227,1.1124887615781307,0.15388797122963918,0.633533359817684
Ireland,IE,2026-01,2026-01-01,ireland__standard_employee,Irlande · salarié standard,Ireland · standard employee,4.05,9684.9675,406.77,1089.57,406.77,1089.57,0.04200014094007027,0.11250115191403585,9278.1975,2807.32,444.02,6026.8575,10774.5375,1496.34,4747.68,1.1612748596912277,1.7877538169767582,23.913500000000568,22.913500000000568,11.423499999999876,26.59350000000086,3.6799999999998363,15.170000000000073,0.9581826165136857,0.4777008802559059,1.1120705877433343,0.15388797122962966,0.6343697074873905
Ireland,IE,2026-01,2026-01-01,ireland__standard_employee,Irlande · salarié standard,Ireland · standard employee,4.06,9708.881,407.77,1092.26,407.77,1092.26,0.04199969079855856,0.11250112139596727,9301.111,2816.89,445.93,6038.291,10801.141,1500.03,4762.85,1.1612742821798385,1.7887745058991031,23.91349999999875,22.913500000000568,11.433500000000095,26.603499999999258,3.6900000000000546,15.170000000000073,0.9581826165137586,0.4781190540908145,1.1124887615782153,0.15430614506451368,0.6343697074874387
Ireland,IE,2026-01,2026-01-01,ireland__standard_employee,Irlande · salarié standard,Ireland · standard employee,4.07,9732.7945,408.76,1094.95,408.76,1094.95,0.041998215414904734,0.11250109102786461,9324.0345,2826.45,447.84,6049.7445,10827.7445,1503.71,4778.0,1.1612724620441934,1.7897854198635994,23.913500000000568,22.923499999998967,11.453499999999622,26.603500000001077,3.6800000000000637,15.149999999999636,0.9586007903484819,0.4789554017604847,1.1124887615782066,0.15388797122963918,0.6335333598176459
Ireland,IE,2026-01,2026-01-01,ireland__standard_employee,Irlande · salarié standard,Ireland · standard employee,4.08,9756.708,409.8,1097.63,409.8,1097.63,0.04200187194287253,0.11250003587275545,9346.908,2836.02,449.76,6061.128,10854.338,1507.43,4793.21,1.1612757930216064,1.7908115453097178,23.913500000000568,22.873499999999694,11.383499999999913,26.59349999999904,3.7200000000000273,15.210000000000036,0.9565099211741966,0.4760281849164548,1.1120705877432584,0.15556066656909023,0.6360424028268415
Ireland,IE,2026-01,2026-01-01,ireland__standard_employee,Irlande · salarié standard,Ireland · standard employee,4.09,9780.6215,410.8,1100.32,410.8,1100.32,0.04200142087085162,0.11250000830724305,9369.8215,2845.58,451.67,6072.5715,10880.9415,1511.12,4808.37,1.1612752174627872,1.791817766163807,23.91349999999875,22.913500000000568,11.443500000000313,26.603500000001077,3.689999999999827,15.159999999999854,0.9581826165137586,0.4785372279256868,1.1124887615782912,0.15430614506450416,0.6339515336525664
Ireland,IE,2026-01,2026-01-01,ireland__standard_employee,Irlande · salarié standard,Ireland · standard employee,4.1,9804.535,411.8,1103.01,411.8,1103.01,0.04200097199918202,0.1124999808761966,9392.735,2855.15,453.58,6084.005,10907.545,1514.81,4823.54,1.1612746447121098,1.7928231485674322,23.913500000000568,22.913500000000568,11.433500000000095,26.603499999999258,3.6900000000000546,15.170000000000073,0.9581826165136857,0.47811905409077815,1.1124887615781307,0.15430614506450194,0.6343697074873905
Ireland,IE,2026-01,2026-01-01,ireland__standard_employee,Irlande · salarié standard,Ireland · standard employee,4.11,9828.4485,412.79,1105.69,412.79,1105.69,0.041999507857216734,0.11249893612404847,9415.6585,2864.71,455.49,6095.4585,10934.1385,1518.48,4838.68,1.1612717793450136,1.793817232944823,23.913500000000568,22.923499999998967,11.453499999999622,26.59349999999904,3.6700000000000728,15.140000000000327,0.9586007903484819,0.4789554017604847,1.1120705877432584,0.1534697973947764,0.6331151859828117
Ireland,IE,2026-01,2026-01-01,ireland__standard_employee,Irlande · salarié standard,Ireland · standard employee,4.12,9852.362,413.79,1108.38,413.79,1108.38,0.0419990658077728,0.11249891142854883,9438.572,2874.28,457.41,6106.882,10960.742,1522.17,4853.86,1.1612712177223419,1.7948180429882226,23.91349999999875,22.913500000000568,11.423499999999876,26.603500000001077,3.6900000000000546,15.179999999999382,0.9581826165137586,0.4777008802559422,1.1124887615782912,0.15430614506451368,0.634787881322273
Ireland,IE,2026-01,2026-01-01,ireland__standard_employee,Irlande · salarié standard,Ireland · standard employee,4.13,9876.2755,414.79,1111.07,414.79,1111.07,0.04199862589900414,0.11249888685263994,9461.4855,2883.85,459.32,6118.3155,10987.3455,1525.86,4869.03,1.1612706588199073,1.7958121806565879,23.913500000000568,22.913500000000568,11.433500000000095,26.603499999999258,3.689999999999827,15.170000000000073,0.9581826165136857,0.47811905409077815,1.1124887615781307,0.15430614506449242,0.6343697074873905
Ireland,IE,2026-01,2026-01-01,ireland__standard_employee,Irlande · salarié standard,Ireland · standard employee,4.14,9900.189,415.83,1113.75,415.83,1113.75,0.0420022284423055,0.11249785231372858,9484.359,2893.41,461.23,6129.719,11013.939,1529.58,4884.22,1.1612739458723569,1.7968097721934726,23.913500000000568,22.873499999999694,11.40350000000035,26.59350000000086,3.7200000000000273,15.19000000000051,0.9565099211741966,0.4768645325861994,1.1120705877433343,0.15556066656909023,0.635206055157135
Ireland,IE,2026-01,2026-01-01,ireland__standard_employee,Irlande · salarié standard,Ireland · standard employee,4.15,9924.1025,416.82,1116.48,416.82,1116.48,0.04200077538497814,0.11250186099952111,9507.2825,2902.97,463.15,6141.1625,11040.5825,1533.3,4899.42,1.1612763689308694,1.7978000907808573,23.913500000000568,22.923499999998967,11.443500000000313,26.64350000000013,3.7200000000000273,15.199999999999818,0.9586007903484819,0.4785372279256504,1.1141614569176197,0.15556066656909023,0.6356242289919692
Ireland,IE,2026-01,2026-01-01,ireland__standard_employee,Irlande · salarié standard,Ireland · standard employee,4.16,9948.016,417.82,1119.17,417.82,1119.17,0.042000334539067895,0.11250182951052753,9530.196,2912.54,465.06,6152.596,11067.186,1536.99,4914.59,1.161275801672914,1.7987831477964749,23.91349999999875,22.913500000000568,11.433499999999185,26.603499999999258,3.6900000000000546,15.170000000000073,0.9581826165137586,0.4781190540907765,1.1124887615782153,0.15430614506451368,0.6343697074874387
Ireland,IE,2026-01,2026-01-01,ireland__standard_employee,Irlande · salarié standard,Ireland · standard employee,4.17,9971.9295,418.82,1121.86,418.82,1121.86,0.04199989580752651,0.11250179817256027,9553.1095,2922.11,466.97,6164.0295,11093.7895,1540.68,4929.76,1.1612752371361388,1.7997625579176741,23.913500000000568,22.913500000000568,11.433500000000095,26.603500000001077,3.6900000000000546,15.170000000000073,0.9581826165136857,0.47811905409077815,1.1124887615782066,0.15430614506450194,0.6343697074873905
Ireland,IE,2026-01,2026-01-01,ireland__standard_employee,Irlande · salarié standard,Ireland · standard employee,4.18,9995.843,419.81,1124.54,419.81,1124.54,0.041998458759306245,0.1125007665686626,9576.033,2931.67,468.89,6175.473,11120.383,1544.35,4944.91,1.161272418338575,1.800733806139222,23.913500000000568,22.923499999998967,11.443500000000313,26.59349999999904,3.6699999999998454,15.149999999999636,0.9586007903484819,0.4785372279256504,1.1120705877432584,0.1534697973947669,0.6335333598176459
Ireland,IE,2026-01,2026-01-01,ireland__standard_employee,Irlande · salarié standard,Ireland · standard employee,4.19,10019.7565,420.81,1127.23,420.81,1127.23,0.041998026598750175,0.112500737917134,9598.9465,2941.24,470.8,6186.9065,11146.9865,1548.04,4960.08,1.1612718645738882,1.8017059898997985,23.91349999999875,22.913500000000568,11.433500000000095,26.603500000001077,3.6900000000000546,15.170000000000073,0.9581826165137586,0.4781190540908145,1.1124887615782912,0.15430614506451368,0.6343697074874387
Ireland,IE,2026-01,2026-01-01,ireland__standard_employee,Irlande · salarié standard,Ireland · standard employee,4.2,10043.67,421.85,1129.92,421.85,1129.92,0.042001579104052604,0.1125007094020413,9621.82,2950.8,472.71,6198.31,11173.59,1551.77,4975.28,1.1612761411042818,1.802683312064095,23.913500000000568,22.873499999999694,11.40350000000035,26.603499999999258,3.730000000000018,15.199999999999818,0.9565099211741966,0.4768645325861994,1.1124887615781307,0.155978840403953,0.6356242289919692
Ireland,IE,2026-01,2026-01-01,ireland__standard_employee,Irlande · salarié standard,Ireland · standard employee,4.21,10067.5835,422.85,1132.6,422.85,1132.6,0.04200114158477057,0.11249968773539351,9644.7335,2960.37,474.63,6209.7335,11200.1835,1555.45,4990.45,1.16127454428886,1.803649625221437,23.913500000000568,22.913500000000568,11.423499999999876,26.59349999999904,3.6800000000000637,15.170000000000073,0.9581826165136857,0.4777008802559059,1.1120705877432584,0.15388797122963918,0.6343697074873905
Ireland,IE,2026-01,2026-01-01,ireland__standard_employee,Irlande · salarié standard,Ireland · standard employee,4.22,10091.497,423.84,1135.29,423.84,1135.29,0.04199971520578166,0.11249966184402573,9667.657,2969.93,476.54,6221.187,11226.787,1559.13,5005.6,1.1612727882257305,1.8046052947773474,23.91349999999875,22.923499999998967,11.453499999999622,26.603500000001077,3.6800000000000637,15.150000000000546,0.9586007903485548,0.4789554017605211,1.1124887615782912,0.15388797122965087,0.6335333598177322
Ireland,IE,2026-01,2026-01-01,ireland__standard_employee,Irlande · salarié standard,Ireland · standard employee,4.23,10115.4105,424.84,1137.98,424.84,1137.98,0.0419992841615276,0.11249963607507575,9690.5705,2979.5,478.45,6232.6205,11253.3905,1562.82,5020.77,1.1612722388222654,1.8055632458289415,23.913500000000568,22.913500000000568,11.433500000000095,26.603499999999258,3.689999999999827,15.170000000000073,0.9581826165136857,0.47811905409077815,1.1124887615781307,0.15430614506449242,0.6343697074873905
Ireland,IE,2026-01,2026-01-01,ireland__standard_employee,Irlande · salarié standard,Ireland · standard employee,4.24,10139.324,425.84,1140.66,425.84,1140.66,0.041998855150501155,0.11249862416863295,9713.484,2989.06,480.36,6244.064,11279.984,1566.5,5035.92,1.1612706625140887,1.8065131939711057,23.913500000000568,22.913500000000568,11.443500000000313,26.59350000000086,3.6800000000000637,15.149999999999636,0.9581826165136857,0.4785372279256504,1.1120705877433343,0.15388797122963918,0.6335333598176459
Ireland,IE,2026-01,2026-01-01,ireland__standard_employee,Irlande · salarié standard,Ireland · standard employee,4.25,10163.2375,426.88,1143.35,426.88,1143.35,0.04200236391209002,0.11249860096253778,9736.3575,2998.63,482.28,6255.4475,11306.5875,1570.23,5051.14,1.1612748915598055,1.807478601650801,23.91349999999875,22.873499999999694,11.383499999999913,26.603499999999258,3.730000000000018,15.220000000000255,0.9565099211742694,0.476028184916491,1.1124887615782153,0.15597884040396484,0.6364605766617623
Ireland,IE,2026-01,2026-01-01,ireland__standard_employee,Irlande · salarié standard,Ireland · standard employee,4.26,10187.151,427.87,1146.04,427.87,1146.04,0.0420009480570181,0.11249857786539141,9759.281,3008.19,484.19,6266.901,11333.191,1573.91,5066.29,1.1612731511675911,1.8084203021557228,23.913500000000568,22.923500000000786,11.453499999999622,26.603500000001077,3.6800000000000637,15.149999999999636,0.958600790348558,0.4789554017604847,1.1124887615782066,0.15388797122963918,0.6335333598176459
Ireland,IE,2026-01,2026-01-01,ireland__standard_employee,Irlande · salarié standard,Ireland · standard employee,4.27,10211.0645,428.87,1148.77,428.87,1148.77,0.042000518163409904,0.11250247219572457,9782.1945,3017.76,486.1,6278.3345,11359.8345,1577.64,5081.5,1.1612766951219382,1.8093707017362652,23.913500000000568,22.91349999999875,11.433500000000095,26.64350000000013,3.730000000000018,15.210000000000036,0.9581826165136097,0.47811905409077815,1.1141614569176197,0.155978840403953,0.6360424028268415
Ireland,IE,2026-01,2026-01-01,ireland__standard_employee,Irlande · salarié standard,Ireland · standard employee,4.28,10234.978,429.87,1151.45,429.87,1151.45,0.04200009027865033,0.11250146311990118,9805.108,3027.33,488.02,6289.758,11386.428,1581.32,5096.67,1.1612751231296994,1.8103125748240239,23.91349999999875,22.913500000000568,11.423499999999876,26.59349999999904,3.6799999999998363,15.170000000000073,0.9581826165137586,0.4777008802559422,1.112070587743343,0.15388797122964137,0.6343697074874387
Ireland,IE,2026-01,2026-01-01,ireland__standard_employee,Irlande · salarié standard,Ireland · standard employee,4.29,10258.8915,430.86,1154.14,430.86,1154.14,0.04199868962450768,0.11250143351257785,9828.0315,3036.89,489.93,6301.2115,11413.0315,1585.0,5111.82,1.1612733943720062,1.8112439964917857,23.913500000000568,22.923499999998967,11.453500000000531,26.603499999999258,3.6800000000000637,15.149999999999636,0.9586007903484819,0.4789554017605227,1.1124887615781307,0.15388797122963918,0.6335333598176459
Ireland,IE,2026-01,2026-01-01,ireland__standard_employee,Irlande · salarié standard,Ireland · standard employee,4.3,10282.805,431.86,1156.83,431.86,1156.83,0.041998267982325845,0.112501404042963,9850.945,3046.46,491.84,6312.645,11439.635,1588.69,5126.99,1.1612728525029834,1.8121777796787246,23.913500000000568,22.913500000000568,11.433500000000095,26.603500000001077,3.6900000000000546,15.170000000000073,0.9581826165136857,0.47811905409077815,1.1124887615782066,0.15430614506450194,0.6343697074873905
Ireland,IE,2026-01,2026-01-01,ireland__standard_employee,Irlande · salarié standard,Ireland · standard employee,4.31,10306.7185,432.9,1159.51,432.9,1159.51,0.04200172926038487,0.11250040446918193,9873.8185,3056.02,493.76,6324.0385,11466.2285,1592.41,5142.19,1.1612760048202222,1.8131180732059113,23.913500000000568,22.873499999999694,11.393499999999221,26.59349999999904,3.7200000000000273,15.199999999999818,0.9565099211741966,0.47644635875128905,1.1120705877432584,0.15556066656909023,0.6356242289919692
Ireland,IE,2026-01,2026-01-01,ireland__standard_employee,Irlande · salarié standard,Ireland · standard employee,4.32,10330.632,433.9,1162.2,433.9,1162.2,0.042001302534056,0.11250037751804537,9896.732,3065.59,495.67,6335.472,11492.832,1596.1,5157.36,1.1612754594142793,1.8140451098197579,23.91349999999875,22.913500000000568,11.433500000000095,26.603500000001077,3.689999999999827,15.170000000000073,0.9581826165137586,0.4781190540908145,1.1124887615782912,0.15430614506450416,0.6343697074874387
Ireland,IE,2026-01,2026-01-01,ireland__standard_employee,Irlande · salarié standard,Ireland · standard employee,4.33,10354.5455,434.89,1164.89,434.89,1164.89,0.04199991201931557,0.11250035069139443,9919.6555,3075.15,497.58,6346.9255,11519.4355,1599.78,5172.51,1.1612737458473228,1.8149630872459426,23.913500000000568,22.923500000000786,11.453500000000531,26.603499999999258,3.6800000000000637,15.150000000000546,0.958600790348558,0.4789554017605227,1.1124887615781307,0.15388797122963918,0.633533359817684
Ireland,IE,2026-01,2026-01-01,ireland__standard_employee,Irlande · salarié standard,Ireland · standard employee,4.34,10378.459,435.89,1167.57,435.89,1167.57,0.0419994914466589,0.11249936045418689,9942.569,3084.72,499.5,6358.349,11546.029,1603.46,5187.68,1.1612722023855202,1.8158847524726935,23.913500000000568,22.91349999999875,11.423499999999876,26.59350000000086,3.6800000000000637,15.170000000000073,0.9581826165136097,0.4777008802559059,1.1120705877433343,0.15388797122963918,0.6343697074873905
Ireland,IE,2026-01,2026-01-01,ireland__standard_employee,Irlande · salarié standard,Ireland · standard employee,4.35,10402.3725,436.89,1170.26,436.89,1170.26,0.041999072807669596,0.11249933608895471,9965.4825,3094.28,501.41,6369.7925,11572.6325,1607.15,5202.84,1.1612716694851453,1.8167989773607225,23.91349999999875,22.913500000000568,11.443499999999403,26.603499999999258,3.6900000000000546,15.159999999999854,0.9581826165137586,0.4785372279256488,1.1124887615782153,0.15430614506451368,0.6339515336525664
Ireland,IE,2026-01,2026-01-01,ireland__standard_employee,Irlande · salarié standard,Ireland · standard employee,4.36,10426.286,437.88,1172.95,437.88,1172.95,0.04199769697474249,0.11249931183548965,9988.406,3103.85,503.32,6381.236,11599.236,1610.83,5218.0,1.1612699764106504,1.8177099232813203,23.913500000000568,22.923500000000786,11.443500000000313,26.603500000001077,3.6799999999998363,15.159999999999854,0.958600790348558,0.4785372279256504,1.1124887615782066,0.15388797122962966,0.6339515336525182
Ireland,IE,2026-01,2026-01-01,ireland__standard_employee,Irlande · salarié standard,Ireland · standard employee,4.37,10450.1995,438.92,1175.63,438.92,1175.63,0.042001112036186485,0.11249833077349385,10011.2795,3113.41,505.23,6392.6395,11625.8295,1614.55,5233.19,1.1612730920158607,1.8186274229917074,23.913500000000568,22.873499999999694,11.40350000000035,26.59349999999904,3.7200000000000273,15.1899999999996,0.9565099211741966,0.4768645325861994,1.1120705877432584,0.15556066656909023,0.635206055157097
Ireland,IE,2026-01,2026-01-01,ireland__standard_employee,Irlande · salarié standard,Ireland · standard employee,4.38,10474.113,439.92,1178.32,439.92,1178.32,0.04200069256461144,0.11249830892601598,10034.193,3122.98,507.15,6404.063,11652.433,1618.24,5248.37,1.1612725607330854,1.8195375342185107,23.91349999999875,22.91349999999875,11.423499999999876,26.603500000001077,3.6900000000000546,15.180000000000291,0.9581826165136825,0.4777008802559422,1.1124887615782912,0.15430614506451368,0.634787881322311
Ireland,IE,2026-01,2026-01-01,ireland__standard_employee,Irlande · salarié standard,Ireland · standard employee,4.39,10498.0265,440.92,1181.01,440.92,1181.01,0.04200027500406863,0.11249828717807106,10057.1065,3132.55,509.06,6415.4965,11679.0365,1621.93,5263.54,1.1612720318711949,1.8204415667594867,23.913500000000568,22.913500000000568,11.433500000000095,26.603499999999258,3.6900000000000546,15.170000000000073,0.9581826165136857,0.47811905409077815,1.1124887615781307,0.15430614506450194,0.6343697074873905
Ireland,IE,2026-01,2026-01-01,ireland__standard_employee,Irlande · salarié standard,Ireland · standard employee,4.4,10521.94,441.91,1183.74,441.91,1183.74,0.04199890894644904,0.11250206710929733,10080.03,3142.11,510.97,6426.95,11705.68,1625.65,5278.73,1.1612743216042016,1.8213429387189881,23.913500000000568,22.923500000000786,11.453499999999622,26.64350000000013,3.7200000000000273,15.1899999999996,0.958600790348558,0.4789554017604847,1.1141614569176197,0.15556066656909023,0.635206055157097
Ireland,IE,2026-01,2026-01-01,ireland__standard_employee,Irlande · salarié standard,Ireland · standard employee,4.41,10545.8535,442.91,1186.42,442.91,1186.42,0.041998497324090465,0.11250108869803664,10102.9435,3151.67,512.89,6438.3835,11732.2735,1629.33,5293.89,1.1612728013375508,1.8222389983448486,23.91349999999875,22.91349999999875,11.433500000000095,26.59349999999904,3.6799999999998363,15.160000000000764,0.9581826165136825,0.4781190540908145,1.112070587743343,0.15388797122964137,0.6339515336526045
Ireland,IE,2026-01,2026-01-01,ireland__standard_employee,Irlande · salarié standard,Ireland · standard employee,4.42,10569.767,443.95,1189.11,443.95,1189.11,0.04200187194287253,0.1125010608086252,10125.817,3161.24,514.8,6449.777,11758.877,1633.06,5309.1,1.1612768628941252,1.8231447381824213,23.913500000000568,22.873499999999694,11.393500000000131,26.603500000001077,3.730000000000018,15.210000000000036,0.9565099211741966,0.4764463587513271,1.1124887615782066,0.155978840403953,0.6360424028268415
Ireland,IE,2026-01,2026-01-01,ireland__standard_employee,Irlande · salarié standard,Ireland · standard employee,4.43,10593.6805,444.95,1191.8,444.95,1191.8,0.042001455490374665,0.11250103304512536,10148.7305,3170.81,516.71,6461.2105,11785.4805,1636.75,5324.27,1.1612763290935748,1.8240359913982065,23.913500000000568,22.913500000000568,11.433500000000095,26.603499999999258,3.6900000000000546,15.170000000000073,0.9581826165136857,0.47811905409077815,1.1124887615781307,0.15430614506450194,0.6343697074873905
Ireland,IE,2026-01,2026-01-01,ireland__standard_employee,Irlande · salarié standard,Ireland · standard employee,4.44,10617.594,445.94,1194.48,445.94,1194.48,0.04200009908082754,0.11250006357372488,10171.654,3180.37,518.63,6472.654,11812.074,1640.42,5339.42,1.1612736728952833,1.824919731535163,23.91349999999875,22.923500000000786,11.443500000000313,26.59350000000086,3.6700000000000728,15.149999999999636,0.9586007903486309,0.4785372279256868,1.112070587743419,0.15346979739478808,0.6335333598176941
Ireland,IE,2026-01,2026-01-01,ireland__standard_employee,Irlande · salarié standard,Ireland · standard employee,4.45,10641.5075,446.94,1197.17,446.94,1197.17,0.04199968848398594,0.11250003817598213,10194.5675,3189.94,520.54,6484.0875,11838.6775,1644.11,5354.59,1.1612731486647179,1.8258047103775206,23.913500000000568,22.91349999999875,11.433499999999185,26.603499999999258,3.689999999999827,15.170000000000073,0.9581826165136097,0.4781190540907401,1.1124887615781307,0.15430614506449242,0.6343697074873905
Ireland,IE,2026-01,2026-01-01,ireland__standard_employee,Irlande · salarié standard,Ireland · standard employee,4.46,10665.421,447.94,1199.86,447.94,1199.86,0.04199927972838578,0.11250001289213055,10217.481,3199.5,522.45,6495.531,11865.281,1647.8,5369.75,1.1612726267854083,1.8266837614969431,23.913500000000568,22.913500000000568,11.443500000000313,26.603500000001077,3.6900000000000546,15.159999999999854,0.9581826165136857,0.4785372279256504,1.1124887615782066,0.15430614506450194,0.6339515336525182
Ireland,IE,2026-01,2026-01-01,ireland__standard_employee,Irlande · salarié standard,Ireland · standard employee,4.47,10689.3345,448.93,1202.54,448.93,1202.54,0.04199793728973493,0.11249905220947104,10240.4045,3209.07,524.37,6506.9645,11891.8745,1651.47,5384.91,1.1612699967076496,1.8275609925334615,23.913500000000568,22.923500000000786,11.433500000000095,26.59349999999904,3.6700000000000728,15.159999999999854,0.958600790348558,0.47811905409077815,1.1120705877432584,0.1534697973947764,0.6339515336525182
Ireland,IE,2026-01,2026-01-01,ireland__standard_employee,Irlande · salarié standard,Ireland · standard employee,4.48,10713.248,449.97,1205.23,449.97,1205.23,0.04200126796280642,0.11249902923931192,10263.278,3218.63,526.28,6518.368,11918.478,1655.2,5400.11,1.1612740101164558,1.8284450954594764,23.91349999999875,22.873499999999694,11.40350000000035,26.603499999999258,3.730000000000018,15.199999999999818,0.9565099211742694,0.4768645325862356,1.1124887615782153,0.15597884040396484,0.6356242289920176
Ireland,IE,2026-01,2026-01-01,ireland__standard_employee,Irlande · salarié standard,Ireland · standard employee,4.49,10737.1615,450.97,1207.92,450.97,1207.92,0.042000858420542526,0.11249900637146978,10286.1915,3228.2,528.19,6529.8015,11945.0815,1658.89,5415.28,1.161273489804268,1.829317705905761,23.913500000000568,22.913500000000568,11.433499999999185,26.603500000001077,3.6900000000000546,15.170000000000073,0.9581826165136857,0.4781190540907401,1.1124887615782066,0.15430614506450194,0.6343697074873905
Ireland,IE,2026-01,2026-01-01,ireland__standard_employee,Irlande · salarié standard,Ireland · standard employee,4.5,10761.075,451.97,1210.6,451.97,1210.6,0.042000450698466474,0.1124980543300739,10309.105,3237.77,530.11,6541.225,11971.675,1662.57,5430.45,1.1612720017887102,1.8301885350221099,23.913500000000568,22.91349999999875,11.423500000000786,26.59349999999904,3.6799999999998363,15.170000000000073,0.9581826165136097,0.4777008802559439,1.1120705877432584,0.15388797122962966,0.6343697074873905
Ireland,IE,2026-01,2026-01-01,ireland__standard_employee,Irlande · salarié standard,Ireland · standard employee,4.51,10784.9885,452.96,1213.29,452.96,1213.29,0.04199911756975912,0.11249803372530254,10332.0285,3247.33,532.02,6552.6785,11998.2785,1666.25,5445.6,1.1612703642851934,1.831049470838528,23.91349999999875,22.923500000000786,11.453499999999622,26.603500000001077,3.6800000000000637,15.150000000000546,0.9586007903486309,0.4789554017605211,1.1124887615782912,0.15388797122965087,0.6335333598177322
Ireland,IE,2026-01,2026-01-01,ireland__standard_employee,Irlande · salarié standard,Ireland · standard employee,4.52,10808.902,453.96,1216.02,453.96,1216.02,0.041998715503202826,0.11250171386510861,10354.942,3256.89,533.93,6564.122,12024.922,1669.98,5460.8,1.1612737183849025,1.8319162867478698,23.913500000000568,22.91349999999875,11.443500000000313,26.64350000000013,3.730000000000018,15.199999999999818,0.9581826165136097,0.4785372279256504,1.1141614569176197,0.155978840403953,0.6356242289919692
Ireland,IE,2026-01,2026-01-01,ireland__standard_employee,Irlande · salarié standard,Ireland · standard employee,4.53,10832.8155,454.96,1218.71,454.96,1218.71,0.041998315211774814,0.11250168527286374,10377.8555,3266.46,535.84,6575.5555,12051.5255,1673.67,5475.97,1.1612732033125723,1.8327767897328213,23.913500000000568,22.913500000000568,11.433500000000095,26.603499999999258,3.6900000000000546,15.170000000000073,0.9581826165136857,0.47811905409077815,1.1124887615781307,0.15430614506450194,0.6343697074873905
Ireland,IE,2026-01,2026-01-01,ireland__standard_employee,Irlande · salarié standard,Ireland · standard employee,4.54,10856.729,456.0,1221.39,456.0,1221.39,0.04200160103471313,0.11250073571883393,10400.729,3276.03,537.76,6586.939,12078.119,1677.39,5491.18,1.1612761951590123,1.8336467060041093,23.91349999999875,22.873499999999694,11.383499999999913,26.59350000000086,3.7200000000000273,15.210000000000036,0.9565099211742694,0.476028184916491,1.112070587743419,0.15556066656910206,0.63604240282689
Ireland,IE,2026-01,2026-01-01,ireland__standard_employee,Irlande · salarié standard,Ireland · standard employee,4.55,10880.6425,456.99,1224.08,456.99,1224.08,0.04200027709760706,0.11250070940204128,10423.6525,3285.59,539.67,6598.3925,12104.7225,1681.07,5506.33,1.1612745628271854,1.8344956745146639,23.913500000000568,22.923500000000786,11.453499999999622,26.603499999999258,3.6799999999998363,15.149999999999636,0.958600790348558,0.4789554017604847,1.1124887615781307,0.15388797122962966,0.6335333598176459
Ireland,IE,2026-01,2026-01-01,ireland__standard_employee,Irlande · salarié standard,Ireland · standard employee,4.56,10904.556,457.99,1226.77,457.99,1226.77,0.04199987601512616,0.1125006832006732,10446.566,3295.16,541.58,6609.826,12131.326,1684.76,5521.5,1.1612740492904559,1.8353472542242415,23.913500000000568,22.913500000000568,11.433500000000095,26.603499999999258,3.6900000000000546,15.170000000000073,0.9581826165136857,0.47811905409077815,1.1124887615781307,0.15430614506450194,0.6343697074873905
Ireland,IE,2026-01,2026-01-01,ireland__standard_employee,Irlande · salarié standard,Ireland · standard employee,4.57,10928.4695,458.99,1229.45,458.99,1229.45,0.04199947668792963,0.11249974207275776,10469.4795,3304.72,543.5,6621.2595,12157.9195,1688.44,5536.66,1.161272582844257,1.8361943826548406,23.91349999999875,22.91349999999875,11.433500000000095,26.59350000000086,3.6800000000000637,15.159999999999854,0.9581826165136825,0.4781190540908145,1.112070587743419,0.15388797122965087,0.6339515336525664
Ireland,IE,2026-01,2026-01-01,ireland__standard_employee,Irlande · salarié standard,Ireland · standard employee,4.58,10952.383,459.98,1232.14,459.98,1232.14,0.041998166061212434,0.1124997180978788,10492.403,3314.29,545.41,6632.703,12184.523,1692.12,5551.82,1.1612709691002145,1.8370373285220216,23.913500000000568,22.923500000000786,11.443500000000313,26.603499999999258,3.6799999999998363,15.159999999999854,0.958600790348558,0.4785372279256504,1.1124887615781307,0.15388797122962966,0.6339515336525182
Ireland,IE,2026-01,2026-01-01,ireland__standard_employee,Irlande · salarié standard,Ireland · standard employee,4.59,10976.2965,461.02,1234.83,461.02,1234.83,0.04200141641581931,0.11249969422746553,10515.2765,3323.85,547.32,6644.1065,12211.1265,1695.85,5567.02,1.1612748842125074,1.8378884354126477,23.913500000000568,22.873499999999694,11.40349999999944,26.603500000001077,3.730000000000018,15.200000000000728,0.9565099211741966,0.47686453258616135,1.1124887615782066,0.155978840403953,0.6356242289920073
Ireland,IE,2026-01,2026-01-01,ireland__standard_employee,Irlande · salarié standard,Ireland · standard employee,4.6,11000.21,462.02,1237.51,462.02,1237.51,0.04200101634423343,0.11249876138728261,10538.19,3333.42,549.24,6655.53,12237.72,1699.53,5582.19,1.161273425512351,1.8387295977931135,23.91349999999875,22.913500000000568,11.423499999999876,26.59349999999904,3.6800000000000637,15.169999999999163,0.9581826165137586,0.4777008802559422,1.112070587743343,0.15388797122965087,0.6343697074874007
Ireland,IE,2026-01,2026-01-01,ireland__standard_employee,Irlande · salarié standard,Ireland · standard employee,4.61,11024.1235,463.02,1240.2,463.02,1240.2,0.04200061800831603,0.11249873969572276,10561.1035,3342.98,551.15,6666.9735,12264.3235,1703.22,5597.35,1.1612729200125727,1.8395638590733863,23.913500000000568,22.91349999999875,11.443500000000313,26.603500000001077,3.6900000000000546,15.160000000000764,0.9581826165136097,0.4785372279256504,1.1124887615782066,0.15430614506450194,0.6339515336525563
Ireland,IE,2026-01,2026-01-01,ireland__standard_employee,Irlande · salarié standard,Ireland · standard employee,4.62,11048.037,464.01,1242.89,464.01,1242.89,0.04199931625862585,0.11249871809806575,10584.027,3352.55,553.06,6678.417,12290.927,1706.9,5612.51,1.1612713195081608,1.840395261332139,23.913500000000568,22.923500000000786,11.443500000000313,26.603499999999258,3.6800000000000637,15.159999999999854,0.958600790348558,0.4785372279256504,1.1124887615781307,0.15388797122963918,0.6339515336525182
Ireland,IE,2026-01,2026-01-01,ireland__standard_employee,Irlande · salarié standard,Ireland · standard employee,4.63,11071.9505,465.01,1245.62,465.01,1245.62,0.041998923315273134,0.11250230932661774,10606.9405,3362.11,554.97,6689.8605,12317.5705,1710.63,5627.71,1.1612745918580385,1.841229798438996,23.913500000000568,22.913500000000568,11.443499999999403,26.64350000000013,3.730000000000018,15.199999999999818,0.9581826165136857,0.4785372279256124,1.1141614569176197,0.155978840403953,0.6356242289919692
Ireland,IE,2026-01,2026-01-01,ireland__standard_employee,Irlande · salarié standard,Ireland · standard employee,4.64,11095.864,466.01,1248.3,466.01,1248.3,0.041998532065641754,0.11250137889217099,10629.854,3371.68,556.89,6701.284,12344.164,1714.31,5642.88,1.1612731463668269,1.842059521727478,23.91349999999875,22.91349999999875,11.423499999999876,26.59350000000086,3.6799999999998363,15.170000000000073,0.9581826165136825,0.4777008802559422,1.112070587743419,0.15388797122964137,0.6343697074874387
Ireland,IE,2026-01,2026-01-01,ireland__standard_employee,Irlande · salarié standard,Ireland · standard employee,4.65,11119.7775,467.05,1250.99,467.05,1250.99,0.042001739693082886,0.11250135175816242,10652.7275,3381.25,558.8,6712.6775,12370.7675,1718.04,5658.09,1.1612770062878262,1.8428961468802871,23.913500000000568,22.873500000001513,11.393500000000131,26.603499999999258,3.730000000000018,15.210000000000036,0.9565099211742727,0.4764463587513271,1.1124887615781307,0.155978840403953,0.6360424028268415
Ireland,IE,2026-01,2026-01-01,ireland__standard_employee,Irlande · salarié standard,Ireland · standard employee,4.66,11143.691,468.04,1253.68,468.04,1253.68,0.042000446710160934,0.11250132474060884,10675.651,3390.81,560.71,6724.131,12397.371,1721.72,5673.24,1.1612754107454433,1.8437134850585155,23.913500000000568,22.923499999998967,11.453500000000531,26.603499999999258,3.6800000000000637,15.149999999999636,0.9586007903484819,0.4789554017605227,1.1124887615781307,0.15388797122963918,0.6335333598176459
Ireland,IE,2026-01,2026-01-01,ireland__standard_employee,Irlande · salarié standard,Ireland · standard employee,4.67,11167.6045,469.04,1256.36,469.04,1256.36,0.042000054711822936,0.11250040239157824,10698.5645,3400.37,562.63,6735.5645,12423.9645,1725.4,5688.4,1.161273972783919,1.844532035882071,23.91349999999875,22.913500000000568,11.433500000000095,26.59350000000086,3.6800000000000637,15.159999999999854,0.9581826165137586,0.4781190540908145,1.112070587743419,0.15388797122965087,0.6339515336525664
Ireland,IE,2026-01,2026-01-01,ireland__standard_employee,Irlande · salarié standard,Ireland · standard employee,4.68,11191.518,470.04,1259.05,470.04,1259.05,0.041999664388691516,0.11250037751804538,10721.478,3409.94,564.54,6746.998,12450.568,1729.09,5703.57,1.1612734736759243,1.8453492946048011,23.913500000000568,22.91349999999875,11.433499999999185,26.603499999999258,3.689999999999827,15.170000000000073,0.9581826165136097,0.4781190540907401,1.1124887615781307,0.15430614506449242,0.6343697074873905
Ireland,IE,2026-01,2026-01-01,ireland__standard_employee,Irlande · salarié standard,Ireland · standard employee,4.69,11215.4315,471.03,1261.74,471.03,1261.74,0.04199838410140528,0.11250035275058297,10744.4015,3419.51,566.45,6758.4415,12477.1715,1732.77,5718.73,1.1612718958799149,1.8461610565098479,23.913500000000568,22.923500000000786,11.443500000000313,26.603500000001077,3.6800000000000637,15.159999999999854,0.958600790348558,0.4785372279256504,1.1124887615782066,0.15388797122963918,0.6339515336525182
Ireland,IE,2026-01,2026-01-01,ireland__standard_employee,Irlande · salarié standard,Ireland · standard employee,4.7,11239.345,472.07,1264.42,472.07,1264.42,0.04200155791996776,0.11249943835695053,10767.275,3429.07,568.37,6769.835,12503.765,1736.49,5733.93,1.1612747886535824,1.8469822381195404,23.91349999999875,22.873499999999694,11.393500000000131,26.59349999999904,3.7200000000000273,15.200000000000728,0.9565099211742694,0.4764463587513633,1.112070587743343,0.15556066656910206,0.6356242289920556
Ireland,IE,2026-01,2026-01-01,ireland__standard_employee,Irlande · salarié standard,Ireland · standard employee,4.71,11263.2585,473.07,1267.11,473.07,1267.11,0.0420011668914462,0.11249941568863042,10790.1885,3438.64,570.28,6781.2685,12530.3685,1740.18,5749.1,1.161274290991302,1.847791235518841,23.913500000000568,22.913500000000568,11.433500000000095,26.603500000001077,3.6900000000000546,15.170000000000073,0.9581826165136857,0.47811905409077815,1.1124887615782066,0.15430614506450194,0.6343697074873905
Ireland,IE,2026-01,2026-01-01,ireland__standard_employee,Irlande · salarié standard,Ireland · standard employee,4.72,11287.172,474.07,1269.8,474.07,1269.8,0.042000777519825165,0.11249939311636255,10813.102,3448.2,572.19,6792.712,12556.972,1743.87,5764.26,1.1612737954381638,1.8485947880610865,23.913500000000568,22.913500000000568,11.443500000000313,26.603499999999258,3.689999999999827,15.159999999999854,0.9581826165136857,0.4785372279256504,1.1124887615781307,0.15430614506449242,0.6339515336525182
Ireland,IE,2026-01,2026-01-01,ireland__standard_employee,Irlande · salarié standard,Ireland · standard employee,4.73,11311.0855,475.06,1272.48,475.06,1272.48,0.04199950570614995,0.11249848655109183,10836.0255,3457.77,574.11,6804.1455,12583.5655,1747.54,5779.42,1.1612713074549335,1.8493968860601229,23.91349999999875,22.923499999998967,11.433499999999185,26.59350000000086,3.6700000000000728,15.159999999999854,0.9586007903485548,0.4781190540907765,1.112070587743419,0.15346979739478808,0.6339515336525664
Ireland,IE,2026-01,2026-01-01,ireland__standard_employee,Irlande · salarié standard,Ireland · standard employee,4.74,11334.999,476.06,1275.17,476.06,1275.17,0.04199912148205748,0.11249846603427138,10858.939,3467.33,576.02,6815.589,12610.169,1751.23,5794.58,1.1612708202891644,1.850195045505238,23.913500000000568,22.913500000000568,11.443500000000313,26.603499999999258,3.6900000000000546,15.159999999999854,0.9581826165136857,0.4785372279256504,1.1124887615781307,0.15430614506450194,0.6339515336525182
Ireland,IE,2026-01,2026-01-01,ireland__standard_employee,Irlande · salarié standard,Ireland · standard employee,4.75,11358.9125,477.06,1277.9,477.06,1277.9,0.041998738875750646,0.11250196706771005,10881.8525,3476.9,577.93,6827.0225,12636.8125,1754.96,5809.79,1.1612740110197228,1.8509990995342402,23.913500000000568,22.913500000000568,11.433500000000095,26.64350000000013,3.730000000000018,15.210000000000036,0.9581826165136857,0.47811905409077815,1.1141614569176197,0.155978840403953,0.6360424028268415
Ireland,IE,2026-01,2026-01-01,ireland__standard_employee,Irlande · salarié standard,Ireland · standard employee,4.76,11382.826,478.1,1280.59,478.1,1280.59,0.04200187194287254,0.112501939325085,10904.726,3486.47,579.85,6838.406,12663.416,1758.69,5825.01,1.161277779927712,1.85180815529233,23.91349999999875,22.873499999999694,11.383499999999913,26.603499999999258,3.730000000000018,15.220000000000255,0.9565099211742694,0.476028184916491,1.1124887615782153,0.15597884040396484,0.6364605766617623
Ireland,IE,2026-01,2026-01-01,ireland__standard_employee,Irlande · salarié standard,Ireland · standard employee,4.77,11406.7395,479.09,1283.27,479.09,1283.27,0.042000608499913585,0.11250103502407505,10927.6495,3496.03,581.76,6849.8595,12690.0095,1762.36,5840.15,1.1612753044467614,1.8525941298504012,23.913500000000568,22.923499999998967,11.453499999999622,26.59350000000086,3.6699999999998454,15.139999999999418,0.9586007903484819,0.4789554017604847,1.1120705877433343,0.1534697973947669,0.6331151859827737
Ireland,IE,2026-01,2026-01-01,ireland__standard_employee,Irlande · salarié standard,Ireland · standard employee,4.78,11430.653,480.09,1285.96,480.09,1285.96,0.04200022518398555,0.11250100934740999,10950.563,3505.59,583.67,6861.303,12716.613,1766.05,5855.31,1.1612748129936334,1.8533816390268731,23.913500000000568,22.913500000000568,11.443500000000313,26.603499999999258,3.6900000000000546,15.160000000000764,0.9581826165136857,0.4785372279256504,1.1124887615781307,0.15430614506450194,0.6339515336525563
Ireland,IE,2026-01,2026-01-01,ireland__standard_employee,Irlande · salarié standard,Ireland · standard employee,4.79,11454.5665,481.09,1288.65,481.09,1288.65,0.04199984346854157,0.11250098377795442,10973.4765,3515.16,585.58,6872.7365,12743.2165,1769.74,5870.48,1.1612743235928924,1.854169223569098,23.913500000000568,22.913500000000568,11.433500000000095,26.603500000001077,3.6900000000000546,15.169999999999163,0.9581826165136857,0.47811905409077815,1.1124887615782066,0.15430614506450194,0.6343697074873524
Ireland,IE,2026-01,2026-01-01,ireland__standard_employee,Irlande · salarié standard,Ireland · standard employee,4.8,11478.48,482.08,1291.33,482.08,1291.33,0.04199859214808929,0.11250008711954892,10996.4,3524.73,587.5,6884.17,12769.81,1773.41,5885.64,1.1612718707940781,1.8549527394006828,23.91349999999875,22.923499999998967,11.433500000000095,26.59349999999904,3.6700000000000728,15.160000000000764,0.9586007903485548,0.4781190540908145,1.112070587743343,0.15346979739478808,0.6339515336526045
Ireland,IE,2026-01,2026-01-01,ireland__standard_employee,Irlande · salarié standard,Ireland · standard employee,4.81,11502.3935,483.08,1294.02,483.08,1294.02,0.041998215414904734,0.11250006357372491,11019.3135,3534.29,589.41,6895.6135,12796.4135,1777.1,5900.8,1.1612713895470894,1.8557324159772008,23.913500000000568,22.913500000000568,11.443500000000313,26.603500000001077,3.689999999999827,15.159999999999854,0.9581826165136857,0.4785372279256504,1.1124887615782066,0.15430614506449242,0.6339515336525182
Ireland,IE,2026-01,2026-01-01,ireland__standard_employee,Irlande · salarié standard,Ireland · standard employee,4.82,11526.307,484.12,1296.71,484.12,1296.71,0.042001310567209425,0.11250004012560137,11042.187,3543.86,591.32,6907.007,12823.017,1780.83,5916.01,1.161275116967318,1.8565229483624384,23.913500000000568,22.873499999999694,11.393499999999221,26.603499999999258,3.730000000000018,15.210000000000036,0.9565099211741966,0.47644635875128905,1.1124887615781307,0.155978840403953,0.6360424028268415
Ireland,IE,2026-01,2026-01-01,ireland__standard_employee,Irlande · salarié standard,Ireland · standard employee,4.83,11550.2205,485.12,1299.39,485.12,1299.39,0.042000929765799715,0.11249915099023436,11065.1005,3553.42,593.24,6918.4405,12849.6105,1784.51,5931.17,1.1612737272472131,1.8572986932531979,23.91349999999875,22.913500000000568,11.433500000000095,26.59350000000086,3.6800000000000637,15.159999999999854,0.9581826165137586,0.4781190540908145,1.112070587743419,0.15388797122965087,0.6339515336525664
Ireland,IE,2026-01,2026-01-01,ireland__standard_employee,Irlande · salarié standard,Ireland · standard employee,4.84,11574.134,486.11,1302.08,486.11,1302.08,0.04199968654242296,0.11249912952450697,11088.024,3562.99,595.15,6929.884,12876.214,1788.19,5946.33,1.1612721978235256,1.8580706401434715,23.913500000000568,22.923499999998967,11.443500000000313,26.603499999999258,3.6800000000000637,15.159999999999854,0.9586007903484819,0.4785372279256504,1.1124887615781307,0.15388797122963918,0.6339515336525182
Ireland,IE,2026-01,2026-01-01,ireland__standard_employee,Irlande · salarié standard,Ireland · standard employee,4.85,11598.0475,487.11,1304.77,487.11,1304.77,0.041999310659833054,0.11249910814729808,11110.9375,3572.55,597.06,6941.3275,12902.8175,1791.88,5961.49,1.161271719870623,1.858840041764346,23.913500000000568,22.913500000000568,11.443500000000313,26.603499999999258,3.6900000000000546,15.159999999999854,0.9581826165136857,0.4785372279256504,1.1124887615781307,0.15430614506450194,0.6339515336525182
Ireland,IE,2026-01,2026-01-01,ireland__standard_employee,Irlande · salarié standard,Ireland · standard employee,4.86,11621.961,488.11,1307.45,488.11,1307.45,0.041998936324085065,0.11249822641807178,11133.851,3582.12,598.98,6952.751,12929.411,1795.56,5976.66,1.1612703457231466,1.8596108216733207,23.91349999999875,22.913500000000568,11.423499999999876,26.59350000000086,3.6799999999998363,15.170000000000073,0.9581826165137586,0.4777008802559422,1.112070587743419,0.15388797122964137,0.6343697074874387
Ireland,IE,2026-01,2026-01-01,ireland__standard_employee,Irlande · salarié standard,Ireland · standard employee,4.87,11645.8745,489.15,1310.14,489.15,1310.14,0.04200199821833903,0.1124982069830823,11156.7245,3591.68,600.89,6964.1545,12956.0145,1799.29,5991.86,1.1612740370168682,1.8603858515775318,23.913500000000568,22.873499999999694,11.40349999999944,26.603499999999258,3.730000000000018,15.199999999999818,0.9565099211741966,0.47686453258616135,1.1124887615781307,0.155978840403953,0.6356242289919692
Ireland,IE,2026-01,2026-01-01,ireland__standard_employee,Irlande · salarié standard,Ireland · standard employee,4.88,11669.788,490.14,1312.87,490.14,1312.87,0.04200076299586591,0.11250161528212853,11179.648,3601.25,602.8,6975.598,12982.658,1803.01,6007.06,1.1612760974227454,1.8611534093564452,23.913500000000568,22.923499999998967,11.443500000000313,26.64350000000013,3.7200000000000273,15.200000000000728,0.9586007903484819,0.4785372279256504,1.1141614569176197,0.15556066656909023,0.6356242289920073
Ireland,IE,2026-01,2026-01-01,ireland__standard_employee,Irlande · salarié standard,Ireland · standard employee,4.89,11693.7015,491.14,1315.56,491.14,1315.56,0.04200038798664392,0.11250158899643539,11202.5615,3610.81,604.71,6987.0415,13009.2615,1806.7,6022.22,1.1612756154027808,1.8619127280122778,23.91349999999875,22.913500000000568,11.443500000000313,26.603500000001077,3.6900000000000546,15.159999999999854,0.9581826165137586,0.4785372279256868,1.1124887615782912,0.15430614506451368,0.6339515336525664
Ireland,IE,2026-01,2026-01-01,ireland__standard_employee,Irlande · salarié standard,Ireland · standard employee,4.9,11717.615,492.14,1318.24,492.14,1318.24,0.04200001450807182,0.1125007094020413,11225.475,3620.38,606.63,6998.465,13035.855,1810.38,6037.39,1.1612742445197195,1.8626734576796482,23.913500000000568,22.913500000000568,11.423499999999876,26.59349999999904,3.6800000000000637,15.170000000000073,0.9581826165136857,0.4777008802559059,1.1120705877432584,0.15388797122963918,0.6343697074873905
Ireland,IE,2026-01,2026-01-01,ireland__standard_employee,Irlande · salarié standard,Ireland · standard employee,4.91,11741.5285,493.13,1320.93,493.13,1320.93,0.041998790872925955,0.11250068506838781,11248.3985,3629.95,608.54,7009.9085,13062.4585,1814.06,6052.55,1.1612727358476853,1.8634278179237287,23.913500000000568,22.923499999998967,11.443499999999403,26.603500000001077,3.6799999999998363,15.159999999999854,0.9586007903484819,0.4785372279256124,1.1124887615782066,0.15388797122962966,0.6339515336525182
Ireland,IE,2026-01,2026-01-01,ireland__standard_employee,Irlande · salarié standard,Ireland · standard employee,4.92,11765.442,494.13,1323.62,494.13,1323.62,0.04199842215872553,0.11250066083365164,11271.312,3639.51,610.45,7021.352,13089.062,1817.75,6067.71,1.1612722636016106,1.8641797192335605,23.91349999999875,22.913500000000568,11.443500000000313,26.603499999999258,3.6900000000000546,15.159999999999854,0.9581826165137586,0.4785372279256868,1.1124887615782153,0.15430614506451368,0.6339515336525664
Ireland,IE,2026-01,2026-01-01,ireland__standard_employee,Irlande · salarié standard,Ireland · standard employee,4.93,11789.3555,495.17,1326.3,495.17,1326.3,0.042001447831478154,0.11249978847444204,11294.1855,3649.08,612.37,7032.7355,13115.6555,1821.47,6082.92,1.161275020673248,1.864943662391398,23.913500000000568,22.873499999999694,11.383499999999913,26.59350000000086,3.7200000000000273,15.210000000000036,0.9565099211741966,0.4760281849164548,1.1120705877433343,0.15556066656909023,0.6360424028268415
Ireland,IE,2026-01,2026-01-01,ireland__standard_employee,Irlande · salarié standard,Ireland · standard employee,4.94,11813.269,496.17,1328.99,496.17,1328.99,0.042001075231589156,0.11249976615278971,11317.099,3658.64,614.28,7044.179,13142.259,1825.16,6098.08,1.1612745457117588,1.865690664589869,23.913500000000568,22.913500000000568,11.443500000000313,26.603499999999258,3.6900000000000546,15.159999999999854,0.9581826165136857,0.4785372279256504,1.1124887615781307,0.15430614506450194,0.6339515336525182
Ireland,IE,2026-01,2026-01-01,ireland__standard_employee,Irlande · salarié standard,Ireland · standard employee,4.95,11837.1825,497.16,1331.68,497.16,1331.68,0.04199985934152827,0.11249974392132588,11340.0225,3668.21,616.19,7055.6225,13168.8625,1828.84,6113.24,1.1612730486204943,1.8664352436656013,23.913500000000568,22.923499999998967,11.443500000000313,26.603499999999258,3.6799999999998363,15.159999999999854,0.9586007903484819,0.4785372279256504,1.1124887615781307,0.15388797122962966,0.6339515336525182
Ireland,IE,2026-01,2026-01-01,ireland__standard_employee,Irlande · salarié standard,Ireland · standard employee,4.96,11861.096,498.16,1334.36,498.16,1334.36,0.0419994914466589,0.11249887868709603,11362.936,3677.77,618.11,7067.056,13195.456,1832.52,6128.4,1.1612716994973835,1.867178638459919,23.91349999999875,22.913500000000568,11.433499999999185,26.59350000000086,3.6800000000000637,15.159999999999854,0.9581826165137586,0.4781190540907765,1.112070587743419,0.15388797122965087,0.6339515336525664
Ireland,IE,2026-01,2026-01-01,ireland__standard_employee,Irlande · salarié standard,Ireland · standard employee,4.97,11885.0095,499.16,1337.05,499.16,1337.05,0.04199912503225177,0.1124988583307401,11385.8495,3687.34,620.02,7078.4895,13222.0595,1836.21,6143.57,1.16127123408754,1.8679210444544703,23.913500000000568,22.913500000000568,11.433500000000095,26.603499999999258,3.6900000000000546,15.170000000000073,0.9581826165136857,0.47811905409077815,1.1124887615781307,0.15430614506450194,0.6343697074873905
Ireland,IE,2026-01,2026-01-01,ireland__standard_employee,Irlande · salarié standard,Ireland · standard employee,4.98,11908.923,500.15,1339.74,500.15,1339.74,0.041997920382892726,0.11249883805613656,11408.773,3696.9,621.93,7089.943,13248.663,1839.89,6158.72,1.1612697526719131,1.868655784679792,23.913500000000568,22.923499999998967,11.453500000000531,26.603500000001077,3.6800000000000637,15.150000000000546,0.9586007903484819,0.4789554017605227,1.1124887615782066,0.15388797122963918,0.633533359817684
Ireland,IE,2026-01,2026-01-01,ireland__standard_employee,Irlande · salarié standard,Ireland · standard employee,4.99,11932.8365,501.19,1342.42,501.19,1342.42,0.04200091068037344,0.11249797983907683,11431.6465,3706.47,623.85,7101.3265,13275.2565,1843.61,6173.93,1.1612724816149624,1.8694051738080204,23.91349999999875,22.873500000001513,11.383499999999913,26.59349999999904,3.7199999999998,15.210000000000036,0.9565099211743455,0.476028184916491,1.112070587743343,0.15556066656909254,0.63604240282689
Ireland,IE,2026-01,2026-01-01,ireland__standard_employee,Irlande · salarié standard,Ireland · standard employee,5.0,11956.75,502.19,1345.15,502.19,1345.15,0.04200054362598532,0.11250130679323396,11454.56,3716.03,625.76,7112.77,13301.9,1847.34,6189.13,1.1612755094914164,1.8701434181057452,23.913500000000568,22.91349999999875,11.443500000000313,26.64350000000013,3.730000000000018,15.199999999999818,0.9581826165136097,0.4785372279256504,1.1141614569176197,0.155978840403953,0.6356242289919692
Ireland,IE,2026-01,2026-01-01,ireland__standard_employee,Irlande · salarié standard,Ireland · standard employee,5.01,11980.6635,503.19,1347.84,503.19,1347.84,0.04200017803688419,0.11250128175288455,11477.4735,3725.6,627.67,7124.2035,13328.5035,1851.03,6204.3,1.161275040190683,1.8708763021718853,23.913500000000568,22.913500000000568,11.433499999999185,26.603500000001077,3.6900000000000546,15.170000000000073,0.9581826165136857,0.4781190540907401,1.1124887615782066,0.15430614506450194,0.6343697074873905
Ireland,IE,2026-01,2026-01-01,ireland__standard_employee,Irlande · salarié standard,Ireland · standard employee,5.02,12004.577,504.18,1350.53,504.18,1350.53,0.04199898088870604,0.11250125681229751,11500.397,3735.17,629.59,7135.637,13355.107,1854.71,6219.47,1.1612735629909126,1.871606837623607,23.91349999999875,22.923500000000786,11.433500000000095,26.603499999999258,3.6800000000000637,15.170000000000073,0.9586007903486309,0.4781190540908145,1.1124887615782153,0.15388797122965087,0.6343697074874387
Ireland,IE,2026-01,2026-01-01,ireland__standard_employee,Irlande · salarié standard,Ireland · standard employee,5.03,12028.4905,505.18,1353.21,505.18,1353.21,0.04199861986007305,0.11250040061136517,11523.3105,3744.73,631.5,7147.0805,13381.7005,1858.39,6234.62,1.1612722316212862,1.872331016839673,23.913500000000568,22.91349999999875,11.443500000000313,26.59350000000086,3.6800000000000637,15.149999999999636,0.9581826165136097,0.4785372279256504,1.1120705877433343,0.15388797122963918,0.6335333598176459
Ireland,IE,2026-01,2026-01-01,ireland__standard_employee,Irlande · salarié standard,Ireland · standard employee,5.04,12052.404,506.22,1355.9,506.22,1355.9,0.042001579104052604,0.11250037751804537,11546.184,3754.29,633.41,7158.484,13408.304,1862.12,6249.82,1.161275794669477,1.8730647438759376,23.913500000000568,22.873499999999694,11.40350000000035,26.603499999999258,3.729999999999791,15.199999999999818,0.9565099211741966,0.4768645325861994,1.1124887615781307,0.15597884040394347,0.6356242289919692
Ireland,IE,2026-01,2026-01-01,ireland__standard_employee,Irlande · salarié standard,Ireland · standard employee,5.05,12076.3175,507.22,1358.59,507.22,1358.59,0.042001214360255106,0.11250035451618426,11569.0975,3763.86,635.32,7169.9175,13434.9075,1865.81,6264.99,1.1612753285206558,1.8737882967272637,23.91349999999875,22.913500000000568,11.433499999999185,26.603499999999258,3.6900000000000546,15.170000000000073,0.9581826165137586,0.4781190540907765,1.1124887615782153,0.15430614506451368,0.6343697074874387
Ireland,IE,2026-01,2026-01-01,ireland__standard_employee,Irlande · salarié standard,Ireland · standard employee,5.06,12100.231,508.21,1361.27,508.21,1361.27,0.042000024627629015,0.11249950517473593,11592.021,3773.43,637.24,7181.351,13461.501,1869.48,6280.15,1.1612729997642344,1.8745081531316323,23.913500000000568,22.923500000000786,11.433500000000095,26.59350000000086,3.6700000000000728,15.159999999999854,0.958600790348558,0.47811905409077815,1.1120705877433343,0.1534697973947764,0.6339515336525182
Ireland,IE,2026-01,2026-01-01,ireland__standard_employee,Irlande · salarié standard,Ireland · standard employee,5.07,12124.1445,509.21,1363.96,509.21,1363.96,0.0419996643886915,0.11249948398421018,11614.9345,3782.99,639.15,7192.7945,13488.1045,1873.17,6295.31,1.1612725409686986,1.8752245041895745,23.913500000000568,22.91349999999875,11.443500000000313,26.603499999999258,3.6900000000000546,15.160000000000764,0.9581826165136097,0.4785372279256504,1.1124887615781307,0.15430614506450194,0.6339515336525563
Ireland,IE,2026-01,2026-01-01,ireland__standard_employee,Irlande · salarié standard,Ireland · standard employee,5.08,12148.058,510.21,1366.65,510.21,1366.65,0.041999305568017536,0.11249946287711174,11637.848,3792.56,641.06,7204.228,13514.708,1876.86,6310.48,1.1612720839797872,1.875941183427287,23.913500000000568,22.913500000000568,11.433500000000095,26.603500000001077,3.689999999999827,15.169999999999163,0.9581826165136857,0.47811905409077815,1.1124887615782066,0.15430614506449242,0.6343697074873524
Ireland,IE,2026-01,2026-01-01,ireland__standard_employee,Irlande · salarié standard,Ireland · standard employee,5.09,12171.9715,511.2,1369.33,511.2,1369.33,0.04199812659765101,0.11249862029335182,11660.7715,3802.12,642.98,7215.6715,13541.3015,1880.53,6325.63,1.161269775331761,1.876651604774414,23.91349999999875,22.923500000000786,11.443500000000313,26.59349999999904,3.6700000000000728,15.150000000000546,0.9586007903486309,0.4785372279256868,1.112070587743343,0.15346979739478808,0.6335333598177322
Ireland,IE,2026-01,2026-01-01,ireland__standard_employee,Irlande · salarié standard,Ireland · standard employee,5.1,12195.885,512.24,1372.02,512.24,1372.02,0.04200105199417673,0.11249860096253779,11683.645,3811.69,644.89,7227.065,13567.905,1884.26,6340.84,1.161273301268568,1.8773741484267823,23.913500000000568,22.873499999999694,11.393499999999221,26.603500000001077,3.730000000000018,15.210000000000036,0.9565099211741966,0.47644635875128905,1.1124887615782066,0.155978840403953,0.6360424028268415
Ireland,IE,2026-01,2026-01-01,ireland__standard_employee,Irlande · salarié standard,Ireland · standard employee,5.11,12219.7985,513.24,1374.71,513.24,1374.71,0.04200069256461143,0.11249858170738249,11706.5585,3821.25,646.8,7238.5085,13594.5085,1887.95,6356.0,1.161272845473757,1.878081444540681,23.913500000000568,22.91349999999875,11.443500000000313,26.603499999999258,3.6900000000000546,15.159999999999854,0.9581826165136097,0.4785372279256504,1.1124887615781307,0.15430614506450194,0.6339515336525182
Ireland,IE,2026-01,2026-01-01,ireland__standard_employee,Irlande · salarié standard,Ireland · standard employee,5.12,12243.712,514.24,1377.44,514.24,1377.44,0.042000334539067895,0.11250182951052753,11729.472,3830.82,648.72,7249.932,13621.152,1891.68,6371.22,1.161275801672914,1.8787972080289856,23.91349999999875,22.913500000000568,11.423499999999876,26.64350000000013,3.730000000000018,15.220000000000255,0.9581826165137586,0.4777008802559422,1.1141614569177045,0.15597884040396484,0.6364605766617623
Ireland,IE,2026-01,2026-01-01,ireland__standard_employee,Irlande · salarié standard,Ireland · standard employee,5.13,12267.6255,515.23,1380.12,515.23,1380.12,0.041999162755661235,0.112500988883301,11752.3955,3840.39,650.63,7261.3755,13647.7455,1895.35,6386.37,1.1612735037720607,1.8794986569693302,23.913500000000568,22.923500000000786,11.443500000000313,26.59350000000086,3.6699999999998454,15.149999999999636,0.958600790348558,0.4785372279256504,1.1120705877433343,0.1534697973947669,0.6335333598176459
Ireland,IE,2026-01,2026-01-01,ireland__standard_employee,Irlande · salarié standard,Ireland · standard employee,5.14,12291.539,516.23,1382.81,516.23,1382.81,0.041998809099495195,0.11250096509476967,11775.309,3849.95,652.54,7272.819,13674.349,1899.04,6401.53,1.1612730502443713,1.880199273486663,23.913500000000568,22.91349999999875,11.443500000000313,26.603499999999258,3.6900000000000546,15.159999999999854,0.9581826165136097,0.4785372279256504,1.1124887615781307,0.15430614506450194,0.6339515336525182
Ireland,IE,2026-01,2026-01-01,ireland__standard_employee,Irlande · salarié standard,Ireland · standard employee,5.15,12315.4525,517.27,1385.5,517.27,1385.5,0.04200170476886659,0.11250094139862095,11798.1825,3859.51,654.45,7284.2225,13700.9525,1902.77,6416.73,1.1612765356019878,1.8809080172935408,23.91349999999875,22.873500000001513,11.40349999999944,26.603499999999258,3.730000000000018,15.199999999999818,0.9565099211743455,0.4768645325861976,1.1124887615782153,0.15597884040396484,0.6356242289920176
Ireland,IE,2026-01,2026-01-01,ireland__standard_employee,Irlande · salarié standard,Ireland · standard employee,5.16,12339.366,518.27,1388.18,518.27,1388.18,0.042001347557078704,0.11250010737990915,11821.096,3869.08,656.37,7295.646,13727.546,1906.45,6431.9,1.1612752320089441,1.8816080166170344,23.913500000000568,22.91349999999875,11.423499999999876,26.59350000000086,3.6800000000000637,15.170000000000073,0.9581826165136097,0.4777008802559059,1.1120705877433343,0.15388797122963918,0.6343697074873905
Ireland,IE,2026-01,2026-01-01,ireland__standard_employee,Irlande · salarié standard,Ireland · standard employee,5.17,12363.2795,519.26,1390.87,519.26,1390.87,0.04200018288027865,0.11250008543445128,11844.0195,3878.65,658.28,7307.0895,13754.1495,1910.13,6447.06,1.1612737972949134,1.8823020437891176,23.913500000000568,22.923500000000786,11.443500000000313,26.603499999999258,3.6800000000000637,15.160000000000764,0.958600790348558,0.4785372279256504,1.1124887615781307,0.15388797122963918,0.6339515336525563
Ireland,IE,2026-01,2026-01-01,ireland__standard_employee,Irlande · salarié standard,Ireland · standard employee,5.18,12387.193,520.26,1393.56,520.26,1393.56,0.041999829985695715,0.1125000635737249,11866.933,3888.21,660.19,7318.533,13780.753,1913.82,6462.22,1.1612733467021343,1.8829939005535672,23.91349999999875,22.913500000000568,11.443500000000313,26.603500000001077,3.689999999999827,15.159999999999854,0.9581826165137586,0.4785372279256868,1.1124887615782912,0.15430614506450416,0.6339515336525664
Ireland,IE,2026-01,2026-01-01,ireland__standard_employee,Irlande · salarié standard,Ireland · standard employee,5.19,12411.1065,521.26,1396.24,521.26,1396.24,0.04199947845101482,0.11249923606730794,11889.8465,3897.78,662.11,7329.9565,13807.3465,1917.5,6477.39,1.1612720567923227,1.8836873724966854,23.913500000000568,22.91349999999875,11.423499999999876,26.59349999999904,3.6800000000000637,15.170000000000073,0.9581826165136097,0.4777008802559059,1.1120705877432584,0.15388797122963918,0.6343697074873905
Ireland,IE,2026-01,2026-01-01,ireland__standard_employee,Irlande · salarié standard,Ireland · standard employee,5.2,12435.02,522.25,1398.93,522.25,1398.93,0.041998324087938736,0.11249921592405963,11912.77,3907.34,664.02,7341.41,13833.95,1921.18,6492.54,1.1612706364682606,1.8843723480911707,23.913500000000568,22.923500000000786,11.453499999999622,26.603500000001077,3.6800000000000637,15.149999999999636,0.958600790348558,0.4789554017604847,1.1124887615782066,0.15388797122963918,0.6335333598176459
Ireland,IE,2026-01,2026-01-01,ireland__standard_employee,Irlande · salarié standard,Ireland · standard employee,5.21,12458.9335,523.29,1401.62,523.29,1401.62,0.04200118734079446,0.11249919585813666,11935.6435,3916.91,665.93,7352.8035,13860.5535,1924.91,6507.75,1.1612740863113078,1.8850705720613914,23.91349999999875,22.873499999999694,11.393500000000131,26.603499999999258,3.730000000000018,15.210000000000036,0.9565099211742694,0.4764463587513633,1.1124887615782153,0.15597884040396484,0.63604240282689
Ireland,IE,2026-01,2026-01-01,ireland__standard_employee,Irlande · salarié standard,Ireland · standard employee,5.22,12482.847,524.29,1404.3,524.29,1404.3,0.042000835226130705,0.1124983747697941,11958.557,3926.47,667.85,7364.237,13887.147,1928.59,6522.91,1.1612728023958072,1.8857550347714227,23.913500000000568,22.913500000000568,11.433500000000095,26.59350000000086,3.6799999999998363,15.159999999999854,0.9581826165136857,0.47811905409077815,1.1120705877433343,0.15388797122962966,0.6339515336525182
Ireland,IE,2026-01,2026-01-01,ireland__standard_employee,Irlande · salarié standard,Ireland · standard employee,5.23,12506.7605,525.29,1407.03,525.29,1407.03,0.04200048445798574,0.11250155465917812,11981.4705,3936.04,669.76,7375.6705,13913.7905,1932.32,6538.12,1.1612756965015272,1.8864441544670416,23.913500000000568,22.91349999999875,11.433500000000095,26.643499999998312,3.730000000000018,15.210000000000036,0.9581826165136097,0.47811905409077815,1.1141614569175435,0.155978840403953,0.6360424028268415
Ireland,IE,2026-01,2026-01-01,ireland__standard_employee,Irlande · salarié standard,Ireland · standard employee,5.24,12530.674,526.28,1409.72,526.28,1409.72,0.041999336986980905,0.11250153024490142,12004.394,3945.6,671.67,7387.124,13940.394,1936.0,6553.27,1.1612742800677818,1.8871206169004338,23.913500000000568,22.923500000000786,11.453499999999622,26.603500000001077,3.6800000000000637,15.150000000000546,0.958600790348558,0.4789554017604847,1.1124887615782066,0.15388797122963918,0.633533359817684
Ireland,IE,2026-01,2026-01-01,ireland__standard_employee,Irlande · salarié standard,Ireland · standard employee,5.25,12554.5875,527.28,1412.41,527.28,1412.41,0.0419989904088844,0.1125015059236315,12027.3075,3955.17,673.59,7398.5475,13966.9975,1939.69,6568.45,1.1612738345635547,1.8878026396397403,23.91349999999875,22.913500000000568,11.423499999999876,26.603499999999258,3.6900000000000546,15.179999999999382,0.9581826165137586,0.4777008802559422,1.1124887615782153,0.15430614506451368,0.634787881322273
Ireland,IE,2026-01,2026-01-01,ireland__standard_employee,Irlande · salarié standard,Ireland · standard employee,5.26,12578.501,528.28,1415.09,528.28,1415.09,0.04199864514857534,0.11250068668754727,12050.221,3964.73,675.5,7409.991,13993.591,1943.37,6583.6,1.1612725608932817,1.8884761128589767,23.913500000000568,22.91349999999875,11.443500000000313,26.59350000000086,3.6799999999998363,15.150000000000546,0.9581826165136097,0.4785372279256504,1.1120705877433343,0.15388797122962966,0.633533359817684
Ireland,IE,2026-01,2026-01-01,ireland__standard_employee,Irlande · salarié standard,Ireland · standard employee,5.27,12602.4145,529.32,1417.78,529.32,1417.78,0.0420014751935036,0.11250066405925627,12073.0945,3974.3,677.41,7421.3845,14020.1945,1947.1,6598.81,1.161275967814217,1.8891615843378013,23.913500000000568,22.873499999999694,11.393500000000131,26.603499999999258,3.730000000000018,15.210000000000036,0.9565099211741966,0.4764463587513271,1.1124887615781307,0.155978840403953,0.6360424028268415
Ireland,IE,2026-01,2026-01-01,ireland__standard_employee,Irlande · salarié standard,Ireland · standard employee,5.28,12626.328,530.31,1420.47,530.31,1420.47,0.04200033453906789,0.11250064151667849,12096.018,3983.87,679.33,7432.818,14046.798,1950.78,6613.98,1.1612745615953943,1.889834784061711,23.91349999999875,22.923500000000786,11.433500000000095,26.603500000001077,3.6800000000000637,15.169999999999163,0.9586007903486309,0.4781190540908145,1.1124887615782912,0.15388797122965087,0.6343697074874007
Ireland,IE,2026-01,2026-01-01,ireland__standard_employee,Irlande · salarié standard,Ireland · standard employee,5.29,12650.2415,531.31,1423.15,531.31,1423.15,0.041999988695867976,0.1124998285605852,12118.9315,3993.43,681.24,7444.2615,14073.3915,1954.46,6629.13,1.1612732937718147,1.8905020330089155,23.913500000000568,22.913500000000568,11.443499999999403,26.59349999999904,3.6800000000000637,15.150000000000546,0.9581826165136857,0.4785372279256124,1.1120705877432584,0.15388797122963918,0.633533359817684
Ireland,IE,2026-01,2026-01-01,ireland__standard_employee,Irlande · salarié standard,Ireland · standard employee,5.3,12674.155,532.31,1425.84,532.31,1425.84,0.04199964415773675,0.11249980767948634,12141.845,4003.0,683.15,7455.695,14099.995,1958.15,6644.3,1.1612728543314463,1.8911711114792116,23.913500000000568,22.91349999999875,11.433500000000095,26.603500000001077,3.6900000000000546,15.170000000000073,0.9581826165136097,0.47811905409077815,1.1124887615782066,0.15430614506450194,0.6343697074873905
Ireland,IE,2026-01,2026-01-01,ireland__standard_employee,Irlande · salarié standard,Ireland · standard employee,5.31,12698.0685,533.3,1428.53,533.3,1428.53,0.041998513395954666,0.11249978687703567,12164.7685,4012.56,685.06,7467.1485,14126.5985,1961.83,6659.45,1.1612714619271218,1.8918330738969498,23.91349999999875,22.923500000000786,11.453500000000531,26.603499999999258,3.6799999999998363,15.149999999999636,0.9586007903486309,0.4789554017605591,1.1124887615782153,0.15388797122964137,0.6335333598176941
Ireland,IE,2026-01,2026-01-01,ireland__standard_employee,Irlande · salarié standard,Ireland · standard employee,5.32,12721.982,534.34,1431.21,534.34,1431.21,0.042001317090371616,0.11249898011174674,12187.642,4022.13,686.98,7478.532,14153.192,1965.55,6674.66,1.1612740183868215,1.892509385531813,23.913500000000568,22.873499999999694,11.383499999999913,26.59349999999904,3.7200000000000273,15.210000000000036,0.9565099211741966,0.4760281849164548,1.1120705877432584,0.15556066656909023,0.6360424028268415
Ireland,IE,2026-01,2026-01-01,ireland__standard_employee,Irlande · salarié standard,Ireland · standard employee,5.33,12745.8955,535.34,1433.9,535.34,1433.9,0.04200097199918201,0.11249896094001399,12210.5555,4031.69,688.89,7489.9755,14179.7955,1969.24,6689.82,1.1612735800594822,1.893169810769074,23.913500000000568,22.913500000000568,11.443499999999403,26.603500000001077,3.6900000000000546,15.159999999999854,0.9581826165136857,0.4785372279256124,1.1124887615782066,0.15430614506450194,0.6339515336525182
Ireland,IE,2026-01,2026-01-01,ireland__standard_employee,Irlande · salarié standard,Ireland · standard employee,5.34,12769.809,536.34,1436.59,536.34,1436.59,0.042000628200468786,0.11249894184008546,12233.469,4041.26,690.8,7501.409,14206.399,1972.93,6704.99,1.1612731433741321,1.8938307456639147,23.91349999999875,22.91349999999875,11.433500000000095,26.603499999999258,3.6900000000000546,15.170000000000073,0.9581826165136825,0.4781190540908145,1.1124887615782153,0.15430614506451368,0.6343697074874387
Ireland,IE,2026-01,2026-01-01,ireland__standard_employee,Irlande · salarié standard,Ireland · standard employee,5.35,12793.7225,537.33,1439.32,537.33,1439.32,0.0419995040536482,0.11250204934490335,12256.3925,4050.82,692.72,7512.8525,14233.0425,1976.65,6720.19,1.1612750244413272,1.8944924714015086,23.913500000000568,22.923500000000786,11.443500000000313,26.64350000000013,3.7200000000000273,15.199999999999818,0.958600790348558,0.4785372279256504,1.1141614569176197,0.15556066656909023,0.6356242289919692
Ireland,IE,2026-01,2026-01-01,ireland__standard_employee,Irlande · salarié standard,Ireland · standard employee,5.36,12817.636,538.33,1442.0,538.33,1442.0,0.041999164276470324,0.11250124437922875,12279.306,4060.39,694.63,7524.286,14259.636,1980.33,6735.35,1.1612737723125395,1.8951480579021052,23.913500000000568,22.913500000000568,11.433500000000095,26.59350000000086,3.6799999999998363,15.160000000000764,0.9581826165136857,0.47811905409077815,1.1120705877433343,0.15388797122962966,0.6339515336525563
Ireland,IE,2026-01,2026-01-01,ireland__standard_employee,Irlande · salarié standard,Ireland · standard employee,5.37,12841.5495,539.33,1444.69,539.33,1444.69,0.041998825764756824,0.1125012211337892,12302.2195,4069.95,696.54,7535.7295,14286.2395,1984.02,6750.51,1.1612733377095086,1.895800466298585,23.91349999999875,22.91349999999875,11.443500000000313,26.603499999999258,3.6900000000000546,15.159999999999854,0.9581826165136825,0.4785372279256868,1.1124887615782153,0.15430614506451368,0.6339515336525664
Ireland,IE,2026-01,2026-01-01,ireland__standard_employee,Irlande · salarié standard,Ireland · standard employee,5.38,12865.463,540.37,1447.38,540.37,1447.38,0.042001597610595125,0.11250119797476392,12325.093,4079.52,698.46,7547.113,14312.843,1987.75,6765.73,1.1612766735309827,1.8964659731476134,23.913500000000568,22.873500000001513,11.383499999999913,26.603500000001077,3.730000000000018,15.219999999999345,0.9565099211742727,0.4760281849164548,1.1124887615782066,0.155978840403953,0.6364605766616758
Ireland,IE,2026-01,2026-01-01,ireland__standard_employee,Irlande · salarié standard,Ireland · standard employee,5.39,12889.3765,541.36,1450.06,541.36,1450.06,0.04200048000770247,0.1125003990689542,12348.0165,4089.09,700.37,7558.5565,14339.4365,1991.42,6780.88,1.1612744848534986,1.8971130929563074,23.913500000000568,22.923499999998967,11.443499999999403,26.59349999999904,3.6700000000000728,15.150000000000546,0.9586007903484819,0.4785372279256124,1.1120705877432584,0.1534697973947764,0.633533359817684
Ireland,IE,2026-01,2026-01-01,ireland__standard_employee,Irlande · salarié standard,Ireland · standard employee,5.4,12913.29,542.36,1452.75,542.36,1452.75,0.04200014094007027,0.11250037751804536,12370.93,4098.65,702.28,7570.0,14366.04,1995.11,6796.04,1.1612740513445634,1.8977595772787317,23.913500000000568,22.913500000000568,11.443500000000313,26.603500000001077,3.689999999999827,15.159999999999854,0.9581826165136857,0.4785372279256504,1.1124887615782066,0.15430614506449242,0.6339515336525182
Ireland,IE,2026-01,2026-01-01,ireland__standard_employee,Irlande · salarié standard,Ireland · standard employee,5.41,12937.2035,543.36,1455.44,543.36,1455.44,0.04199980312592285,0.11250035604680719,12393.8435,4108.21,704.19,7581.4435,14392.6435,1998.8,6811.2,1.1612736194385544,1.8984041099824858,23.91349999999875,22.913500000000568,11.443500000000313,26.603499999999258,3.6900000000000546,15.159999999999854,0.9581826165137586,0.4785372279256868,1.1124887615782153,0.15430614506451368,0.6339515336525664
Ireland,IE,2026-01,2026-01-01,ireland__standard_employee,Irlande · salarié standard,Ireland · standard employee,5.42,12961.117,544.35,1458.12,544.35,1458.12,0.04199869501988139,0.11249956311635793,12416.767,4117.78,706.11,7592.877,14419.237,2002.47,6826.36,1.1612714485179598,1.8990478839575564,23.913500000000568,22.923499999998967,11.433500000000095,26.59349999999904,3.6700000000000728,15.159999999999854,0.9586007903484819,0.47811905409077815,1.1120705877432584,0.1534697973947764,0.6339515336525182
Ireland,IE,2026-01,2026-01-01,ireland__standard_employee,Irlande · salarié standard,Ireland · standard employee,5.43,12985.0305,545.39,1460.81,545.39,1460.81,0.042001441583059816,0.11249954322402246,12439.6405,4127.35,708.02,7604.2705,14445.8405,2006.2,6841.57,1.161274757096075,1.899701029835801,23.913500000000568,22.873499999999694,11.393499999999221,26.603500000001077,3.730000000000018,15.210000000000036,0.9565099211741966,0.47644635875128905,1.1124887615782066,0.155978840403953,0.6360424028268415
Ireland,IE,2026-01,2026-01-01,ireland__standard_employee,Irlande · salarié standard,Ireland · standard employee,5.44,13008.944,546.39,1463.5,546.39,1463.5,0.04200110324097021,0.11249952340482054,12462.554,4136.91,709.93,7615.714,14472.444,2009.89,6856.73,1.1612743262737317,1.9003397449011343,23.91349999999875,22.913500000000568,11.443500000000313,26.603499999999258,3.6900000000000546,15.159999999999854,0.9581826165137586,0.4785372279256868,1.1124887615782153,0.15430614506451368,0.6339515336525664
Ireland,IE,2026-01,2026-01-01,ireland__standard_employee,Irlande · salarié standard,Ireland · standard employee,5.45,13032.8575,547.39,1466.18,547.39,1466.18,0.04200076614050295,0.11249873636690956,12485.4675,4146.48,711.85,7627.1375,14499.0375,2013.57,6871.9,1.1612730961015276,1.90098021702113,23.913500000000568,22.913500000000568,11.423499999999876,26.59350000000086,3.6799999999998363,15.170000000000073,0.9581826165136857,0.4777008802559059,1.1120705877433343,0.15388797122962966,0.6343697074873905
Ireland,IE,2026-01,2026-01-01,ireland__standard_employee,Irlande · salarié standard,Ireland · standard employee,5.46,13056.771,548.38,1468.87,548.38,1468.87,0.04199966438869151,0.11249871809806575,12508.391,4156.04,713.76,7638.591,14525.641,2017.25,6887.05,1.1612717415053624,1.9016126141588157,23.913500000000568,22.923499999998967,11.453500000000531,26.603499999999258,3.6800000000000637,15.150000000000546,0.9586007903484819,0.4789554017605227,1.1124887615781307,0.15388797122963918,0.633533359817684
Ireland,IE,2026-01,2026-01-01,ireland__standard_employee,Irlande · salarié standard,Ireland · standard employee,5.47,13080.6845,549.38,1471.56,549.38,1471.56,0.04199933115121002,0.11249869989601843,12531.3045,4165.61,715.67,7650.0245,14552.2445,2020.94,6902.22,1.1612713185606494,1.9022480908394472,23.91349999999875,22.913500000000568,11.433500000000095,26.603500000001077,3.6900000000000546,15.170000000000073,0.9581826165137586,0.4781190540908145,1.1124887615782912,0.15430614506451368,0.6343697074874387
Ireland,IE,2026-01,2026-01-01,ireland__standard_employee,Irlande · salarié standard,Ireland · standard employee,5.48,13104.598,550.38,1474.29,550.38,1474.29,0.04199899912992371,0.11250173412416008,12554.218,4175.17,717.59,7661.458,14578.888,2024.67,6917.43,1.1612740833399577,1.9028868917639434,23.913500000000568,22.913500000000568,11.433499999999185,26.64350000000013,3.730000000000018,15.210000000000036,0.9581826165136857,0.4781190540907401,1.1141614569176197,0.155978840403953,0.6360424028268415
Ireland,IE,2026-01,2026-01-01,ireland__standard_employee,Irlande · salarié standard,Ireland · standard employee,5.49,13128.5115,551.42,1476.97,551.42,1476.97,0.04200171512208371,0.11250094879377605,12577.0915,4184.74,719.5,7672.8515,14605.4815,2028.39,6932.63,1.1612765558714429,1.9035271958541096,23.913500000000568,22.873499999999694,11.393500000000131,26.59349999999904,3.7200000000000273,15.199999999999818,0.9565099211741966,0.4764463587513271,1.1120705877432584,0.15556066656909023,0.6356242289919692
Ireland,IE,2026-01,2026-01-01,ireland__standard_employee,Irlande · salarié standard,Ireland · standard employee,5.5,13152.425,552.41,1479.66,552.41,1479.66,0.04200061965759166,0.11250092663520227,12600.015,4194.31,721.41,7684.295,14632.085,2032.07,6947.79,1.1612752048311052,1.904154512547996,23.91349999999875,22.923499999998967,11.443500000000313,26.603499999999258,3.6799999999998363,15.159999999999854,0.9586007903485548,0.4785372279256868,1.1124887615782153,0.15388797122964137,0.6339515336525664
Ireland,IE,2026-01,2026-01-01,ireland__standard_employee,Irlande · salarié standard,Ireland · standard employee,5.51,13176.3385,553.41,1482.35,553.41,1482.35,0.04200028710555667,0.11250090455705884,12622.9285,4203.87,723.33,7695.7285,14658.6885,2035.76,6962.96,1.161274778669625,1.9047824387255867,23.913500000000568,22.913500000000568,11.433500000000095,26.603500000001077,3.6900000000000546,15.170000000000073,0.9581826165136857,0.47811905409077815,1.1124887615782066,0.15430614506450194,0.6343697074873905
Ireland,IE,2026-01,2026-01-01,ireland__standard_employee,Irlande · salarié standard,Ireland · standard employee,5.52,13200.252,554.41,1485.03,554.41,1485.03,0.041999955758420374,0.11250012499761369,12645.842,4213.43,725.24,7707.172,14685.282,2039.44,6978.11,1.161273563278744,1.9054047321118566,23.913500000000568,22.913500000000568,11.443499999999403,26.59349999999904,3.6800000000000637,15.149999999999636,0.9581826165136857,0.4785372279256124,1.1120705877432584,0.15388797122963918,0.6335333598176459
Ireland,IE,2026-01,2026-01-01,ireland__standard_employee,Irlande · salarié standard,Ireland · standard employee,5.53,13224.1655,555.4,1487.72,555.4,1487.72,0.0419988694182631,0.11250010444893478,12668.7655,4223.0,727.15,7718.6155,14711.8855,2043.12,6993.27,1.1612722249851415,1.906026475862154,23.91349999999875,22.923499999998967,11.443500000000313,26.603500000001077,3.6799999999998363,15.160000000000764,0.9586007903485548,0.4785372279256868,1.1124887615782912,0.15388797122964137,0.6339515336526045
Ireland,IE,2026-01,2026-01-01,ireland__standard_employee,Irlande · salarié standard,Ireland · standard employee,5.54,13248.079,556.4,1490.41,556.4,1490.41,0.04199854182632818,0.11250008397443886,12691.679,4232.57,729.07,7730.039,14738.489,2046.81,7008.45,1.1612718065119674,1.9066513118497848,23.913500000000568,22.913500000000568,11.423499999999876,26.603499999999258,3.6900000000000546,15.179999999999382,0.9581826165136857,0.4777008802559059,1.1124887615781307,0.15430614506450194,0.6347878813222247
Ireland,IE,2026-01,2026-01-01,ireland__standard_employee,Irlande · salarié standard,Ireland · standard employee,5.55,13271.9925,557.44,1493.09,557.44,1493.09,0.04200122928038123,0.11249931010735578,12714.5525,4242.13,730.98,7741.4425,14765.0825,2050.53,7023.64,1.161274256408159,1.907277939479626,23.913500000000568,22.873499999999694,11.40350000000035,26.59350000000086,3.7200000000002547,15.19000000000051,0.9565099211741966,0.4768645325861994,1.1120705877433343,0.15556066656909973,0.635206055157135
Ireland,IE,2026-01,2026-01-01,ireland__standard_employee,Irlande · salarié standard,Ireland · standard employee,5.56,13295.906,558.44,1495.78,558.44,1495.78,0.04200089862247824,0.11249929113518102,12737.466,4251.7,732.89,7752.876,14791.686,2054.22,7038.81,1.16127383578492,1.9078966308760776,23.913500000000568,22.913500000000568,11.433500000000095,26.603499999999258,3.6899999999996,15.170000000000073,0.9581826165136857,0.47811905409077815,1.1124887615781307,0.15430614506448292,0.6343697074873905
Ireland,IE,2026-01,2026-01-01,ireland__standard_employee,Irlande · salarié standard,Ireland · standard employee,5.57,13319.8195,559.43,1498.47,559.43,1498.47,0.0419998183909324,0.11249927223112896,12760.3895,4261.26,734.8,7764.3295,14818.2895,2057.9,7053.96,1.1612725066111813,1.9085085840316283,23.91349999999875,22.923499999998967,11.453499999999622,26.603500000001077,3.680000000000291,15.149999999999636,0.9586007903485548,0.4789554017605211,1.1124887615782912,0.1538879712296604,0.6335333598176941
Ireland,IE,2026-01,2026-01-01,ireland__standard_employee,Irlande · salarié standard,Ireland · standard employee,5.58,13343.733,560.43,1501.15,560.43,1501.15,0.04199949144665889,0.1124985039793587,12783.303,4270.83,736.72,7775.753,14844.883,2061.58,7069.13,1.161271308362166,1.9091248140212274,23.913500000000568,22.913500000000568,11.423499999999876,26.59349999999904,3.6799999999998363,15.170000000000073,0.9581826165136857,0.4777008802559059,1.1120705877432584,0.15388797122962966,0.6343697074873905
Ireland,IE,2026-01,2026-01-01,ireland__standard_employee,Irlande · salarié standard,Ireland · standard employee,5.59,13367.6465,561.43,1503.84,561.43,1503.84,0.04199916567213234,0.11249848655109185,12806.2165,4280.39,738.63,7787.1965,14871.4865,2065.27,7084.29,1.1612708952718394,1.909735615378397,23.913500000000568,22.913500000000568,11.443500000000313,26.603500000001077,3.6900000000000546,15.159999999999854,0.9581826165136857,0.4785372279256504,1.1124887615782066,0.15430614506450194,0.6339515336525182
Ireland,IE,2026-01,2026-01-01,ireland__standard_employee,Irlande · salarié standard,Ireland · standard employee,5.6,13391.56,562.47,1506.57,562.47,1506.57,0.04200182801704955,0.11250145614103212,12829.09,4289.96,740.54,7798.59,14898.13,2069.04,7099.54,1.1612772223127283,1.9103620013361386,23.91349999999875,22.873499999999694,11.393500000000131,26.643499999998312,3.769999999999982,15.25,0.9565099211742694,0.4764463587513633,1.1141614569176284,0.15765153574341603,0.6377150981663411
Ireland,IE,2026-01,2026-01-01,ireland__standard_employee,Irlande · salarié standard,Ireland · standard employee,5.61,13415.4735,563.46,1509.26,563.46,1509.26,0.04200075383101461,0.11250143351257784,12852.0135,4299.52,742.46,7810.0335,14924.7335,2072.72,7114.7,1.1612758965744938,1.9109692039093045,23.913500000000568,22.923499999998967,11.443499999999403,26.603500000001077,3.6799999999998363,15.159999999999854,0.9586007903484819,0.4785372279256124,1.1124887615782066,0.15388797122962966,0.6339515336525182
Ireland,IE,2026-01,2026-01-01,ireland__standard_employee,Irlande · salarié standard,Ireland · standard employee,5.62,13439.387,564.46,1511.94,564.46,1511.94,0.042000427549262476,0.1125006668830952,12874.927,4309.09,744.37,7821.467,14951.327,2076.4,7129.86,1.161274700819663,1.9115757951801116,23.913500000000568,22.913500000000568,11.433500000000095,26.59349999999904,3.680000000000291,15.159999999999854,0.9581826165136857,0.47811905409077815,1.1120705877432584,0.15388797122964867,0.6339515336525182
Ireland,IE,2026-01,2026-01-01,ireland__standard_employee,Irlande · salarié standard,Ireland · standard employee,5.63,13463.3005,565.46,1514.63,565.46,1514.63,0.042000102426592946,0.11250064573690531,12897.8405,4318.65,746.28,7832.9105,14977.9305,2080.09,7145.02,1.161274284637029,1.9121794510482406,23.91349999999875,22.913500000000568,11.443500000000313,26.603500000001077,3.6900000000000546,15.160000000000764,0.9581826165137586,0.4785372279256868,1.1124887615782912,0.15430614506451368,0.6339515336526045
Ireland,IE,2026-01,2026-01-01,ireland__standard_employee,Irlande · salarié standard,Ireland · standard employee,5.64,13487.214,566.45,1517.32,566.45,1517.32,0.041999037013871074,0.11250062466570192,12920.764,4328.22,748.2,7844.344,15004.534,2083.77,7160.19,1.161272971164863,1.9127837840869806,23.913500000000568,22.923499999998967,11.433500000000095,26.603499999999258,3.6799999999998363,15.169999999999163,0.9586007903484819,0.47811905409077815,1.1124887615781307,0.15388797122962966,0.6343697074873524
Ireland,IE,2026-01,2026-01-01,ireland__standard_employee,Irlande · salarié standard,Ireland · standard employee,5.65,13511.1275,567.45,1520.0,567.45,1520.0,0.041998715503202826,0.11249986353840566,12943.6775,4337.79,750.11,7855.7775,15031.1275,2087.45,7175.35,1.1612717869399944,1.9133850850536434,23.913500000000568,22.913500000000568,11.433500000000095,26.59350000000086,3.6799999999998363,15.160000000000764,0.9581826165136857,0.47811905409077815,1.1120705877433343,0.15388797122962966,0.6339515336525563
Ireland,IE,2026-01,2026-01-01,ireland__standard_employee,Irlande · salarié standard,Ireland · standard employee,5.66,13535.041,568.49,1522.69,568.49,1522.69,0.04200135042073386,0.11249984392363496,12966.551,4347.35,752.02,7867.181,15057.731,2091.18,7190.55,1.161274960473298,1.9139932079864441,23.91349999999875,22.873499999999694,11.40349999999944,26.603499999999258,3.730000000000018,15.199999999999818,0.9565099211742694,0.4768645325861976,1.1124887615782153,0.15597884040396484,0.6356242289920176
Ireland,IE,2026-01,2026-01-01,ireland__standard_employee,Irlande · salarié standard,Ireland · standard employee,5.67,13558.9545,569.49,1525.38,569.49,1525.38,0.0420010259640594,0.11249982437805217,12989.4645,4356.91,753.93,7878.6245,15084.3345,2094.87,7205.71,1.1612745467682675,1.9145898500429868,23.913500000000568,22.913500000000568,11.443500000000313,26.603500000001077,3.6900000000000546,15.159999999999854,0.9581826165136857,0.4785372279256504,1.1124887615782066,0.15430614506450194,0.6339515336525182
Ireland,IE,2026-01,2026-01-01,ireland__standard_employee,Irlande · salarié standard,Ireland · standard employee,5.68,13582.868,570.48,1528.06,570.48,1528.06,0.04199996642829777,0.11249906867975158,13012.388,4366.48,755.85,7890.058,15110.928,2098.54,7220.87,1.1612724735844027,1.9151859213202236,23.913500000000568,22.923500000000786,11.433500000000095,26.59349999999904,3.6700000000000728,15.159999999999854,0.958600790348558,0.47811905409077815,1.1120705877432584,0.1534697973947764,0.6339515336525182
Ireland,IE,2026-01,2026-01-01,ireland__standard_employee,Irlande · salarié standard,Ireland · standard employee,5.69,13606.7815,571.48,1530.75,571.48,1530.75,0.0419996455443927,0.11249905056533757,13035.3015,4376.05,757.76,7901.4915,15137.5315,2102.23,7236.04,1.1612720657055764,1.915781533144723,23.91349999999875,22.91349999999875,11.433500000000095,26.603499999999258,3.6900000000000546,15.170000000000073,0.9581826165136825,0.4781190540908145,1.1124887615782153,0.15430614506451368,0.6343697074874387
Ireland,IE,2026-01,2026-01-01,ireland__standard_employee,Irlande · salarié standard,Ireland · standard employee,5.7,13630.695,572.48,1533.44,572.48,1533.44,0.04199932578639607,0.11249903251448294,13058.215,4385.61,759.67,7912.935,15164.135,2105.92,7251.2,1.1612716592581758,1.9163730019265925,23.913500000000568,22.913500000000568,11.443500000000313,26.603500000001077,3.6900000000000546,15.159999999999854,0.9581826165136857,0.4785372279256504,1.1124887615782066,0.15430614506450194,0.6339515336525182
Ireland,IE,2026-01,2026-01-01,ireland__standard_employee,Irlande · salarié standard,Ireland · standard employee,5.71,13654.6085,573.47,1536.12,573.47,1536.12,0.04199827479491631,0.11249828217337757,13081.1385,4395.18,761.59,7924.3685,15190.7285,2109.59,7266.36,1.161269602030435,1.9169639195855166,23.913500000000568,22.923499999998967,11.433499999999185,26.59349999999904,3.6700000000000728,15.159999999999854,0.9586007903484819,0.4781190540907401,1.1120705877432584,0.1534697973947764,0.6339515336525182
Ireland,IE,2026-01,2026-01-01,ireland__standard_employee,Irlande · salarié standard,Ireland · standard employee,5.72,13678.522,574.51,1538.85,574.51,1538.85,0.0420008828439213,0.11250118982153189,13104.012,4404.74,763.5,7935.772,15217.372,2113.36,7281.6,1.1612757985874862,1.9175666841234855,23.913500000000568,22.873500000001513,11.40350000000035,26.64350000000013,3.769999999999982,15.240000000000691,0.9565099211742727,0.4768645325861994,1.1141614569176197,0.15765153574340404,0.6372969243314583
Ireland,IE,2026-01,2026-01-01,ireland__standard_employee,Irlande · salarié standard,Ireland · standard employee,5.73,13702.4355,575.51,1541.54,575.51,1541.54,0.0420005626007143,0.11250116813175293,13126.9255,4414.31,765.41,7947.2055,15243.9755,2117.05,7296.77,1.1612753877516866,1.9181554447031728,23.91349999999875,22.91349999999875,11.433500000000095,26.603500000001077,3.6900000000000546,15.170000000000073,0.9581826165136825,0.4781190540908145,1.1124887615782912,0.15430614506451368,0.6343697074874387
Ireland,IE,2026-01,2026-01-01,ireland__standard_employee,Irlande · salarié standard,Ireland · standard employee,5.74,13726.349,576.51,1544.23,576.51,1544.23,0.0420002434733373,0.11250114651754811,13149.839,4423.87,767.33,7958.639,15270.579,2120.74,7311.94,1.1612749783476437,1.918742513638324,23.913500000000568,22.913500000000568,11.433500000000095,26.603499999999258,3.6899999999996,15.169999999999163,0.9581826165136857,0.47811905409077815,1.1124887615781307,0.15430614506448292,0.6343697074873524
Ireland,IE,2026-01,2026-01-01,ireland__standard_employee,Irlande · salarié standard,Ireland · standard employee,5.75,13750.2625,577.5,1546.91,577.5,1546.91,0.04199919819712533,0.11250039771967991,13172.7625,4433.44,769.24,7970.0825,15297.1725,2124.41,7327.09,1.1612729296531383,1.9193242353513909,23.913500000000568,22.923500000000786,11.443500000000313,26.59350000000086,3.6700000000000728,15.150000000000546,0.958600790348558,0.4785372279256504,1.1120705877433343,0.1534697973947764,0.633533359817684
Ireland,IE,2026-01,2026-01-01,ireland__standard_employee,Irlande · salarié standard,Ireland · standard employee,5.76,13774.176,578.5,1549.6,578.5,1549.6,0.04199888254658573,0.11250037751804536,13195.676,4443.01,771.15,7981.516,15323.776,2128.1,7342.26,1.1612725259395578,1.919907947312265,23.91349999999875,22.91349999999875,11.433499999999185,26.603499999999258,3.6900000000000546,15.170000000000073,0.9581826165136825,0.4781190540907765,1.1124887615782153,0.15430614506451368,0.6343697074874387
Ireland,IE,2026-01,2026-01-01,ireland__standard_employee,Irlande · salarié standard,Ireland · standard employee,5.77,13798.0895,579.54,1552.29,579.54,1552.29,0.042001466942216896,0.11250035738643384,13218.5495,4452.57,773.07,7992.9095,15350.3795,2131.83,7357.47,1.1612756376938334,1.920499600301993,23.913500000000568,22.873499999999694,11.393500000000131,26.603499999999258,3.730000000000018,15.210000000000036,0.9565099211741966,0.4764463587513271,1.1124887615781307,0.155978840403953,0.6360424028268415
Ireland,IE,2026-01,2026-01-01,ireland__standard_employee,Irlande · salarié standard,Ireland · standard employee,5.78,13822.003,580.54,1554.97,580.54,1554.97,0.04200114845872917,0.11249961384033848,13241.463,4462.13,774.98,8004.353,15376.973,2135.51,7372.62,1.1612744754865834,1.9210763193477352,23.913500000000568,22.913500000000568,11.443500000000313,26.59350000000086,3.680000000000291,15.149999999999636,0.9581826165136857,0.4785372279256504,1.1120705877433343,0.15388797122964867,0.6335333598176459
Ireland,IE,2026-01,2026-01-01,ireland__standard_employee,Irlande · salarié standard,Ireland · standard employee,5.79,13845.9165,581.53,1557.66,581.53,1557.66,0.0420001088407546,0.11249959509722597,13264.3865,4471.7,776.89,8015.7965,15403.5765,2139.19,7387.78,1.1612731957109363,1.9216526392604902,23.91349999999875,22.923500000000786,11.443500000000313,26.603499999999258,3.6799999999998363,15.159999999999854,0.9586007903486309,0.4785372279256868,1.1124887615782153,0.15388797122964137,0.6339515336525664
Ireland,IE,2026-01,2026-01-01,ireland__standard_employee,Irlande · salarié standard,Ireland · standard employee,5.8,13869.83,582.53,1560.35,582.53,1560.35,0.041999793797040046,0.11249957641874485,13287.3,4481.27,778.81,8027.22,15430.18,2142.88,7402.96,1.1612727943223982,1.9222321052618467,23.913500000000568,22.91349999999875,11.423499999999876,26.603500000001077,3.6900000000000546,15.180000000000291,0.9581826165136097,0.4777008802559059,1.1124887615782066,0.15430614506450194,0.6347878813222628
Ireland,IE,2026-01,2026-01-01,ireland__standard_employee,Irlande · salarié standard,Ireland · standard employee,5.81,13893.7435,583.53,1563.03,583.53,1563.03,0.04199947983781333,0.11249883805613657,13310.2135,4490.83,780.72,8038.6635,15456.7735,2146.56,7418.11,1.1612716430130894,1.9228038964437315,23.913500000000568,22.913500000000568,11.443499999999403,26.59349999999904,3.6799999999998363,15.149999999999636,0.9581826165136857,0.4785372279256124,1.1120705877432584,0.15388797122962966,0.6335333598176459
Ireland,IE,2026-01,2026-01-01,ireland__standard_employee,Irlande · salarié standard,Ireland · standard employee,5.82,13917.657,584.52,1565.72,584.52,1565.72,0.04199844844574054,0.11249882074260058,13333.137,4500.4,782.63,8050.107,15483.377,2150.24,7433.27,1.1612703747062676,1.9233753042040311,23.91349999999875,22.923500000000786,11.443500000000313,26.603500000001077,3.6799999999998363,15.160000000000764,0.9586007903486309,0.4785372279256868,1.1124887615782912,0.15388797122964137,0.6339515336526045
Ireland,IE,2026-01,2026-01-01,ireland__standard_employee,Irlande · salarié standard,Ireland · standard employee,5.83,13941.5705,585.56,1568.45,585.56,1568.45,0.042001006988416405,0.11250167260567955,13356.0105,4509.96,784.54,8061.5105,15510.0205,2154.01,7448.51,1.1612764530246513,1.9239595978942157,23.913500000000568,22.873499999999694,11.40350000000035,26.64350000000013,3.7700000000004366,15.239999999999782,0.9565099211741966,0.4768645325861994,1.1141614569176197,0.15765153574342305,0.6372969243314204
Ireland,IE,2026-01,2026-01-01,ireland__standard_employee,Irlande · salarié standard,Ireland · standard employee,5.84,13965.484,586.56,1571.14,586.56,1571.14,0.04200069256461144,0.11250165049775578,13378.924,4519.53,786.46,8072.934,15536.624,2157.7,7463.69,1.1612760488063165,1.9245325181650188,23.913500000000568,22.913500000000568,11.423499999999876,26.603499999999258,3.6899999999996,15.179999999999382,0.9581826165136857,0.4777008802559059,1.1124887615781307,0.15430614506448292,0.6347878813222247
Ireland,IE,2026-01,2026-01-01,ireland__standard_employee,Irlande · salarié standard,Ireland · standard employee,5.85,13989.3975,587.56,1573.82,587.56,1573.82,0.04200037921575965,0.11250091363834647,13401.8375,4529.09,788.37,8084.3775,15563.2175,2161.38,7478.84,1.1612748998038516,1.925097819838324,23.91349999999875,22.91349999999875,11.443499999999403,26.59350000000086,3.680000000000291,15.150000000000546,0.9581826165136825,0.4785372279256488,1.112070587743419,0.1538879712296604,0.6335333598177322
Ireland,IE,2026-01,2026-01-01,ireland__standard_employee,Irlande · salarié standard,Ireland · standard employee,5.86,14013.311,588.55,1576.51,588.55,1576.51,0.041999353329131135,0.11250089290104244,13424.761,4538.66,790.28,8095.821,15589.821,2165.06,7494.0,1.1612736345920796,1.9256627586010113,23.913500000000568,22.923500000000786,11.443500000000313,26.603499999999258,3.6799999999998363,15.159999999999854,0.958600790348558,0.4785372279256504,1.1124887615781307,0.15388797122962966,0.6339515336525182
Ireland,IE,2026-01,2026-01-01,ireland__standard_employee,Irlande · salarié standard,Ireland · standard employee,5.87,14037.2245,589.55,1579.2,589.55,1579.2,0.04199904332939891,0.11250087223439363,13447.6745,4548.22,792.2,8107.2545,15616.4245,2168.75,7509.17,1.1612732372426176,1.9262284784571646,23.913500000000568,22.91349999999875,11.433500000000095,26.603499999999258,3.6900000000000546,15.170000000000073,0.9581826165136097,0.47811905409077815,1.1124887615781307,0.15430614506450194,0.6343697074873905
Ireland,IE,2026-01,2026-01-01,ireland__standard_employee,Irlande · salarié standard,Ireland · standard employee,5.88,14061.138,590.55,1581.88,590.55,1581.88,0.04199873438408755,0.11250014045804829,13470.588,4557.79,794.11,8118.688,15643.018,2172.43,7524.33,1.161272098886849,1.926791373187392,23.913500000000568,22.913500000000568,11.433500000000095,26.59350000000086,3.6799999999998363,15.159999999999854,0.9581826165136857,0.47811905409077815,1.1120705877433343,0.15388797122962966,0.6339515336525182
Ireland,IE,2026-01,2026-01-01,ireland__standard_employee,Irlande · salarié standard,Ireland · standard employee,5.89,14085.0515,591.59,1584.57,591.59,1584.57,0.04200126637804626,0.11250012113906718,13493.4615,4567.35,796.02,8130.0915,15669.6215,2176.16,7539.53,1.1612751479670358,1.9273610266255923,23.91349999999875,22.873499999999694,11.40350000000035,26.603499999999258,3.730000000000018,15.199999999999818,0.9565099211742694,0.4768645325862356,1.1124887615782153,0.15597884040396484,0.6356242289920176
Ireland,IE,2026-01,2026-01-01,ireland__standard_employee,Irlande · salarié standard,Ireland · standard employee,5.9,14108.965,592.58,1587.26,592.58,1587.26,0.04200024594291644,0.11250010188557417,13516.385,4576.92,797.94,8141.525,15696.225,2179.84,7554.7,1.1612738909109204,1.9279219802186938,23.913500000000568,22.923500000000786,11.433499999999185,26.603500000001077,3.680000000000291,15.170000000000073,0.958600790348558,0.4781190540907401,1.1124887615782066,0.15388797122964867,0.6343697074873905
Ireland,IE,2026-01,2026-01-01,ireland__standard_employee,Irlande · salarié standard,Ireland · standard employee,5.91,14132.8785,593.58,1589.94,593.58,1589.94,0.04199993653097634,0.11249937512729627,13539.2985,4586.49,799.85,8152.9585,15722.8185,2183.52,7569.86,1.1612727572259376,1.9284801339292972,23.913500000000568,22.913500000000568,11.433500000000095,26.59349999999904,3.6799999999998363,15.159999999999854,0.9581826165136857,0.47811905409077815,1.1120705877432584,0.15388797122962966,0.6339515336525182
Ireland,IE,2026-01,2026-01-01,ireland__standard_employee,Irlande · salarié standard,Ireland · standard employee,5.92,14156.792,594.58,1592.63,594.58,1592.63,0.041999628164346846,0.11249935719900385,13562.212,4596.05,801.76,8164.402,15749.422,2187.21,7585.02,1.1612723647145464,1.929035586439766,23.91349999999875,22.91349999999875,11.443500000000313,26.603500000001077,3.6900000000000546,15.160000000000764,0.9581826165136825,0.4785372279256868,1.1124887615782912,0.15430614506451368,0.6339515336526045
Ireland,IE,2026-01,2026-01-01,ireland__standard_employee,Irlande · salarié standard,Ireland · standard employee,5.93,14180.7055,595.57,1595.32,595.57,1595.32,0.04199861565420706,0.11249933933117785,13585.1355,4605.62,803.68,8175.8355,15776.0255,2190.89,7600.19,1.1612711187164824,1.9295918441607591,23.913500000000568,22.923500000000786,11.433500000000095,26.603499999999258,3.6799999999998363,15.169999999999163,0.958600790348558,0.47811905409077815,1.1124887615781307,0.15388797122962966,0.6343697074873524
Ireland,IE,2026-01,2026-01-01,ireland__standard_employee,Irlande · salarié standard,Ireland · standard employee,5.94,14204.619,596.61,1598.0,596.61,1598.0,0.04200112653496725,0.11249861752715788,13608.009,4615.18,805.59,8187.239,15802.619,2194.61,7615.38,1.1612734089167638,1.930152399361983,23.913500000000568,22.873499999999694,11.40349999999944,26.59350000000086,3.7200000000002547,15.19000000000051,0.9565099211741966,0.47686453258616135,1.1120705877433343,0.15556066656909973,0.635206055157135
Ireland,IE,2026-01,2026-01-01,ireland__standard_employee,Irlande · salarié standard,Ireland · standard employee,5.95,14228.5325,597.61,1600.69,597.61,1600.69,0.04200081772312078,0.11249860096253779,13630.9225,4624.75,807.5,8198.6725,15829.2225,2198.3,7630.55,1.1612730172884485,1.9307055501973036,23.91349999999875,22.913500000000568,11.433500000001004,26.603499999999258,3.6900000000000546,15.170000000000073,0.9581826165137586,0.47811905409085254,1.1124887615782153,0.15430614506451368,0.6343697074874387
Ireland,IE,2026-01,2026-01-01,ireland__standard_employee,Irlande · salarié standard,Ireland · standard employee,5.96,14252.446,598.61,1603.42,598.61,1603.42,0.04200050994755567,0.11250139098930809,13653.836,4634.31,809.41,8210.116,15855.866,2202.03,7645.75,1.1612755565542168,1.9312596801311948,23.913500000000568,22.91349999999875,11.443499999999403,26.64350000000013,3.730000000000018,15.199999999999818,0.9581826165136097,0.4785372279256124,1.1141614569176197,0.155978840403953,0.6356242289919692
Ireland,IE,2026-01,2026-01-01,ireland__standard_employee,Irlande · salarié standard,Ireland · standard employee,5.97,14276.3595,599.6,1606.11,599.6,1606.11,0.04199950274437962,0.11250136983451559,13676.7595,4643.88,811.33,8221.5495,15882.4695,2205.71,7660.92,1.161274313553587,1.9318097519208515,23.913500000000568,22.923500000000786,11.433499999999185,26.603499999999258,3.6799999999998363,15.170000000000073,0.958600790348558,0.4781190540907401,1.1124887615781307,0.15388797122962966,0.6343697074873905
Ireland,IE,2026-01,2026-01-01,ireland__standard_employee,Irlande · salarié standard,Ireland · standard employee,5.98,14300.273,600.6,1608.79,600.6,1608.79,0.041999198197125324,0.11250064946312563,13699.673,4653.44,813.24,8232.993,15909.063,2209.39,7676.07,1.1612731924331334,1.9323547341774736,23.91349999999875,22.913500000000568,11.443500000001222,26.59350000000086,3.6799999999998363,15.149999999999636,0.9581826165137586,0.47853722792572484,1.112070587743419,0.15388797122964137,0.6335333598176941
Ireland,IE,2026-01,2026-01-01,ireland__standard_employee,Irlande · salarié standard,Ireland · standard employee,5.99,14324.1865,601.6,1611.48,601.6,1611.48,0.04199889466672331,0.11250062961690704,13722.5865,4663.01,815.15,8244.4265,15935.6665,2213.08,7691.24,1.16127280378229,1.932901760965423,23.913500000000568,22.91349999999875,11.433499999999185,26.603499999999258,3.6900000000000546,15.170000000000073,0.9581826165136097,0.4781190540907401,1.1124887615781307,0.15430614506450194,0.6343697074873905
Ireland,IE,2026-01,2026-01-01,ireland__standard_employee,Irlande · salarié standard,Ireland · standard employee,6.0,14348.1,602.64,1614.17,602.64,1614.17,0.04200137997365505,0.11250060983684253,13745.46,4672.57,817.07,8255.82,15962.27,2216.81,7706.45,1.1612757957900282,1.9334566402852775,23.913500000000568,22.873499999999694,11.393500000000131,26.603500000001077,3.730000000000018,15.210000000000036,0.9565099211741966,0.4764463587513271,1.1124887615782066,0.155978840403953,0.6360424028268415
