country,country_code,version,effective_from,profile_id,profile_label_fr,profile_label_en,smic_multiple,gross_monthly_eur,employee_contribution_rate,employer_contribution_rate_before_reduction,employee_contributions_monthly_eur,employer_contributions_before_reduction_monthly_eur,employee_pension_monthly_eur,employee_sante_soins_monthly_eur,employee_sante_indemnites_monthly_eur,employee_chomage_monthly_eur,employer_pension_monthly_eur,employer_sante_soins_monthly_eur,employer_sante_indemnites_monthly_eur,employer_chomage_monthly_eur,employer_maladies_professionnelles_monthly_eur,employer_accidents_travail_monthly_eur,employer_residuel_monthly_eur,structural_reduction_monthly_eur,structural_reduction_quarterly_eur,structural_reduction_low_wage_component_quarterly_eur,structural_reduction_very_low_wage_component_quarterly_eur,structural_reduction_reference_wage_quarterly_eur,employer_contributions_monthly_eur,employer_contribution_rate,net_before_income_tax_monthly_eur,monthly_tax_base_before_annualisation_eur,annual_gross_tax_base_eur,professional_expenses_eur,annual_taxable_net_income_eur,annual_basic_tax_before_allowance_eur,annual_tax_after_basic_allowance_eur,withholding_tax_monthly_eur,net_after_withholding_tax_monthly_eur,employer_cost_monthly_eur,social_wedge_monthly_eur,total_wedge_after_withholding_tax_monthly_eur,cost_to_net_ratio,cost_to_net_after_withholding_tax_ratio,delta_gross_monthly_eur,delta_net_before_income_tax_monthly_eur,delta_net_after_withholding_tax_monthly_eur,delta_employer_cost_monthly_eur,delta_social_wedge_monthly_eur,delta_total_wedge_after_withholding_tax_monthly_eur,marginal_net_before_income_tax_rate,marginal_net_after_withholding_tax_rate,marginal_employer_cost_rate,marginal_social_wedge_rate,marginal_total_wedge_after_withholding_tax_rate
Belgium,BE,2026-04,2026-04-01,belgium__non_profit_sector,Belgique · secteur non-marchand (Maribel social),Belgium · non-profit sector (Maribel social),0.8,1751.848,0.1307,0.25,228.966534,437.962,131.3886,62.190604,20.146252,15.241078,155.213733,66.570224,41.168428,25.576981,17.51848,5.255544,126.65861,639.940613,1919.82184,1085.61288,755.20896,5255.544,0.0,0.0,1522.881466,1522.88,18274.56,5482.37,12792.19,3421.91,433.93,36.16,1486.721466,1751.848,228.966534,265.126534,1.1503508570113885,1.1783296599880184,,,,,,,,,,,
Belgium,BE,2026-04,2026-04-01,belgium__non_profit_sector,Belgique · secteur non-marchand (Maribel social),Belgium · non-profit sector (Maribel social),0.81,1773.7461,0.1307,0.25,231.828615,443.436525,133.030958,62.967987,20.39808,15.431591,157.153904,67.402352,41.683033,25.896693,17.737461,5.321238,128.241843,631.400354,1894.201063,1070.503191,744.697872,5321.2383,0.0,0.0,1541.917485,1541.92,18503.04,5550.91,12952.13,3464.69,476.71,39.73,1502.187485,1773.7461,231.828615,271.558615,1.1503508570113885,1.1807754478255486,21.898100000000113,19.036018999999897,15.46601899999996,21.898100000000113,2.8620810000000176,6.432080999999982,0.8693000305962526,0.70627218799804,1.0,0.13069996940373835,0.2937278120019522
Belgium,BE,2026-04,2026-04-01,belgium__non_profit_sector,Belgique · secteur non-marchand (Maribel social),Belgium · non-profit sector (Maribel social),0.82,1795.6442,0.1307,0.25,234.690697,448.91105,134.673315,63.745369,20.649908,15.622105,159.094076,68.23448,42.197639,26.216405,17.956442,5.386933,129.825076,622.860095,1868.580286,1055.393502,734.186784,5386.9326,0.0,0.0,1560.953503,1560.95,18731.4,5619.42,13111.98,3507.45,519.47,43.29,1517.663503,1795.6442,234.690697,277.980697,1.1503508570113885,1.1831635908615574,21.898099999999886,19.036018000000013,15.476018000000067,21.898099999999886,2.8620819999999867,6.422082000000046,0.8692999849302046,0.7067288029555143,1.0,0.13070001506980064,0.29327119704449606
Belgium,BE,2026-04,2026-04-01,belgium__non_profit_sector,Belgique · secteur non-marchand (Maribel social),Belgium · non-profit sector (Maribel social),0.83,1817.5423,0.1307,0.25,237.552779,454.385575,136.315673,64.522752,20.901736,15.812618,161.034248,69.066607,42.712244,26.536118,18.175423,5.452627,131.408308,614.319836,1842.959509,1040.283813,723.675696,5452.6269,0.0,0.0,1579.989521,1579.99,18959.88,5687.96,13271.92,3550.24,562.26,46.86,1533.129521,1817.5423,237.552779,284.412779,1.1503508570113885,1.1855112530558665,21.898100000000113,19.036018000000013,15.466018000000076,21.898100000000113,2.8620819999999867,6.43208199999998,0.8692999849301956,0.706272142331983,1.0,0.13070001506979928,0.2937278576680144
Belgium,BE,2026-04,2026-04-01,belgium__non_profit_sector,Belgique · secteur non-marchand (Maribel social),Belgium · non-profit sector (Maribel social),0.84,1839.4404,0.1307,0.25,240.41486,459.8601,137.95803,65.300134,21.153565,16.003131,162.974419,69.898735,43.226849,26.85583,18.394404,5.518321,132.991541,605.779577,1817.338732,1025.174124,713.164608,5518.3212,0.0,0.0,1599.02554,1599.03,19188.36,5756.51,13431.85,3593.02,605.04,50.42,1548.60554,1839.4404,240.41486,290.83486,1.1503508570113885,1.1878043522513715,21.898099999999886,19.036019000000124,15.476018999999951,21.898099999999886,2.8620810000000176,6.4220809999999915,0.8693000305962719,0.7067288486215714,1.0,0.1306999694037397,0.29327115137843124
Belgium,BE,2026-04,2026-04-01,belgium__non_profit_sector,Belgique · secteur non-marchand (Maribel social),Belgium · non-profit sector (Maribel social),0.85,1861.3385,0.1307,0.25,243.276942,465.334625,139.600388,66.077517,21.405393,16.193645,164.914591,70.730863,43.741455,27.175542,18.613385,5.584016,134.574774,597.239318,1791.717955,1010.064435,702.65352,5584.0155,0.0,0.0,1618.061558,1618.06,19416.72,5825.02,13591.7,3635.78,647.8,53.98,1564.081558,1861.3385,243.276942,297.256942,1.1503508570113885,1.1900520726813004,21.898100000000113,19.036018000000013,15.476018000000067,21.898100000000113,2.8620819999999867,6.422081999999989,0.8692999849301956,0.706728802955507,1.0,0.13070001506979928,0.29327119704449045
Belgium,BE,2026-04,2026-04-01,belgium__non_profit_sector,Belgique · secteur non-marchand (Maribel social),Belgium · non-profit sector (Maribel social),0.86,1883.2366,0.1307,0.25,246.139024,470.80915,141.242745,66.854899,21.657221,16.384158,166.854763,71.562991,44.25606,27.495254,18.832366,5.64971,136.158006,588.699059,1766.097178,994.954746,692.142432,5649.7098,0.0,0.0,1637.097576,1637.1,19645.2,5893.56,13751.64,3678.56,690.58,57.55,1579.547576,1883.2366,246.139024,303.689024,1.1503508570113885,1.1922632962509385,21.898099999999886,19.036017999999785,15.466017999999849,21.898099999999886,2.862082000000015,6.432082000000037,0.8692999849301941,0.7062721423319799,1.0,0.13070001506980194,0.29372785766802006
Belgium,BE,2026-04,2026-04-01,belgium__non_profit_sector,Belgique · secteur non-marchand (Maribel social),Belgium · non-profit sector (Maribel social),0.87,1905.1347,0.1307,0.25,249.001105,476.283675,142.885103,67.632282,21.909049,16.574672,168.794934,72.395119,44.770665,27.814967,19.051347,5.715404,137.741239,580.1588,1740.476401,979.845057,681.631344,5715.4041,0.0,0.0,1656.133595,1656.13,19873.56,5962.07,13911.49,3721.32,733.34,61.11,1595.023595,1905.1347,249.001105,310.111105,1.1503508570113885,1.1944241491589864,21.898100000000113,19.036019000000124,15.476018999999951,21.898100000000113,2.862080999999989,6.4220809999999915,0.8693000305962629,0.706728848621564,1.0,0.13069996940373704,0.2932711513784282
Belgium,BE,2026-04,2026-04-01,belgium__non_profit_sector,Belgique · secteur non-marchand (Maribel social),Belgium · non-profit sector (Maribel social),0.88,1927.0328,0.1307,0.25,251.863187,481.7582,144.52746,68.409664,22.160877,16.765185,170.735106,73.227246,45.285271,28.134679,19.270328,5.781098,139.324471,571.618541,1714.855624,964.735368,671.120256,5781.0984,0.0,0.0,1675.169613,1675.17,20102.04,6030.61,14071.43,3764.11,776.13,64.68,1610.489613,1927.0328,251.863187,316.543187,1.1503508570113885,1.196550902531116,21.898099999999886,19.036018000000013,15.466018000000076,21.898099999999886,2.862082000000015,6.43208199999998,0.8692999849302046,0.7062721423319903,1.0,0.13070001506980194,0.29372785766801746
Belgium,BE,2026-04,2026-04-01,belgium__non_profit_sector,Belgique · secteur non-marchand (Maribel social),Belgium · non-profit sector (Maribel social),0.89,1948.9309,0.1307,0.25,254.725269,487.232725,146.169818,69.187047,22.412705,16.955699,172.675278,74.059374,45.799876,28.454391,19.489309,5.846793,140.907704,563.078282,1689.234847,949.625679,660.609168,5846.7927,0.0,0.0,1694.205631,1694.2,20330.4,6070.0,14260.4,3814.66,826.68,68.89,1625.315631,1948.9309,254.725269,323.615269,1.1503508570113885,1.1991091837080412,21.898100000000113,19.036018000000013,14.826017999999976,21.898100000000113,2.8620819999999867,7.072082000000023,0.8692999849301956,0.677045862426416,1.0,0.13070001506979928,0.3229541375735788
Belgium,BE,2026-04,2026-04-01,belgium__non_profit_sector,Belgique · secteur non-marchand (Maribel social),Belgium · non-profit sector (Maribel social),0.9,1970.829,0.1307,0.25,257.58735,492.70725,147.812175,69.96443,22.664534,17.146212,174.615449,74.891502,46.314482,28.774103,19.70829,5.912487,142.490937,554.538023,1663.61407,934.51599,650.09808,5912.487,0.0,0.0,1713.24165,1713.24,20558.88,6070.0,14488.88,3875.78,887.8,73.98,1639.26165,1970.829,257.58735,331.56735,1.1503508570113885,1.2022662766256258,21.898099999999886,19.036018999999897,13.946018999999978,21.898099999999886,2.8620810000000176,7.952080999999964,0.8693000305962616,0.6368597732223367,1.0,0.1306999694037397,0.3631402267776659
Belgium,BE,2026-04,2026-04-01,belgium__non_profit_sector,Belgique · secteur non-marchand (Maribel social),Belgium · non-profit sector (Maribel social),0.91,1992.7271,0.1307,0.25,260.449432,498.181775,149.454533,70.741812,22.916362,17.336726,176.555621,75.72363,46.829087,29.093816,19.927271,5.978181,144.074169,545.997764,1637.993293,919.406301,639.586992,5978.1813,0.0,0.0,1732.277668,1732.28,20787.36,6070.0,14717.36,3936.89,948.91,79.08,1653.197668,1992.7271,260.449432,339.529432,1.1503508570113885,1.2053773959012375,21.898100000000113,19.036018000000013,13.936018000000104,21.898100000000113,2.8620819999999867,7.962082000000009,0.8692999849301956,0.6364030669327491,1.0,0.13070001506979928,0.36359693306725094
Belgium,BE,2026-04,2026-04-01,belgium__non_profit_sector,Belgique · secteur non-marchand (Maribel social),Belgium · non-profit sector (Maribel social),0.92,2014.6252,0.1307,0.25,263.311514,503.6563,151.09689,71.519195,23.16819,17.527239,178.495793,76.555758,47.343692,29.413528,20.146252,6.043876,145.657402,537.457505,1612.372516,904.296612,629.075904,6043.8756,0.0,0.0,1751.313686,1751.32,21015.84,6070.0,14945.84,3998.01,1010.03,84.17,1667.143686,2014.6252,263.311514,347.481514,1.1503508570113885,1.2084292532689145,21.898099999999886,19.036018000000013,13.946017999999867,21.898099999999886,2.8620819999999867,7.9520820000000185,0.8692999849302046,0.6368597275562693,1.0,0.13070001506980064,0.36314027244373076
Belgium,BE,2026-04,2026-04-01,belgium__non_profit_sector,Belgique · secteur non-marchand (Maribel social),Belgium · non-profit sector (Maribel social),0.93,2036.5233,0.1307,0.25,266.173595,509.130825,152.739248,72.296577,23.420018,17.717753,180.435964,77.387885,47.858298,29.73324,20.365233,6.10957,147.240635,528.917246,1586.751739,889.186923,618.564816,6109.5699,0.0,0.0,1770.349705,1770.35,21244.2,6070.0,15174.2,4059.1,1071.12,89.26,1681.089705,2036.5233,266.173595,355.433595,1.1503508570113885,1.211430475315143,21.898100000000113,19.036019000000124,13.946019000000206,21.898100000000113,2.862080999999989,7.952081000000021,0.8693000305962629,0.6368597732223404,1.0,0.13069996940373704,0.3631402267776647
Belgium,BE,2026-04,2026-04-01,belgium__non_profit_sector,Belgique · secteur non-marchand (Maribel social),Belgium · non-profit sector (Maribel social),0.94,2058.4214,0.1307,0.25,269.035677,514.60535,154.381605,73.07396,23.671846,17.908266,182.376136,78.220013,48.372903,30.052952,20.584214,6.175264,148.823867,520.376987,1561.130962,874.077234,608.053728,6175.2642,0.0,0.0,1789.385723,1789.38,21472.56,6070.0,15402.56,4120.18,1132.2,94.35,1695.035723,2058.4214,269.035677,363.385677,1.1503508570113885,1.2143823118562749,21.898100000000113,19.036018000000013,13.946017999999867,21.898100000000113,2.8620820000000435,7.952081999999962,0.8692999849301956,0.6368597275562626,1.0,0.1307000150698019,0.3631402724437244
Belgium,BE,2026-04,2026-04-01,belgium__non_profit_sector,Belgique · secteur non-marchand (Maribel social),Belgium · non-profit sector (Maribel social),0.95,2080.3195,0.1307,0.25,271.897759,520.079875,156.023963,73.851342,23.923674,18.09878,184.316308,79.052141,48.887508,30.372665,20.803195,6.240959,150.4071,511.836728,1535.510185,858.967545,597.54264,6240.9585,8.243147,0.0039624426280033586,1808.421741,1808.42,21701.04,6070.0,15631.04,4181.3,1193.32,99.44,1708.981741,2088.562647,280.140905,379.580905,1.1549090562843707,1.2221093977381052,21.898099999999886,19.036018000000013,13.946018000000095,30.14124700000002,11.105227999999954,16.195227999999986,0.8692999849302046,0.6368597275562796,1.3764320648823496,0.5071320342860801,0.7395722916600103
Belgium,BE,2026-04,2026-04-01,belgium__non_profit_sector,Belgique · secteur non-marchand (Maribel social),Belgium · non-profit sector (Maribel social),0.96,2102.2176,0.1307,0.25,274.75984,525.5544,157.66632,74.628725,24.175502,18.289293,186.256479,79.884269,49.402114,30.692377,21.022176,6.306653,151.990332,503.296469,1509.889408,843.857856,587.031552,6306.6528,22.257931,0.010587833850628251,1827.45776,1827.46,21929.52,6070.0,15859.52,4242.42,1254.44,104.54,1722.91776,2124.475531,297.017771,401.557771,1.162530580755353,1.2330684495708306,21.898099999999886,19.036018999999897,13.936018999999987,35.91288399999985,16.876866000000007,21.97686600000003,0.8693000305962616,0.6364031125988127,1.6400000000000017,0.7707000150698049,1.003596933067259
Belgium,BE,2026-04,2026-04-01,belgium__non_profit_sector,Belgique · secteur non-marchand (Maribel social),Belgium · non-profit sector (Maribel social),0.97,2124.1157,0.1307,0.25,277.621922,531.028925,159.308678,75.406107,24.427331,18.479807,188.196651,80.716397,49.916719,31.012089,21.241157,6.372347,153.573565,494.75621,1484.268631,828.748167,576.520464,6372.3471,36.272715,0.017076619068663024,1846.493778,1846.5,22158.0,6070.0,16088.0,4303.54,1315.56,109.63,1736.863778,2160.388415,313.894637,423.524637,1.169994960391882,1.2438444753231697,21.898099999999886,19.036018000000013,13.946017999999867,35.91288399999985,16.876866000000007,21.966865999999982,0.8692999849302046,0.6368597275562693,1.6400000000000017,0.7707000150698049,1.0031402724437324
Belgium,BE,2026-04,2026-04-01,belgium__non_profit_sector,Belgique · secteur non-marchand (Maribel social),Belgium · non-profit sector (Maribel social),0.98,2146.0138,0.1307,0.25,280.484004,536.50345,160.951035,76.18349,24.679159,18.67032,190.136823,81.548524,50.431324,31.331801,21.460138,6.438041,155.156798,486.215951,1458.647854,813.638478,566.009376,6438.0414,50.287499,0.02343298009857458,1865.529796,1865.53,22386.36,6070.0,16316.36,4364.63,1376.65,114.72,1750.809796,2196.301299,330.771502,445.491502,1.1773070057501145,1.2544488289121691,21.89810000000034,19.036018000000013,13.946018000000095,35.912884000000304,16.87686500000001,21.96686500000004,0.8692999849301865,0.6368597275562664,1.6399999999999884,0.7706999694037266,1.003140226777652
Belgium,BE,2026-04,2026-04-01,belgium__non_profit_sector,Belgique · secteur non-marchand (Maribel social),Belgium · non-profit sector (Maribel social),0.99,2167.9119,0.1307,0.25,283.346085,541.977975,162.593393,76.960872,24.930987,18.860834,192.076994,82.380652,50.94593,31.651514,21.679119,6.503736,156.74003,477.675692,1433.027077,798.528789,555.498288,6503.7357,64.302283,0.029660929794548662,1884.565815,1884.56,22614.72,6070.0,16544.72,4425.71,1437.73,119.81,1764.755815,2232.214183,347.648368,467.458368,1.184471333020302,1.2648855802660035,21.898099999999886,19.036018999999897,13.946018999999978,35.91288399999985,16.876866000000007,21.966865999999982,0.8693000305962616,0.6368597732223367,1.6400000000000017,0.7707000150698049,1.0031402724437324
Belgium,BE,2026-04,2026-04-01,belgium__non_profit_sector,Belgique · secteur non-marchand (Maribel social),Belgium · non-profit sector (Maribel social),1.0,2189.81,0.1307,0.25,286.208167,547.4525,164.23575,77.738255,25.182815,19.051347,194.017166,83.21278,51.460535,31.971226,21.8981,6.56943,158.323263,469.135433,1407.4063,783.4191,544.9872,6569.43,78.317067,0.035764320496603184,1903.601833,1903.6,22843.2,6070.0,16773.2,4496.98,1509.0,125.75,1777.851833,2268.127067,364.525234,490.275234,1.1914923737450858,1.2757683315146469,21.898099999999886,19.036018000000013,13.096017999999958,35.91288399999985,16.876866000000007,22.816866000000005,0.8692999849302046,0.5980435745566979,1.6400000000000017,0.7707000150698049,1.041956425443309
Belgium,BE,2026-04,2026-04-01,belgium__non_profit_sector,Belgique · secteur non-marchand (Maribel social),Belgium · non-profit sector (Maribel social),1.01,2211.7081,0.1307,0.25,289.070249,552.927025,165.878108,78.515638,25.434643,19.24186,195.957338,84.044908,51.97514,32.290938,22.117081,6.635124,159.906496,460.595174,1381.785523,768.309411,534.476112,6635.1243,92.331851,0.041746851976834774,1922.637851,1922.64,23071.68,6070.0,17001.68,4594.77,1606.79,133.9,1788.737851,2304.039951,381.402099,515.302099,1.198374383960468,1.2880813971446505,21.898099999999886,19.036018000000013,10.88601800000015,35.912884000000304,16.87686500000001,25.026864999999987,0.8692999849302046,0.4971215767578103,1.6400000000000223,0.7706999694037426,1.1428783775761422
Belgium,BE,2026-04,2026-04-01,belgium__non_profit_sector,Belgique · secteur non-marchand (Maribel social),Belgium · non-profit sector (Maribel social),1.02,2233.6062,0.1307,0.25,291.93233,558.40155,167.520465,79.29302,25.686471,19.432374,197.897509,84.877036,52.489746,32.610651,22.336062,6.700819,161.489728,452.054915,1356.164746,753.199722,523.965024,6700.8186,106.346635,0.04761207891823845,1941.67387,1941.68,23300.16,6070.0,17230.16,4692.56,1704.58,142.05,1799.62387,2339.952835,398.278965,540.328965,1.2051214527990781,1.300245498026624,21.89810000000034,19.036019000000124,10.886018999999806,35.91288399999985,16.876866000000007,25.02686600000004,0.8693000305962539,0.49712162242384667,1.6399999999999677,0.7707000150697889,1.1428784232421831
Belgium,BE,2026-04,2026-04-01,belgium__non_profit_sector,Belgique · secteur non-marchand (Maribel social),Belgium · non-profit sector (Maribel social),1.03,2255.5043,0.1307,0.25,294.794412,563.876075,169.162823,80.070403,25.938299,19.622887,199.837681,85.709163,53.004351,32.930363,22.555043,6.766513,163.072961,443.514656,1330.543969,738.090033,513.453936,6766.5129,120.361419,0.05336341795786714,1960.709888,1960.71,23528.52,6070.0,17458.52,4790.3,1802.32,150.19,1810.519888,2375.865719,415.155831,565.345831,1.2117375105922779,1.3122560732013284,21.898099999999886,19.036018000000013,10.89601800000014,35.91288399999985,16.87686599999995,25.016865999999936,0.8692999849302046,0.49757823738133433,1.6400000000000017,0.7707000150698023,1.1424217626186777
Belgium,BE,2026-04,2026-04-01,belgium__non_profit_sector,Belgique · secteur non-marchand (Maribel social),Belgium · non-profit sector (Maribel social),1.04,2277.4024,0.1307,0.25,297.656494,569.3506,170.80518,80.847785,26.190128,19.813401,201.777853,86.541291,53.518956,33.250075,22.774024,6.832207,164.656194,434.974397,1304.923192,722.980344,502.942848,6832.2072,134.376203,0.059004154323656896,1979.745906,1979.74,23756.88,6070.0,17686.88,4888.03,1900.05,158.34,1821.405906,2411.778603,432.032696,590.372696,1.2182263365048394,1.3241302195727835,21.898099999999886,19.036018000000013,10.886017999999922,35.912884000000304,16.87686500000001,25.026865000000043,0.8692999849302046,0.49712157675779994,1.6400000000000223,0.7706999694037426,1.1428783775761446
Belgium,BE,2026-04,2026-04-01,belgium__non_profit_sector,Belgique · secteur non-marchand (Maribel social),Belgium · non-profit sector (Maribel social),1.05,2299.3005,0.1307,0.25,300.518575,574.825125,172.447538,81.625168,26.441956,20.003914,203.718024,87.373419,54.033562,33.569787,22.993005,6.897902,166.239426,426.434138,1279.302415,707.870655,492.43176,6897.9015,148.390987,0.06453744809200303,1998.781925,1998.78,23985.36,6070.0,17915.36,4985.82,1997.84,166.49,1832.291925,2447.691487,448.909562,615.399562,1.2245915657333521,1.3358632725154966,21.898099999999886,19.036018999999897,10.886019000000033,35.91288399999985,16.876866000000007,25.026865999999927,0.8693000305962616,0.49712162242386737,1.6400000000000017,0.7707000150698049,1.1428784232422018
Belgium,BE,2026-04,2026-04-01,belgium__non_profit_sector,Belgique · secteur non-marchand (Maribel social),Belgium · non-profit sector (Maribel social),1.06,2321.1986,0.1307,0.25,303.380657,580.29965,174.089895,82.40255,26.693784,20.194428,205.658196,88.205547,54.548167,33.8895,23.211986,6.963596,167.822659,417.893879,1253.681638,692.760966,481.920672,6963.5958,162.405771,0.06996634009113516,2017.817943,2017.82,24213.84,6070.0,18143.84,5083.61,2095.63,174.64,1843.177943,2483.604371,465.786428,640.426428,1.230836696297176,1.3474577319709253,21.89810000000034,19.036018000000013,10.886017999999922,35.91288399999985,16.876866000000007,25.02686600000004,0.8692999849301865,0.4971215767577896,1.6399999999999677,0.7707000150697889,1.1428784232421831
Belgium,BE,2026-04,2026-04-01,belgium__non_profit_sector,Belgique · secteur non-marchand (Maribel social),Belgium · non-profit sector (Maribel social),1.07,2343.0967,0.1307,0.25,306.242739,585.774175,175.732253,83.179933,26.945612,20.384941,207.598368,89.037675,55.062772,34.209212,23.430967,7.02929,169.405891,409.35362,1228.060861,677.651277,471.409584,7029.2901,176.420555,0.07529375747346093,2036.853961,2036.86,24442.32,6070.0,18372.32,5181.4,2193.42,182.79,1854.063961,2519.517255,482.663293,665.453293,1.2369650954485918,1.3589160391675412,21.898099999999886,19.036018000000013,10.88601800000015,35.912884000000304,16.87686500000001,25.026865000000043,0.8692999849302046,0.4971215767578103,1.6400000000000223,0.7706999694037426,1.1428783775761446
Belgium,BE,2026-04,2026-04-01,belgium__non_profit_sector,Belgique · secteur non-marchand (Maribel social),Belgium · non-profit sector (Maribel social),1.08,2364.9948,0.1307,0.25,309.10482,591.2487,177.37461,83.957315,27.19744,20.575455,209.538539,89.869802,55.577378,34.528924,23.649948,7.094984,170.989124,400.813361,1202.440084,662.541588,460.898496,7094.9844,190.435339,0.08052251897833623,2055.88998,2055.89,24670.68,6070.0,18600.68,5279.14,2291.16,190.93,1864.95998,2555.430139,499.540159,690.470159,1.2429800057268334,1.3702332310422825,21.898099999999886,19.036018999999897,10.896019000000024,35.91288399999985,16.876866000000007,25.016865999999936,0.8693000305962616,0.4975782830473914,1.6400000000000017,0.7707000150698049,1.1424217626186777
Belgium,BE,2026-04,2026-04-01,belgium__non_profit_sector,Belgique · secteur non-marchand (Maribel social),Belgium · non-profit sector (Maribel social),1.09,2386.8929,0.1307,0.25,311.966902,596.723225,179.016968,84.734698,27.449268,20.765968,211.478711,90.70193,56.091983,34.848636,23.868929,7.160679,172.572357,392.273102,1176.819307,647.431899,450.387408,7160.6787,204.450123,0.08565533990514058,2074.925998,2074.92,24899.04,6070.0,18829.04,5376.88,2388.9,199.08,1875.845998,2591.343023,516.417025,715.497025,1.2488845506788688,1.381426314031622,21.898099999999886,19.03601800000024,10.886017999999922,35.91288399999985,16.87686599999995,25.02686600000004,0.8692999849302149,0.49712157675779994,1.6400000000000017,0.7707000150698023,1.142878423242207
Belgium,BE,2026-04,2026-04-01,belgium__non_profit_sector,Belgique · secteur non-marchand (Maribel social),Belgium · non-profit sector (Maribel social),1.1,2408.791,0.1307,0.25,314.828984,602.19775,180.659325,85.512081,27.701097,20.956482,213.418883,91.534058,56.606589,35.168349,24.08791,7.226373,174.155589,383.732843,1151.19853,632.32221,439.87632,7226.373,218.464907,0.09069483681509381,2093.962016,2093.96,25127.52,6070.0,19057.52,5474.67,2486.69,207.22,1886.742016,2627.255907,533.29389,740.51389,1.2546817402681398,1.3924828534951765,21.89810000000034,19.036017999999785,10.896017999999913,35.912884000000304,16.876865000000066,25.01686499999994,0.8692999849301761,0.49757823738131357,1.6399999999999884,0.7706999694037293,1.1424217169525919
Belgium,BE,2026-04,2026-04-01,belgium__non_profit_sector,Belgique · secteur non-marchand (Maribel social),Belgium · non-profit sector (Maribel social),1.11,2430.6891,0.1307,0.25,317.691065,607.672275,182.301683,86.289463,27.952925,21.146995,215.359054,92.366186,57.121194,35.488061,24.306891,7.292067,175.738822,375.192584,1125.577753,617.212521,429.365232,7292.0673,232.479691,0.09564353197892181,2112.998035,2113.0,25356.0,6070.0,19286.0,5572.46,2584.48,215.37,1897.628035,2663.168791,550.170756,765.540756,1.2603744759909374,1.4034198178284882,21.898099999999886,19.036019000000124,10.886019000000033,35.91288399999985,16.87686599999995,25.02686600000004,0.8693000305962719,0.49712162242386737,1.6400000000000017,0.7707000150698023,1.142878423242207
Belgium,BE,2026-04,2026-04-01,belgium__non_profit_sector,Belgique · secteur non-marchand (Maribel social),Belgium · non-profit sector (Maribel social),1.12,2452.5872,0.1307,0.25,320.553147,613.1468,183.94404,87.066846,28.204753,21.337509,217.299226,93.198314,57.635799,35.807773,24.525872,7.357762,177.322055,366.652325,1099.956976,602.102832,418.854144,7357.7616,246.494475,0.10050385758625295,2132.034053,2132.04,25584.48,6070.0,19514.48,5670.25,2682.27,223.52,1908.514053,2699.081675,567.047622,790.567622,1.265965555718685,1.4142320149440557,21.898099999999886,19.036017999999785,10.88601800000015,35.91288399999985,16.876866000000064,25.02686600000004,0.8692999849301941,0.4971215767578103,1.6400000000000017,0.7707000150698075,1.142878423242207
Belgium,BE,2026-04,2026-04-01,belgium__non_profit_sector,Belgique · secteur non-marchand (Maribel social),Belgium · non-profit sector (Maribel social),1.13,2474.4853,0.1307,0.25,323.415229,618.621325,185.586398,87.844228,28.456581,21.528022,219.239398,94.030441,58.150405,36.127485,24.744853,7.423456,178.905287,358.112066,1074.336199,586.993143,408.343056,7423.4559,260.509259,0.10527815973150717,2151.070071,2151.07,25812.84,6070.0,19742.84,5767.99,2780.01,231.67,1919.400071,2734.994559,583.924487,815.594487,1.2714576782831097,1.424921567721167,21.898099999999886,19.03601800000024,10.886017999999922,35.912884000000304,16.876864999999952,25.02686499999993,0.8692999849302149,0.49712157675779994,1.6400000000000223,0.7706999694037401,1.1428783775761395
Belgium,BE,2026-04,2026-04-01,belgium__non_profit_sector,Belgique · secteur non-marchand (Maribel social),Belgium · non-profit sector (Maribel social),1.14,2496.3834,0.1307,0.25,326.27731,624.09585,187.228755,88.621611,28.708409,21.718536,221.179569,94.862569,58.66501,36.447198,24.963834,7.48915,180.48852,349.571807,1048.715422,571.883454,397.831968,7489.1502,274.524043,0.10996870219000274,2170.10609,2170.1,26041.2,6070.0,19971.2,5865.72,2877.74,239.81,1930.29609,2770.907443,600.801353,840.611353,1.2768534478200884,1.4354831145164626,21.89810000000034,19.036019000000124,10.896019000000024,35.91288399999985,16.87686599999995,25.01686600000005,0.8693000305962539,0.49757828304738105,1.6399999999999677,0.7707000150697864,1.1424217626186592
Belgium,BE,2026-04,2026-04-01,belgium__non_profit_sector,Belgique · secteur non-marchand (Maribel social),Belgium · non-profit sector (Maribel social),1.15,2518.2815,0.1307,0.25,329.139392,629.570375,188.871113,89.398993,28.960237,21.909049,223.119741,95.694697,59.179615,36.76691,25.182815,7.554845,182.071752,341.031548,1023.094645,556.773765,387.32088,7554.8445,288.538827,0.11457766999704619,2189.142108,2189.14,26269.68,6070.0,20199.68,5963.51,2975.53,247.96,1941.182108,2806.820327,617.678219,865.638219,1.2821553778868586,1.4459335449113686,21.898099999999886,19.036017999999785,10.886017999999922,35.91288399999985,16.876866000000064,25.02686600000004,0.8692999849301941,0.49712157675779994,1.6400000000000017,0.7707000150698075,1.142878423242207
Belgium,BE,2026-04,2026-04-01,belgium__non_profit_sector,Belgique · secteur non-marchand (Maribel social),Belgium · non-profit sector (Maribel social),1.16,2540.1796,0.1307,0.25,332.001474,635.0449,190.51347,90.176376,29.212065,22.099563,225.059913,96.526825,59.694221,37.086622,25.401796,7.620539,183.654985,332.491289,997.473868,541.664076,376.809792,7620.5388,302.553611,0.11910717284189931,2208.178126,2208.18,26498.16,6070.0,20428.16,6061.3,3073.32,256.11,1952.068126,2842.733211,634.555084,890.665084,1.287365895366271,1.456267418332362,21.898099999999886,19.036017999999785,10.886017999999922,35.912884000000304,16.876864999999952,25.02686499999993,0.8692999849301941,0.49712157675779994,1.6400000000000223,0.7706999694037401,1.1428783775761395
Belgium,BE,2026-04,2026-04-01,belgium__non_profit_sector,Belgique · secteur non-marchand (Maribel social),Belgium · non-profit sector (Maribel social),1.17,2562.0777,0.1307,0.25,334.863555,640.519425,192.155828,90.953758,29.463894,22.290076,227.000084,97.358953,60.208826,37.406334,25.620777,7.686233,185.238218,323.95103,971.853091,526.554387,366.298704,7686.2331,316.568395,0.12355924828769499,2227.214145,2227.22,26726.64,6070.0,20656.64,6159.09,3171.11,264.26,1962.954145,2878.646095,651.43195,915.69195,1.2924873441708211,1.4664866739607898,21.898099999999886,19.036019000000124,10.886019000000033,35.91288399999985,16.876866000000064,25.02686600000004,0.8693000305962719,0.49712162242386737,1.6400000000000017,0.7707000150698075,1.142878423242207
Belgium,BE,2026-04,2026-04-01,belgium__non_profit_sector,Belgique · secteur non-marchand (Maribel social),Belgium · non-profit sector (Maribel social),1.18,2583.9758,0.1307,0.25,337.725637,645.99395,193.798185,91.731141,29.715722,22.480589,228.940256,98.19108,60.723431,37.726047,25.839758,7.751927,186.82145,315.410771,946.232314,511.444698,355.787616,7751.9274,330.583179,0.12793586482762973,2246.250163,2246.25,26955.0,6070.0,20885.0,6256.83,3268.85,272.4,1973.850163,2914.558979,668.308816,940.708816,1.2975219887583453,1.4765857274219358,21.89810000000034,19.03601800000024,10.89601800000014,35.91288399999985,16.87686599999995,25.016865999999936,0.8692999849301969,0.497578237381324,1.6399999999999677,0.7707000150697864,1.142421762618654
Belgium,BE,2026-04,2026-04-01,belgium__non_profit_sector,Belgique · secteur non-marchand (Maribel social),Belgium · non-profit sector (Maribel social),1.19,2605.8739,0.1307,0.25,340.587719,651.468475,195.440543,92.508523,29.96755,22.671103,230.880428,99.023208,61.238037,38.045759,26.058739,7.817622,188.404683,306.870512,920.611537,496.335009,345.276528,7817.6217,344.597963,0.1322389247870614,2265.286181,2265.28,27183.36,6070.0,21113.36,6354.57,3366.59,280.55,1984.736181,2950.471863,685.185681,965.735681,1.302472017470449,1.4865813857329429,21.898099999999886,19.036017999999785,10.886017999999922,35.912884000000304,16.876865000000066,25.026865000000043,0.8692999849301941,0.49712157675779994,1.6400000000000223,0.7706999694037453,1.1428783775761446
Belgium,BE,2026-04,2026-04-01,belgium__non_profit_sector,Belgique · secteur non-marchand (Maribel social),Belgium · non-profit sector (Maribel social),1.2,2627.772,0.1307,0.25,343.4498,656.943,197.0829,93.285906,30.219378,22.861616,232.820599,99.855336,61.752642,38.365471,26.27772,7.883316,189.987916,298.330253,894.99076,481.22532,334.76544,7883.316,358.612747,0.13647026708050267,2284.3222,2284.32,27411.84,6070.0,21341.84,6452.36,3464.38,288.7,1995.6222,2986.384747,702.062547,990.762547,1.307339545704018,1.496467992421238,21.898099999999886,19.036019000000124,10.886019000000033,35.91288399999985,16.87686599999995,25.02686600000004,0.8693000305962719,0.49712162242386737,1.6400000000000017,0.7707000150698023,1.142878423242207
Belgium,BE,2026-04,2026-04-01,belgium__non_profit_sector,Belgique · secteur non-marchand (Maribel social),Belgium · non-profit sector (Maribel social),1.21,2649.6701,0.1307,0.25,346.311882,662.417525,198.725258,94.063289,30.471206,23.05213,234.760771,100.687464,62.267247,38.685183,26.496701,7.94901,191.571148,289.789994,869.369983,466.115631,324.254352,7949.0103,372.627531,0.14063166983190342,2303.358218,2303.36,27640.32,6070.0,21570.32,6550.15,3562.17,296.85,2006.508218,3022.297631,718.939413,1015.789413,1.3121266189254615,1.506247322417946,21.898099999999886,19.036017999999785,10.886017999999922,35.91288399999985,16.87686599999995,25.026865999999927,0.8692999849301941,0.49712157675779994,1.6400000000000017,0.7707000150698023,1.1428784232422018
Belgium,BE,2026-04,2026-04-01,belgium__non_profit_sector,Belgique · secteur non-marchand (Maribel social),Belgium · non-profit sector (Maribel social),1.22,2671.5682,0.1307,0.25,349.173964,667.89205,200.367615,94.840671,30.723034,23.242643,236.700943,101.519592,62.781853,39.004896,26.715682,8.014705,193.154381,281.249735,843.749206,451.005942,313.743264,8014.7046,386.642315,0.14472485286606812,2322.394236,2322.4,27868.8,6070.0,21798.8,6647.94,3659.96,305.0,2017.394236,3058.210515,735.816278,1040.816278,1.3168352155367171,1.5159211123435208,21.89810000000034,19.03601800000024,10.88601800000015,35.912884000000304,16.876865000000066,25.026865000000043,0.8692999849301969,0.4971215767578,1.6399999999999884,0.7706999694037293,1.1428783775761209
Belgium,BE,2026-04,2026-04-01,belgium__non_profit_sector,Belgique · secteur non-marchand (Maribel social),Belgium · non-profit sector (Maribel social),1.23,2693.4663,0.1307,0.25,352.036045,673.366575,202.009973,95.618054,30.974862,23.433157,238.641114,102.351719,63.296458,39.324608,26.934663,8.080399,194.737613,272.709476,818.128429,435.896253,303.232176,8080.3989,400.657099,0.14875148007853917,2341.430255,2341.43,28097.16,6070.0,22027.16,6745.67,3757.69,313.14,2028.290255,3094.123399,752.693144,1065.833144,1.3214672496014486,1.5254835404670002,21.898099999999886,19.036019000000124,10.896018999999797,35.91288399999985,16.87686599999995,25.016865999999936,0.8693000305962719,0.497578283047381,1.6400000000000017,0.7707000150698023,1.1424217626186777
Belgium,BE,2026-04,2026-04-01,belgium__non_profit_sector,Belgique · secteur non-marchand (Maribel social),Belgium · non-profit sector (Maribel social),1.24,2715.3644,0.1307,0.25,354.898127,678.8411,203.65233,96.395436,31.226691,23.62367,240.581286,103.183847,63.811063,39.64432,27.153644,8.146093,196.320846,264.169217,792.507652,420.786564,292.721088,8146.0932,414.671883,0.15271316169080898,2360.466273,2360.46,28325.52,6070.0,22255.52,6843.41,3855.43,321.29,2039.176273,3130.036283,769.57001,1090.86001,1.3260245734393294,1.5349513056978683,21.898099999999886,19.036017999999785,10.88601800000015,35.91288399999985,16.876866000000064,25.026866000000155,0.8692999849301941,0.4971215767578103,1.6400000000000017,0.7707000150698075,1.1428784232422122
Belgium,BE,2026-04,2026-04-01,belgium__non_profit_sector,Belgique · secteur non-marchand (Maribel social),Belgium · non-profit sector (Maribel social),1.25,2737.2625,0.1307,0.25,357.760209,684.315625,205.294688,97.172819,31.478519,23.814184,242.521458,104.015975,64.325669,39.964033,27.372625,8.211788,197.904079,255.628958,766.886875,405.676875,282.21,8211.7875,428.686667,0.15661145639728247,2379.502291,2379.5,28554.0,6070.0,22484.0,6941.2,3953.22,329.44,2050.062291,3165.949167,786.446875,1115.886875,1.330508980095804,1.5443185215295425,21.898099999999886,19.036017999999785,10.88601800000015,35.912884000000304,16.876864999999952,25.026864999999816,0.8692999849301941,0.4971215767578103,1.6400000000000223,0.7706999694037401,1.1428783775761342
Belgium,BE,2026-04,2026-04-01,belgium__non_profit_sector,Belgique · secteur non-marchand (Maribel social),Belgium · non-profit sector (Maribel social),1.26,2759.1606,0.1307,0.25,360.62229,689.79015,206.937045,97.950201,31.730347,24.004697,244.461629,104.848103,64.840274,40.283745,27.591606,8.277482,199.487311,247.088699,741.266098,390.567186,271.698912,8277.4818,442.701451,0.16044787341000258,2398.53831,2398.54,28782.48,6070.0,22712.48,7038.99,4051.01,337.58,2060.95831,3201.862051,803.323741,1140.903741,1.3349222056942398,1.5535792431042286,21.89810000000034,19.036019000000124,10.896018999999797,35.91288399999985,16.876866000000064,25.016866000000164,0.8693000305962539,0.4975782830473706,1.6399999999999677,0.7707000150697915,1.1424217626186643
Belgium,BE,2026-04,2026-04-01,belgium__non_profit_sector,Belgique · secteur non-marchand (Maribel social),Belgium · non-profit sector (Maribel social),1.27,2781.0587,0.1307,0.25,363.484372,695.264675,208.579403,98.727584,31.982175,24.195211,246.401801,105.680231,65.354879,40.603457,27.810587,8.343176,201.070544,238.54844,715.645321,375.457497,261.187824,8343.1761,456.716235,0.16422387440677416,2417.574328,2417.58,29010.96,6070.0,22940.96,7136.78,4148.8,345.73,2071.844328,3237.774935,820.200607,1165.930607,1.3392659316769517,1.562750101950379,21.898099999999886,19.03601800000024,10.88601800000015,35.91288399999985,16.87686599999995,25.026865999999927,0.8692999849302149,0.4971215767578103,1.6400000000000017,0.7707000150698023,1.1428784232422018
Belgium,BE,2026-04,2026-04-01,belgium__non_profit_sector,Belgique · secteur non-marchand (Maribel social),Belgium · non-profit sector (Maribel social),1.28,2802.9568,0.1307,0.25,366.346454,700.7392,210.22176,99.504966,32.234003,24.385724,248.341972,106.512358,65.869485,40.923169,28.029568,8.40887,202.653777,230.008181,690.024544,360.347808,250.676736,8408.8704,470.731019,0.16794087538797123,2436.610346,2436.61,29239.32,6070.0,23169.32,7234.52,4246.54,353.88,2082.730346,3273.687819,837.077472,1190.957472,1.343541786941184,1.571825092276938,21.898099999999886,19.036017999999785,10.886017999999694,35.912884000000304,16.876864999999952,25.026865000000043,0.8692999849301941,0.49712157675778956,1.6400000000000223,0.7706999694037401,1.1428783775761446
Belgium,BE,2026-04,2026-04-01,belgium__non_profit_sector,Belgique · secteur non-marchand (Maribel social),Belgium · non-profit sector (Maribel social),1.29,2824.8549,0.1307,0.25,369.208535,706.213725,211.864118,100.282349,32.485831,24.576238,250.282144,107.344486,66.38409,41.242882,28.248549,8.474565,204.237009,221.467922,664.403767,345.238119,240.165648,8474.5647,484.745803,0.17160024844697916,2455.646365,2455.64,29467.68,6070.0,23397.68,7332.26,4344.28,362.02,2093.626365,3309.600703,853.954338,1215.974338,1.3477513498757383,1.5807981589620506,21.898099999999886,19.036019000000124,10.896019000000251,35.91288399999985,16.876866000000064,25.016865999999936,0.8693000305962719,0.49757828304740176,1.6400000000000017,0.7707000150698075,1.1424217626186777
Belgium,BE,2026-04,2026-04-01,belgium__non_profit_sector,Belgique · secteur non-marchand (Maribel social),Belgium · non-profit sector (Maribel social),1.3,2846.753,0.1307,0.25,372.070617,711.68825,213.506475,101.059732,32.73766,24.766751,252.222316,108.176614,66.898696,41.562594,28.46753,8.540259,205.820242,212.927663,638.78299,330.12843,229.65456,8540.259,498.760587,0.17520332345892553,2474.682383,2474.68,29696.16,6070.0,23626.16,7430.05,4442.07,370.17,2104.512383,3345.513587,870.831204,1241.001204,1.351896150303607,1.5896858644550136,21.89810000000034,19.036017999999785,10.88601800000015,35.91288399999985,16.87686599999995,25.026865999999927,0.8692999849301761,0.4971215767578,1.6399999999999677,0.7707000150697864,1.142878423242178
Belgium,BE,2026-04,2026-04-01,belgium__non_profit_sector,Belgique · secteur non-marchand (Maribel social),Belgium · non-profit sector (Maribel social),1.31,2868.6511,0.1307,0.25,374.932699,717.162775,215.148833,101.837114,32.989488,24.957265,254.162487,109.008742,67.413301,41.882306,28.686511,8.605953,207.403475,204.387404,613.162213,315.018741,219.143472,8605.9533,512.775371,0.17875138969206353,2493.718401,2493.72,29924.64,6070.0,23854.64,7527.84,4539.86,378.32,2115.398401,3381.426471,887.708069,1266.028069,1.3559776713356304,1.5984820961860111,21.898099999999886,19.03601800000024,10.886017999999694,35.912884000000304,16.876865000000066,25.026865000000043,0.8692999849302149,0.49712157675778956,1.6400000000000223,0.7706999694037453,1.1428783775761446
Belgium,BE,2026-04,2026-04-01,belgium__non_profit_sector,Belgique · secteur non-marchand (Maribel social),Belgium · non-profit sector (Maribel social),1.32,2890.5492,0.1307,0.25,377.79478,722.6373,216.79119,102.614497,33.241316,25.147778,256.102659,109.84087,67.927906,42.202018,28.905492,8.671648,208.986707,195.847145,587.541436,299.909052,208.632384,8671.6476,526.790155,0.1822456973459115,2512.75442,2512.76,30153.12,6070.0,24083.12,7625.63,4637.65,386.47,2126.28442,3417.339355,904.584935,1291.054935,1.359997351139896,1.6071882591200237,21.898099999999886,19.036019000000124,10.886019000000033,35.91288399999985,16.87686599999995,25.026865999999927,0.8693000305962719,0.49712162242386737,1.6400000000000017,0.7707000150698023,1.1428784232422018
Belgium,BE,2026-04,2026-04-01,belgium__non_profit_sector,Belgique · secteur non-marchand (Maribel social),Belgium · non-profit sector (Maribel social),1.33,2912.4473,0.1307,0.25,380.656862,728.111825,218.433548,103.391879,33.493144,25.338292,258.042831,110.672997,68.442512,42.521731,29.124473,8.737342,210.56994,187.306886,561.920659,284.799363,198.121296,8737.3419,540.804939,0.18568745902000247,2531.790438,2531.79,30381.48,6070.0,24311.48,7723.36,4735.38,394.62,2137.170438,3453.252239,921.461801,1316.081801,1.3639565846313153,1.61580572959638,21.898099999999886,19.036017999999785,10.88601800000015,35.91288399999985,16.876866000000064,25.026866000000155,0.8692999849301941,0.4971215767578103,1.6400000000000017,0.7707000150698075,1.1428784232422122
Belgium,BE,2026-04,2026-04-01,belgium__non_profit_sector,Belgique · secteur non-marchand (Maribel social),Belgium · non-profit sector (Maribel social),1.34,2934.3454,0.1307,0.25,383.518944,733.58635,220.075905,104.169262,33.744972,25.528805,259.983002,111.505125,68.957117,42.841443,29.343454,8.803036,212.153172,178.766627,536.299882,269.689674,187.610208,8803.0362,554.819723,0.1890778511168681,2550.826456,2550.83,30609.96,6070.0,24539.96,7821.15,4833.17,402.76,2148.066456,3489.165123,938.338666,1341.098666,1.3678567250855493,1.6243282942030703,21.89810000000034,19.036017999999785,10.896017999999913,35.912884000000304,16.876864999999952,25.016865000000053,0.8692999849301761,0.49757823738131357,1.6399999999999884,0.7706999694037241,1.142421716952597
Belgium,BE,2026-04,2026-04-01,belgium__non_profit_sector,Belgique · secteur non-marchand (Maribel social),Belgium · non-profit sector (Maribel social),1.35,2956.2435,0.1307,0.25,386.381025,739.060875,221.718263,104.946644,33.9968,25.719318,261.923174,112.337253,69.471722,43.161155,29.562435,8.868731,213.736405,170.226368,510.679105,254.579985,177.09912,8868.7305,568.834507,0.19241801518266902,2569.862475,2569.86,30838.32,6070.0,24768.32,7918.89,4930.91,410.91,2158.952475,3525.078007,955.215532,1366.125532,1.3716990856812021,1.6327723969011472,21.898099999999886,19.036019000000124,10.886019000000033,35.91288399999985,16.876866000000064,25.026865999999927,0.8693000305962719,0.49712162242386737,1.6400000000000017,0.7707000150698075,1.1428784232422018
Belgium,BE,2026-04,2026-04-01,belgium__non_profit_sector,Belgique · secteur non-marchand (Maribel social),Belgium · non-profit sector (Maribel social),1.36,2978.1416,0.1307,0.25,389.243107,744.5354,223.36062,105.724027,34.248628,25.909832,263.863346,113.169381,69.986328,43.480867,29.781416,8.934425,215.319638,161.686109,485.058328,239.470296,166.588032,8934.4248,582.849291,0.19570905918867884,2588.898493,2588.9,31066.8,6070.0,24996.8,8016.68,5028.7,419.06,2169.838493,3560.990891,972.092398,1391.152398,1.3754849409739776,1.6411317719505505,21.898099999999886,19.03601800000024,10.88601800000015,35.91288399999985,16.87686599999995,25.026865999999927,0.8692999849302149,0.4971215767578103,1.6400000000000017,0.7707000150698023,1.1428784232422018
Belgium,BE,2026-04,2026-04-01,belgium__non_profit_sector,Belgique · secteur non-marchand (Maribel social),Belgium · non-profit sector (Maribel social),1.37,3000.0397,0.1307,0.25,392.105189,750.009925,225.002978,106.501409,34.500457,26.100345,265.803517,114.001509,70.500933,43.80058,30.000397,9.000119,216.90287,153.14585,459.437551,224.360607,156.076944,9000.1191,596.864075,0.19895205875664465,2607.934511,2607.93,31295.16,6070.0,25225.16,8114.42,5126.44,427.2,2180.734511,3596.903775,988.969263,1416.169263,1.3792155283062748,1.6494001246721648,21.898099999999886,19.036017999999785,10.896017999999913,35.912884000000304,16.876864999999952,25.016865000000053,0.8692999849301941,0.49757823738132395,1.6400000000000223,0.7706999694037401,1.1424217169526207
Belgium,BE,2026-04,2026-04-01,belgium__non_profit_sector,Belgique · secteur non-marchand (Maribel social),Belgium · non-profit sector (Maribel social),1.38,3021.9378,0.1307,0.25,394.96727,755.48445,226.645335,107.278792,34.752285,26.290859,267.743689,114.833636,71.015538,44.120292,30.219378,9.065813,218.486103,144.605591,433.816774,209.250918,145.565856,9065.8134,610.878859,0.20214805833087185,2626.97053,2626.97,31523.64,6070.0,25453.64,8212.21,5224.23,435.35,2191.62053,3632.816659,1005.846129,1441.196129,1.382892049155495,1.6575938259846286,21.89810000000034,19.036019000000124,10.886019000000033,35.91288399999985,16.876866000000064,25.026865999999927,0.8693000305962539,0.49712162242385705,1.6399999999999677,0.7707000150697915,1.142878423242178
Belgium,BE,2026-04,2026-04-01,belgium__non_profit_sector,Belgique · secteur non-marchand (Maribel social),Belgium · non-profit sector (Maribel social),1.39,3043.8359,0.1307,0.25,397.829352,760.958975,228.287693,108.056174,35.004113,26.481372,269.683861,115.665764,71.530144,44.440004,30.438359,9.131508,220.069336,136.065332,408.195997,194.141229,135.054768,9131.5077,624.893643,0.20529807229971445,2646.006548,2646.01,31752.12,6070.0,25682.12,8310.0,5322.02,443.5,2202.506548,3668.729543,1022.722995,1466.222995,1.386515670424151,1.6657065315944786,21.898099999999886,19.036017999999785,10.886017999999694,35.91288399999985,16.87686599999995,25.026866000000155,0.8692999849301941,0.49712157675778956,1.6400000000000017,0.7707000150698023,1.1428784232422122
Belgium,BE,2026-04,2026-04-01,belgium__non_profit_sector,Belgique · secteur non-marchand (Maribel social),Belgium · non-profit sector (Maribel social),1.4,3065.734,0.1307,0.25,400.691434,766.4335,229.93005,108.833557,35.255941,26.671886,271.624032,116.497892,72.044749,44.759716,30.65734,9.197202,221.652568,127.525073,382.57522,179.03154,124.54368,9197.202,638.908427,0.20840308606900224,2665.042566,2665.04,31980.48,6070.0,25910.48,8407.74,5419.76,451.65,2213.392566,3704.642427,1039.59986,1491.24986,1.3900875256746834,1.673739436573096,21.898099999999886,19.03601800000024,10.88601800000015,35.912884000000304,16.876865000000066,25.026864999999816,0.8692999849302149,0.4971215767578103,1.6400000000000223,0.7706999694037453,1.1428783775761342
Belgium,BE,2026-04,2026-04-01,belgium__non_profit_sector,Belgique · secteur non-marchand (Maribel social),Belgium · non-profit sector (Maribel social),1.41,3087.6321,0.1307,0.25,403.553515,771.908025,231.572408,109.61094,35.507769,26.862399,273.564204,117.33002,72.559354,45.079429,30.876321,9.262896,223.235801,118.984814,356.954443,163.921851,114.032592,9262.8963,652.923211,0.2114640570897895,2684.078585,2684.08,32208.96,6070.0,26138.96,8505.52,5517.54,459.8,2224.278585,3740.555311,1056.476726,1516.276726,1.3936087163117332,1.6816937125962859,21.898099999999886,19.036019000000124,10.886019000000033,35.91288399999985,16.876866000000064,25.026866000000155,0.8693000305962719,0.49712162242386737,1.6400000000000017,0.7707000150698075,1.1428784232422122
Belgium,BE,2026-04,2026-04-01,belgium__non_profit_sector,Belgique · secteur non-marchand (Maribel social),Belgium · non-profit sector (Maribel social),1.42,3109.5302,0.1307,0.25,406.415597,777.38255,233.214765,110.388322,35.759597,27.052913,275.504376,118.162148,73.07396,45.399141,31.095302,9.328591,224.819033,110.444555,331.333666,148.812162,103.521504,9328.5906,666.937995,0.21448191584267826,2703.114603,2703.11,32437.32,6070.0,26367.32,8603.26,5615.28,467.94,2235.174603,3776.468195,1073.353592,1541.293592,1.397080312714458,1.6895629495049365,21.89810000000034,19.036017999999785,10.896017999999913,35.91288399999985,16.876865999999836,25.016865999999936,0.8692999849301761,0.49757823738131357,1.6399999999999677,0.7707000150697811,1.142421762618654
Belgium,BE,2026-04,2026-04-01,belgium__non_profit_sector,Belgique · secteur non-marchand (Maribel social),Belgium · non-profit sector (Maribel social),1.43,3131.4283,0.1307,0.25,409.277679,782.857075,234.857123,111.165705,36.011425,27.243426,277.444547,118.994275,73.588565,45.718853,31.314283,9.394285,226.402266,101.904296,305.712889,133.702473,93.010416,9394.2849,680.952779,0.2174575667808413,2722.150621,2722.15,32665.8,6070.0,26595.8,8701.05,5713.07,476.09,2246.060621,3812.381079,1090.230457,1566.320457,1.4005033553213406,1.697363393801368,21.898099999999886,19.036017999999785,10.88601800000015,35.912884000000304,16.876864999999952,25.026865000000043,0.8692999849301941,0.4971215767578103,1.6400000000000223,0.7706999694037401,1.1428783775761446
Belgium,BE,2026-04,2026-04-01,belgium__non_profit_sector,Belgique · secteur non-marchand (Maribel social),Belgium · non-profit sector (Maribel social),1.44,3153.3264,0.1307,0.25,412.13976,788.3316,236.49948,111.943087,36.263254,27.43394,279.384719,119.826403,74.10317,46.038565,31.533264,9.459979,227.985499,93.364037,280.092112,118.592784,82.499328,9459.9792,694.967563,0.22039188923375222,2741.18664,2741.19,32894.28,6070.0,26824.28,8798.84,5810.86,484.24,2256.94664,3848.293963,1107.107323,1591.347323,1.4038788556697943,1.7050885897262993,21.898099999999886,19.036019000000124,10.886019000000033,35.91288399999985,16.876866000000064,25.026865999999927,0.8693000305962719,0.49712162242386737,1.6400000000000017,0.7707000150698075,1.1428784232422018
Belgium,BE,2026-04,2026-04-01,belgium__non_profit_sector,Belgique · secteur non-marchand (Maribel social),Belgium · non-profit sector (Maribel social),1.45,3175.2245,0.1307,0.25,415.001842,793.806125,238.141838,112.72047,36.515082,27.624453,281.324891,120.658531,74.617776,46.358278,31.752245,9.525674,229.568731,84.823778,254.471335,103.483095,71.98824,9525.6735,708.982347,0.22328573827351939,2760.222658,2760.22,33122.64,6070.0,27052.64,8896.58,5908.6,492.38,2267.842658,3884.206847,1123.984189,1616.364189,1.407207797392752,1.7127320686123086,21.898099999999886,19.03601800000024,10.896017999999913,35.91288399999985,16.876866000000064,25.016865999999936,0.8692999849302149,0.49757823738132395,1.6400000000000017,0.7707000150698075,1.1424217626186777
Belgium,BE,2026-04,2026-04-01,belgium__non_profit_sector,Belgique · secteur non-marchand (Maribel social),Belgium · non-profit sector (Maribel social),1.46,3197.1226,0.1307,0.25,417.863924,799.28065,239.784195,113.497852,36.76691,27.814967,283.265062,121.490659,75.132381,46.67799,31.971226,9.591368,231.151964,76.283519,228.850558,88.373406,61.477152,9591.3678,722.997131,0.22613994554561861,2779.258676,2779.26,33351.12,6070.0,27281.12,8994.37,6006.39,500.53,2278.728676,3920.119731,1140.861054,1641.391054,1.4104911371742996,1.7203100007668535,21.89810000000034,19.036017999999785,10.88601800000015,35.91288399999985,16.876864999999952,25.026865000000043,0.8692999849301761,0.4971215767578,1.6399999999999677,0.7706999694037241,1.1428783775761209
Belgium,BE,2026-04,2026-04-01,belgium__non_profit_sector,Belgique · secteur non-marchand (Maribel social),Belgium · non-profit sector (Maribel social),1.47,3219.0207,0.1307,0.25,420.726005,804.755175,241.426553,114.275235,37.018738,28.00548,285.205234,122.322787,75.646986,46.997702,32.190207,9.657062,232.735197,67.74326,203.229781,73.263717,50.966064,9657.0621,737.011915,0.2289553200657164,2798.294695,2798.29,33579.48,6070.0,27509.48,9092.11,6104.13,508.68,2289.614695,3956.032615,1157.73792,1666.41792,1.4137298056663021,1.7278158740649137,21.898099999999886,19.036019000000124,10.886019000000033,35.912884000000304,16.876866000000064,25.026866000000155,0.8693000305962719,0.49712162242386737,1.6400000000000223,0.7707000150698075,1.1428784232422122
Belgium,BE,2026-04,2026-04-01,belgium__non_profit_sector,Belgique · secteur non-marchand (Maribel social),Belgium · non-profit sector (Maribel social),1.48,3240.9188,0.1307,0.25,423.588087,810.2297,243.06891,115.052617,37.270566,28.195994,287.145406,123.154914,76.161592,47.317414,32.409188,9.722756,234.318429,59.203001,177.609004,58.154028,40.454976,9722.7564,751.026699,0.23173264898419135,2817.330713,2817.33,33807.96,6070.0,27737.96,9189.9,6201.92,516.83,2300.500713,3991.945499,1174.614786,1691.444786,1.4169247083678724,1.7352507114586175,21.898099999999886,19.036017999999785,10.886017999999694,35.91288399999985,16.876866000000064,25.026865999999927,0.8692999849301941,0.49712157675778956,1.6400000000000017,0.7707000150698075,1.1428784232422018
Belgium,BE,2026-04,2026-04-01,belgium__non_profit_sector,Belgique · secteur non-marchand (Maribel social),Belgium · non-profit sector (Maribel social),1.49,3262.8169,0.1307,0.25,426.450169,815.704225,244.711268,115.83,37.522394,28.386507,289.085577,123.987042,76.676197,47.637127,32.628169,9.788451,235.901662,50.662742,151.988227,43.044339,29.943888,9788.4507,765.041483,0.2344726983198679,2836.366731,2836.37,34036.44,6070.0,27966.44,9287.69,6299.71,524.98,2311.386731,4027.858383,1191.491651,1716.471651,1.4200767264694214,1.7426155166287585,21.898099999999886,19.03601800000024,10.88601800000015,35.91288399999985,16.876864999999952,25.026865000000043,0.8692999849302149,0.4971215767578103,1.6400000000000017,0.7706999694037401,1.1428783775761446
Belgium,BE,2026-04,2026-04-01,belgium__non_profit_sector,Belgique · secteur non-marchand (Maribel social),Belgium · non-profit sector (Maribel social),1.5,3284.715,0.1307,0.25,429.312251,821.17875,246.353625,116.607383,37.774223,28.577021,291.025749,124.81917,77.190803,47.956839,32.84715,9.854145,237.484895,42.122483,126.36745,27.93465,19.4328,9854.145,779.056267,0.23717621366440214,2855.40275,2855.41,34264.92,6070.0,28194.92,9385.48,6397.5,533.13,2322.27275,4063.771267,1208.368517,1741.498517,1.4231867176629496,1.7499112744364858,21.89810000000034,19.036019000000124,10.886019000000033,35.912884000000304,16.876866000000064,25.026865999999927,0.8693000305962539,0.49712162242385705,1.6399999999999884,0.7707000150697915,1.142878423242178
Belgium,BE,2026-04,2026-04-01,belgium__non_profit_sector,Belgique · secteur non-marchand (Maribel social),Belgium · non-profit sector (Maribel social),1.51,3306.6131,0.1307,0.25,432.174332,826.653275,247.995983,117.384765,38.026051,28.767534,292.965921,125.651298,77.705408,48.276551,33.066131,9.919839,239.068127,33.582224,100.746673,12.824961,8.921712,9919.8393,793.071051,0.2398439208586776,2874.438768,2874.44,34493.28,6070.0,28423.28,9483.21,6495.23,541.27,2333.168768,4099.684151,1225.245383,1766.515383,1.42625551692014,1.7571314202356831,21.898099999999886,19.036017999999785,10.896017999999913,35.912884000000304,16.876865999999836,25.016865999999936,0.8692999849301941,0.49757823738132395,1.6400000000000223,0.7707000150697971,1.1424217626186777
Belgium,BE,2026-04,2026-04-01,belgium__non_profit_sector,Belgique · secteur non-marchand (Maribel social),Belgium · non-profit sector (Maribel social),1.52,3328.5112,0.1307,0.25,435.036414,832.1278,249.63834,118.162148,38.277879,28.958047,294.906092,126.483426,78.220013,48.596264,33.285112,9.985534,240.65136,26.333333,79.0,0.0,0.0,9985.5336,805.794467,0.24208855498718665,2893.474786,2893.47,34721.64,6070.0,28651.64,9580.95,6592.97,549.41,2344.064786,4134.305667,1240.830881,1790.240881,1.428837633713547,1.7637335329111798,21.898099999999886,19.03601800000024,10.896017999999913,34.62151599999925,15.585498000000143,23.725498000000016,0.8692999849302149,0.49757823738132395,1.581028308392026,0.7117283234618631,1.0834500710107333
Belgium,BE,2026-04,2026-04-01,belgium__non_profit_sector,Belgique · secteur non-marchand (Maribel social),Belgium · non-profit sector (Maribel social),1.53,3350.4093,0.1307,0.25,437.898496,837.602325,251.280698,118.93953,38.529707,29.148561,296.846264,127.315553,78.734619,48.915976,33.504093,10.051228,242.234592,26.333333,79.0,0.0,0.0,10051.2279,811.268992,0.24214026377812006,2912.510804,2912.51,34950.12,6070.0,28880.12,9678.74,6690.76,557.56,2354.950804,4161.678292,1249.167487,1806.727487,1.4288971169655125,1.767203919390554,21.898099999999886,19.036017999999785,10.88601800000015,27.37262499999997,8.336605999999847,16.486606000000165,0.8692999849301941,0.4971215767578103,1.250000000000005,0.38069996940373324,0.7528783775761482
Belgium,BE,2026-04,2026-04-01,belgium__non_profit_sector,Belgique · secteur non-marchand (Maribel social),Belgium · non-profit sector (Maribel social),1.54,3372.3074,0.1307,0.25,440.760577,843.07685,252.923055,119.716913,38.781535,29.339074,298.786436,128.147681,79.249224,49.235688,33.723074,10.116922,243.817825,26.333333,79.0,0.0,0.0,10116.9222,816.743517,0.2421913010263141,2931.546823,2931.55,35178.6,6070.0,29108.6,9776.53,6788.55,565.71,2365.836823,4189.050917,1257.504094,1823.214094,1.4289558277077121,1.7706423690174267,21.89810000000034,19.036019000000124,10.886019000000033,27.37262499999997,8.336606999999958,16.48660699999982,0.8693000305962539,0.49712162242385705,1.2499999999999791,0.38070001506979273,0.7528784232421792
Belgium,BE,2026-04,2026-04-01,belgium__non_profit_sector,Belgique · secteur non-marchand (Maribel social),Belgium · non-profit sector (Maribel social),1.55,3394.2055,0.1307,0.25,443.622659,848.551375,254.565413,120.494295,39.033363,29.529588,300.726607,128.979809,79.763829,49.5554,33.942055,10.182617,245.401058,26.333333,79.0,0.0,0.0,10182.6165,822.218042,0.24224167972937014,2950.582841,2950.59,35407.08,6070.0,29337.08,9874.32,6886.34,573.86,2376.722841,4216.423542,1265.840701,1839.700701,1.4290137808919479,1.7740493206294556,21.898099999999886,19.036017999999785,10.886017999999694,27.37262500000088,8.336607000000186,16.48660700000005,0.8692999849301941,0.49712157675778956,1.2500000000000466,0.38070001506981105,0.7528784232422052
Belgium,BE,2026-04,2026-04-01,belgium__non_profit_sector,Belgique · secteur non-marchand (Maribel social),Belgium · non-profit sector (Maribel social),1.56,3416.1036,0.1307,0.25,446.484741,854.0259,256.20777,121.271678,39.285191,29.720101,302.666779,129.811937,80.278435,49.875113,34.161036,10.248311,246.98429,26.333333,79.0,0.0,0.0,10248.3108,827.692567,0.24229141255161776,2969.618859,2969.62,35635.44,6070.0,29565.44,9975.56,6987.58,582.3,2387.318859,4243.796167,1274.177307,1856.477307,1.429070991086642,1.7776411181165133,21.898099999999886,19.03601800000024,10.596018000000186,27.37262499999997,8.336605999999847,16.77660600000013,0.8692999849302149,0.4838784186756039,1.250000000000005,0.38069996940373324,0.7661215356583547
Belgium,BE,2026-04,2026-04-01,belgium__non_profit_sector,Belgique · secteur non-marchand (Maribel social),Belgium · non-profit sector (Maribel social),1.57,3438.0017,0.1307,0.25,449.346822,859.500425,257.850128,122.04906,39.53702,29.910615,304.606951,130.644065,80.79304,50.194825,34.380017,10.314005,248.567523,26.333333,79.0,0.0,0.0,10314.0051,833.167092,0.2423405118347285,2988.654878,2988.65,35863.8,6070.0,29793.8,10085.51,7097.53,591.46,2397.194878,4271.168792,1282.513914,1873.973914,1.429127472489047,1.781736158041798,21.898099999999886,19.03601899999967,9.876018999999815,27.37262499999997,8.336607000000186,17.496606999999813,0.8693000305962512,0.4509988994478912,1.250000000000005,0.38070001506981105,0.7990011462181607
Belgium,BE,2026-04,2026-04-01,belgium__non_profit_sector,Belgique · secteur non-marchand (Maribel social),Belgium · non-profit sector (Maribel social),1.58,3459.8998,0.1307,0.25,452.208904,864.97495,259.492485,122.826443,39.788848,30.101128,306.547122,131.476192,81.307645,50.514537,34.598998,10.379699,250.150756,26.333333,79.0,0.0,0.0,10379.6994,838.641617,0.2423889896079264,3007.690896,3007.69,36092.28,6070.0,30022.28,10195.53,7207.55,600.63,2407.060896,4298.541417,1290.850521,1891.480521,1.4291832389369912,1.7858050137243617,21.89810000000034,19.03601800000024,9.866018000000167,27.37262499999997,8.336606999999958,17.50660700000003,0.8692999849301969,0.4505421931583112,1.2499999999999791,0.38070001506979273,0.7994578068416784
Belgium,BE,2026-04,2026-04-01,belgium__non_profit_sector,Belgique · secteur non-marchand (Maribel social),Belgium · non-profit sector (Maribel social),1.59,3481.7979,0.1307,0.25,455.070986,870.449475,261.134843,123.603825,40.040676,30.291642,308.487294,132.30832,81.822251,50.834249,34.817979,10.445394,251.733988,26.333333,79.0,0.0,0.0,10445.3937,844.116142,0.24243685759781367,3026.726914,3026.73,36320.76,6070.0,30250.76,10305.54,7317.56,609.8,2416.926914,4325.914042,1299.187127,1908.987127,1.4292383039201815,1.7898406508561233,21.898099999999886,19.036017999999785,9.866018000000167,27.37262499999997,8.336605999999847,17.506606000000147,0.8692999849301941,0.45054219315832056,1.250000000000005,0.38069996940373324,0.799457761175638
Belgium,BE,2026-04,2026-04-01,belgium__non_profit_sector,Belgique · secteur non-marchand (Maribel social),Belgium · non-profit sector (Maribel social),1.6,3503.696,0.1307,0.25,457.933067,875.924,262.7772,124.381208,40.292504,30.482155,310.427466,133.140448,82.336856,51.153962,35.03696,10.511088,253.317221,26.333333,79.0,0.0,0.0,10511.088,849.590667,0.2424841272378273,3045.762933,3045.77,36549.24,6070.0,30479.24,10415.55,7427.57,618.96,2426.802933,4353.286667,1307.523734,1926.483734,1.429292680591082,1.7938360827856452,21.898099999999886,19.036019000000124,9.876018999999815,27.37262499999997,8.336607000000186,17.496606999999813,0.8693000305962719,0.4509988994478912,1.250000000000005,0.38070001506981105,0.7990011462181607
Belgium,BE,2026-04,2026-04-01,belgium__non_profit_sector,Belgique · secteur non-marchand (Maribel social),Belgium · non-profit sector (Maribel social),1.61,3525.5941,0.1307,0.25,460.795149,881.398525,264.419558,125.158591,40.544332,30.672669,312.367637,133.972576,82.851461,51.473674,35.255941,10.576782,254.900453,26.333333,79.0,0.0,0.0,10576.7823,855.065192,0.24253080967734392,3064.798951,3064.79,36777.48,6070.0,30707.48,10525.45,7537.47,628.12,2436.678951,4380.659292,1315.860341,1943.980341,1.4293463817753869,1.7977991272240248,21.898099999999886,19.03601800000024,9.876017999999931,27.37262499999997,8.336606999999958,17.49660700000004,0.8692999849302149,0.45099885378183413,1.250000000000005,0.38070001506980067,0.7990011462181711
Belgium,BE,2026-04,2026-04-01,belgium__non_profit_sector,Belgique · secteur non-marchand (Maribel social),Belgium · non-profit sector (Maribel social),1.62,3547.4922,0.1307,0.25,463.657231,886.87305,266.061915,125.935973,40.79616,30.863182,314.307809,134.804704,83.366067,51.793386,35.474922,10.642477,256.483686,26.333333,79.0,0.0,0.0,10642.4766,860.539717,0.24257691579044674,3083.834969,3083.83,37005.96,6070.0,30935.96,10635.46,7647.48,637.29,2446.544969,4408.031917,1324.196947,1961.486947,1.4293994199821083,1.8017375407735117,21.89810000000034,19.036017999999785,9.866018000000167,27.37262499999997,8.336605999999847,17.506606000000147,0.8692999849301761,0.4505421931583112,1.2499999999999791,0.3806999694037253,0.7994577611756214
Belgium,BE,2026-04,2026-04-01,belgium__non_profit_sector,Belgique · secteur non-marchand (Maribel social),Belgium · non-profit sector (Maribel social),1.63,3569.3903,0.1307,0.25,466.519312,892.347575,267.704273,126.713356,41.047988,31.053696,316.247981,135.636831,83.880672,52.113098,35.693903,10.708171,258.066919,26.333333,79.0,0.0,0.0,10708.1709,866.014242,0.24262245618437037,3102.870988,3102.87,37234.44,6070.0,31164.44,10745.48,7757.5,646.46,2456.410988,4435.404542,1332.533554,1978.993554,1.429451807413287,1.8056443175484818,21.898099999999886,19.036019000000124,9.866019000000051,27.37262499999997,8.336607000000186,17.506606999999804,0.8693000305962719,0.45054223882437755,1.250000000000005,0.38070001506981105,0.7994578068416847
Belgium,BE,2026-04,2026-04-01,belgium__non_profit_sector,Belgique · secteur non-marchand (Maribel social),Belgium · non-profit sector (Maribel social),1.64,3591.2884,0.1307,0.25,469.381394,897.8221,269.34663,127.490738,41.299817,31.244209,318.188152,136.468959,84.395277,52.432811,35.912884,10.773865,259.650151,26.333333,79.0,0.0,0.0,10773.8652,871.488767,0.24266744120763642,3121.907006,3121.91,37462.92,6070.0,31392.92,10855.49,7867.51,655.63,2466.277006,4462.777167,1340.870161,1996.500161,1.4295035559733538,1.8095198372252612,21.898099999999886,19.036017999999785,9.866017999999713,27.37262499999997,8.336606999999958,17.50660700000003,0.8692999849301941,0.45054219315829974,1.250000000000005,0.38070001506980067,0.7994578068416951
Belgium,BE,2026-04,2026-04-01,belgium__non_profit_sector,Belgique · secteur non-marchand (Maribel social),Belgium · non-profit sector (Maribel social),1.65,3613.1865,0.1307,0.25,472.243476,903.296625,270.988988,128.268121,41.551645,31.434723,320.128324,137.301087,84.909883,52.752523,36.131865,10.83956,261.233384,26.333333,79.0,0.0,0.0,10839.5595,876.963292,0.24271188095789314,3140.943024,3140.95,37691.4,6070.0,31621.4,10965.5,7977.52,664.79,2476.153024,4490.149792,1349.206767,2013.996767,1.4295546772781471,1.813357150115556,21.898099999999886,19.03601800000024,9.876018000000386,27.37262499999997,8.336605999999847,17.496606000000156,0.8692999849302149,0.4509988537818549,1.250000000000005,0.38069996940373324,0.799001100552114
Belgium,BE,2026-04,2026-04-01,belgium__non_profit_sector,Belgique · secteur non-marchand (Maribel social),Belgium · non-profit sector (Maribel social),1.66,3635.0846,0.1307,0.25,475.105557,908.77115,272.631345,129.045503,41.803473,31.625236,322.068496,138.133215,85.424488,53.072235,36.350846,10.905254,262.816617,26.333333,79.0,0.0,0.0,10905.2538,882.437817,0.24275578528947211,3159.979043,3159.97,37919.64,6070.0,31849.64,11075.4,8087.42,673.95,2486.029043,4517.522417,1357.543374,2031.493374,1.4296051826636054,1.817163974727725,21.89810000000034,19.03601899999967,9.876018999999815,27.37262499999997,8.336607000000186,17.496606999999813,0.8693000305962332,0.45099889944788185,1.2499999999999791,0.3807000150698031,0.7990011462181441
Belgium,BE,2026-04,2026-04-01,belgium__non_profit_sector,Belgique · secteur non-marchand (Maribel social),Belgium · non-profit sector (Maribel social),1.67,3656.9827,0.1307,0.25,477.967639,914.245675,274.273703,129.822886,42.055301,31.815749,324.008667,138.965343,85.939093,53.391947,36.569827,10.970948,264.399849,26.333333,79.0,0.0,0.0,10970.9481,887.912342,0.24279916382067288,3179.015061,3179.01,38148.12,6070.0,32078.12,11185.41,8197.43,683.12,2495.895061,4544.895042,1365.879981,2048.999981,1.429655083194148,1.8209479687200525,21.898099999999886,19.03601800000024,9.866018000000167,27.37262499999997,8.336606999999958,17.50660700000003,0.8692999849302149,0.45054219315832056,1.250000000000005,0.38070001506980067,0.7994578068416951
Belgium,BE,2026-04,2026-04-01,belgium__non_profit_sector,Belgique · secteur non-marchand (Maribel social),Belgium · non-profit sector (Maribel social),1.68,3678.8808,0.1307,0.25,480.829721,919.7202,275.91606,130.600268,42.307129,32.006263,325.948839,139.79747,86.453699,53.71166,36.788808,11.036642,265.983082,26.333333,79.0,0.0,0.0,11036.6424,893.386867,0.24284202594078794,3198.051079,3198.05,38376.6,6070.0,32306.6,11295.43,8307.45,692.29,2505.761079,4572.267667,1374.216587,2066.506587,1.4297043896707557,1.8247021650158683,21.898099999999886,19.036017999999785,9.866017999999713,27.37262499999997,8.336605999999847,17.50660599999992,0.8692999849301941,0.45054219315829974,1.250000000000005,0.38069996940373324,0.7994577611756276
Belgium,BE,2026-04,2026-04-01,belgium__non_profit_sector,Belgique · secteur non-marchand (Maribel social),Belgium · non-profit sector (Maribel social),1.69,3700.7789,0.1307,0.25,483.691802,925.194725,277.558418,131.377651,42.558957,32.196776,327.889011,140.629598,86.968304,54.031372,37.007789,11.102337,267.566314,26.333333,79.0,0.0,0.0,11102.3367,898.861392,0.24288438081687794,3217.087098,3217.09,38605.08,6070.0,32535.08,11405.44,8417.46,701.46,2515.627098,4599.640292,1382.553194,2084.013194,1.4297531126387646,1.8284269142052332,21.898099999999886,19.036019000000124,9.866019000000051,27.37262499999997,8.336607000000186,17.50660700000026,0.8693000305962719,0.45054223882437755,1.250000000000005,0.38070001506981105,0.7994578068417054
Belgium,BE,2026-04,2026-04-01,belgium__non_profit_sector,Belgique · secteur non-marchand (Maribel social),Belgium · non-profit sector (Maribel social),1.7,3722.677,0.1307,0.25,486.553884,930.66925,279.200775,132.155034,42.810786,32.38729,329.829182,141.461726,87.48291,54.351084,37.22677,11.168031,269.149547,26.333333,79.0,0.0,0.0,11168.031,904.335917,0.24292623740030805,3236.123116,3236.13,38833.56,6070.0,32763.56,11515.45,8527.47,710.62,2525.503116,4627.012917,1390.889801,2101.509801,1.429801262395385,1.8321153069143374,21.89810000000034,19.03601800000024,9.876017999999931,27.37262499999997,8.336606999999958,17.49660700000004,0.8692999849301969,0.4509988537818248,1.2499999999999791,0.38070001506979273,0.7990011462181544
Belgium,BE,2026-04,2026-04-01,belgium__non_profit_sector,Belgique · secteur non-marchand (Maribel social),Belgium · non-profit sector (Maribel social),1.71,3744.5751,0.1307,0.25,489.415966,936.143775,280.843133,132.932416,43.062614,32.577803,331.769354,142.293854,87.997515,54.670796,37.445751,11.233725,270.73278,26.333333,79.0,0.0,0.0,11233.7253,909.810442,0.2429676044330548,3255.159134,3255.16,39061.92,6070.0,32991.92,11625.41,8637.43,719.79,2535.369134,4654.385542,1399.226407,2119.016407,1.429848848996957,1.8357822056207458,21.898099999999886,19.036017999999785,9.866018000000167,27.37262499999997,8.336606000000074,17.50660599999992,0.8692999849301941,0.45054219315832056,1.250000000000005,0.3806999694037436,0.7994577611756276
Belgium,BE,2026-04,2026-04-01,belgium__non_profit_sector,Belgique · secteur non-marchand (Maribel social),Belgium · non-profit sector (Maribel social),1.72,3766.4732,0.1307,0.25,492.278047,941.6183,282.48549,133.709799,43.314442,32.768317,333.709526,143.125982,88.51212,54.990509,37.664732,11.29942,272.316012,26.333333,79.0,0.0,0.0,11299.4196,915.284967,0.24300849045379286,3274.195153,3274.19,39290.28,6070.0,33220.28,11735.36,8747.38,728.95,2545.245153,4681.758167,1407.563014,2136.513014,1.4298958822659529,1.839413449659215,21.898099999999886,19.036019000000124,9.876018999999815,27.37262499999997,8.336606999999958,17.49660700000004,0.8693000305962719,0.4509988994478912,1.250000000000005,0.38070001506980067,0.7990011462181711
Belgium,BE,2026-04,2026-04-01,belgium__non_profit_sector,Belgique · secteur non-marchand (Maribel social),Belgium · non-profit sector (Maribel social),1.73,3788.3713,0.1307,0.25,495.140129,947.092825,284.127848,134.487181,43.56627,32.95883,335.649697,143.958109,89.026726,55.310221,37.883713,11.365114,273.899245,26.333333,79.0,0.0,0.0,11365.1139,920.759492,0.24304890380377092,3293.231171,3293.23,39518.76,6070.0,33448.76,11845.38,8857.4,738.12,2555.111171,4709.130792,1415.899621,2154.019621,1.4299423717977349,1.8430238358896027,21.898099999999886,19.036017999999785,9.866018000000167,27.37262499999997,8.336606999999958,17.506606999999804,0.8692999849301941,0.45054219315832056,1.250000000000005,0.38070001506980067,0.7994578068416847
Belgium,BE,2026-04,2026-04-01,belgium__non_profit_sector,Belgique · secteur non-marchand (Maribel social),Belgium · non-profit sector (Maribel social),1.74,3810.2694,0.1307,0.25,498.002211,952.56735,285.770205,135.264564,43.818098,33.149344,337.589869,144.790237,89.541331,55.629933,38.102694,11.430808,275.482478,26.333333,79.0,0.0,0.0,11430.8082,926.234017,0.2430888526324849,3312.267189,3312.27,39747.24,6070.0,33677.24,11955.39,8967.41,747.28,2564.987189,4736.503417,1424.236227,2171.516227,1.4299883269670826,1.846599248605875,21.89810000000034,19.03601800000024,9.876017999999931,27.37262499999997,8.336606000000074,17.496606000000156,0.8692999849301969,0.4509988537818248,1.2499999999999791,0.3806999694037357,0.7990011005520974
Belgium,BE,2026-04,2026-04-01,belgium__non_profit_sector,Belgique · secteur non-marchand (Maribel social),Belgium · non-profit sector (Maribel social),1.75,3832.1675,0.1307,0.25,500.864292,958.041875,287.412563,136.041946,44.069926,33.339857,339.530041,145.622365,90.055936,55.949646,38.321675,11.496503,277.06571,26.333333,79.0,0.0,0.0,11496.5025,931.708542,0.2431283449031564,3331.303208,3331.31,39975.72,6070.0,33905.72,12065.4,9077.42,756.45,2574.853208,4763.876042,1432.572834,2189.022834,1.4300337569344947,1.8501544194162094,21.898099999999886,19.03601899999967,9.866019000000051,27.37262499999997,8.336606999999958,17.506606999999804,0.8693000305962512,0.45054223882437755,1.250000000000005,0.38070001506980067,0.7994578068416847
Belgium,BE,2026-04,2026-04-01,belgium__non_profit_sector,Belgique · secteur non-marchand (Maribel social),Belgium · non-profit sector (Maribel social),1.76,3854.0656,0.1307,0.25,503.726374,963.5164,289.05492,136.819329,44.321754,33.530371,341.470212,146.454493,90.570542,56.269358,38.540656,11.562197,278.648943,26.333333,79.0,0.0,0.0,11562.1968,937.183067,0.24316738839802485,3350.339226,3350.34,40204.08,6070.0,34134.08,12175.36,9187.38,765.62,2584.719226,4791.248667,1440.909441,2206.529441,1.4300786706522775,1.8536824496535746,21.898099999999886,19.03601800000024,9.866018000000167,27.37262499999997,8.336606999999958,17.50660700000026,0.8692999849302149,0.45054219315832056,1.250000000000005,0.38070001506980067,0.7994578068417054
Belgium,BE,2026-04,2026-04-01,belgium__non_profit_sector,Belgique · secteur non-marchand (Maribel social),Belgium · non-profit sector (Maribel social),1.77,3875.9637,0.1307,0.25,506.588456,968.990925,290.697278,137.596711,44.573583,33.720884,343.410384,147.286621,91.085147,56.58907,38.759637,11.627891,280.232176,26.333333,79.0,0.0,0.0,11627.8911,942.657592,0.24320599072345972,3369.375244,3369.37,40432.44,6070.0,34362.44,12285.31,9297.33,774.78,2594.595244,4818.621292,1449.246047,2224.026047,1.4301230768704243,1.857176491033923,21.898099999999886,19.036017999999785,9.876017999999931,27.37262499999997,8.336606000000074,17.4966059999997,0.8692999849301941,0.45099885378183413,1.250000000000005,0.3806999694037436,0.7990011005520933
Belgium,BE,2026-04,2026-04-01,belgium__non_profit_sector,Belgique · secteur non-marchand (Maribel social),Belgium · non-profit sector (Maribel social),1.78,3897.8618,0.1307,0.25,509.450537,974.46545,292.339635,138.374094,44.825411,33.911398,345.350555,148.118748,91.599752,56.908782,38.978618,11.693585,281.815408,26.333333,79.0,0.0,0.0,11693.5854,948.132117,0.24324415931490095,3388.411263,3388.41,40660.92,6070.0,34590.92,12395.33,9407.35,783.95,2604.461263,4845.993917,1457.582654,2241.532654,1.4301669841422995,1.860651178036137,21.89810000000034,19.036019000000124,9.866019000000051,27.37262499999997,8.336606999999958,17.50660700000026,0.8693000305962539,0.4505422388243682,1.2499999999999791,0.38070001506979273,0.7994578068416889
Belgium,BE,2026-04,2026-04-01,belgium__non_profit_sector,Belgique · secteur non-marchand (Maribel social),Belgium · non-profit sector (Maribel social),1.79,3919.7599,0.1307,0.25,512.312619,979.939975,293.981993,139.151476,45.077239,34.101911,347.290727,148.950876,92.114358,57.228495,39.197599,11.75928,283.398641,26.333333,79.0,0.0,0.0,11759.2797,953.606642,0.24328190144163336,3407.447281,3407.45,40889.4,6070.0,34819.4,12505.34,9517.36,793.11,2614.337281,4873.366542,1465.919261,2259.029261,1.4302104008301315,1.8640925090094296,21.898099999999886,19.03601800000024,9.876017999999931,27.37262499999997,8.336606999999958,17.49660700000004,0.8692999849302149,0.45099885378183413,1.250000000000005,0.38070001506980067,0.7990011462181711
Belgium,BE,2026-04,2026-04-01,belgium__non_profit_sector,Belgique · secteur non-marchand (Maribel social),Belgium · non-profit sector (Maribel social),1.8,3941.658,0.1307,0.25,515.174701,985.4145,295.62435,139.928859,45.329067,34.292425,349.230899,149.783004,92.628963,57.548207,39.41658,11.824974,284.981873,26.333333,79.0,0.0,0.0,11824.974,959.081167,0.24331922421140206,3426.483299,3426.49,41117.88,6070.0,35047.88,12615.35,9627.37,802.28,2624.203299,4900.739167,1474.255867,2276.535867,1.430253335110321,1.8675150541069647,21.898099999999886,19.036017999999785,9.866017999999713,27.37262499999997,8.336606000000074,17.50660599999992,0.8692999849301941,0.45054219315829974,1.250000000000005,0.3806999694037436,0.7994577611756276
Belgium,BE,2026-04,2026-04-01,belgium__non_profit_sector,Belgique · secteur non-marchand (Maribel social),Belgium · non-profit sector (Maribel social),1.81,3963.5561,0.1307,0.25,518.036782,990.889025,297.266708,140.706242,45.580895,34.482938,351.17107,150.615132,93.143568,57.867919,39.635561,11.890668,286.565106,26.333333,79.0,0.0,0.0,11890.6683,964.555692,0.24335613457487498,3445.519318,3445.52,41346.24,6070.0,35276.24,12725.31,9737.33,811.44,2634.079318,4928.111792,1482.592474,2294.032474,1.4302957949785748,1.8709048579120315,21.898099999999886,19.036019000000124,9.87601900000027,27.37262499999997,8.336606999999958,17.49660700000004,0.8693000305962719,0.45099889944791194,1.250000000000005,0.38070001506980067,0.7990011462181711
Belgium,BE,2026-04,2026-04-01,belgium__non_profit_sector,Belgique · secteur non-marchand (Maribel social),Belgium · non-profit sector (Maribel social),1.82,3985.4542,0.1307,0.25,520.898864,996.36355,298.909065,141.483624,45.832723,34.673452,353.111242,151.44726,93.658174,58.187631,39.854542,11.956363,288.148339,26.333333,79.0,0.0,0.0,11956.3626,970.030217,0.24339263932995808,3464.555336,3464.55,41574.6,6070.0,35504.6,12835.26,9847.28,820.61,2643.945336,4955.484417,1490.929081,2311.539081,1.4303377882548696,1.8742764266266247,21.89810000000034,19.036017999999785,9.866018000000167,27.37262499999997,8.336606999999958,17.506606999999804,0.8692999849301761,0.4505421931583112,1.2499999999999791,0.38070001506979273,0.799457806841668
Belgium,BE,2026-04,2026-04-01,belgium__non_profit_sector,Belgique · secteur non-marchand (Maribel social),Belgium · non-profit sector (Maribel social),1.83,4007.3523,0.1307,0.25,523.760946,1001.838075,300.551423,142.261007,46.084551,34.863965,355.051414,152.279387,94.172779,58.507344,40.073523,12.022057,289.731571,26.333333,79.0,0.0,0.0,12022.0569,975.504742,0.24342874512596924,3483.591354,3483.59,41803.08,6070.0,35733.08,12945.28,9957.3,829.78,2653.811354,4982.857042,1499.265687,2329.045687,1.430379322588254,1.87762292652185,21.898099999999886,19.03601800000024,9.866017999999713,27.37262499999997,8.336606000000074,17.50660599999992,0.8692999849302149,0.45054219315829974,1.250000000000005,0.3806999694037436,0.7994577611756276
Belgium,BE,2026-04,2026-04-01,belgium__non_profit_sector,Belgique · secteur non-marchand (Maribel social),Belgium · non-profit sector (Maribel social),1.84,4029.2504,0.1307,0.25,526.623027,1007.3126,302.19378,143.038389,46.33638,35.054478,356.991585,153.111515,94.687384,58.827056,40.292504,12.087751,291.314804,26.333333,79.0,0.0,0.0,12087.7512,980.979267,0.24346445846767592,3502.627373,3502.63,42031.56,6070.0,35961.56,13055.29,10067.31,838.94,2663.687373,5010.229667,1507.602294,2346.542294,1.4304204054614928,1.880937574723912,21.898099999999886,19.03601899999967,9.87601900000027,27.37262499999997,8.336606999999958,17.49660700000004,0.8693000305962512,0.45099889944791194,1.250000000000005,0.38070001506980067,0.7990011462181711
Belgium,BE,2026-04,2026-04-01,belgium__non_profit_sector,Belgique · secteur non-marchand (Maribel social),Belgium · non-profit sector (Maribel social),1.85,4051.1485,0.1307,0.25,529.485109,1012.787125,303.836138,143.815772,46.588208,35.244992,358.931757,153.943643,95.20199,59.146768,40.511485,12.153446,292.898037,26.333333,79.0,0.0,0.0,12153.4455,986.453792,0.243499785719202,3521.663391,3521.66,42259.92,6070.0,36189.92,13165.25,10177.27,848.11,2673.553391,5037.602292,1515.938901,2364.048901,1.4304610441955619,1.8842347822678864,21.898099999999886,19.03601800000024,9.866017999999713,27.37262499999997,8.336606999999958,17.50660700000026,0.8692999849302149,0.45054219315829974,1.250000000000005,0.38070001506980067,0.7994578068417054
Belgium,BE,2026-04,2026-04-01,belgium__non_profit_sector,Belgique · secteur non-marchand (Maribel social),Belgium · non-profit sector (Maribel social),1.86,4073.0466,0.1307,0.25,532.347191,1018.26165,305.478495,144.593154,46.840036,35.435505,360.871929,154.775771,95.716595,59.46648,40.730466,12.21914,294.481269,26.333333,79.0,0.0,0.0,12219.1398,991.928317,0.24353473310780846,3540.699409,3540.7,42488.4,6070.0,36418.4,13275.26,10287.28,857.27,2683.429409,5064.974917,1524.275507,2381.545507,1.4305012459539959,1.8875007104572643,21.89810000000034,19.036017999999785,9.876017999999931,27.37262499999997,8.336606000000074,17.4966059999997,0.8692999849301761,0.4509988537818248,1.2499999999999791,0.3806999694037357,0.7990011005520766
Belgium,BE,2026-04,2026-04-01,belgium__non_profit_sector,Belgique · secteur non-marchand (Maribel social),Belgium · non-profit sector (Maribel social),1.87,4094.9447,0.1307,0.25,535.209272,1023.736175,307.120853,145.370537,47.091864,35.626019,362.8121,155.607899,96.2312,59.786193,40.949447,12.284834,296.064502,26.333333,79.0,0.0,0.0,12284.8341,997.402842,0.24356930672755278,3559.735428,3559.73,42716.76,6070.0,36646.76,13385.21,10397.23,866.44,2693.295428,5092.347542,1532.612114,2399.052114,1.4305410177470987,1.8907497073191426,21.898099999999886,19.036019000000124,9.866019000000051,27.37262500000088,8.336606999999958,17.50660700000026,0.8693000305962719,0.45054223882437755,1.2500000000000466,0.38070001506980067,0.7994578068417054
Belgium,BE,2026-04,2026-04-01,belgium__non_profit_sector,Belgique · secteur non-marchand (Maribel social),Belgium · non-profit sector (Maribel social),1.88,4116.8428,0.1307,0.25,538.071354,1029.2107,308.76321,146.147919,47.343692,35.816532,364.752272,156.440026,96.745806,60.105905,41.168428,12.350528,297.647734,26.333333,79.0,0.0,0.0,12350.5284,1002.877367,0.24360351254283177,3578.771446,3578.77,42945.24,6070.0,36875.24,13495.23,10507.25,875.6,2703.171446,5119.720167,1540.948721,2416.548721,1.4305803664360197,1.8939679812639263,21.89810000000034,19.03601800000024,9.876017999999931,27.37262499999997,8.336606999999958,17.49660700000004,0.8692999849301969,0.4509988537818248,1.2499999999999791,0.38070001506979273,0.7990011462181544
Belgium,BE,2026-04,2026-04-01,belgium__non_profit_sector,Belgique · secteur non-marchand (Maribel social),Belgium · non-profit sector (Maribel social),1.89,4138.7409,0.1307,0.25,540.933436,1034.685225,310.405568,146.925302,47.59552,36.007046,366.692444,157.272154,97.260411,60.425617,41.387409,12.416223,299.230967,26.333333,79.0,0.0,0.0,12416.2227,1008.351892,0.2436373563918115,3597.807464,3597.81,43173.72,6070.0,37103.72,13605.24,10617.26,884.77,2713.037464,5147.092792,1549.285327,2434.055327,1.430619298736698,1.8971698176906242,21.89809999999943,19.036017999999785,9.866018000000167,27.37262499999997,8.336606000000074,17.50660599999992,0.8692999849302122,0.4505421931583299,1.250000000000031,0.3806999694037515,0.7994577611756443
Belgium,BE,2026-04,2026-04-01,belgium__non_profit_sector,Belgique · secteur non-marchand (Maribel social),Belgium · non-profit sector (Maribel social),1.9,4160.639,0.1307,0.25,543.795517,1040.15975,312.047925,147.702685,47.847349,36.197559,368.632615,158.104282,97.775017,60.745329,41.60639,12.481917,300.8142,26.333333,79.0,0.0,0.0,12481.917,1013.826417,0.2436708439897493,3616.843483,3616.84,43402.08,6070.0,37332.08,13715.2,10727.22,893.94,2722.903483,5174.465417,1557.621934,2451.561934,1.430657821223685,1.9003484514022237,21.89810000000034,19.036019000000124,9.866019000000051,27.37262499999997,8.336606999999958,17.506606999999804,0.8693000305962539,0.4505422388243682,1.2499999999999791,0.38070001506979273,0.799457806841668
Belgium,BE,2026-04,2026-04-01,belgium__non_profit_sector,Belgique · secteur non-marchand (Maribel social),Belgium · non-profit sector (Maribel social),1.91,4182.5371,0.1307,0.25,546.657599,1045.634275,313.690283,148.480067,48.099177,36.388073,370.572787,158.93641,98.289622,61.065042,41.825371,12.547611,302.397432,26.333333,79.0,0.0,0.0,12547.6113,1019.300942,0.24370398093221138,3635.879501,3635.88,43630.56,6070.0,37560.56,13825.21,10837.23,903.1,2732.779501,5201.838042,1565.958541,2469.058541,1.4306959403338448,1.903497168251615,21.89809999999943,19.036017999999785,9.876017999999931,27.37262499999997,8.336606999999958,17.49660700000004,0.8692999849302122,0.4509988537818435,1.250000000000031,0.38070001506980855,0.7990011462181876
Belgium,BE,2026-04,2026-04-01,belgium__non_profit_sector,Belgique · secteur non-marchand (Maribel social),Belgium · non-profit sector (Maribel social),1.92,4204.4352,0.1307,0.25,549.519681,1051.1088,315.33264,149.25745,48.351005,36.578586,372.512959,159.768538,98.804227,61.384754,42.044352,12.613306,303.980665,26.333333,79.0,0.0,0.0,12613.3056,1024.775467,0.24373677269818947,3654.915519,3654.92,43859.04,6070.0,37789.04,13935.22,10947.24,912.27,2742.645519,5229.210667,1574.295147,2486.565147,1.4307336623699407,1.906630160461608,21.89810000000034,19.03601800000024,9.866018000000167,27.37262499999997,8.336606000000074,17.50660599999992,0.8692999849301969,0.4505421931583112,1.2499999999999791,0.3806999694037357,0.799457761175611
Belgium,BE,2026-04,2026-04-01,belgium__non_profit_sector,Belgique · secteur non-marchand (Maribel social),Belgium · non-profit sector (Maribel social),1.93,4226.3333,0.1307,0.25,552.381762,1056.583325,316.974998,150.034832,48.602833,36.7691,374.45313,160.600665,99.318833,61.704466,42.263333,12.679,305.563898,26.333333,79.0,0.0,0.0,12678.9999,1030.249992,0.24376922465312112,3673.951538,3673.95,44087.4,6070.0,38017.4,14045.18,11057.2,921.43,2752.521538,5256.583292,1582.631754,2504.061754,1.430770993504108,1.9097337549184634,21.89810000000034,19.03601899999967,9.876018999999815,27.37262499999997,8.336606999999958,17.49660700000004,0.8693000305962332,0.45099889944788185,1.2499999999999791,0.38070001506979273,0.7990011462181544
Belgium,BE,2026-04,2026-04-01,belgium__non_profit_sector,Belgique · secteur non-marchand (Maribel social),Belgium · non-profit sector (Maribel social),1.94,4248.2314,0.1307,0.25,555.243844,1062.05785,318.617355,150.812215,48.854661,36.959613,376.393302,161.432793,99.833438,62.024178,42.482314,12.744694,307.14713,26.333333,79.0,0.0,0.0,12744.6942,1035.724517,0.24380134205181636,3692.987556,3692.99,44315.88,6070.0,38245.88,14155.19,11167.21,930.6,2762.387556,5283.955917,1590.968361,2521.568361,1.430807939781222,1.912822082169997,21.89809999999943,19.03601800000024,9.866018000000167,27.37262499999997,8.336606999999958,17.50660700000026,0.869299984930233,0.4505421931583299,1.250000000000031,0.38070001506980855,0.7994578068417221
Belgium,BE,2026-04,2026-04-01,belgium__non_profit_sector,Belgique · secteur non-marchand (Maribel social),Belgium · non-profit sector (Maribel social),1.95,4270.1295,0.1307,0.25,558.105926,1067.532375,320.259713,151.589597,49.106489,37.150127,378.333474,162.264921,100.348043,62.343891,42.701295,12.810389,308.730363,26.333333,79.0,0.0,0.0,12810.3885,1041.199042,0.24383313004129423,3712.023574,3712.02,44544.24,6070.0,38474.24,14265.15,11277.17,939.76,2772.263574,5311.328542,1599.304967,2539.064967,1.4308445071221607,1.915881516753684,21.89810000000034,19.036017999999785,9.876017999999931,27.37262499999997,8.336606000000074,17.4966059999997,0.8692999849301761,0.4509988537818248,1.2499999999999791,0.3806999694037357,0.7990011005520766
Belgium,BE,2026-04,2026-04-01,belgium__non_profit_sector,Belgique · secteur non-marchand (Maribel social),Belgium · non-profit sector (Maribel social),1.96,4292.0276,0.1307,0.25,560.968007,1073.0069,321.90207,152.36698,49.358317,37.34064,380.273645,163.097049,100.862649,62.663603,42.920276,12.876083,310.313595,26.333333,79.0,0.0,0.0,12876.0828,1046.673567,0.24386459366353253,3731.059593,3731.06,44772.72,6070.0,38702.72,14375.16,11387.18,948.93,2782.129593,5338.701167,1607.641574,2556.571574,1.430880701326967,1.9189261279248837,21.89810000000034,19.036019000000124,9.866019000000051,27.37262499999997,8.336606999999958,17.50660700000026,0.8693000305962539,0.4505422388243682,1.2499999999999791,0.38070001506979273,0.7994578068416889
Belgium,BE,2026-04,2026-04-01,belgium__non_profit_sector,Belgique · secteur non-marchand (Maribel social),Belgium · non-profit sector (Maribel social),1.97,4313.9257,0.1307,0.25,563.830089,1078.481425,323.544428,153.144362,49.610146,37.531154,382.213817,163.929177,101.377254,62.983315,43.139257,12.941777,311.896828,26.333333,79.0,0.0,0.0,12941.7771,1052.148092,0.2438957378581339,3750.095611,3750.1,45001.2,6070.0,38931.2,14485.17,11497.19,958.1,2791.995611,5366.073792,1615.978181,2574.078181,1.430916528077918,1.9219492217344492,21.89809999999943,19.03601800000024,9.866017999999713,27.37262499999997,8.336606999999958,17.506606999999804,0.869299984930233,0.4505421931583091,1.250000000000031,0.38070001506980855,0.7994578068417013
Belgium,BE,2026-04,2026-04-01,belgium__non_profit_sector,Belgique · secteur non-marchand (Maribel social),Belgium · non-profit sector (Maribel social),1.98,4335.8238,0.1307,0.25,566.692171,1083.95595,325.186785,153.921745,49.861974,37.721667,384.153989,164.761304,101.891859,63.303027,43.358238,13.007471,313.480061,26.333333,79.0,0.0,0.0,13007.4714,1057.622617,0.24392656746491098,3769.131629,3769.13,45229.56,6070.0,39159.56,14595.13,11607.15,967.26,2801.871629,5393.446417,1624.314787,2591.574787,1.430951992942495,1.9249441552527977,21.89810000000034,19.036017999999785,9.876018000000386,27.37262499999997,8.336606000000074,17.496606000000156,0.8692999849301761,0.45099885378184557,1.2499999999999791,0.3806999694037357,0.7990011005520974
Belgium,BE,2026-04,2026-04-01,belgium__non_profit_sector,Belgique · secteur non-marchand (Maribel social),Belgium · non-profit sector (Maribel social),1.99,4357.7219,0.1307,0.25,569.554252,1089.430475,326.829143,154.699127,50.113802,37.912181,386.09416,165.593432,102.406465,63.62274,43.577219,13.073166,315.063293,26.333333,79.0,0.0,0.0,13073.1657,1063.097142,0.24395708722639384,3788.167648,3788.17,45458.04,6070.0,39388.04,14705.14,11717.16,976.43,2811.737648,5420.819042,1632.651394,2609.081394,1.4309871013762727,1.927924906564,21.89809999999943,19.036019000000124,9.866018999999596,27.37262499999997,8.336606999999958,17.506606999999804,0.86930003059629,0.45054223882436617,1.250000000000031,0.38070001506980855,0.7994578068417013
Belgium,BE,2026-04,2026-04-01,belgium__non_profit_sector,Belgique · secteur non-marchand (Maribel social),Belgium · non-profit sector (Maribel social),2.0,4379.62,0.1307,0.25,572.416334,1094.905,328.4715,155.47651,50.36563,38.102694,388.034332,166.42556,102.92107,63.942452,43.7962,13.13886,316.646526,26.333333,79.0,0.0,0.0,13138.86,1068.571667,0.24398730179026187,3807.203666,3807.2,45686.4,6070.0,39616.4,14815.1,11827.12,985.59,2821.613666,5448.191667,1640.988001,2626.578001,1.4310218587257124,1.930877969693909,21.89810000000034,19.036017999999785,9.876018000000386,27.37262499999997,8.336606999999958,17.49660700000004,0.8692999849301761,0.45099885378184557,1.2499999999999791,0.38070001506979273,0.7990011462181544
Belgium,BE,2026-04,2026-04-01,belgium__non_profit_sector,Belgique · secteur non-marchand (Maribel social),Belgium · non-profit sector (Maribel social),2.01,4401.5181,0.1307,0.25,575.278416,1100.379525,330.113858,156.253893,50.617458,38.293207,389.974504,167.257688,103.435675,64.262164,44.015181,13.204554,318.229759,26.333333,79.0,0.0,0.0,13204.5543,1074.046192,0.24401721571170337,3826.239684,3826.24,45914.88,6070.0,39844.88,14925.11,11937.13,994.76,2831.479684,5475.564292,1649.324607,2644.084607,1.4310562702308793,1.9338172623909624,21.89810000000034,19.03601800000024,9.866017999999713,27.37262499999997,8.336606000000074,17.50660599999992,0.8692999849301969,0.4505421931582904,1.2499999999999791,0.3806999694037357,0.799457761175611
Belgium,BE,2026-04,2026-04-01,belgium__non_profit_sector,Belgique · secteur non-marchand (Maribel social),Belgium · non-profit sector (Maribel social),2.02,4423.4162,0.1307,0.25,578.140497,1105.85405,331.756215,157.031275,50.869286,38.483721,391.914675,168.089816,103.950281,64.581877,44.234162,13.270249,319.812991,26.333333,79.0,0.0,0.0,13270.2486,1079.520717,0.24404683345570483,3845.275703,3845.28,46143.36,6070.0,40073.36,15035.12,12047.14,1003.93,2841.345703,5502.936917,1657.661214,2661.591214,1.4310903410280742,1.9367361428477177,21.89809999999943,19.03601899999967,9.866019000000051,27.37262499999997,8.336606999999958,17.50660700000026,0.8693000305962693,0.45054223882438693,1.250000000000031,0.38070001506980855,0.7994578068417221
Belgium,BE,2026-04,2026-04-01,belgium__non_profit_sector,Belgique · secteur non-marchand (Maribel social),Belgium · non-profit sector (Maribel social),2.03,4445.3143,0.1307,0.25,581.002579,1111.328575,333.398573,157.808658,51.121114,38.674234,393.854847,168.921943,104.464886,64.901589,44.453143,13.335943,321.396224,26.333333,79.0,0.0,0.0,13335.9429,1084.995242,0.2440761593992728,3864.311721,3864.31,46371.72,6070.0,40301.72,15145.08,12157.1,1013.09,2851.221721,5530.309542,1665.997821,2679.087821,1.4311240761523902,1.9396280201409366,21.89810000000034,19.03601800000024,9.876017999999931,27.37262499999997,8.336606999999958,17.49660700000004,0.8692999849301969,0.4509988537818248,1.2499999999999791,0.38070001506979273,0.7990011462181544
Belgium,BE,2026-04,2026-04-01,belgium__non_profit_sector,Belgique · secteur non-marchand (Maribel social),Belgium · non-profit sector (Maribel social),2.04,4467.2124,0.1307,0.25,583.864661,1116.8031,335.04093,158.58604,51.372943,38.864748,395.795019,169.754071,104.979491,65.221301,44.672124,13.401637,322.979457,26.333333,79.0,0.0,0.0,13401.6372,1090.469767,0.24410519783359008,3883.347739,3883.35,46600.2,6070.0,40530.2,15255.09,12267.11,1022.26,2861.087739,5557.682167,1674.334427,2696.594427,1.4311574805401934,1.9425067222816355,21.89810000000034,19.036017999999785,9.866018000000167,27.37262499999997,8.336606000000074,17.50660599999992,0.8692999849301761,0.4505421931583112,1.2499999999999791,0.3806999694037357,0.799457761175611
Belgium,BE,2026-04,2026-04-01,belgium__non_profit_sector,Belgique · secteur non-marchand (Maribel social),Belgium · non-profit sector (Maribel social),2.05,4489.1105,0.1307,0.25,586.726742,1122.277625,336.683288,159.363423,51.624771,39.055261,397.73519,170.586199,105.494097,65.541013,44.891105,13.467332,324.562689,26.333333,79.0,0.0,0.0,13467.3315,1095.944292,0.24413395296610915,3902.383758,3902.38,46828.56,6070.0,40758.56,15365.05,12377.07,1031.42,2870.963758,5585.054792,1682.671034,2714.091034,1.4311905590315301,1.945358863129035,21.89809999999943,19.036019000000124,9.876018999999815,27.37262499999997,8.336606999999958,17.49660700000004,0.86930003059629,0.45099889944790056,1.250000000000031,0.38070001506980855,0.7990011462181876
Belgium,BE,2026-04,2026-04-01,belgium__non_profit_sector,Belgique · secteur non-marchand (Maribel social),Belgium · non-profit sector (Maribel social),2.06,4511.0086,0.1307,0.25,589.588824,1127.75215,338.325645,160.140805,51.876599,39.245775,399.675362,171.418327,106.008702,65.860726,45.110086,13.533026,326.145922,26.333333,79.0,0.0,0.0,13533.0258,1101.418817,0.24416242892258436,3921.419776,3921.42,47057.04,6070.0,40987.04,15475.06,12487.08,1040.59,2880.829776,5612.427417,1691.007641,2731.597641,1.4312233163724657,1.9481982113148055,21.89810000000034,19.03601800000024,9.866018000000167,27.37262499999997,8.336606999999958,17.506606999999804,0.8692999849301969,0.4505421931583112,1.2499999999999791,0.38070001506979273,0.799457806841668
Belgium,BE,2026-04,2026-04-01,belgium__non_profit_sector,Belgique · secteur non-marchand (Maribel social),Belgium · non-profit sector (Maribel social),2.07,4532.9067,0.1307,0.25,592.450906,1133.226675,339.968003,160.918188,52.128427,39.436288,401.615534,172.250455,106.523307,66.180438,45.329067,13.59872,327.729154,26.333333,79.0,0.0,0.0,13598.7201,1106.893342,0.2441906297490453,3940.455794,3940.46,47285.52,6070.0,41215.52,15585.07,12597.09,1049.76,2890.695794,5639.800042,1699.344247,2749.104247,1.4312557572173534,1.9510181779653053,21.89809999999943,19.036017999999785,9.866018000000167,27.37262499999997,8.336606000000074,17.506606000000374,0.8692999849302122,0.4505421931583299,1.250000000000031,0.3806999694037515,0.799457761175665
Belgium,BE,2026-04,2026-04-01,belgium__non_profit_sector,Belgique · secteur non-marchand (Maribel social),Belgium · non-profit sector (Maribel social),2.08,4554.8048,0.1307,0.25,595.312987,1138.7012,341.61036,161.69557,52.380255,39.626802,403.555705,173.082582,107.037913,66.50015,45.548048,13.664414,329.312387,26.333333,79.0,0.0,0.0,13664.4144,1112.367867,0.24421855941371334,3959.491813,3959.49,47513.88,6070.0,41443.88,15695.03,12707.05,1058.92,2900.571813,5667.172667,1707.680854,2766.600854,1.4312878861310403,1.9538122248759642,21.89810000000034,19.036019000000124,9.876018999999815,27.37262499999997,8.336606999999958,17.496606999999585,0.8693000305962539,0.45099889944788185,1.2499999999999791,0.38070001506979273,0.7990011462181337
Belgium,BE,2026-04,2026-04-01,belgium__non_profit_sector,Belgique · secteur non-marchand (Maribel social),Belgium · non-profit sector (Maribel social),2.09,4576.7029,0.1307,0.25,598.175069,1144.175725,343.252718,162.472953,52.632083,39.817315,405.495877,173.91471,107.552518,66.819862,45.767029,13.730109,330.89562,26.333333,79.0,0.0,0.0,13730.1087,1117.842392,0.24424622180886305,3978.527831,3978.52,47742.24,6070.0,41672.24,15804.98,12817.0,1068.08,2910.447831,5694.545292,1716.017461,2784.097461,1.4313197075910078,1.9565873097161055,21.89810000000034,19.036017999999785,9.876017999999931,27.37262499999997,8.336606999999958,17.49660700000004,0.8692999849301761,0.4509988537818248,1.2499999999999791,0.38070001506979273,0.7990011462181544
Belgium,BE,2026-04,2026-04-01,belgium__non_profit_sector,Belgique · secteur non-marchand (Maribel social),Belgium · non-profit sector (Maribel social),2.1,4598.601,0.1307,0.25,601.037151,1149.65025,344.895075,163.250336,52.883912,40.007829,407.436049,174.746838,108.067124,67.139575,45.98601,13.795803,332.478852,26.333333,79.0,0.0,0.0,13795.803,1123.316917,0.24427362075263037,3997.563849,3997.56,47970.72,6070.0,41900.72,15915.0,12927.02,1077.25,2920.313849,5721.917917,1724.354067,2801.604067,1.4313512259894516,1.9593503342245944,21.89809999999943,19.03601800000024,9.866018000000167,27.37262499999997,8.336606000000074,17.506606000000374,0.869299984930233,0.4505421931583299,1.250000000000031,0.3806999694037515,0.799457761175665
Belgium,BE,2026-04,2026-04-01,belgium__non_profit_sector,Belgique · secteur non-marchand (Maribel social),Belgium · non-profit sector (Maribel social),2.11,4620.4991,0.1307,0.25,603.899232,1155.124775,346.537433,164.027718,53.13574,40.198342,409.37622,175.578966,108.581729,67.459287,46.204991,13.861497,334.062085,26.333333,79.0,0.0,0.0,13861.4973,1128.791442,0.24430075999076956,4016.599868,4016.6,48199.2,6070.0,42129.2,16025.01,13037.03,1086.42,2930.179868,5749.290542,1732.690674,2819.110674,1.431382445635304,1.9620947523323309,21.89810000000034,19.03601899999967,9.866019000000051,27.37262499999997,8.336606999999958,17.506606999999804,0.8693000305962332,0.4505422388243682,1.2499999999999791,0.38070001506979273,0.799457806841668
Belgium,BE,2026-04,2026-04-01,belgium__non_profit_sector,Belgique · secteur non-marchand (Maribel social),Belgium · non-profit sector (Maribel social),2.12,4642.3972,0.1307,0.25,606.761314,1160.5993,348.17979,164.805101,53.387568,40.388856,411.316392,176.411094,109.096334,67.778999,46.423972,13.927192,335.645318,26.333333,79.0,0.0,0.0,13927.1916,1134.265967,0.24432764319836026,4035.635886,4035.64,48427.68,6070.0,42357.68,16135.02,13147.04,1095.59,2940.045886,5776.663167,1741.027281,2836.617281,1.431413370756195,1.964820751353831,21.89810000000034,19.03601800000024,9.866017999999713,27.37262499999997,8.336606999999958,17.506606999999804,0.8692999849301969,0.4505421931582904,1.2499999999999791,0.38070001506979273,0.799457806841668
Belgium,BE,2026-04,2026-04-01,belgium__non_profit_sector,Belgique · secteur non-marchand (Maribel social),Belgium · non-profit sector (Maribel social),2.13,4664.2953,0.1307,0.25,609.623396,1166.073825,349.822148,165.582483,53.639396,40.579369,413.256564,177.243221,109.61094,68.098711,46.642953,13.992886,337.22855,26.333333,79.0,0.0,0.0,13992.8859,1139.740492,0.24435427398146656,4054.671904,4054.68,48656.16,6070.0,42586.16,16245.04,13257.06,1104.76,2949.911904,5804.035792,1749.363887,2854.123887,1.431444005500364,1.967528516097708,21.89809999999943,19.036017999999785,9.866018000000167,27.37262499999997,8.336606000000074,17.506606000000374,0.8692999849302122,0.4505421931583299,1.250000000000031,0.3806999694037515,0.799457761175665
Belgium,BE,2026-04,2026-04-01,belgium__non_profit_sector,Belgique · secteur non-marchand (Maribel social),Belgium · non-profit sector (Maribel social),2.14,4686.1934,0.1307,0.25,612.485477,1171.54835,351.464505,166.359866,53.891224,40.769883,415.196735,178.075349,110.125545,68.418424,46.861934,14.05858,338.811783,26.333333,79.0,0.0,0.0,14058.5802,1145.215017,0.2443806558787494,4073.707923,4073.7,48884.4,6070.0,42814.4,16354.93,13366.95,1113.91,2959.797923,5831.408417,1757.700494,2871.610494,1.431474353938513,1.9702049157142218,21.89810000000034,19.036019000000124,9.886019000000033,27.37262499999997,8.336606999999958,17.48660699999982,0.8693000305962539,0.4514555600714162,1.2499999999999791,0.38070001506979273,0.7985444855946201
Belgium,BE,2026-04,2026-04-01,belgium__non_profit_sector,Belgique · secteur non-marchand (Maribel social),Belgium · non-profit sector (Maribel social),2.15,4708.0915,0.1307,0.25,615.347559,1177.022875,353.106863,167.137248,54.143052,40.960396,417.136907,178.907477,110.64015,68.738136,47.080915,14.124275,340.395015,26.333333,79.0,0.0,0.0,14124.2745,1150.689542,0.2444067923630343,4092.743941,4092.74,49112.88,6070.0,43042.88,16464.95,13476.97,1123.08,2969.663941,5858.781042,1766.037101,2889.117101,1.4315044200656095,1.9728767827488367,21.89810000000034,19.03601800000024,9.866017999999713,27.37262499999997,8.336606999999958,17.506606999999804,0.8692999849301969,0.4505421931582904,1.2499999999999791,0.38070001506979273,0.799457806841668
Belgium,BE,2026-04,2026-04-01,belgium__non_profit_sector,Belgique · secteur non-marchand (Maribel social),Belgium · non-profit sector (Maribel social),2.16,4729.9896,0.1307,0.25,618.209641,1182.4974,354.74922,167.914631,54.39488,41.15091,419.077079,179.739605,111.154756,69.057848,47.299896,14.189969,341.978248,26.333333,79.0,0.0,0.0,14189.9688,1156.164067,0.24443268684283506,4111.779959,4111.78,49341.36,6070.0,43271.36,16574.96,13586.98,1132.25,2979.529959,5886.153667,1774.373707,2906.623707,1.43153420780264,1.9755309552547842,21.89809999999943,19.03601800000024,9.866018000000167,27.37262499999997,8.336606000000074,17.506606000000374,0.869299984930233,0.4505421931583299,1.250000000000031,0.3806999694037515,0.799457761175665
Belgium,BE,2026-04,2026-04-01,belgium__non_profit_sector,Belgique · secteur non-marchand (Maribel social),Belgium · non-profit sector (Maribel social),2.17,4751.8877,0.1307,0.25,621.071722,1187.971925,356.391578,168.692013,54.646709,41.341423,421.01725,180.571733,111.669361,69.37756,47.518877,14.255663,343.561481,26.333333,79.0,0.0,0.0,14255.6631,1161.638592,0.24445834266383584,4130.815978,4130.82,49569.84,6070.0,43499.84,16684.97,13696.99,1141.42,2989.395978,5913.526292,1782.710314,2924.130314,1.4315637209983159,1.9781676084258628,21.89810000000034,19.036018999999214,9.866019000000051,27.37262499999997,8.336606999999958,17.506606999999804,0.8693000305962124,0.4505422388243682,1.2499999999999791,0.38070001506979273,0.799457806841668
Belgium,BE,2026-04,2026-04-01,belgium__non_profit_sector,Belgique · secteur non-marchand (Maribel social),Belgium · non-profit sector (Maribel social),2.18,4773.7858,0.1307,0.25,623.933804,1193.44645,358.033935,169.469396,54.898537,41.531936,422.957422,181.40386,112.183966,69.697273,47.737858,14.321357,345.144713,26.333333,79.0,0.0,0.0,14321.3574,1167.113117,0.24448376311033201,4149.851996,4149.86,49798.32,6070.0,43728.32,16794.99,13807.01,1150.58,2999.271996,5940.898917,1791.046921,2941.626921,1.4315929634307283,1.9807803109249962,21.89809999999943,19.036018000000695,9.876017999999931,27.37262500000088,8.336607000000186,17.49660700000004,0.8692999849302537,0.4509988537818435,1.2500000000000726,0.38070001506981893,0.7990011462181876
Belgium,BE,2026-04,2026-04-01,belgium__non_profit_sector,Belgique · secteur non-marchand (Maribel social),Belgium · non-profit sector (Maribel social),2.19,4795.6839,0.1307,0.25,626.795886,1198.920975,359.676293,170.246778,55.150365,41.72245,424.897594,182.235988,112.698572,70.016985,47.956839,14.387052,346.727946,26.333333,79.0,0.0,0.0,14387.0517,1172.587642,0.24450895140663187,4168.888014,4168.88,50026.56,6070.0,43956.56,16904.88,13916.9,1159.74,3009.148014,5968.271542,1799.383527,2959.123527,1.4316219388089635,1.9833758636543941,21.89810000000034,19.036017999999785,9.876017999999931,27.37262499999997,8.336605999999847,17.496606000000156,0.8692999849301761,0.4509988537818248,1.2499999999999791,0.3806999694037253,0.7990011005520974
Belgium,BE,2026-04,2026-04-01,belgium__non_profit_sector,Belgique · secteur non-marchand (Maribel social),Belgium · non-profit sector (Maribel social),2.2,4817.582,0.1307,0.25,629.657967,1204.3955,361.31865,171.024161,55.402193,41.912963,426.837765,183.068116,113.213177,70.336697,48.17582,14.452746,348.311179,26.333333,79.0,0.0,0.0,14452.746,1178.062167,0.2445339107184199,4187.924033,4187.92,50255.04,6070.0,44185.04,17014.9,14026.92,1168.91,3019.014033,5995.644167,1807.720134,2976.630134,1.4316506507746691,1.9859610130739167,21.89810000000034,19.036019000000124,9.866019000000051,27.37262499999997,8.336606999999958,17.506606999999804,0.8693000305962539,0.4505422388243682,1.2499999999999791,0.38070001506979273,0.799457806841668
Belgium,BE,2026-04,2026-04-01,belgium__non_profit_sector,Belgique · secteur non-marchand (Maribel social),Belgium · non-profit sector (Maribel social),2.21,4839.4801,0.1307,0.25,632.520049,1209.870025,362.961008,171.801544,55.654021,42.103477,428.777937,183.900244,113.727782,70.656409,48.394801,14.51844,349.894411,26.333333,79.0,0.0,0.0,14518.4403,1183.536692,0.24455864415408315,4206.960051,4206.96,50483.52,6070.0,44413.52,17124.91,14136.93,1178.08,3028.880051,6023.016792,1816.056741,2994.136741,1.4316791029035814,1.9885293211982213,21.89809999999943,19.036017999999785,9.866018000000167,27.37262499999997,8.336607000000186,17.506606999999804,0.8692999849302122,0.4505421931583299,1.250000000000031,0.38070001506981893,0.7994578068417013
Belgium,BE,2026-04,2026-04-01,belgium__non_profit_sector,Belgique · secteur non-marchand (Maribel social),Belgium · non-profit sector (Maribel social),2.22,4861.3782,0.1307,0.25,635.382131,1215.34455,364.603365,172.578926,55.905849,42.29399,430.718109,184.732372,114.242388,70.976122,48.613782,14.584135,351.477644,26.333333,79.0,0.0,0.0,14584.1346,1189.011217,0.2445831547660017,4225.996069,4226.0,50712.0,6070.0,44642.0,17234.92,14246.94,1187.25,3038.746069,6050.389417,1824.393347,3011.643347,1.4317072987070076,1.991080952065227,21.89810000000034,19.036017999999785,9.866017999999713,27.37262499999997,8.336605999999847,17.506606000000374,0.8692999849301761,0.4505421931582904,1.2499999999999791,0.3806999694037253,0.7994577611756318
Belgium,BE,2026-04,2026-04-01,belgium__non_profit_sector,Belgique · secteur non-marchand (Maribel social),Belgium · non-profit sector (Maribel social),2.23,4883.2763,0.1307,0.25,638.244212,1220.819075,366.245723,173.356309,56.157677,42.484504,432.65828,185.564499,114.756993,71.295834,48.832763,14.649829,353.060876,26.333333,79.0,0.0,0.0,14649.8289,1194.485742,0.2446074455518044,4245.032088,4245.04,50940.48,6070.0,44870.48,17344.94,14356.96,1196.41,3048.622088,6077.762042,1832.729954,3029.139954,1.4317352416332731,1.993609528188935,21.89810000000034,19.036019000000124,9.87601900000027,27.37262499999997,8.336606999999958,17.49660700000004,0.8693000305962539,0.4509988994479026,1.2499999999999791,0.38070001506979273,0.7990011462181544
Belgium,BE,2026-04,2026-04-01,belgium__non_profit_sector,Belgique · secteur non-marchand (Maribel social),Belgium · non-profit sector (Maribel social),2.24,4905.1744,0.1307,0.25,641.106294,1226.2936,367.88808,174.133691,56.409506,42.675017,434.598452,186.396627,115.271598,71.615546,49.051744,14.715523,354.644109,26.333333,79.0,0.0,0.0,14715.5232,1199.960267,0.24463151945559097,4264.068106,4264.06,51168.72,6070.0,45098.72,17454.83,14466.85,1205.57,3058.498106,6105.134667,1841.066561,3046.636561,1.4317629350691257,1.996121774556481,21.89809999999943,19.036017999999785,9.876017999999931,27.37262499999997,8.336607000000186,17.496606999999585,0.8692999849302122,0.4509988537818435,1.250000000000031,0.38070001506981893,0.7990011462181669
Belgium,BE,2026-04,2026-04-01,belgium__non_profit_sector,Belgique · secteur non-marchand (Maribel social),Belgium · non-profit sector (Maribel social),2.25,4927.0725,0.1307,0.25,643.968376,1231.768125,369.530438,174.911074,56.661334,42.865531,436.538624,187.228755,115.786204,71.935259,49.270725,14.781218,356.227342,26.333333,79.0,0.0,0.0,14781.2175,1205.434792,0.24465537936912168,4283.104124,4283.1,51397.2,6070.0,45327.2,17564.85,14576.87,1214.74,3068.364124,6132.507292,1849.403167,3064.143167,1.4317903823411038,1.9986243624738096,21.89810000000034,19.036018000000695,9.866018000000167,27.37262499999997,8.336605999999847,17.506606000000374,0.8692999849302177,0.4505421931583112,1.2499999999999791,0.3806999694037253,0.7994577611756318
Belgium,BE,2026-04,2026-04-01,belgium__non_profit_sector,Belgique · secteur non-marchand (Maribel social),Belgium · non-profit sector (Maribel social),2.26,4948.9706,0.1307,0.25,646.830457,1237.24265,371.172795,175.688456,56.913162,43.056044,438.478795,188.060883,116.300809,72.254971,49.489706,14.846912,357.810574,26.333333,79.0,0.0,0.0,14846.9118,1210.909317,0.24467902813297512,4302.140143,4302.14,51625.68,6070.0,45555.68,17674.86,14686.88,1223.91,3078.230143,6159.879917,1857.739774,3081.649774,1.43181758671687,2.001110908329876,21.89809999999943,19.036018999999214,9.866019000000051,27.37262499999997,8.336606999999958,17.506606999999804,0.8693000305962485,0.45054223882438693,1.250000000000031,0.38070001506980855,0.7994578068417013
Belgium,BE,2026-04,2026-04-01,belgium__non_profit_sector,Belgique · secteur non-marchand (Maribel social),Belgium · non-profit sector (Maribel social),2.27,4970.8687,0.1307,0.25,649.692539,1242.717175,372.815153,176.465839,57.16499,43.246558,440.418967,188.893011,116.815414,72.574683,49.708687,14.912606,359.393807,26.333333,79.0,0.0,0.0,14912.6061,1216.383842,0.24470246853767566,4321.176161,4321.18,51854.16,6070.0,45784.16,17784.87,14796.89,1233.07,3088.106161,6187.252542,1866.076381,3099.146381,1.4318445514065061,2.003575077821617,21.89810000000034,19.036018000000695,9.876017999999931,27.37262499999997,8.336607000000186,17.49660700000004,0.8692999849302177,0.4509988537818248,1.2499999999999791,0.3807000150698031,0.7990011462181544
Belgium,BE,2026-04,2026-04-01,belgium__non_profit_sector,Belgique · secteur non-marchand (Maribel social),Belgium · non-profit sector (Maribel social),2.28,4992.7668,0.1307,0.25,652.554621,1248.1917,374.45751,177.243221,57.416818,43.437071,442.359138,189.725138,117.33002,72.894395,49.927668,14.9783,360.97704,26.333333,79.0,0.0,0.0,14978.3004,1221.858367,0.24472570332479113,4340.212179,4340.22,52082.64,6070.0,46012.64,17894.89,14906.91,1242.24,3097.972179,6214.625167,1874.412987,3116.652987,1.4318712795637767,2.006030011603025,21.89810000000034,19.036017999999785,9.866017999999713,27.37262499999997,8.336605999999847,17.50660599999992,0.8692999849301761,0.4505421931582904,1.2499999999999791,0.3806999694037253,0.799457761175611
Belgium,BE,2026-04,2026-04-01,belgium__non_profit_sector,Belgique · secteur non-marchand (Maribel social),Belgium · non-profit sector (Maribel social),2.29,5014.6649,0.1307,0.25,655.416702,1253.666225,376.099868,178.020604,57.668646,43.627585,444.29931,190.557266,117.844625,73.214108,50.146649,15.043995,362.560272,26.333333,79.0,0.0,0.0,15043.9947,1227.332892,0.24474873518800164,4359.248198,4359.24,52310.88,6070.0,46240.88,18004.78,15016.8,1251.4,3107.848198,6241.997792,1882.749594,3134.149594,1.4318977742873598,2.00846289614378,21.89809999999943,19.036019000000124,9.87601900000027,27.37262499999997,8.336606999999958,17.49660700000004,0.86930003059629,0.4509988994479213,1.250000000000031,0.38070001506980855,0.7990011462181876
Belgium,BE,2026-04,2026-04-01,belgium__non_profit_sector,Belgique · secteur non-marchand (Maribel social),Belgium · non-profit sector (Maribel social),2.3,5036.563,0.1307,0.25,658.278784,1259.14075,377.742225,178.797987,57.920475,43.818098,446.239482,191.389394,118.359231,73.53382,50.36563,15.109689,364.143505,26.333333,79.0,0.0,0.0,15109.689,1232.807417,0.24477156677414078,4378.284216,4378.28,52539.36,6070.0,46469.36,18114.8,15126.82,1260.57,3117.714216,6269.370417,1891.086201,3151.656201,1.4319240386220415,2.01088681723731,21.89810000000034,19.036017999999785,9.866017999999713,27.37262499999997,8.336607000000186,17.506606999999804,0.8692999849301761,0.4505421931582904,1.2499999999999791,0.3807000150698031,0.799457806841668
Belgium,BE,2026-04,2026-04-01,belgium__non_profit_sector,Belgique · secteur non-marchand (Maribel social),Belgium · non-profit sector (Maribel social),2.31,5058.4611,0.1307,0.25,661.140866,1264.615275,379.384583,179.575369,58.172303,44.008612,448.179653,192.221522,118.873836,73.853532,50.584611,15.175383,365.726738,26.333333,79.0,0.0,0.0,15175.3833,1238.281942,0.24479420068420943,4397.320234,4397.32,52767.84,6070.0,46697.84,18224.81,15236.83,1269.74,3127.580234,6296.743042,1899.422807,3169.162807,1.4319500755598868,2.013295445709614,21.89810000000034,19.036017999999785,9.866018000000167,27.37262499999997,8.336605999999847,17.506606000000374,0.8692999849301761,0.4505421931583112,1.2499999999999791,0.3806999694037253,0.7994577611756318
Belgium,BE,2026-04,2026-04-01,belgium__non_profit_sector,Belgique · secteur non-marchand (Maribel social),Belgium · non-profit sector (Maribel social),2.32,5080.3592,0.1307,0.25,664.002947,1270.0898,381.02694,180.352752,58.424131,44.199125,450.119825,193.05365,119.388441,74.173244,50.803592,15.241078,367.30997,26.333333,79.0,0.0,0.0,15241.0776,1243.756467,0.2448166394743637,4416.356253,4416.36,52996.32,6070.0,46926.32,18334.82,15346.84,1278.9,3137.456253,6324.115667,1907.759414,3186.659414,1.4319758880413709,2.015682501232175,21.89809999999943,19.036019000000124,9.876018999999815,27.37262499999997,8.336607000000186,17.49660700000004,0.86930003059629,0.45099889944790056,1.250000000000031,0.38070001506981893,0.7990011462181876
Belgium,BE,2026-04,2026-04-01,belgium__non_profit_sector,Belgique · secteur non-marchand (Maribel social),Belgium · non-profit sector (Maribel social),2.33,5102.2573,0.1307,0.25,666.865029,1275.564325,382.669298,181.130134,58.675959,44.389639,452.059997,193.885777,119.903047,74.492957,51.022573,15.306772,368.893203,26.333333,79.0,0.0,0.0,15306.7719,1249.230992,0.24483888565687714,4435.392271,4435.39,53224.68,6070.0,47154.68,18444.78,15456.8,1288.07,3147.322271,6351.488292,1916.096021,3204.166021,1.4320014789564903,2.018060988038124,21.89810000000034,19.036017999999785,9.866018000000167,27.37262499999997,8.336606999999958,17.506606999999804,0.8692999849301761,0.4505421931583112,1.2499999999999791,0.38070001506979273,0.799457806841668
Belgium,BE,2026-04,2026-04-01,belgium__non_profit_sector,Belgique · secteur non-marchand (Maribel social),Belgium · non-profit sector (Maribel social),2.34,5124.1554,0.1307,0.25,669.727111,1281.03885,384.311655,181.907517,58.927787,44.580152,454.000168,194.717905,120.417652,74.812669,51.241554,15.372466,370.476435,26.333333,79.0,0.0,0.0,15372.4662,1254.705517,0.24486094170107853,4454.428289,4454.43,53453.16,6070.0,47383.16,18554.79,15566.81,1297.23,3157.198289,6378.860917,1924.432627,3221.662627,1.4320268511458398,2.020418210172853,21.89809999999943,19.036018000000695,9.876017999999931,27.37262499999997,8.336605999999847,17.496606000000156,0.8692999849302537,0.4509988537818435,1.250000000000031,0.3806999694037411,0.7990011005521306
Belgium,BE,2026-04,2026-04-01,belgium__non_profit_sector,Belgique · secteur non-marchand (Maribel social),Belgium · non-profit sector (Maribel social),2.35,5146.0535,0.1307,0.25,672.589192,1286.513375,385.954013,182.684899,59.179615,44.770665,455.94034,195.550033,120.932257,75.132381,51.460535,15.438161,372.059668,26.333333,79.0,0.0,0.0,15438.1605,1260.180042,0.24488281003426543,4473.464308,4473.46,53681.52,6070.0,47611.52,18664.75,15676.77,1306.4,3167.064308,6406.233542,1932.769234,3239.169234,1.4320520074016627,2.022767117925195,21.89810000000034,19.036018999999214,9.866019000000051,27.37262499999997,8.336607000000186,17.506606999999804,0.8693000305962124,0.4505422388243682,1.2499999999999791,0.3807000150698031,0.799457806841668
Belgium,BE,2026-04,2026-04-01,belgium__non_profit_sector,Belgique · secteur non-marchand (Maribel social),Belgium · non-profit sector (Maribel social),2.36,5167.9516,0.1307,0.25,675.451274,1291.9879,387.59637,183.462282,59.431443,44.961179,457.880512,196.382161,121.446863,75.452093,51.679516,15.503855,373.642901,26.333333,79.0,0.0,0.0,15503.8548,1265.654567,0.24490449304259482,4492.500326,4492.5,53910.0,6070.0,47840.0,18774.76,15786.78,1315.57,3176.930326,6433.606167,1941.105841,3256.675841,1.432076950468877,2.025101436520984,21.89810000000034,19.036018000000695,9.866018000000167,27.37262499999997,8.336606999999958,17.50660700000026,0.8692999849302177,0.4505421931583112,1.2499999999999791,0.38070001506979273,0.7994578068416889
Belgium,BE,2026-04,2026-04-01,belgium__non_profit_sector,Belgique · secteur non-marchand (Maribel social),Belgium · non-profit sector (Maribel social),2.37,5189.8497,0.1307,0.25,678.313356,1297.462425,389.238728,184.239664,59.683272,45.151692,459.820683,197.214289,121.961468,75.771806,51.898497,15.569549,375.226133,26.333333,79.0,0.0,0.0,15569.5491,1271.129092,0.24492599307195095,4511.536344,4511.54,54138.48,6070.0,48068.48,18884.77,15896.79,1324.73,3186.806344,6460.978792,1949.442447,3274.172447,1.4321016830460727,2.027414939538262,21.89809999999943,19.036017999999785,9.876017999999931,27.37262499999997,8.336605999999847,17.4966059999997,0.8692999849302122,0.4509988537818435,1.250000000000031,0.3806999694037411,0.7990011005521098
Belgium,BE,2026-04,2026-04-01,belgium__non_profit_sector,Belgique · secteur non-marchand (Maribel social),Belgium · non-profit sector (Maribel social),2.38,5211.7478,0.1307,0.25,681.175437,1302.93695,390.881085,185.017047,59.9351,45.342206,461.760855,198.046416,122.476073,76.091518,52.117478,15.635243,376.809366,26.333333,79.0,0.0,0.0,15635.2434,1276.603617,0.2449473124287915,4530.572363,4530.57,54366.84,6070.0,48296.84,18994.73,16006.75,1333.9,3196.672363,6488.351417,1957.779054,3291.679054,1.432126207786485,2.02972049707064,21.89810000000034,19.036019000000124,9.866019000000051,27.37262499999997,8.336607000000186,17.50660700000026,0.8693000305962539,0.4505422388243682,1.2499999999999791,0.3807000150698031,0.7994578068416889
Belgium,BE,2026-04,2026-04-01,belgium__non_profit_sector,Belgique · secteur non-marchand (Maribel social),Belgium · non-profit sector (Maribel social),2.39,5233.6459,0.1307,0.25,684.037519,1308.411475,392.523443,185.794429,60.186928,45.532719,463.701027,198.878544,122.990679,76.41123,52.336459,15.700938,378.392599,26.333333,79.0,0.0,0.0,15700.9377,1282.078142,0.24496845338097228,4549.608381,4549.61,54595.32,6070.0,48525.32,19104.74,16116.76,1343.06,3206.548381,6515.724042,1966.115661,3309.175661,1.4321505272989443,2.032005529852265,21.89810000000034,19.036017999999785,9.876017999999931,27.37262499999997,8.336606999999958,17.49660700000004,0.8692999849301761,0.4509988537818248,1.2499999999999791,0.38070001506979273,0.7990011462181544
Belgium,BE,2026-04,2026-04-01,belgium__non_profit_sector,Belgique · secteur non-marchand (Maribel social),Belgium · non-profit sector (Maribel social),2.4,5255.544,0.1307,0.25,686.899601,1313.886,394.1658,186.571812,60.438756,45.723233,465.641198,199.710672,123.505284,76.730942,52.55544,15.766632,379.975831,26.333333,79.0,0.0,0.0,15766.632,1287.552667,0.24498941815855158,4568.644399,4568.64,54823.68,6070.0,48753.68,19214.7,16226.72,1352.23,3216.414399,6543.096667,1974.452267,3326.682267,1.4321746441487997,2.0342828549375023,21.89809999999943,19.036017999999785,9.866017999999713,27.37262499999997,8.336605999999847,17.50660599999992,0.8692999849302122,0.4505421931583091,1.250000000000031,0.3806999694037411,0.7994577611756443
Belgium,BE,2026-04,2026-04-01,belgium__non_profit_sector,Belgique · secteur non-marchand (Maribel social),Belgium · non-profit sector (Maribel social),2.41,5277.4421,0.1307,0.25,689.761682,1319.360525,395.808158,187.349195,60.690584,45.913746,467.58137,200.5428,124.019889,77.050655,52.774421,15.832326,381.559064,26.333333,79.0,0.0,0.0,15832.3263,1293.027192,0.24501020895457418,4587.680418,4587.68,55052.16,6070.0,48982.16,19324.71,16336.73,1361.39,3226.290418,6570.469292,1982.788874,3344.178874,1.4321985608588221,2.0365399394816173,21.89810000000034,19.036019000000124,9.87601900000027,27.37262499999997,8.336607000000186,17.49660700000004,0.8693000305962539,0.4509988994479026,1.2499999999999791,0.3807000150698031,0.7990011462181544
Belgium,BE,2026-04,2026-04-01,belgium__non_profit_sector,Belgique · secteur non-marchand (Maribel social),Belgium · non-profit sector (Maribel social),2.42,5299.3402,0.1307,0.25,692.623764,1324.83505,397.450515,188.126577,60.942412,46.10426,469.521542,201.374928,124.534495,77.370367,52.993402,15.898021,383.142296,26.333333,79.0,0.0,0.0,15898.0206,1298.501717,0.24503082792583628,4606.716436,4606.72,55280.64,6070.0,49210.64,19434.72,16446.74,1370.56,3236.156436,6597.841917,1991.125481,3361.685481,1.4322222799100843,2.0387895478585873,21.89809999999943,19.036017999999785,9.866018000000167,27.37262499999997,8.336606999999958,17.506606999999804,0.8692999849302122,0.4505421931583299,1.250000000000031,0.38070001506980855,0.7994578068417013
Belgium,BE,2026-04,2026-04-01,belgium__non_profit_sector,Belgique · secteur non-marchand (Maribel social),Belgium · non-profit sector (Maribel social),2.43,5321.2383,0.1307,0.25,695.485846,1330.309575,399.092873,188.90396,61.19424,46.294773,471.461713,202.207055,125.0491,77.690079,53.212383,15.963715,384.725529,26.333333,79.0,0.0,0.0,15963.7149,1303.976242,0.24505127719363118,4625.752454,4625.75,55509.0,6070.0,49439.0,19544.68,16556.7,1379.73,3246.022454,6625.214542,1999.462087,3379.192087,1.4322458037428172,2.041025481236203,21.89810000000034,19.036018000000695,9.866017999999713,27.37262499999997,8.336606000000074,17.50660599999992,0.8692999849302177,0.4505421931582904,1.2499999999999791,0.3806999694037357,0.799457761175611
Belgium,BE,2026-04,2026-04-01,belgium__non_profit_sector,Belgique · secteur non-marchand (Maribel social),Belgium · non-profit sector (Maribel social),2.44,5343.1364,0.1307,0.25,698.347927,1335.7841,400.73523,189.681342,61.446069,46.485287,473.401885,203.039183,125.563705,78.009791,53.431364,16.029409,386.308762,26.333333,79.0,0.0,0.0,16029.4092,1309.450767,0.24507155884447696,4644.788473,4644.79,55737.48,6070.0,49667.48,19654.69,16666.71,1388.89,3255.898473,6652.587167,2007.798694,3396.688694,1.4322691347572496,2.0432415884017723,21.89810000000034,19.036018999999214,9.87601900000027,27.37262499999997,8.336606999999958,17.49660700000004,0.8693000305962124,0.4509988994479026,1.2499999999999791,0.38070001506979273,0.7990011462181544
Belgium,BE,2026-04,2026-04-01,belgium__non_profit_sector,Belgique · secteur non-marchand (Maribel social),Belgium · non-profit sector (Maribel social),2.45,5365.0345,0.1307,0.25,701.210009,1341.258625,402.377588,190.458725,61.697897,46.6758,475.342057,203.871311,126.078311,78.329504,53.650345,16.095104,387.891994,26.333333,79.0,0.0,0.0,16095.1035,1314.925292,0.24509167493082604,4663.824491,4663.82,55965.84,6070.0,49895.84,19764.65,16776.67,1398.06,3265.764491,6679.959792,2016.135301,3414.195301,1.4322922753144212,2.0454505554159037,21.89809999999943,19.036018000000695,9.866017999999713,27.37262499999997,8.336606999999958,17.50660700000026,0.8692999849302537,0.4505421931583091,1.250000000000031,0.38070001506980855,0.7994578068417221
Belgium,BE,2026-04,2026-04-01,belgium__non_profit_sector,Belgique · secteur non-marchand (Maribel social),Belgium · non-profit sector (Maribel social),2.46,5386.9326,0.1307,0.25,704.072091,1346.73315,404.019945,191.236107,61.949725,46.866314,477.282228,204.703439,126.592916,78.649216,53.869326,16.160798,389.475227,26.333333,79.0,0.0,0.0,16160.7978,1320.399817,0.24511162747175763,4682.860509,4682.86,56194.32,6070.0,50124.32,19874.66,16886.68,1407.22,3275.640509,6707.332417,2024.471907,3431.691907,1.432315227736981,2.0476399647242522,21.89810000000034,19.036017999999785,9.876017999999931,27.37262499999997,8.336606000000074,17.4966059999997,0.8692999849301761,0.4509988537818248,1.2499999999999791,0.3806999694037357,0.7990011005520766
Belgium,BE,2026-04,2026-04-01,belgium__non_profit_sector,Belgique · secteur non-marchand (Maribel social),Belgium · non-profit sector (Maribel social),2.47,5408.8307,0.1307,0.25,706.934172,1352.207675,405.662303,192.01349,62.201553,47.056827,479.2224,205.535567,127.107521,78.968928,54.088307,16.226492,391.05846,26.333333,79.0,0.0,0.0,16226.4921,1325.874342,0.24513141845365335,4701.896528,4701.9,56422.8,6070.0,50352.8,19984.67,16996.69,1416.39,3285.506528,6734.705042,2032.808514,3449.198514,1.432337994309966,2.049822450595076,21.89810000000034,19.036019000000124,9.866019000000051,27.37262499999997,8.336606999999958,17.50660700000026,0.8693000305962539,0.4505422388243682,1.2499999999999791,0.38070001506979273,0.7994578068416889
Belgium,BE,2026-04,2026-04-01,belgium__non_profit_sector,Belgique · secteur non-marchand (Maribel social),Belgium · non-profit sector (Maribel social),2.48,5430.7288,0.1307,0.25,709.796254,1357.6822,407.30466,192.790872,62.453381,47.247341,481.162572,206.367694,127.622127,79.28864,54.307288,16.292186,392.641692,26.333333,79.0,0.0,0.0,16292.1864,1331.348867,0.24515104983085637,4720.932546,4720.93,56651.16,6070.0,50581.16,20094.63,17106.65,1425.55,3295.382546,6762.077667,2041.145121,3466.695121,1.4323605772815555,2.051985641303747,21.89809999999943,19.036017999999785,9.876017999999931,27.37262499999997,8.336606999999958,17.49660700000004,0.8692999849302122,0.4509988537818435,1.250000000000031,0.38070001506980855,0.7990011462181876
Belgium,BE,2026-04,2026-04-01,belgium__non_profit_sector,Belgique · secteur non-marchand (Maribel social),Belgium · non-profit sector (Maribel social),2.49,5452.6269,0.1307,0.25,712.658336,1363.156725,408.947018,193.568255,62.705209,47.437854,483.102743,207.199822,128.136732,79.608353,54.526269,16.357881,394.224925,26.333333,79.0,0.0,0.0,16357.8807,1336.823392,0.24517052352631477,4739.968564,4739.97,56879.64,6070.0,50809.64,20204.64,17216.66,1434.72,3305.248564,6789.450292,2049.481727,3484.201727,1.4323829788638156,2.0541421196779512,21.89810000000034,19.036017999999785,9.866018000000167,27.37262500000088,8.336605999999847,17.50660599999992,0.8692999849301761,0.4505421931583112,1.2500000000000209,0.3806999694037253,0.799457761175611
Belgium,BE,2026-04,2026-04-01,belgium__non_profit_sector,Belgique · secteur non-marchand (Maribel social),Belgium · non-profit sector (Maribel social),2.5,5474.525,0.1307,0.25,715.520418,1368.63125,410.589375,194.345638,62.957038,47.628368,485.042915,208.03195,128.651338,79.928065,54.74525,16.423575,395.808158,26.333333,79.0,0.0,0.0,16423.575,1342.297917,0.2451898414322095,4759.004583,4759.01,57108.12,6070.0,51038.12,20314.65,17326.67,1443.89,3315.114583,6816.822917,2057.818334,3501.708334,1.432405201233417,2.0562857623841024,21.89809999999943,19.036019000000124,9.866019000000051,27.37262499999997,8.336607000000186,17.506606999999804,0.86930003059629,0.45054223882438693,1.250000000000031,0.38070001506981893,0.7994578068417013
Belgium,BE,2026-04,2026-04-01,belgium__non_profit_sector,Belgique · secteur non-marchand (Maribel social),Belgium · non-profit sector (Maribel social),2.51,5496.4231,0.1307,0.25,718.382499,1374.105775,412.231733,195.12302,63.208866,47.818881,486.983087,208.864078,129.165943,80.247777,54.964231,16.489269,397.39139,26.333333,79.0,0.0,0.0,16489.2693,1347.772442,0.24520900541056723,4778.040601,4778.04,57336.48,6070.0,51266.48,20436.2,17448.22,1454.02,3324.020601,6844.195542,2066.154941,3520.174941,1.4324272465323449,2.0590111685702817,21.89810000000034,19.036017999999785,8.906018000000131,27.37262499999997,8.33660699999973,18.466607000000295,0.8692999849301761,0.40670277329996635,1.2499999999999791,0.38070001506978235,0.8432972267000337
Belgium,BE,2026-04,2026-04-01,belgium__non_profit_sector,Belgique · secteur non-marchand (Maribel social),Belgium · non-profit sector (Maribel social),2.52,5518.3212,0.1307,0.25,721.244581,1379.5803,413.87409,195.900403,63.460694,48.009394,488.923258,209.696206,129.680548,80.56749,55.183212,16.554964,398.974623,26.333333,79.0,0.0,0.0,16554.9636,1353.246967,0.24522801729385862,4797.076619,4797.08,57564.96,6070.0,51494.96,20558.43,17570.45,1464.2,3332.876619,6871.568167,2074.491548,3538.691548,1.4324491168685822,2.0617529395368193,21.89810000000034,19.036018000000695,8.856017999999949,27.37262499999997,8.336607000000186,18.516606999999567,0.8692999849302177,0.404419470182336,1.2499999999999791,0.3807000150698031,0.8455805298176224
Belgium,BE,2026-04,2026-04-01,belgium__non_profit_sector,Belgique · secteur non-marchand (Maribel social),Belgium · non-profit sector (Maribel social),2.53,5540.2193,0.1307,0.25,724.106663,1385.054825,415.516448,196.677785,63.712522,48.199908,490.86343,210.528333,130.195154,80.887202,55.402193,16.620658,400.557855,26.333333,79.0,0.0,0.0,16620.6579,1358.721492,0.24524687888558253,4816.112637,4816.11,57793.32,6070.0,51723.32,20680.61,17692.63,1474.39,3341.722637,6898.940792,2082.828154,3557.218154,1.4324708143167866,2.0644863563088913,21.89809999999943,19.036017999999785,8.84601799999973,27.37262499999997,8.336605999999847,18.526606000000356,0.8692999849302122,0.40396280955881836,1.250000000000031,0.3806999694037411,0.8460371447751557
Belgium,BE,2026-04,2026-04-01,belgium__non_profit_sector,Belgique · secteur non-marchand (Maribel social),Belgium · non-profit sector (Maribel social),2.54,5562.1174,0.1307,0.25,726.968744,1390.52935,417.158805,197.455168,63.96435,48.390421,492.803602,211.360461,130.709759,81.206914,55.621174,16.686352,402.141088,26.333333,79.0,0.0,0.0,16686.3522,1364.196017,0.24526559196083614,4835.148656,4835.15,58021.8,6070.0,51951.8,20802.84,17814.86,1484.57,3350.578656,6926.313417,2091.164761,3575.734761,1.4324923409189418,2.0671991701002352,21.89810000000034,19.036019000000124,8.856019000000288,27.37262499999997,8.336607000000186,18.516607000000022,0.8693000305962539,0.4044195158484138,1.2499999999999791,0.3807000150698031,0.8455805298176433
Belgium,BE,2026-04,2026-04-01,belgium__non_profit_sector,Belgique · secteur non-marchand (Maribel social),Belgium · non-profit sector (Maribel social),2.55,5584.0155,0.1307,0.25,729.830826,1396.003875,418.801163,198.23255,64.216178,48.580935,494.743773,212.192589,131.224364,81.526626,55.840155,16.752047,403.724321,26.333333,79.0,0.0,0.0,16752.0465,1369.670542,0.24528415826687205,4854.184674,4854.19,58250.28,6070.0,52180.28,20925.08,17937.1,1494.76,3359.424674,6953.686042,2099.501368,3594.261368,1.4325136986850018,2.069903842516155,21.89810000000034,19.036017999999785,8.84601799999973,27.37262499999997,8.336607000000186,18.526606999999785,0.8692999849301761,0.4039628095588016,1.2499999999999791,0.3807000150698031,0.8460371904411569
Belgium,BE,2026-04,2026-04-01,belgium__non_profit_sector,Belgique · secteur non-marchand (Maribel social),Belgium · non-profit sector (Maribel social),2.56,5605.9136,0.1307,0.25,732.692908,1401.4784,420.44352,199.009933,64.468006,48.771448,496.683945,213.024717,131.73897,81.846339,56.059136,16.817741,405.307553,26.608549,79.825648,0.0,0.0,16817.7408,1374.869851,0.2452534856524843,4873.220692,4873.22,58478.64,6070.0,52408.64,21047.25,18059.27,1504.94,3368.280692,6980.783451,2107.562758,3612.502758,1.4324784144167544,2.072506447058262,21.89809999999943,19.036017999999785,8.856017999999949,27.09740899999997,8.061389999999847,18.241390000000138,0.8692999849302122,0.40441947018235275,1.2374319689836413,0.36813193838735125,0.8330124531352314
Belgium,BE,2026-04,2026-04-01,belgium__non_profit_sector,Belgique · secteur non-marchand (Maribel social),Belgium · non-profit sector (Maribel social),2.57,5627.8117,0.1307,0.25,735.554989,1406.952925,422.085878,199.787315,64.719835,48.961962,498.624117,213.856845,132.253575,82.166051,56.278117,16.883435,406.890786,27.922435,83.767306,0.0,0.0,16883.4351,1379.03049,0.24503849154488708,4892.256711,4892.26,58707.12,6070.0,52637.12,21169.49,18181.51,1515.13,3377.126711,7006.84219,2114.585479,3629.715479,1.4322310957608273,2.074793986034976,21.89810000000034,19.036019000000124,8.84601900000007,26.05873900000006,7.0227209999998195,17.212720999999874,0.8693000305962539,0.4039628552248794,1.1899999999999842,0.32070001506978735,0.7860371904411618
Belgium,BE,2026-04,2026-04-01,belgium__non_profit_sector,Belgique · secteur non-marchand (Maribel social),Belgium · non-profit sector (Maribel social),2.58,5649.7098,0.1307,0.25,738.417071,1412.42745,423.728235,200.564698,64.971663,49.152475,500.564288,214.688972,132.76818,82.485763,56.497098,16.949129,408.474019,29.236321,87.708964,0.0,0.0,16949.1294,1383.191129,0.244825164058279,4911.292729,4911.29,58935.48,6070.0,52865.48,21291.66,18303.68,1525.31,3385.982729,7032.900929,2121.6082,3646.9182,1.4319856943037836,2.077063438079893,21.89809999999943,19.036017999999785,8.856017999999949,26.05873900000006,7.022721000000274,17.20272100000011,0.8692999849302122,0.40441947018235275,1.1900000000000337,0.32070001506982143,0.7855805298176809
Belgium,BE,2026-04,2026-04-01,belgium__non_profit_sector,Belgique · secteur non-marchand (Maribel social),Belgium · non-profit sector (Maribel social),2.59,5671.6079,0.1307,0.25,741.279153,1417.901975,425.370593,201.34208,65.223491,49.342989,502.50446,215.5211,133.282786,82.805475,56.716079,17.014824,410.057251,30.550207,91.650622,0.0,0.0,17014.8237,1387.351768,0.2446134838881698,4930.328747,4930.33,59163.96,6070.0,53093.96,21413.9,18425.92,1535.49,3394.838747,7058.959668,2128.63092,3664.12092,1.431742187838686,2.079321049616082,21.89810000000034,19.036017999999785,8.856017999999949,26.05873900000006,7.022719999999936,17.202719999999772,0.8692999849301761,0.404419470182336,1.1899999999999842,0.3206999694037303,0.7855804841515704
Belgium,BE,2026-04,2026-04-01,belgium__non_profit_sector,Belgique · secteur non-marchand (Maribel social),Belgium · non-profit sector (Maribel social),2.6,5693.506,0.1307,0.25,744.141234,1423.3765,427.01295,202.119463,65.475319,49.533502,504.444632,216.353228,133.797391,83.125188,56.93506,17.080518,411.640484,31.864093,95.59228,0.0,0.0,17080.518,1391.512407,0.24440343202706147,4949.364766,4949.37,59392.44,6070.0,53322.44,21536.14,18548.16,1545.68,3403.684766,7085.018407,2135.653641,3681.333641,1.4315005545002433,2.0815730286942156,21.89810000000034,19.036019000000124,8.84601900000007,26.05873899999915,7.0227209999998195,17.21272100000033,0.8693000305962539,0.4039628552248794,1.1899999999999427,0.32070001506978735,0.7860371904411826
Belgium,BE,2026-04,2026-04-01,belgium__non_profit_sector,Belgique · secteur non-marchand (Maribel social),Belgium · non-profit sector (Maribel social),2.61,5715.4041,0.1307,0.25,747.003316,1428.851025,428.655308,202.896846,65.727147,49.724016,506.384803,217.185356,134.311996,83.4449,57.154041,17.146212,413.223716,33.177979,99.533938,0.0,0.0,17146.2123,1395.673046,0.24419498975875856,4968.400784,4968.4,59620.8,6070.0,53550.8,21658.31,18670.33,1555.86,3412.540784,7111.077146,2142.676362,3698.536362,1.4312607727582636,2.0838072261983465,21.89809999999943,19.036018000000695,8.856017999999949,26.05873900000006,7.022721000000274,17.202720999999656,0.8692999849302537,0.40441947018235275,1.1900000000000337,0.32070001506982143,0.7855805298176601
Belgium,BE,2026-04,2026-04-01,belgium__non_profit_sector,Belgique · secteur non-marchand (Maribel social),Belgium · non-profit sector (Maribel social),2.62,5737.3022,0.1307,0.25,749.865398,1434.32555,430.297665,203.674228,65.978975,49.914529,508.324975,218.017484,134.826602,83.764612,57.373022,17.211907,414.806949,34.491865,103.475596,0.0,0.0,17211.9066,1399.833685,0.24398813865280908,4987.436802,4987.43,59849.16,6070.0,53779.16,21780.48,18792.5,1566.04,3421.396802,7137.135885,2149.699082,3715.739082,1.4310228214112608,2.0860298576110883,21.89810000000034,19.036017999999785,8.856018000000404,26.05873900000006,7.022719999999936,17.202720000000227,0.8692999849301761,0.40441947018235674,1.1899999999999842,0.3206999694037303,0.7855804841515912
Belgium,BE,2026-04,2026-04-01,belgium__non_profit_sector,Belgique · secteur non-marchand (Maribel social),Belgium · non-profit sector (Maribel social),2.63,5759.2003,0.1307,0.25,752.727479,1439.800075,431.940023,204.451611,66.230803,50.105043,510.265147,218.849611,135.341207,84.084324,57.592003,17.277601,416.390182,35.805751,107.417254,0.0,0.0,17277.6009,1403.994324,0.2437828605590722,5006.472821,5006.47,60077.64,6070.0,54007.64,21902.72,18914.74,1576.23,3430.242821,7163.194624,2156.721803,3732.951803,1.430786679580205,2.088247100249583,21.89810000000034,19.036019000000124,8.846018999999615,26.05873900000006,7.0227209999998195,17.212720999999874,0.8693000305962539,0.40396285522485864,1.1899999999999842,0.32070001506978735,0.7860371904411618
Belgium,BE,2026-04,2026-04-01,belgium__non_profit_sector,Belgique · secteur non-marchand (Maribel social),Belgium · non-profit sector (Maribel social),2.64,5781.0984,0.1307,0.25,755.589561,1445.2746,433.58238,205.228993,66.482632,50.295556,512.205318,219.681739,135.855812,84.404037,57.810984,17.343295,417.973414,37.119637,111.358912,0.0,0.0,17343.2952,1408.154963,0.243579137602409,5025.508839,5025.51,60306.12,6070.0,54236.12,22024.95,19036.97,1586.41,3439.098839,7189.253363,2163.744524,3750.154524,1.4305523267024147,2.090446858022336,21.89809999999943,19.036017999999785,8.856018000000404,26.05873900000006,7.022721000000274,17.20272100000011,0.8692999849302122,0.40441947018237356,1.1900000000000337,0.32070001506982143,0.7855805298176809
Belgium,BE,2026-04,2026-04-01,belgium__non_profit_sector,Belgique · secteur non-marchand (Maribel social),Belgium · non-profit sector (Maribel social),2.65,5802.9965,0.1307,0.25,758.451643,1450.749125,435.224738,206.006376,66.73446,50.48607,514.14549,220.513867,136.370418,84.723749,58.029965,17.40899,419.556647,38.433523,115.30057,0.0,0.0,17408.9895,1412.315602,0.24337695217749428,5044.544857,5044.55,60534.6,6070.0,54464.6,22147.19,19159.21,1596.6,3447.944857,7215.312102,2170.767244,3767.367244,1.4303197425255887,2.092641384932966,21.89810000000034,19.036017999999785,8.84601799999973,26.05873900000006,7.022719999999936,17.21271999999999,0.8692999849301761,0.4039628095588016,1.1899999999999842,0.3206999694037303,0.7860371447751048
Belgium,BE,2026-04,2026-04-01,belgium__non_profit_sector,Belgique · secteur non-marchand (Maribel social),Belgium · non-profit sector (Maribel social),2.66,5824.8946,0.1307,0.25,761.313724,1456.22365,436.867095,206.783758,66.986288,50.676583,516.085662,221.345995,136.885023,85.043461,58.248946,17.474684,421.13988,39.747409,119.242228,0.0,0.0,17474.6838,1416.476241,0.2431762869437443,5063.580876,5063.58,60762.96,6070.0,54692.96,22269.36,19281.38,1606.78,3456.800876,7241.370841,2177.789965,3784.569965,1.430088907101972,2.0948186201302983,21.89809999999943,19.036019000000124,8.856018999999833,26.05873900000006,7.0227209999998195,17.20272100000011,0.86930003059629,0.4044195158484098,1.1900000000000337,0.32070001506980067,0.7855805298176809
Belgium,BE,2026-04,2026-04-01,belgium__non_profit_sector,Belgique · secteur non-marchand (Maribel social),Belgium · non-profit sector (Maribel social),2.67,5846.7927,0.1307,0.25,764.175806,1461.698175,438.509453,207.561141,67.238116,50.867096,518.025833,222.178123,137.399628,85.363173,58.467927,17.540378,422.723112,41.061295,123.183886,0.0,0.0,17540.3781,1420.63688,0.24297712482035946,5082.616894,5082.61,60991.32,6070.0,54921.32,22391.54,19403.56,1616.96,3465.656894,7267.42958,2184.812686,3801.772686,1.4298598007826522,2.09698472806639,21.89810000000034,19.036017999999785,8.856018000000404,26.05873900000006,7.022721000000274,17.202720999999656,0.8692999849301761,0.40441947018235674,1.1899999999999842,0.3207000150698081,0.7855805298176275
Belgium,BE,2026-04,2026-04-01,belgium__non_profit_sector,Belgique · secteur non-marchand (Maribel social),Belgium · non-profit sector (Maribel social),2.68,5868.6908,0.1307,0.25,767.037888,1467.1727,440.15181,208.338523,67.489944,51.05761,519.966005,223.01025,137.914234,85.682886,58.686908,17.606072,424.306345,42.375181,127.125544,0.0,0.0,17606.0724,1424.797519,0.24277944898147755,5101.652912,5101.65,61219.8,6070.0,55149.8,22513.77,19525.79,1627.15,3474.502912,7293.488319,2191.835406,3818.985406,1.4296324042119837,2.0991458353807366,21.89810000000034,19.036017999999785,8.84601799999973,26.05873900000006,7.022719999999936,17.21271999999999,0.8692999849301761,0.4039628095588016,1.1899999999999842,0.3206999694037303,0.7860371447751048
Belgium,BE,2026-04,2026-04-01,belgium__non_profit_sector,Belgique · secteur non-marchand (Maribel social),Belgium · non-profit sector (Maribel social),2.69,5890.5889,0.1307,0.25,769.899969,1472.647225,441.794168,209.115906,67.741772,51.248123,521.906177,223.842378,138.428839,86.002598,58.905889,17.671767,425.889577,43.689067,131.067202,0.0,0.0,17671.7667,1428.958158,0.2425832428514349,5120.688931,5120.69,61448.28,6070.0,55378.28,22636.01,19648.03,1637.34,3483.348931,7319.547058,2198.858127,3836.198127,1.4294066983221385,2.1012959663643773,21.89809999999943,19.036019000000124,8.84601900000007,26.05873900000006,7.0227209999998195,17.21272100000033,0.86930003059629,0.40396285522489617,1.1900000000000337,0.32070001506980067,0.7860371904412152
Belgium,BE,2026-04,2026-04-01,belgium__non_profit_sector,Belgique · secteur non-marchand (Maribel social),Belgium · non-profit sector (Maribel social),2.7,5912.487,0.1307,0.25,772.762051,1478.12175,443.436525,209.893289,67.993601,51.438637,523.846348,224.674506,138.943445,86.32231,59.12487,17.737461,427.47281,45.002953,135.00886,0.0,0.0,17737.461,1433.118797,0.24238849010013327,5139.724949,5139.73,61676.76,6070.0,55606.76,22758.25,19770.27,1647.52,3492.204949,7345.605797,2205.880848,3853.400848,1.4291826643277732,2.1034291811996177,21.89810000000034,19.036018000000695,8.856017999999949,26.05873900000006,7.0227209999998195,17.20272100000011,0.8692999849302177,0.404419470182336,1.1899999999999842,0.32070001506978735,0.7855805298176483
Belgium,BE,2026-04,2026-04-01,belgium__non_profit_sector,Belgique · secteur non-marchand (Maribel social),Belgium · non-profit sector (Maribel social),2.71,5934.3851,0.1307,0.25,775.624133,1483.596275,445.078883,210.670671,68.245429,51.62915,525.78652,225.506634,139.45805,86.642022,59.343851,17.803155,429.056043,46.316839,138.950518,0.0,0.0,17803.1553,1437.279436,0.24219517463850918,5158.760967,5158.77,61905.24,6070.0,55835.24,22880.48,19892.5,1657.71,3501.050967,7371.664536,2212.903568,3870.613568,1.4289602837208204,2.1055576180537443,21.89810000000034,19.036017999999785,8.846018000000186,26.05873900000006,7.02272000000039,17.21271999999999,0.8692999849301761,0.40396280955882236,1.1899999999999842,0.32069996940375106,0.7860371447751048
Belgium,BE,2026-04,2026-04-01,belgium__non_profit_sector,Belgique · secteur non-marchand (Maribel social),Belgium · non-profit sector (Maribel social),2.72,5956.2832,0.1307,0.25,778.486214,1489.0708,446.72124,211.448054,68.497257,51.819664,527.726692,226.338762,139.972655,86.961735,59.562832,17.86885,430.639275,47.630725,142.892176,0.0,0.0,17868.8496,1441.440075,0.24200328061410287,5177.796986,5177.79,62133.48,6070.0,56063.48,23002.59,20014.61,1667.88,3509.916986,7397.723275,2219.926289,3887.806289,1.4287395382653894,2.1076633164487344,21.89809999999943,19.036019000000124,8.866019000000051,26.05873900000006,7.0227209999998195,17.192720999999892,0.86930003059629,0.40487617647194424,1.1900000000000337,0.32070001506980067,0.7851238691941465
Belgium,BE,2026-04,2026-04-01,belgium__non_profit_sector,Belgique · secteur non-marchand (Maribel social),Belgium · non-profit sector (Maribel social),2.73,5978.1813,0.1307,0.25,781.348296,1494.545325,448.363598,212.225436,68.749085,52.010177,529.666863,227.170889,140.487261,87.281447,59.781813,17.934544,432.222508,48.944611,146.833834,0.0,0.0,17934.5439,1445.600714,0.2418127924067252,5196.833004,5196.83,62361.96,6070.0,56291.96,23124.83,20136.85,1678.07,3518.763004,7423.782014,2226.94901,3905.01901,1.4285204099927817,2.1097703951751527,21.89810000000034,19.036017999999785,8.84601799999973,26.05873900000006,7.0227209999998195,17.212720999999874,0.8692999849301761,0.4039628095588016,1.1899999999999842,0.32070001506978735,0.7860371904411618
Belgium,BE,2026-04,2026-04-01,belgium__non_profit_sector,Belgique · secteur non-marchand (Maribel social),Belgium · non-profit sector (Maribel social),2.74,6000.0794,0.1307,0.25,784.210378,1500.01985,450.005955,213.002819,69.000913,52.200691,531.607035,228.003017,141.001866,87.601159,60.000794,18.000238,433.805741,50.258497,150.775492,0.0,0.0,18000.2382,1449.761353,0.24162369462421893,5215.869022,5215.87,62590.44,6070.0,56520.44,23247.07,20259.09,1688.26,3527.609022,7449.840753,2233.97173,3922.23173,1.4283028811966167,2.111866906258208,21.89809999999943,19.036017999999785,8.846018000000186,26.05873900000006,7.02272000000039,17.21271999999999,0.8692999849302122,0.4039628095588391,1.1900000000000337,0.3206999694037644,0.7860371447751374
Belgium,BE,2026-04,2026-04-01,belgium__non_profit_sector,Belgique · secteur non-marchand (Maribel social),Belgium · non-profit sector (Maribel social),2.75,6021.9775,0.1307,0.25,787.072459,1505.494375,451.648313,213.780201,69.252741,52.391204,533.547207,228.835145,141.516471,87.920872,60.219775,18.065933,435.388973,51.572383,154.71715,0.0,0.0,18065.9325,1453.921992,0.24143597209831266,5234.905041,5234.91,62818.92,6070.0,56748.92,23369.3,20381.32,1698.44,3536.465041,7475.899492,2240.994451,3939.434451,1.4280869344280602,2.11394695141146,21.89810000000034,19.036019000000124,8.856018999999833,26.05873899999915,7.0227209999998195,17.20272100000011,0.8693000305962539,0.40441951584839303,1.1899999999999427,0.32070001506978735,0.7855805298176483
Belgium,BE,2026-04,2026-04-01,belgium__non_profit_sector,Belgique · secteur non-marchand (Maribel social),Belgium · non-profit sector (Maribel social),2.76,6043.8756,0.1307,0.25,789.934541,1510.9689,453.29067,214.557584,69.504569,52.581718,535.487378,229.667273,142.031077,88.240584,60.438756,18.131627,436.972206,52.886269,158.658808,0.0,0.0,18131.6268,1458.082631,0.24124960988056515,5253.941059,5253.95,63047.4,6070.0,56977.4,23491.54,20503.56,1708.63,3545.311059,7501.958231,2248.017172,3956.647172,1.4278725524911597,2.116022573379896,21.89810000000034,19.036017999999785,8.846018000000186,26.05873900000006,7.0227209999998195,17.212720999999874,0.8692999849301761,0.40396280955882236,1.1899999999999842,0.32070001506978735,0.7860371904411618
Belgium,BE,2026-04,2026-04-01,belgium__non_profit_sector,Belgique · secteur non-marchand (Maribel social),Belgium · non-profit sector (Maribel social),2.77,6065.7737,0.1307,0.25,792.796623,1516.443425,454.933028,215.334966,69.756398,52.772231,537.42755,230.499401,142.545682,88.560296,60.657737,18.197321,438.555439,54.200155,162.600466,0.0,0.0,18197.3211,1462.24327,0.24106459323839705,5272.977077,5272.97,63275.64,6070.0,57205.64,23613.65,20625.67,1718.81,3554.167077,7528.01697,2255.039892,3973.849892,1.4276597184382802,2.1180819037782825,21.89809999999943,19.036017999999785,8.856017999999949,26.05873900000006,7.022719999999936,17.202720000000227,0.8692999849302122,0.40441947018235275,1.1900000000000337,0.3206999694037436,0.7855804841516238
Belgium,BE,2026-04,2026-04-01,belgium__non_profit_sector,Belgique · secteur non-marchand (Maribel social),Belgium · non-profit sector (Maribel social),2.78,6087.6718,0.1307,0.25,795.658704,1521.91795,456.575385,216.112349,70.008226,52.962745,539.367721,231.331528,143.060287,88.880008,60.876718,18.263015,440.138671,55.514041,166.542124,0.0,0.0,18263.0154,1466.403909,0.24088090765120856,5292.013096,5292.01,63504.12,6070.0,57434.12,23735.88,20747.9,1728.99,3563.023096,7554.075709,2262.062613,3991.052613,1.4274484155656373,2.1201309971014286,21.89810000000034,19.036019000000124,8.856018999999833,26.05873900000006,7.022721000000274,17.202720999999656,0.8693000305962539,0.40441951584839303,1.1899999999999842,0.3207000150698081,0.7855805298176275
Belgium,BE,2026-04,2026-04-01,belgium__non_profit_sector,Belgique · secteur non-marchand (Maribel social),Belgium · non-profit sector (Maribel social),2.79,6109.5699,0.1307,0.25,798.520786,1527.392475,458.217743,216.889731,70.260054,53.153258,541.307893,232.163656,143.574893,89.199721,61.095699,18.32871,441.721904,56.827927,170.483782,0.0,0.0,18328.7097,1470.564548,0.2406985388065806,5311.049114,5311.05,63732.6,6070.0,57662.6,23858.12,20870.14,1739.18,3571.869114,7580.134448,2269.085334,4008.265334,1.4272386274089275,2.122175870836827,21.89810000000034,19.036018000000695,8.846018000000186,26.05873900000006,7.0227209999998195,17.21272100000033,0.8692999849302177,0.40396280955882236,1.1899999999999842,0.32070001506978735,0.7860371904411826
Belgium,BE,2026-04,2026-04-01,belgium__non_profit_sector,Belgique · secteur non-marchand (Maribel social),Belgium · non-profit sector (Maribel social),2.8,6131.468,0.1307,0.25,801.382868,1532.867,459.8601,217.667114,70.511882,53.343772,543.248065,232.995784,144.089498,89.519433,61.31468,18.394404,443.305136,58.141813,174.42544,0.0,0.0,18394.404,1474.725187,0.24051747259655706,5330.085132,5330.09,63961.08,6070.0,57891.08,23980.36,20992.38,1749.37,3580.715132,7606.193187,2276.108054,4025.478054,1.4270303377390512,2.124210641009178,21.89809999999943,19.036017999999785,8.84601799999973,26.05873900000006,7.022719999999936,17.21271999999999,0.8692999849302122,0.40396280955881836,1.1900000000000337,0.3206999694037436,0.7860371447751374
Belgium,BE,2026-04,2026-04-01,belgium__non_profit_sector,Belgique · secteur non-marchand (Maribel social),Belgium · non-profit sector (Maribel social),2.81,6153.3661,0.1307,0.25,804.244949,1538.341525,461.502458,218.444497,70.76371,53.534285,545.188236,233.827912,144.604103,89.839145,61.533661,18.460098,444.888369,59.455699,178.367098,0.0,0.0,18460.0983,1478.885826,0.24033769511400707,5349.121151,5349.13,64189.56,6070.0,58119.56,24102.59,21114.61,1759.55,3589.571151,7632.251926,2283.130775,4042.680775,1.4268235305579282,2.126229458946515,21.89810000000034,19.036019000000124,8.856019000000288,26.05873900000006,7.022721000000274,17.202720999999656,0.8693000305962539,0.4044195158484138,1.1899999999999842,0.3207000150698081,0.7855805298176275
Belgium,BE,2026-04,2026-04-01,belgium__non_profit_sector,Belgique · secteur non-marchand (Maribel social),Belgium · non-profit sector (Maribel social),2.82,6175.2642,0.1307,0.25,807.107031,1543.81605,463.144815,219.221879,71.015538,53.724799,547.128408,234.66004,145.118709,90.158857,61.752642,18.525793,446.471602,60.769585,182.308756,0.0,0.0,18525.7926,1483.046465,0.24015919264906374,5368.157169,5368.15,64417.8,6070.0,58347.8,24224.7,21236.72,1769.73,3598.427169,7658.310665,2290.153496,4059.883496,1.4266181900944022,2.1282383399376155,21.89809999999943,19.036017999999785,8.856017999999949,26.05873900000006,7.0227209999998195,17.20272100000011,0.8692999849302122,0.40441947018235275,1.1900000000000337,0.32070001506980067,0.7855805298176809
Belgium,BE,2026-04,2026-04-01,belgium__non_profit_sector,Belgique · secteur non-marchand (Maribel social),Belgium · non-profit sector (Maribel social),2.83,6197.1623,0.1307,0.25,809.969113,1549.290575,464.787173,219.999262,71.267366,53.915312,549.06858,235.492167,145.633314,90.47857,61.971623,18.591487,448.054834,62.083471,186.250414,0.0,0.0,18591.4869,1487.207104,0.23998195168563952,5387.193187,5387.19,64646.28,6070.0,58576.28,24346.94,21358.96,1779.91,3607.283187,7684.369404,2297.176216,4077.086216,1.4264143008002295,2.130237357169229,21.89810000000034,19.036017999999785,8.856017999999949,26.05873900000006,7.022719999999936,17.202720000000227,0.8692999849301761,0.404419470182336,1.1899999999999842,0.3206999694037303,0.7855804841515912
Belgium,BE,2026-04,2026-04-01,belgium__non_profit_sector,Belgique · secteur non-marchand (Maribel social),Belgium · non-profit sector (Maribel social),2.84,6219.0604,0.1307,0.25,812.831194,1554.7651,466.42953,220.776644,71.519195,54.105825,551.008751,236.324295,146.147919,90.798282,62.190604,18.657181,449.638067,63.397357,190.192072,0.0,0.0,18657.1812,1491.367743,0.23980595889801404,5406.229206,5406.23,64874.76,6070.0,58804.76,24469.18,21481.2,1790.1,3616.129206,7710.428143,2304.198937,4094.298937,1.4262118473461567,2.1322324795447845,21.89810000000034,19.036019000000124,8.84601900000007,26.05873900000006,7.022721000000274,17.212720999999874,0.8693000305962539,0.4039628552248794,1.1899999999999842,0.3207000150698081,0.7860371904411618
Belgium,BE,2026-04,2026-04-01,belgium__non_profit_sector,Belgique · secteur non-marchand (Maribel social),Belgium · non-profit sector (Maribel social),2.85,6240.9585,0.1307,0.25,815.693276,1560.239625,468.071888,221.554027,71.771023,54.296339,552.948923,237.156423,146.662525,91.117994,62.409585,18.722876,451.2213,64.711243,194.13373,0.0,0.0,18722.8755,1495.528382,0.23963120114749467,5425.265224,5425.27,65103.24,6070.0,59033.24,24591.41,21603.43,1800.29,3624.975224,7736.486882,2311.221658,4111.511658,1.4260108146180774,2.13421786453566,21.89809999999943,19.036017999999785,8.84601799999973,26.05873900000006,7.0227209999998195,17.21272100000033,0.8692999849302122,0.40396280955881836,1.1900000000000337,0.32070001506980067,0.7860371904412152
Belgium,BE,2026-04,2026-04-01,belgium__non_profit_sector,Belgique · secteur non-marchand (Maribel social),Belgium · non-profit sector (Maribel social),2.86,6262.8566,0.1307,0.25,818.555358,1565.71415,469.714245,222.331409,72.022851,54.486852,554.889095,237.988551,147.17713,91.437706,62.628566,18.78857,452.804532,66.025129,198.075388,0.0,0.0,18788.5698,1499.689021,0.2394576654791468,5444.301242,5444.3,65331.6,6070.0,59261.6,24713.59,21725.61,1810.47,3633.831242,7762.545621,2318.244378,4128.714378,1.4258111877132715,2.1361877046283912,21.89810000000034,19.036017999999785,8.856018000000404,26.05873900000006,7.022719999999936,17.202719999999317,0.8692999849301761,0.40441947018235674,1.1899999999999842,0.3206999694037303,0.7855804841515497
Belgium,BE,2026-04,2026-04-01,belgium__non_profit_sector,Belgique · secteur non-marchand (Maribel social),Belgium · non-profit sector (Maribel social),2.87,6284.7547,0.1307,0.25,821.417439,1571.188675,471.356603,223.108792,72.274679,54.677366,556.829266,238.820679,147.691735,91.757419,62.847547,18.854264,454.387765,67.339015,202.017046,0.0,0.0,18854.2641,1503.84966,0.2392853391185923,5463.337261,5463.33,65559.96,6070.0,59489.96,24835.76,21847.78,1820.65,3642.687261,7788.60436,2325.267099,4145.917099,1.425612951936722,2.138147966660356,21.89810000000034,19.036019000000124,8.856018999999833,26.05873900000006,7.022721000000274,17.202721000000565,0.8693000305962539,0.40441951584839303,1.1899999999999842,0.3207000150698081,0.785580529817669
Belgium,BE,2026-04,2026-04-01,belgium__non_profit_sector,Belgique · secteur non-marchand (Maribel social),Belgium · non-profit sector (Maribel social),2.88,6306.6528,0.1307,0.25,824.279521,1576.6632,472.99896,223.886174,72.526507,54.867879,558.769438,239.652806,148.206341,92.077131,63.066528,18.919958,455.970997,68.652901,205.958704,0.0,0.0,18919.9584,1508.010299,0.23911420946887493,5482.373279,5482.37,65788.44,6070.0,59718.44,24958.0,21970.02,1830.84,3651.533279,7814.663099,2332.28982,4163.12982,1.4254160927975092,2.14010458114219,21.89809999999943,19.036018000000695,8.846018000000186,26.05873900000006,7.0227209999998195,17.212720999999874,0.8692999849302537,0.4039628095588391,1.1900000000000337,0.32070001506980067,0.7860371904411945
Belgium,BE,2026-04,2026-04-01,belgium__non_profit_sector,Belgique · secteur non-marchand (Maribel social),Belgium · non-profit sector (Maribel social),2.89,6328.5509,0.1307,0.25,827.141603,1582.137725,474.641318,224.663557,72.778335,55.058393,560.70961,240.484934,148.720946,92.396843,63.285509,18.985653,457.55423,69.966787,209.900362,0.0,0.0,18985.6527,1512.170938,0.23894426410739095,5501.409297,5501.41,66016.92,6070.0,59946.92,25080.23,22092.25,1841.02,3660.389297,7840.721838,2339.31254,4180.33254,1.4252205960052813,2.142045886567379,21.89810000000034,19.036017999999785,8.856017999999949,26.05873900000006,7.022719999999936,17.202720000000227,0.8692999849301761,0.404419470182336,1.1899999999999842,0.3206999694037303,0.7855804841515912
Belgium,BE,2026-04,2026-04-01,belgium__non_profit_sector,Belgique · secteur non-marchand (Maribel social),Belgium · non-profit sector (Maribel social),2.9,6350.449,0.1307,0.25,830.003684,1587.61225,476.283675,225.44094,73.030164,55.248906,562.649781,241.317062,149.235552,92.716555,63.50449,19.051347,459.137463,71.280673,213.84202,0.0,0.0,19051.347,1516.331577,0.2387754907828827,5520.445316,5520.45,66245.4,6070.0,60175.4,25202.47,22214.49,1851.21,3669.235316,7866.780577,2346.335261,4197.545261,1.4250264474667924,2.1439836641182763,21.89809999999943,19.036019000000124,8.846018999999615,26.05873900000006,7.022721000000274,17.212720999999874,0.86930003059629,0.4039628552248754,1.1900000000000337,0.32070001506982143,0.7860371904411945
Belgium,BE,2026-04,2026-04-01,belgium__non_profit_sector,Belgique · secteur non-marchand (Maribel social),Belgium · non-profit sector (Maribel social),2.91,6372.3471,0.1307,0.25,832.865766,1593.086775,477.926033,226.218322,73.281992,55.43942,564.589953,242.14919,149.750157,93.036268,63.723471,19.117041,460.720695,72.594559,217.783678,0.0,0.0,19117.0413,1520.492216,0.23860787741249478,5539.481334,5539.48,66473.76,6070.0,60403.76,25324.64,22336.66,1861.39,3678.091334,7892.839316,2353.357982,4214.747982,1.4248336332825202,2.145906286404983,21.89810000000034,19.036017999999785,8.856018000000404,26.05873899999915,7.0227209999998195,17.202720999999656,0.8692999849301761,0.40441947018235674,1.1899999999999427,0.32070001506978735,0.7855805298176275
Belgium,BE,2026-04,2026-04-01,belgium__non_profit_sector,Belgique · secteur non-marchand (Maribel social),Belgium · non-profit sector (Maribel social),2.92,6394.2452,0.1307,0.25,835.727848,1598.5613,479.56839,226.995705,73.53382,55.629933,566.530125,242.981318,150.264762,93.35598,63.942452,19.182736,462.303928,73.908445,221.725336,0.0,0.0,19182.7356,1524.652855,0.23844141207889036,5558.517352,5558.52,66702.24,6070.0,60632.24,25446.88,22458.9,1871.58,3686.937352,7918.898055,2360.380702,4231.960702,1.4246421397433455,2.147825497929277,21.89810000000034,19.036017999999785,8.84601799999973,26.05873900000006,7.022719999999936,17.212720000000445,0.8692999849301761,0.4039628095588016,1.1899999999999842,0.3206999694037303,0.7860371447751255
Belgium,BE,2026-04,2026-04-01,belgium__non_profit_sector,Belgique · secteur non-marchand (Maribel social),Belgium · non-profit sector (Maribel social),2.93,6416.1433,0.1307,0.25,838.589929,1604.035825,481.210748,227.773087,73.785648,55.820447,568.470296,243.813445,150.779368,93.675692,64.161433,19.24843,463.887161,75.222331,225.666994,0.0,0.0,19248.4299,1528.813494,0.23827608302742656,5577.553371,5577.55,66930.6,6070.0,60860.6,25569.05,22581.07,1881.76,3695.793371,7944.956794,2367.403423,4249.163423,1.4244519533273052,2.149729705311786,21.89809999999943,19.036019000000124,8.856019000000288,26.05873900000006,7.022721000000274,17.202720999999656,0.86930003059629,0.40441951584843056,1.1900000000000337,0.32070001506982143,0.7855805298176601
Belgium,BE,2026-04,2026-04-01,belgium__non_profit_sector,Belgique · secteur non-marchand (Maribel social),Belgium · non-profit sector (Maribel social),2.94,6438.0414,0.1307,0.25,841.452011,1609.51035,482.853105,228.55047,74.037476,56.01096,570.410468,244.645573,151.293973,93.995404,64.380414,19.314124,465.470393,76.536217,229.608652,0.0,0.0,19314.1242,1532.974133,0.2381118786633877,5596.589389,5596.59,67159.08,6070.0,61089.08,25691.29,22703.31,1891.94,3704.649389,7971.015533,2374.426144,4266.366144,1.4242630606964082,2.1516248086233225,21.89810000000034,19.036017999999785,8.856017999999949,26.05873900000006,7.0227209999998195,17.202720999999656,0.8692999849301761,0.404419470182336,1.1899999999999842,0.32070001506978735,0.7855805298176275
Belgium,BE,2026-04,2026-04-01,belgium__non_profit_sector,Belgique · secteur non-marchand (Maribel social),Belgium · non-profit sector (Maribel social),2.95,6459.9395,0.1307,0.25,844.314093,1614.984875,484.495463,229.327852,74.289304,56.201474,572.35064,245.477701,151.808578,94.315117,64.599395,19.379819,467.053626,77.850103,233.55031,0.0,0.0,19379.8185,1537.134772,0.2379487875492745,5615.625407,5615.63,67387.56,6070.0,61317.56,25813.52,22825.54,1902.13,3713.495407,7997.074272,2381.448864,4283.578864,1.4240754486935172,2.153516672146226,21.89810000000034,19.036018000000695,8.84601799999973,26.05873900000006,7.022719999999936,17.212720000000445,0.8692999849302177,0.4039628095588016,1.1899999999999842,0.3206999694037303,0.7860371447751255
Belgium,BE,2026-04,2026-04-01,belgium__non_profit_sector,Belgique · secteur non-marchand (Maribel social),Belgium · non-profit sector (Maribel social),2.96,6481.8376,0.1307,0.25,847.176174,1620.4594,486.13782,230.105235,74.541132,56.391987,574.290811,246.309829,152.323184,94.634829,64.818376,19.445513,468.636858,79.163989,237.491968,0.0,0.0,19445.5128,1541.295411,0.23778679840214859,5634.661426,5634.66,67615.92,6070.0,61545.92,25935.7,22947.72,1912.31,3722.351426,8023.133011,2388.471585,4300.781585,1.4238891043392945,2.1553937533453063,21.89809999999943,19.036018999999214,8.856019000000288,26.05873900000006,7.0227209999998195,17.202720999999656,0.8693000305962485,0.40441951584843056,1.1900000000000337,0.32070001506980067,0.7855805298176601
Belgium,BE,2026-04,2026-04-01,belgium__non_profit_sector,Belgique · secteur non-marchand (Maribel social),Belgium · non-profit sector (Maribel social),2.97,6503.7357,0.1307,0.25,850.038256,1625.933925,487.780178,230.882617,74.792961,56.582501,576.230983,247.141957,152.837789,94.954541,65.037357,19.511207,470.220091,80.477875,241.433626,0.0,0.0,19511.2071,1545.45605,0.23762590009103027,5653.697444,5653.7,67844.4,6070.0,61774.4,26057.93,23069.95,1922.5,3731.197444,8049.19175,2395.494306,4317.994306,1.4237040148292075,2.1572677057304217,21.89810000000034,19.036018000000695,8.84601799999973,26.05873900000006,7.022721000000274,17.212720999999874,0.8692999849302177,0.4039628095588016,1.1899999999999842,0.3207000150698081,0.7860371904411618
Belgium,BE,2026-04,2026-04-01,belgium__non_profit_sector,Belgique · secteur non-marchand (Maribel social),Belgium · non-profit sector (Maribel social),2.98,6525.6338,0.1307,0.25,852.900338,1631.40845,489.422535,231.66,75.044789,56.773014,578.171155,247.974084,153.352394,95.274253,65.256338,19.576901,471.803324,81.791761,245.375284,0.0,0.0,19576.9014,1549.616689,0.23746608163434893,5672.733462,5672.73,68072.76,6070.0,62002.76,26180.11,23192.13,1932.68,3740.053462,8075.250489,2402.517026,4335.197026,1.4235201675305982,2.1591270205036888,21.89809999999943,19.036017999999785,8.856017999999949,26.05873900000006,7.022719999999936,17.202720000000227,0.8692999849302122,0.40441947018235275,1.1900000000000337,0.3206999694037436,0.7855804841516238
Belgium,BE,2026-04,2026-04-01,belgium__non_profit_sector,Belgique · secteur non-marchand (Maribel social),Belgium · non-profit sector (Maribel social),2.99,6547.5319,0.1307,0.25,855.762419,1636.882975,491.064893,232.437382,75.296617,56.963528,580.111326,248.806212,153.867,95.593966,65.475319,19.642596,473.386556,83.105647,249.316942,0.0,0.0,19642.5957,1553.777328,0.23730733219744476,5691.769481,5691.77,68301.24,6070.0,62231.24,26302.34,23314.36,1942.86,3748.909481,8101.309228,2409.539747,4352.399747,1.4233375499798053,2.1609775507886657,21.89810000000034,19.036019000000124,8.856019000000288,26.05873900000006,7.0227209999998195,17.202721000000565,0.8693000305962539,0.4044195158484138,1.1899999999999842,0.32070001506978735,0.785580529817669
Belgium,BE,2026-04,2026-04-01,belgium__non_profit_sector,Belgique · secteur non-marchand (Maribel social),Belgium · non-profit sector (Maribel social),3.0,6569.43,0.1307,0.25,858.624501,1642.3575,492.70725,233.214765,75.548445,57.154041,582.051498,249.63834,154.381605,95.913678,65.6943,19.70829,474.969789,84.419533,253.2586,0.0,0.0,19708.29,1557.937967,0.23714964109011993,5710.805499,5710.81,68529.72,6070.0,62459.72,26424.58,23436.6,1953.05,3757.755499,8127.367967,2416.562468,4369.612468,1.423156149879351,2.1628251143081267,21.89810000000034,19.036017999999785,8.84601799999973,26.05873900000006,7.022721000000274,17.212720999999874,0.8692999849301761,0.4039628095588016,1.1899999999999842,0.3207000150698081,0.7860371904411618
Belgium,BE,2026-04,2026-04-01,belgium__non_profit_sector,Belgique · secteur non-marchand (Maribel social),Belgium · non-profit sector (Maribel social),3.01,6591.3281,0.1307,0.25,861.486583,1647.832025,494.349608,233.992148,75.800273,57.344554,583.99167,250.470468,154.89621,96.23339,65.913281,19.773984,476.553022,85.733419,257.200258,0.0,0.0,19773.9843,1562.098606,0.23699299776423915,5729.841517,5729.84,68758.08,6070.0,62688.08,26546.75,23558.77,1963.23,3766.611517,8153.426706,2423.585188,4386.815188,1.422975955095179,2.1646582526902867,21.89809999999943,19.036017999999785,8.856017999999949,26.05873900000006,7.022719999999936,17.202719999999317,0.8692999849302122,0.40441947018235275,1.1900000000000337,0.3206999694037436,0.7855804841515823
Belgium,BE,2026-04,2026-04-01,belgium__non_profit_sector,Belgique · secteur non-marchand (Maribel social),Belgium · non-profit sector (Maribel social),3.02,6613.2262,0.1307,0.25,864.348664,1653.30655,495.991965,234.76953,76.052101,57.535068,585.931841,251.302596,155.410816,96.553103,66.132262,19.839679,478.136254,87.047305,261.141916,0.0,0.0,19839.6786,1566.259245,0.23683739181137745,5748.877536,5748.88,68986.56,6070.0,62916.56,26668.99,23681.01,1973.42,3775.457536,8179.485445,2430.607909,4404.027909,1.4227969536539486,2.166488529511903,21.89810000000034,19.036019000000124,8.84601900000007,26.05873900000006,7.0227209999998195,17.212721000000784,0.8693000305962539,0.4039628552248794,1.1899999999999842,0.32070001506978735,0.7860371904412033
Belgium,BE,2026-04,2026-04-01,belgium__non_profit_sector,Belgique · secteur non-marchand (Maribel social),Belgium · non-profit sector (Maribel social),3.03,6635.1243,0.1307,0.25,867.210746,1658.781075,497.634323,235.546913,76.303929,57.725581,587.872013,252.134723,155.925421,96.872815,66.351243,19.905373,479.719487,88.361191,265.083574,0.0,0.0,19905.3729,1570.419884,0.23668281296051477,5767.913554,5767.91,69214.92,6070.0,63144.92,26791.16,23803.18,1983.6,3784.313554,8205.544184,2437.63063,4421.23063,1.4226191337403826,2.1683045198554254,21.89810000000034,19.036017999999785,8.856017999999949,26.05873900000006,7.022721000000274,17.202720999999656,0.8692999849301761,0.404419470182336,1.1899999999999842,0.3207000150698081,0.7855805298176275
Belgium,BE,2026-04,2026-04-01,belgium__non_profit_sector,Belgique · secteur non-marchand (Maribel social),Belgium · non-profit sector (Maribel social),3.04,6657.0224,0.1307,0.25,870.072828,1664.2556,499.27668,236.324295,76.555758,57.916095,589.812185,252.966851,156.440026,97.192527,66.570224,19.971067,481.30272,89.675077,269.025232,0.0,0.0,19971.0672,1574.580523,0.23652925107577627,5786.949572,5786.95,69443.4,6070.0,63373.4,26913.4,23925.42,1993.79,3793.159572,8231.602923,2444.65335,4438.44335,1.4224424836946696,2.1701177516325774,21.89809999999943,19.036018000000695,8.846018000000186,26.05873900000006,7.022719999999936,17.212719999999536,0.8692999849302537,0.4039628095588391,1.1900000000000337,0.3206999694037436,0.7860371447751167
Belgium,BE,2026-04,2026-04-01,belgium__non_profit_sector,Belgique · secteur non-marchand (Maribel social),Belgium · non-profit sector (Maribel social),3.05,6678.9205,0.1307,0.25,872.934909,1669.730125,500.919038,237.101678,76.807586,58.106608,591.752356,253.798979,156.954632,97.512239,66.789205,20.036762,482.885952,90.988963,272.96689,0.0,0.0,20036.7615,1578.741162,0.23637669615421636,5805.985591,5805.99,69671.88,6070.0,63601.88,27035.64,24047.66,2003.97,3802.015591,8257.661662,2451.676071,4455.646071,1.4222669920099116,2.171916833264463,21.89810000000034,19.036018999999214,8.856018999999833,26.05873900000006,7.0227209999998195,17.202721000000565,0.8693000305962124,0.40441951584839303,1.1899999999999842,0.32070001506978735,0.785580529817669
Belgium,BE,2026-04,2026-04-01,belgium__non_profit_sector,Belgique · secteur non-marchand (Maribel social),Belgium · non-profit sector (Maribel social),3.06,6700.8186,0.1307,0.25,875.796991,1675.20465,502.561395,237.87906,77.059414,58.297122,593.692528,254.631107,157.469237,97.831952,67.008186,20.102456,484.469185,92.302849,276.908548,0.0,0.0,20102.4558,1582.901801,0.236225138323647,5825.021609,5825.02,69900.24,6070.0,63830.24,27157.81,24169.83,2014.15,3810.871609,8283.720401,2458.698792,4472.848792,1.4220926473296294,2.173707553187248,21.89809999999943,19.036018000000695,8.856017999999949,26.05873900000006,7.022721000000274,17.202720999999656,0.8692999849302537,0.40441947018235275,1.1900000000000337,0.32070001506982143,0.7855805298176601
Belgium,BE,2026-04,2026-04-01,belgium__non_profit_sector,Belgique · secteur non-marchand (Maribel social),Belgium · non-profit sector (Maribel social),3.07,6722.7167,0.1307,0.25,878.659073,1680.679175,504.203753,238.656443,77.311242,58.487635,595.6327,255.463235,157.983842,98.151664,67.227167,20.16815,486.052417,93.616735,280.850206,0.0,0.0,20168.1501,1587.06244,0.2360745678405081,5844.057627,5844.06,70128.72,6070.0,64058.72,27280.05,24292.07,2024.34,3819.717627,8309.77914,2465.721512,4490.061512,1.42191943844531,2.175495664981589,21.89810000000034,19.036017999999785,8.846018000000186,26.05873900000006,7.022719999999936,17.212720000000445,0.8692999849301761,0.40396280955882236,1.1899999999999842,0.3206999694037303,0.7860371447751255
Belgium,BE,2026-04,2026-04-01,belgium__non_profit_sector,Belgique · secteur non-marchand (Maribel social),Belgium · non-profit sector (Maribel social),3.08,6744.6148,0.1307,0.25,881.521154,1686.1537,505.84611,239.433825,77.56307,58.678149,597.572871,256.295362,158.498448,98.471376,67.446148,20.233844,487.63565,94.930621,284.791864,0.0,0.0,20233.8444,1591.223079,0.23592497508777915,5863.093646,5863.09,70357.08,6070.0,64287.08,27402.22,24414.24,2034.52,3828.573646,8335.837879,2472.744233,4507.264233,1.4217473542940058,2.1772698268869823,21.89810000000034,19.036019000000124,8.856018999999833,26.05873900000006,7.0227209999998195,17.202720999999656,0.8693000305962539,0.40441951584839303,1.1899999999999842,0.32070001506978735,0.7855805298176275
Belgium,BE,2026-04,2026-04-01,belgium__non_profit_sector,Belgique · secteur non-marchand (Maribel social),Belgium · non-profit sector (Maribel social),3.09,6766.5129,0.1307,0.25,884.383236,1691.628225,507.488468,240.211208,77.814898,58.868662,599.513043,257.12749,159.013053,98.791088,67.665129,20.299539,489.218883,96.244507,288.733522,0.0,0.0,20299.5387,1595.383718,0.23577635057293198,5882.129664,5882.13,70585.56,6070.0,64515.56,27524.45,24536.47,2044.71,3837.419664,8361.896618,2479.766954,4524.476954,1.4215763839559783,2.179041478360454,21.89809999999943,19.036017999999785,8.846018000000186,26.05873900000006,7.022721000000274,17.212720999999874,0.8692999849302122,0.4039628095588391,1.1900000000000337,0.32070001506982143,0.7860371904411945
Belgium,BE,2026-04,2026-04-01,belgium__non_profit_sector,Belgique · secteur non-marchand (Maribel social),Belgium · non-profit sector (Maribel social),3.1,6788.411,0.1307,0.25,887.245318,1697.10275,509.130825,240.988591,78.066727,59.059176,601.453215,257.959618,159.527659,99.110801,67.88411,20.365233,490.802115,97.558393,292.67518,0.0,0.0,20365.233,1599.544357,0.23562868492592254,5901.165682,5901.16,70813.92,6070.0,64743.92,27646.63,24658.65,2054.89,3846.275682,8387.955357,2486.789674,4541.679674,1.42140651665239,2.1807993106856105,21.89810000000034,19.036017999999785,8.856017999999949,26.05873900000006,7.022719999999936,17.202720000000227,0.8692999849301761,0.404419470182336,1.1899999999999842,0.3206999694037303,0.7855804841515912
Belgium,BE,2026-04,2026-04-01,belgium__non_profit_sector,Belgique · secteur non-marchand (Maribel social),Belgium · non-profit sector (Maribel social),3.11,6810.3091,0.1307,0.25,890.107399,1702.577275,510.773183,241.765973,78.318555,59.249689,603.393386,258.791746,160.042264,99.430513,68.103091,20.430927,492.385348,98.872279,296.616838,0.0,0.0,20430.9273,1603.704996,0.2354819688972218,5920.201701,5920.2,71042.4,6070.0,64972.4,27768.86,24780.88,2065.07,3855.131701,8414.014096,2493.812395,4558.882395,1.4212377417430366,2.182549066817007,21.89810000000034,19.036019000000124,8.856018999999833,26.05873900000006,7.0227209999998195,17.202720999999656,0.8693000305962539,0.40441951584839303,1.1899999999999842,0.32070001506978735,0.7855805298176275
Belgium,BE,2026-04,2026-04-01,belgium__non_profit_sector,Belgique · secteur non-marchand (Maribel social),Belgium · non-profit sector (Maribel social),3.12,6832.2072,0.1307,0.25,892.969481,1708.0518,512.41554,242.543356,78.570383,59.440203,605.333558,259.623874,160.556869,99.750225,68.322072,20.496622,493.968581,100.186165,300.558496,0.0,0.0,20496.6216,1607.865635,0.23533619335588457,5939.237719,5939.24,71270.88,6070.0,65200.88,27891.1,24903.12,2075.26,3863.977719,8440.072835,2500.835116,4576.095116,1.421070048724128,2.18429645524414,21.89809999999943,19.036017999999785,8.846018000000186,26.05873900000006,7.022721000000274,17.212721000000784,0.8692999849302122,0.4039628095588391,1.1900000000000337,0.32070001506982143,0.786037190441236
Belgium,BE,2026-04,2026-04-01,belgium__non_profit_sector,Belgique · secteur non-marchand (Maribel social),Belgium · non-profit sector (Maribel social),3.13,6854.1053,0.1307,0.25,895.831563,1713.526325,514.057898,243.320738,78.822211,59.630716,607.27373,260.456001,161.071475,100.069937,68.541053,20.562316,495.551813,101.500051,304.500154,0.0,0.0,20562.3159,1612.026274,0.23519134928765492,5958.273737,5958.28,71499.36,6070.0,65429.36,28013.34,25025.36,2085.45,3872.823737,8466.131574,2507.857836,4593.307836,1.4209034272261072,2.18603586115975,21.89810000000034,19.036018000000695,8.846018000000186,26.05873899999824,7.022719999999936,17.212719999999536,0.8692999849302177,0.40396280955882236,1.1899999999999011,0.3206999694037303,0.786037144775084
Belgium,BE,2026-04,2026-04-01,belgium__non_profit_sector,Belgique · secteur non-marchand (Maribel social),Belgium · non-profit sector (Maribel social),3.14,6876.0034,0.1307,0.25,898.693644,1719.00085,515.700255,244.098121,79.074039,59.82123,609.213901,261.288129,161.58608,100.38965,68.760034,20.62801,497.135046,102.813937,308.441812,0.0,0.0,20628.0102,1616.186913,0.23504742779310822,5977.309756,5977.31,71727.72,6070.0,65657.72,28135.51,25147.53,2095.63,3881.679756,8492.190313,2514.880557,4610.510557,1.4207378670115132,2.1877617030027907,21.89809999999943,19.036018999999214,8.856018999999833,26.05873900000006,7.0227209999998195,17.202720999999656,0.8693000305962485,0.4044195158484098,1.1900000000000337,0.32070001506980067,0.7855805298176601
Belgium,BE,2026-04,2026-04-01,belgium__non_profit_sector,Belgique · secteur non-marchand (Maribel social),Belgium · non-profit sector (Maribel social),3.15,6897.9015,0.1307,0.25,901.555726,1724.475375,517.342613,244.875503,79.325867,60.011743,611.154073,262.120257,162.100685,100.709362,68.979015,20.693705,498.718278,104.127823,312.38347,0.0,0.0,20693.7045,1620.347552,0.23490442008582854,5996.345774,5996.34,71956.08,6070.0,65886.08,28257.68,25269.7,2105.81,3890.535774,8518.249052,2521.903278,4627.713278,1.4205733579728843,2.1894796877855773,21.89810000000034,19.036018000000695,8.856017999999949,26.05873900000006,7.0227209999998195,17.202721000000565,0.8692999849302177,0.404419470182336,1.1899999999999842,0.32070001506978735,0.785580529817669
Belgium,BE,2026-04,2026-04-01,belgium__non_profit_sector,Belgique · secteur non-marchand (Maribel social),Belgium · non-profit sector (Maribel social),3.16,6919.7996,0.1307,0.25,904.417808,1729.9499,518.98497,245.652886,79.577695,60.202257,613.094245,262.952385,162.615291,101.029074,69.197996,20.759399,500.301511,105.441709,316.325128,0.0,0.0,20759.3988,1624.508191,0.23476231749062018,6015.381792,6015.38,72184.56,6070.0,66114.56,28379.92,25391.94,2116.0,3899.381792,8544.307791,2528.925998,4644.925998,1.4204098901307032,2.1911954883675913,21.89810000000034,19.036017999999785,8.846018000000186,26.05873900000006,7.02272000000039,17.212719999999536,0.8692999849301761,0.40396280955882236,1.1899999999999842,0.32069996940375106,0.786037144775084
Belgium,BE,2026-04,2026-04-01,belgium__non_profit_sector,Belgique · secteur non-marchand (Maribel social),Belgium · non-profit sector (Maribel social),3.17,6941.6977,0.1307,0.25,907.279889,1735.424425,520.627328,246.430268,79.829524,60.39277,615.034416,263.784513,163.129896,101.348786,69.416977,20.825093,501.884744,106.755595,320.266786,0.0,0.0,20825.0931,1628.66883,0.2346211114417539,6034.417811,6034.42,72413.04,6070.0,66343.04,28502.16,25514.18,2126.18,3908.237811,8570.36653,2535.948719,4662.128719,1.4202474536313745,2.192897910766847,21.89809999999943,19.036019000000124,8.856018999999833,26.05873900000006,7.0227209999998195,17.202721000000565,0.86930003059629,0.4044195158484098,1.1900000000000337,0.32070001506980067,0.7855805298177017
Belgium,BE,2026-04,2026-04-01,belgium__non_profit_sector,Belgique · secteur non-marchand (Maribel social),Belgium · non-profit sector (Maribel social),3.18,6963.5958,0.1307,0.25,910.141971,1740.89895,522.269685,247.207651,80.081352,60.583283,616.974588,264.61664,163.644501,101.668499,69.635958,20.890787,503.467976,108.069481,324.208444,0.0,0.0,20890.7874,1632.829469,0.2344807934812452,6053.453829,6053.46,72641.52,6070.0,66571.52,28624.39,25636.41,2136.37,3917.083829,8596.425269,2542.97144,4679.34144,1.4200860387452492,2.1945982378919218,21.89810000000034,19.036017999999785,8.846018000000186,26.05873900000006,7.0227209999998195,17.212720999999874,0.8692999849301761,0.40396280955882236,1.1899999999999842,0.32070001506978735,0.7860371904411618
Belgium,BE,2026-04,2026-04-01,belgium__non_profit_sector,Belgique · secteur non-marchand (Maribel social),Belgium · non-profit sector (Maribel social),3.19,6985.4939,0.1307,0.25,913.004053,1746.373475,523.912043,247.985033,80.33318,60.773797,618.91476,265.448768,164.159107,101.988211,69.854939,20.956482,505.051209,109.383367,328.150102,0.0,0.0,20956.4817,1636.990108,0.2343413552571661,6072.489847,6072.49,72869.88,6070.0,66799.88,28746.57,25758.59,2146.55,3925.939847,8622.484008,2549.99416,4696.54416,1.4199256358646797,2.1962853082587412,21.89810000000034,19.036017999999785,8.856017999999949,26.05873900000006,7.02272000000039,17.202720000000227,0.8692999849301761,0.404419470182336,1.1899999999999842,0.32069996940375106,0.7855804841515912
Belgium,BE,2026-04,2026-04-01,belgium__non_profit_sector,Belgique · secteur non-marchand (Maribel social),Belgium · non-profit sector (Maribel social),3.2,7007.392,0.1307,0.25,915.866134,1751.848,525.5544,248.762416,80.585008,60.96431,620.854931,266.280896,164.673712,102.307923,70.07392,21.022176,506.634442,110.697253,332.09176,0.0,0.0,21022.176,1641.150747,0.23420278852198745,6091.525866,6091.52,73098.24,6070.0,67028.24,28868.74,25880.76,2156.73,3934.795866,8648.542747,2557.016881,4713.746881,1.4197662355021137,2.197964784469928,21.89809999999943,19.036019000000124,8.856018999999833,26.05873900000006,7.0227209999998195,17.202720999999656,0.86930003059629,0.4044195158484098,1.1900000000000337,0.32070001506980067,0.7855805298176601
Belgium,BE,2026-04,2026-04-01,belgium__non_profit_sector,Belgique · secteur non-marchand (Maribel social),Belgium · non-profit sector (Maribel social),3.21,7029.2901,0.1307,0.25,918.728216,1757.322525,527.196758,249.539799,80.836836,61.154824,622.795103,267.113024,165.188317,102.627635,70.292901,21.08787,508.217674,112.011139,336.033418,0.0,0.0,21087.8703,1645.311386,0.2340650851309532,6110.561884,6110.56,73326.72,6070.0,67256.72,28990.98,26003.0,2166.92,3943.641884,8674.601486,2564.039602,4730.959602,1.4196078282882238,2.1996422953653365,21.89810000000034,19.036017999999785,8.846018000000186,26.05873900000006,7.0227209999998195,17.212720999999874,0.8692999849301761,0.40396280955882236,1.1899999999999842,0.32070001506978735,0.7860371904411618
Belgium,BE,2026-04,2026-04-01,belgium__non_profit_sector,Belgique · secteur non-marchand (Maribel social),Belgium · non-profit sector (Maribel social),3.22,7051.1882,0.1307,0.25,921.590298,1762.79705,528.839115,250.317181,81.088664,61.345337,624.735275,267.945152,165.702923,102.947348,70.511882,21.153565,509.800907,113.325025,339.975076,0.0,0.0,21153.5646,1649.472025,0.23392823704048443,6129.597902,6129.6,73555.2,6070.0,67485.2,29113.21,26125.23,2177.1,3952.497902,8700.660225,2571.062322,4748.162322,1.4194504049700731,2.2013067280040084,21.89809999999943,19.036018000000695,8.856017999999949,26.05873900000006,7.02272000000039,17.202720000000227,0.8692999849302537,0.40441947018235275,1.1900000000000337,0.3206999694037644,0.7855804841516238
Belgium,BE,2026-04,2026-04-01,belgium__non_profit_sector,Belgique · secteur non-marchand (Maribel social),Belgium · non-profit sector (Maribel social),3.23,7073.0863,0.1307,0.25,924.452379,1768.271575,530.481473,251.094564,81.340492,61.535851,626.675446,268.777279,166.217528,103.26706,70.730863,21.219259,511.384139,114.638911,343.916734,0.0,0.0,21219.2589,1653.632664,0.23379223630661294,6148.633921,6148.64,73783.68,6070.0,67713.68,29235.45,26247.47,2187.29,3961.343921,8726.718964,2578.085043,4765.375043,1.4192939564093097,2.2029692797708194,21.89810000000034,19.036018999999214,8.84601900000007,26.05873900000006,7.0227209999998195,17.212720999999874,0.8693000305962124,0.4039628552248794,1.1899999999999842,0.32070001506978735,0.7860371904411618
Belgium,BE,2026-04,2026-04-01,belgium__non_profit_sector,Belgique · secteur non-marchand (Maribel social),Belgium · non-profit sector (Maribel social),3.24,7094.9844,0.1307,0.25,927.314461,1773.7461,532.12383,251.871946,81.592321,61.726364,628.615618,269.609407,166.732133,103.586772,70.949844,21.284953,512.967372,115.952797,347.858392,0.0,0.0,21284.9532,1657.793303,0.23365707508344438,6167.669939,6167.67,74012.04,6070.0,67942.04,29357.62,26369.64,2197.47,3970.199939,8752.777703,2585.107764,4782.577764,1.419138473580403,2.204618869912041,21.89810000000034,19.036018000000695,8.856017999999949,26.05873900000006,7.0227209999998195,17.202720999999656,0.8692999849302177,0.404419470182336,1.1899999999999842,0.32070001506978735,0.7855805298176275
Belgium,BE,2026-04,2026-04-01,belgium__non_profit_sector,Belgique · secteur non-marchand (Maribel social),Belgium · non-profit sector (Maribel social),3.25,7116.8825,0.1307,0.25,930.176543,1779.220625,533.766188,252.649329,81.844149,61.916878,630.55579,270.441535,167.246739,103.906485,71.168825,21.350648,514.550605,117.266683,351.80005,0.0,0.0,21350.6475,1661.953942,0.23352274562164918,6186.705957,6186.7,74240.4,6070.0,68170.4,29479.79,26491.81,2207.65,3979.055957,8778.836442,2592.130484,4799.780484,1.4189839475689052,2.2062611172057722,21.89809999999943,19.036017999999785,8.856017999999949,26.05873900000006,7.022719999999936,17.202720000000227,0.8692999849302122,0.40441947018235275,1.1900000000000337,0.3206999694037436,0.7855804841516238
Belgium,BE,2026-04,2026-04-01,belgium__non_profit_sector,Belgique · secteur non-marchand (Maribel social),Belgium · non-profit sector (Maribel social),3.26,7138.7806,0.1307,0.25,933.038624,1784.69515,535.408545,253.426711,82.095977,62.107391,632.495961,271.273663,167.761344,104.226197,71.387806,21.416342,516.133837,118.580569,355.741708,0.0,0.0,21416.3418,1666.114581,0.23338924026698152,6205.741976,6205.74,74468.88,6070.0,68398.88,29602.03,26614.05,2217.84,3987.901976,8804.895181,2599.153205,4816.993205,1.4188303695697477,2.207901607056449,21.89810000000034,19.036019000000124,8.84601900000007,26.05873900000006,7.022721000000274,17.212720999999874,0.8693000305962539,0.4039628552248794,1.1899999999999842,0.3207000150698081,0.7860371904411618
Belgium,BE,2026-04,2026-04-01,belgium__non_profit_sector,Belgique · secteur non-marchand (Maribel social),Belgium · non-profit sector (Maribel social),3.27,7160.6787,0.1307,0.25,935.900706,1790.169675,537.050903,254.204094,82.347805,62.297905,634.436133,272.105791,168.275949,104.545909,71.606787,21.482036,517.71707,119.894455,359.683366,0.0,0.0,21482.0361,1670.27522,0.23325655145882565,6224.777994,6224.78,74697.36,6070.0,68627.36,29724.27,26736.29,2228.02,3996.757994,8830.95392,2606.175926,4834.195926,1.4186777308855698,2.2095293067838235,21.89810000000034,19.036017999999785,8.856017999999949,26.05873900000006,7.0227209999998195,17.202721000000565,0.8692999849301761,0.404419470182336,1.1899999999999842,0.32070001506978735,0.785580529817669
Belgium,BE,2026-04,2026-04-01,belgium__non_profit_sector,Belgique · secteur non-marchand (Maribel social),Belgium · non-profit sector (Maribel social),3.28,7182.5768,0.1307,0.25,938.762788,1795.6442,538.69326,254.981476,82.599633,62.488418,636.376304,272.937918,168.790555,104.865621,71.825768,21.54773,519.300303,121.208341,363.625024,0.0,0.0,21547.7304,1674.435859,0.23312467172876825,6243.814012,6243.82,74925.84,6070.0,68855.84,29846.5,26858.52,2238.21,4005.604012,8857.012659,2613.198646,4851.408646,1.4185260229250756,2.211155329284204,21.89809999999943,19.036017999999785,8.84601799999973,26.05873900000006,7.022719999999936,17.212719999999536,0.8692999849302122,0.40396280955881836,1.1900000000000337,0.3206999694037436,0.7860371447751167
Belgium,BE,2026-04,2026-04-01,belgium__non_profit_sector,Belgique · secteur non-marchand (Maribel social),Belgium · non-profit sector (Maribel social),3.29,7204.4749,0.1307,0.25,941.624869,1801.118725,540.335618,255.758859,82.851461,62.678932,638.316476,273.770046,169.30516,105.185334,72.044749,21.613425,520.883535,122.522227,367.566682,0.0,0.0,21613.4247,1678.596498,0.2329935936991975,6262.850031,6262.85,75154.2,6070.0,69084.2,29968.68,26980.7,2248.39,4014.460031,8883.071398,2620.221367,4868.611367,1.4183752372014236,2.212768673749976,21.89810000000034,19.036019000000124,8.856019000000288,26.05873900000006,7.022721000000274,17.202721000000565,0.8693000305962539,0.4044195158484138,1.1899999999999842,0.3207000150698081,0.785580529817669
Belgium,BE,2026-04,2026-04-01,belgium__non_profit_sector,Belgique · secteur non-marchand (Maribel social),Belgium · non-profit sector (Maribel social),3.3,7226.373,0.1307,0.25,944.486951,1806.59325,541.977975,256.536242,83.10329,62.869445,640.256648,274.602174,169.819766,105.505046,72.26373,21.679119,522.466768,123.836113,371.50834,0.0,0.0,21679.119,1682.757137,0.23286331008192723,6281.886049,6281.88,75382.56,6070.0,69312.56,30090.85,27102.87,2258.57,4023.316049,8909.130137,2627.244088,4885.814088,1.4182253653306423,2.2143749157122468,21.89809999999943,19.036017999999785,8.856017999999949,26.05873900000006,7.0227209999998195,17.202720999999656,0.8692999849302122,0.40441947018235275,1.1900000000000337,0.32070001506980067,0.7855805298176601
Belgium,BE,2026-04,2026-04-01,belgium__non_profit_sector,Belgique · secteur non-marchand (Maribel social),Belgium · non-profit sector (Maribel social),3.31,7248.2711,0.1307,0.25,947.349033,1812.067775,543.620333,257.313624,83.355118,63.059959,642.196819,275.434302,170.334371,105.824758,72.482711,21.744813,524.050001,125.149999,375.449998,0.0,0.0,21744.8133,1686.917776,0.23273381367684587,6300.922067,6300.92,75611.04,6070.0,69541.04,30213.09,27225.11,2268.76,4032.162067,8935.188876,2634.266808,4903.026808,1.4180763990300769,2.215979597716153,21.89810000000034,19.036018000000695,8.846018000000186,26.05873900000006,7.022719999999936,17.212719999999536,0.8692999849302177,0.40396280955882236,1.1899999999999842,0.3206999694037303,0.786037144775084
Belgium,BE,2026-04,2026-04-01,belgium__non_profit_sector,Belgique · secteur non-marchand (Maribel social),Belgium · non-profit sector (Maribel social),3.32,7270.1692,0.1307,0.25,950.211114,1817.5423,545.26269,258.091007,83.606946,63.250472,644.136991,276.26643,170.848976,106.14447,72.701692,21.810508,525.633233,126.463885,379.391656,0.0,0.0,21810.5076,1691.078415,0.23260509737059032,6319.958086,6319.96,75839.52,6070.0,69769.52,30335.32,27347.34,2278.95,4041.008086,8961.247615,2641.289529,4920.239529,1.4179283301168646,2.2175772542224013,21.89810000000034,19.036018999999214,8.846018999999615,26.05873900000006,7.022721000000274,17.212721000000784,0.8693000305962124,0.40396285522485864,1.1899999999999842,0.3207000150698081,0.7860371904412033
Belgium,BE,2026-04,2026-04-01,belgium__non_profit_sector,Belgique · secteur non-marchand (Maribel social),Belgium · non-profit sector (Maribel social),3.33,7292.0673,0.1307,0.25,953.073196,1823.016825,546.905048,258.868389,83.858774,63.440986,646.077163,277.098557,171.363582,106.464183,72.920673,21.876202,527.216466,127.777771,383.333314,0.0,0.0,21876.2019,1695.239054,0.2324771541352432,6338.994104,6339.0,76068.0,6070.0,69998.0,30457.56,27469.58,2289.13,4049.864104,8987.306354,2648.31225,4937.44225,1.4177811505064342,2.2191624516571125,21.89809999999943,19.036018000000695,8.856018000000404,26.05873900000006,7.0227209999998195,17.202720999999656,0.8692999849302537,0.40441947018237356,1.1900000000000337,0.32070001506980067,0.7855805298176601
Belgium,BE,2026-04,2026-04-01,belgium__non_profit_sector,Belgique · secteur non-marchand (Maribel social),Belgium · non-profit sector (Maribel social),3.34,7313.9654,0.1307,0.25,955.935278,1828.49135,548.547405,259.645772,84.110602,63.631499,648.017334,277.930685,171.878187,106.783895,73.139654,21.941896,528.799698,129.091657,387.274972,0.0,0.0,21941.8962,1699.399693,0.23234997702705387,6358.030122,6358.03,76296.36,6070.0,70226.36,30579.73,27591.75,2299.31,4058.720122,9013.365093,2655.33497,4954.64497,1.417634852211036,2.2207407313753436,21.89810000000034,19.036017999999785,8.856017999999949,26.05873900000006,7.022719999999936,17.202720000000227,0.8692999849301761,0.404419470182336,1.1899999999999842,0.3206999694037303,0.7855804841515912
Belgium,BE,2026-04,2026-04-01,belgium__non_profit_sector,Belgique · secteur non-marchand (Maribel social),Belgium · non-profit sector (Maribel social),3.35,7335.8635,0.1307,0.25,958.797359,1833.965875,550.189763,260.423154,84.36243,63.822012,649.957506,278.762813,172.392792,107.103607,73.358635,22.007591,530.382931,130.405543,391.21663,0.0,0.0,22007.5905,1703.560332,0.23222355918518203,6377.066141,6377.06,76524.72,6070.0,70454.72,30701.91,27713.93,2309.49,4067.576141,9039.423832,2662.357691,4971.847691,1.4174894273382974,2.2223121385613185,21.89810000000034,19.036019000000124,8.856018999999833,26.05873900000006,7.022721000000274,17.202720999999656,0.8693000305962539,0.40441951584839303,1.1899999999999842,0.3207000150698081,0.7855805298176275
Belgium,BE,2026-04,2026-04-01,belgium__non_profit_sector,Belgique · secteur non-marchand (Maribel social),Belgium · non-profit sector (Maribel social),3.36,7357.7616,0.1307,0.25,961.659441,1839.4404,551.83212,261.200537,84.614258,64.012526,651.897678,279.594941,172.907398,107.423319,73.577616,22.073285,531.966164,131.719429,395.158288,0.0,0.0,22073.2848,1707.720971,0.23209789383046422,6396.102159,6396.1,76753.2,6070.0,70683.2,30824.14,27836.16,2319.68,4076.422159,9065.482571,2669.380412,4989.060412,1.4173448680898015,2.2238821734688576,21.89809999999943,19.036017999999785,8.846018000000186,26.05873900000006,7.0227209999998195,17.212720999999874,0.8692999849302122,0.4039628095588391,1.1900000000000337,0.32070001506980067,0.7860371904411945
Belgium,BE,2026-04,2026-04-01,belgium__non_profit_sector,Belgique · secteur non-marchand (Maribel social),Belgium · non-profit sector (Maribel social),3.37,7379.6597,0.1307,0.25,964.521523,1844.914925,553.474478,261.977919,84.866087,64.203039,653.837849,280.427069,173.422003,107.743032,73.796597,22.138979,533.549396,133.033315,399.099946,0.0,0.0,22138.9791,1711.88161,0.23197297426420174,6415.138177,6415.14,76981.68,6070.0,70911.68,30946.38,27958.4,2329.87,4085.268177,9091.54131,2676.403132,5006.273132,1.4172011667596938,2.225445409039379,21.89810000000034,19.036017999999785,8.84601799999973,26.05873900000006,7.022719999999936,17.212720000000445,0.8692999849301761,0.4039628095588016,1.1899999999999842,0.3206999694037303,0.7860371447751255
Belgium,BE,2026-04,2026-04-01,belgium__non_profit_sector,Belgique · secteur non-marchand (Maribel social),Belgium · non-profit sector (Maribel social),3.38,7401.5578,0.1307,0.25,967.383604,1850.38945,555.116835,262.755302,85.117915,64.393553,655.778021,281.259196,173.936608,108.062744,74.015578,22.204673,535.132629,134.347201,403.041604,0.0,0.0,22204.6734,1716.042249,0.23184879386697038,6434.174196,6434.18,77210.16,6070.0,71140.16,31068.62,28080.64,2340.05,4094.124196,9117.600049,2683.425853,5023.475853,1.4170583157333148,2.226996449838789,21.89809999999943,19.036019000000124,8.856019000000288,26.05873900000006,7.022721000000274,17.202720999999656,0.86930003059629,0.40441951584843056,1.1900000000000337,0.32070001506982143,0.7855805298176601
Belgium,BE,2026-04,2026-04-01,belgium__non_profit_sector,Belgique · secteur non-marchand (Maribel social),Belgium · non-profit sector (Maribel social),3.39,7423.4559,0.1307,0.25,970.245686,1855.863975,556.759193,263.532684,85.369743,64.584066,657.718193,282.091324,174.451214,108.382456,74.234559,22.270368,536.715862,135.661087,406.983262,0.0,0.0,22270.3677,1720.202888,0.23172534609745127,6453.210214,6453.21,77438.52,6070.0,71368.52,31190.79,28202.81,2350.23,4102.980214,9143.658788,2690.448574,5040.678574,1.4169163074858522,2.2285407949950153,21.89810000000034,19.036017999999785,8.856017999999949,26.05873900000006,7.0227209999998195,17.202720999999656,0.8692999849301761,0.404419470182336,1.1899999999999842,0.32070001506978735,0.7855805298176275
Belgium,BE,2026-04,2026-04-01,belgium__non_profit_sector,Belgique · secteur non-marchand (Maribel social),Belgium · non-profit sector (Maribel social),3.4,7445.354,0.1307,0.25,973.107768,1861.3385,558.40155,264.310067,85.621571,64.77458,659.658364,282.923452,174.965819,108.702168,74.45354,22.336062,538.299094,136.974973,410.92492,0.0,0.0,22336.062,1724.363527,0.2316026244912823,6472.246232,6472.24,77666.88,6070.0,71596.88,31312.96,28324.98,2360.42,4111.826232,9169.717527,2697.471294,5057.891294,1.4167751345810218,2.23008391134284,21.89810000000034,19.036018000000695,8.846018000000186,26.05873900000006,7.022719999999936,17.212720000000445,0.8692999849302177,0.40396280955882236,1.1899999999999842,0.3206999694037303,0.7860371447751255
Belgium,BE,2026-04,2026-04-01,belgium__non_profit_sector,Belgique · secteur non-marchand (Maribel social),Belgium · non-profit sector (Maribel social),3.41,7467.2521,0.1307,0.25,975.969849,1866.813025,560.043908,265.08745,85.873399,64.965093,661.598536,283.75558,175.480424,109.021881,74.672521,22.401756,539.882327,138.288859,414.866578,0.0,0.0,22401.7563,1728.524166,0.23148062265992955,6491.282251,6491.28,77895.36,6070.0,71825.36,31435.2,28447.22,2370.6,4120.682251,9195.776266,2704.494015,5075.094015,1.4166347896697682,2.2316149866891357,21.89809999999943,19.036018999999214,8.856018999999833,26.05873900000006,7.022721000000274,17.202720999999656,0.8693000305962485,0.4044195158484098,1.1900000000000337,0.32070001506982143,0.7855805298176601
Belgium,BE,2026-04,2026-04-01,belgium__non_profit_sector,Belgique · secteur non-marchand (Maribel social),Belgium · non-profit sector (Maribel social),3.42,7489.1502,0.1307,0.25,978.831931,1872.28755,561.686265,265.864832,86.125227,65.155607,663.538708,284.587708,175.99503,109.341593,74.891502,22.467451,541.465559,139.602745,418.808236,0.0,0.0,22467.4506,1732.684805,0.2313593342895789,6510.318269,6510.32,78123.84,6070.0,72053.84,31557.43,28569.45,2380.79,4129.528269,9221.835005,2711.516736,5092.306736,1.41649526548899,2.23314490282263,21.89810000000034,19.036018000000695,8.846018000000186,26.05873900000006,7.0227209999998195,17.212720999999874,0.8692999849302177,0.40396280955882236,1.1899999999999842,0.32070001506978735,0.7860371904411618
Belgium,BE,2026-04,2026-04-01,belgium__non_profit_sector,Belgique · secteur non-marchand (Maribel social),Belgium · non-profit sector (Maribel social),3.43,7511.0483,0.1307,0.25,981.694013,1877.762075,563.328623,266.642215,86.377055,65.34612,665.478879,285.419835,176.509635,109.661305,75.110483,22.533145,543.048792,140.916631,422.749894,0.0,0.0,22533.1449,1736.845444,0.2312387531400466,6529.354287,6529.36,78352.32,6070.0,72282.32,31679.67,28691.69,2390.97,4138.384287,9247.893744,2718.539456,5109.509456,1.416356554860286,2.2346628785279075,21.89810000000034,19.036017999999785,8.856017999999494,26.05873900000006,7.022719999999936,17.202720000000227,0.8692999849301761,0.4044194701823152,1.1899999999999842,0.3206999694037303,0.7855804841515912
Belgium,BE,2026-04,2026-04-01,belgium__non_profit_sector,Belgique · secteur non-marchand (Maribel social),Belgium · non-profit sector (Maribel social),3.44,7532.9464,0.1307,0.25,984.556094,1883.2366,564.97098,267.419597,86.628884,65.536634,667.419051,286.251963,177.02424,109.981017,75.329464,22.598839,544.632025,142.230517,426.691552,0.0,0.0,22598.8392,1741.006083,0.23111887304370923,6548.390306,6548.39,78580.68,6070.0,72510.68,31801.84,28813.86,2401.16,4147.230306,9273.952483,2725.562177,5126.722177,1.4162186506887255,2.236179763232091,21.89809999999943,19.036019000000124,8.846019000000524,26.05873899999824,7.0227209999998195,17.212720999999874,0.86930003059629,0.40396285522491693,1.1899999999999507,0.32070001506980067,0.7860371904411945
Belgium,BE,2026-04,2026-04-01,belgium__non_profit_sector,Belgique · secteur non-marchand (Maribel social),Belgium · non-profit sector (Maribel social),3.45,7554.8445,0.1307,0.25,987.418176,1888.711125,566.613338,268.19698,86.880712,65.727147,669.359223,287.084091,177.538846,110.30073,75.548445,22.664534,546.215257,143.544403,430.63321,0.0,0.0,22664.5335,1745.166722,0.23099968790445213,6567.426324,6567.42,78809.04,6070.0,72739.04,31924.02,28936.04,2411.34,4156.086324,9300.011222,2732.584898,5143.924898,1.4160815459616385,2.2376848065685944,21.89810000000034,19.036017999999785,8.856017999999494,26.05873900000006,7.022721000000274,17.202721000000565,0.8692999849301761,0.4044194701823152,1.1899999999999842,0.3207000150698081,0.785580529817669
Belgium,BE,2026-04,2026-04-01,belgium__non_profit_sector,Belgique · secteur non-marchand (Maribel social),Belgium · non-profit sector (Maribel social),3.46,7576.7426,0.1307,0.25,990.280258,1894.18565,568.255695,268.974362,87.13254,65.917661,671.299394,287.916219,178.053451,110.620442,75.767426,22.730228,547.79849,144.858289,434.574868,0.0,0.0,22730.2278,1749.327361,0.2308811916966358,6586.462342,6586.46,79037.52,6070.0,72967.52,32046.25,29058.27,2421.52,4164.942342,9326.069961,2739.607618,5161.127618,1.415945233747424,2.2391834494845,21.89809999999943,19.036017999999785,8.856018000000404,26.05873900000006,7.022719999999936,17.202720000000227,0.8692999849302122,0.40441947018237356,1.1900000000000337,0.3206999694037436,0.7855804841516238
Belgium,BE,2026-04,2026-04-01,belgium__non_profit_sector,Belgique · secteur non-marchand (Maribel social),Belgium · non-profit sector (Maribel social),3.47,7598.6407,0.1307,0.25,993.142339,1899.660175,569.898053,269.751745,87.384368,66.108174,673.239566,288.748347,178.568056,110.940154,75.986407,22.795922,549.381723,146.172175,438.516526,0.0,0.0,22795.9221,1753.488,0.23076337846408063,6605.498361,6605.5,79266.0,6070.0,73196.0,32168.49,29180.51,2431.71,4173.788361,9352.1287,2746.630339,5178.340339,1.415809707194387,2.2406811011672665,21.89810000000034,19.036019000000124,8.846018999999615,26.05873900000006,7.0227209999998195,17.212720999999874,0.8693000305962539,0.40396285522485864,1.1899999999999842,0.32070001506978735,0.7860371904411618
Belgium,BE,2026-04,2026-04-01,belgium__non_profit_sector,Belgique · secteur non-marchand (Maribel social),Belgium · non-profit sector (Maribel social),3.48,7620.5388,0.1307,0.25,996.004421,1905.1347,571.54041,270.529127,87.636196,66.298688,675.179738,289.580474,179.082662,111.259866,76.205388,22.861616,550.964955,147.486061,442.458184,0.0,0.0,22861.6164,1757.648639,0.2306462423190689,6624.534379,6624.54,79494.48,6070.0,73424.48,32290.73,29302.75,2441.9,4182.634379,9378.187439,2753.65306,5195.55306,1.4156749595295857,2.2421724179648685,21.89810000000034,19.036017999999785,8.846018000000186,26.05873900000006,7.022721000000274,17.212720999999874,0.8692999849301761,0.40396280955882236,1.1899999999999842,0.3207000150698081,0.7860371904411618
Belgium,BE,2026-04,2026-04-01,belgium__non_profit_sector,Belgique · secteur non-marchand (Maribel social),Belgium · non-profit sector (Maribel social),3.49,7642.4369,0.1307,0.25,998.866503,1910.609225,573.182768,271.30651,87.888024,66.489201,677.119909,290.412602,179.597267,111.579579,76.424369,22.927311,552.548188,148.799947,446.399842,0.0,0.0,22927.3107,1761.809278,0.23052977744136383,6643.570397,6643.57,79722.84,6070.0,73652.84,32412.9,29424.92,2452.08,4191.490397,9404.246178,2760.67578,5212.75578,1.415540984057706,2.243652087099186,21.89809999999943,19.036018000000695,8.856017999999494,26.05873900000006,7.022719999999936,17.202720000000227,0.8692999849302537,0.404419470182332,1.1900000000000337,0.3206999694037436,0.7855804841516238
Belgium,BE,2026-04,2026-04-01,belgium__non_profit_sector,Belgique · secteur non-marchand (Maribel social),Belgium · non-profit sector (Maribel social),3.5,7664.335,0.1307,0.25,1001.728585,1916.08375,574.825125,272.083893,88.139853,66.679715,679.060081,291.24473,180.111873,111.899291,76.64335,22.993005,554.131421,150.113833,450.3415,0.0,0.0,22993.005,1765.969917,0.23041397807724567,6662.606416,6662.61,79951.32,6070.0,73881.32,32535.14,29547.16,2462.26,4200.346416,9430.304917,2767.698501,5229.958501,1.4154077741599511,2.245125516759099,21.89810000000034,19.036018999999214,8.856019000000742,26.05873900000006,7.0227209999998195,17.202720999999656,0.8693000305962124,0.40441951584843455,1.1899999999999842,0.32070001506978735,0.7855805298176275
Belgium,BE,2026-04,2026-04-01,belgium__non_profit_sector,Belgique · secteur non-marchand (Maribel social),Belgium · non-profit sector (Maribel social),3.51,7686.2331,0.1307,0.25,1004.590666,1921.558275,576.467483,272.861275,88.391681,66.870228,681.000253,292.076858,180.626478,112.219003,76.862331,23.058699,555.714653,151.427719,454.283158,0.0,0.0,23058.6993,1770.130556,0.23029883853856406,6681.642434,6681.64,80179.68,6070.0,74109.68,32657.31,29669.33,2472.44,4209.202434,9456.363656,2774.721222,5247.161222,1.4152753232929531,2.246592746327531,21.89810000000034,19.036018000000695,8.856017999999494,26.05873900000006,7.022721000000274,17.202720999999656,0.8692999849302177,0.4044194701823152,1.1899999999999842,0.3207000150698081,0.7855805298176275
Belgium,BE,2026-04,2026-04-01,belgium__non_profit_sector,Belgique · secteur non-marchand (Maribel social),Belgium · non-profit sector (Maribel social),3.52,7708.1312,0.1307,0.25,1007.452748,1927.0328,578.10984,273.638658,88.643509,67.060741,682.940424,292.908986,181.141083,112.538716,77.081312,23.124394,557.297886,152.741605,458.224816,0.0,0.0,23124.3936,1774.291195,0.23018435320180677,6700.678452,6700.68,80408.16,6070.0,74338.16,32779.55,29791.57,2482.63,4218.048452,9482.422395,2781.743943,5264.373943,1.415143624987699,2.248059144463089,21.89809999999943,19.036017999999785,8.846018000000186,26.05873900000006,7.0227209999998195,17.212720999999874,0.8692999849302122,0.4039628095588391,1.1900000000000337,0.32070001506980067,0.7860371904411945
Belgium,BE,2026-04,2026-04-01,belgium__non_profit_sector,Belgique · secteur non-marchand (Maribel social),Belgium · non-profit sector (Maribel social),3.53,7730.0293,0.1307,0.25,1010.31483,1932.507325,579.752198,274.41604,88.895337,67.251255,684.880596,293.741113,181.655689,112.858428,77.300293,23.190088,558.881118,154.055491,462.166474,0.0,0.0,23190.0879,1778.451834,0.2300705165071841,6719.71447,6719.72,80636.64,6070.0,74566.64,32901.78,29913.8,2492.82,4226.89447,9508.481134,2788.766663,5281.586663,1.4150126728484806,2.2495194048609415,21.89810000000034,19.036017999999785,8.846018000000186,26.05873900000006,7.022719999999936,17.212720000000445,0.8692999849301761,0.40396280955882236,1.1899999999999842,0.3206999694037303,0.7860371447751255
Belgium,BE,2026-04,2026-04-01,belgium__non_profit_sector,Belgique · secteur non-marchand (Maribel social),Belgium · non-profit sector (Maribel social),3.54,7751.9274,0.1307,0.25,1013.176911,1937.98185,581.394555,275.193423,89.147165,67.441768,686.820768,294.573241,182.170294,113.17814,77.519274,23.255782,560.464351,155.369377,466.108132,0.0,0.0,23255.7822,1782.612473,0.22995732295772878,6738.750489,6738.75,80865.0,6070.0,74795.0,33023.96,30035.98,2503.0,4235.750489,9534.539873,2795.789384,5298.789384,1.4148824605518564,2.2509682517495997,21.89809999999943,19.036019000000124,8.856018999999833,26.05873900000006,7.022721000000274,17.202720999999656,0.86930003059629,0.4044195158484098,1.1900000000000337,0.32070001506982143,0.7855805298176601
Belgium,BE,2026-04,2026-04-01,belgium__non_profit_sector,Belgique · secteur non-marchand (Maribel social),Belgium · non-profit sector (Maribel social),3.55,7773.8255,0.1307,0.25,1016.038993,1943.456375,583.036913,275.970805,89.398993,67.632282,688.760939,295.405369,182.684899,113.497852,77.738255,23.321477,562.047584,156.683263,470.04979,0.0,0.0,23321.4765,1786.773112,0.22984476711841123,6757.786507,6757.79,81093.48,6070.0,75023.48,33146.19,30158.21,2513.18,4244.606507,9560.598612,2802.812105,5315.992105,1.4147529818456357,2.2524110528412766,21.89810000000034,19.036017999999785,8.856018000000404,26.05873900000006,7.0227209999998195,17.202721000000565,0.8692999849301761,0.40441947018235674,1.1899999999999842,0.32070001506978735,0.785580529817669
Belgium,BE,2026-04,2026-04-01,belgium__non_profit_sector,Belgique · secteur non-marchand (Maribel social),Belgium · non-profit sector (Maribel social),3.56,7795.7236,0.1307,0.25,1018.901075,1948.9309,584.67927,276.748188,89.650821,67.822795,690.701111,296.237497,183.199505,113.817565,77.957236,23.387171,563.630816,157.997149,473.991448,0.0,0.0,23387.1708,1790.933751,0.22973284361526963,6776.822525,6776.82,81321.84,6070.0,75251.84,33268.36,30280.38,2523.37,4253.452525,9586.657351,2809.834825,5333.204825,1.4146242305478771,2.2538531447661607,21.89810000000034,19.036017999999785,8.846017999999276,26.05873900000006,7.022719999999936,17.212719999999536,0.8692999849301761,0.40396280955878083,1.1899999999999842,0.3206999694037303,0.786037144775084
Belgium,BE,2026-04,2026-04-01,belgium__non_profit_sector,Belgique · secteur non-marchand (Maribel social),Belgium · non-profit sector (Maribel social),3.57,7817.6217,0.1307,0.25,1021.763156,1954.405425,586.321628,277.52557,89.90265,68.013309,692.641283,297.069625,183.71411,114.137277,78.176217,23.452865,565.214049,159.311035,477.933106,0.0,0.0,23452.8651,1795.09439,0.22962154713455457,6795.858544,6795.86,81550.32,6070.0,75480.32,33390.6,30402.62,2533.55,4262.308544,9612.71609,2816.857546,5350.407546,1.4144962005459043,2.2552839595873166,21.89809999999943,19.036019000000124,8.856019000000742,26.05873900000006,7.022721000000274,17.202721000000565,0.86930003059629,0.40441951584845137,1.1900000000000337,0.32070001506982143,0.7855805298177017
Belgium,BE,2026-04,2026-04-01,belgium__non_profit_sector,Belgique · secteur non-marchand (Maribel social),Belgium · non-profit sector (Maribel social),3.58,7839.5198,0.1307,0.25,1024.625238,1959.87995,587.963985,278.302953,90.154478,68.203822,694.581454,297.901752,184.228715,114.456989,78.395198,23.518559,566.797282,160.624921,481.874764,0.0,0.0,23518.5594,1799.255029,0.22951087242188822,6814.894562,6814.89,81778.68,6070.0,75708.68,33512.77,30524.79,2543.73,4271.164562,9638.774829,2823.880267,5367.610267,1.4143688857953391,2.2567088409811373,21.89810000000034,19.036018000000695,8.856017999999494,26.05873900000006,7.0227209999998195,17.202720999999656,0.8692999849302177,0.4044194701823152,1.1899999999999842,0.32070001506978735,0.7855805298176275
Belgium,BE,2026-04,2026-04-01,belgium__non_profit_sector,Belgique · secteur non-marchand (Maribel social),Belgium · non-profit sector (Maribel social),3.59,7861.4179,0.1307,0.25,1027.48732,1965.354475,589.606343,279.080335,90.406306,68.394336,696.521626,298.73388,184.743321,114.776701,78.614179,23.584254,568.380514,161.938807,485.816422,0.0,0.0,23584.2537,1803.415668,0.2294008142814373,6833.93058,6833.93,82007.16,6070.0,75937.16,33635.01,30647.03,2553.92,4280.01058,9664.833568,2830.902987,5384.822987,1.4142422803191503,2.2581331017656843,21.89810000000034,19.036017999999785,8.846018000000186,26.05873900000006,7.022719999999936,17.212719999999536,0.8692999849301761,0.40396280955882236,1.1899999999999842,0.3206999694037303,0.786037144775084
Belgium,BE,2026-04,2026-04-01,belgium__non_profit_sector,Belgique · secteur non-marchand (Maribel social),Belgium · non-profit sector (Maribel social),3.6,7883.316,0.1307,0.25,1030.349401,1970.829,591.2487,279.857718,90.658134,68.584849,698.461798,299.566008,185.257926,115.096414,78.83316,23.649948,569.963747,163.252693,489.75808,0.0,0.0,23649.948,1807.576307,0.22929136757509996,6852.966599,6852.97,82235.64,6070.0,76165.64,33757.25,30769.27,2564.11,4288.856599,9690.892307,2837.925708,5402.035708,1.414116378206718,2.259551487307393,21.89809999999943,19.036019000000124,8.846018999999615,26.05873900000006,7.022721000000274,17.212721000000784,0.86930003059629,0.4039628552248754,1.1900000000000337,0.32070001506982143,0.786037190441236
Belgium,BE,2026-04,2026-04-01,belgium__non_profit_sector,Belgique · secteur non-marchand (Maribel social),Belgium · non-profit sector (Maribel social),3.61,7905.2141,0.1307,0.25,1033.211483,1976.303525,592.891058,280.635101,90.909962,68.775363,700.401969,300.398136,185.772531,115.416126,79.052141,23.715642,571.546979,164.566579,493.699738,0.0,0.0,23715.6423,1811.736946,0.22918252722170634,6872.002617,6872.0,82464.0,6070.0,76394.0,33879.42,30891.44,2574.29,4297.712617,9716.951046,2844.948429,5419.238429,1.413991173612914,2.2609587730311334,21.89810000000034,19.036017999999785,8.856018000000404,26.05873900000006,7.0227209999998195,17.202720999999656,0.8692999849301761,0.40441947018235674,1.1899999999999842,0.32070001506978735,0.7855805298176275
Belgium,BE,2026-04,2026-04-01,belgium__non_profit_sector,Belgique · secteur non-marchand (Maribel social),Belgium · non-profit sector (Maribel social),3.62,7927.1122,0.1307,0.25,1036.073565,1981.77805,594.533415,281.412483,91.16179,68.965876,702.342141,301.230264,186.287137,115.735838,79.271122,23.781337,573.130212,165.880465,497.641396,0.0,0.0,23781.3366,1815.897585,0.229074288196232,6891.038635,6891.04,82692.48,6070.0,76622.48,34001.66,31013.68,2584.47,4306.568635,9743.009785,2851.971149,5436.441149,1.4138666607571977,2.2623602708763006,21.89809999999943,19.036017999999785,8.856017999999494,26.05873900000006,7.022719999999936,17.202720000000227,0.8692999849302122,0.404419470182332,1.1900000000000337,0.3206999694037436,0.7855804841516238
Belgium,BE,2026-04,2026-04-01,belgium__non_profit_sector,Belgique · secteur non-marchand (Maribel social),Belgium · non-profit sector (Maribel social),3.63,7949.0103,0.1307,0.25,1038.935646,1987.252575,596.175773,282.189866,91.413618,69.15639,704.282313,302.062391,186.801742,116.05555,79.490103,23.847031,574.713445,167.194351,501.583054,0.0,0.0,23847.0309,1820.058224,0.22896664552902474,6910.074654,6910.07,82920.84,6070.0,76850.84,34123.83,31135.85,2594.65,4315.424654,9769.068524,2858.99387,5453.64387,1.413742833922725,2.263756016476161,21.89810000000034,19.036019000000124,8.856019000000742,26.05873900000006,7.0227209999998195,17.202720999999656,0.8693000305962539,0.40441951584843455,1.1899999999999842,0.32070001506978735,0.7855805298176275
Belgium,BE,2026-04,2026-04-01,belgium__non_profit_sector,Belgique · secteur non-marchand (Maribel social),Belgium · non-profit sector (Maribel social),3.64,7970.9084,0.1307,0.25,1041.797728,1992.7271,597.81813,282.967248,91.665447,69.346903,706.222484,302.894519,187.316347,116.375263,79.709084,23.912725,576.296677,168.508237,505.524712,0.0,0.0,23912.7252,1824.218863,0.2288595943050439,6929.110672,6929.11,83149.32,6070.0,77079.32,34246.07,31258.09,2604.84,4324.270672,9795.127263,2866.016591,5470.856591,1.4136196874554743,2.2651512833872967,21.89810000000034,19.036017999999785,8.846017999999276,26.05873900000006,7.022721000000274,17.212720999999874,0.8692999849301761,0.40396280955878083,1.1899999999999842,0.3207000150698081,0.7860371904411618
Belgium,BE,2026-04,2026-04-01,belgium__non_profit_sector,Belgique · secteur non-marchand (Maribel social),Belgium · non-profit sector (Maribel social),3.65,7992.8065,0.1307,0.25,1044.65981,1998.201625,599.460488,283.744631,91.917275,69.537417,708.162656,303.726647,187.830953,116.694975,79.928065,23.97842,577.87991,169.822123,509.46637,0.0,0.0,23978.4195,1828.379502,0.2287531296631123,6948.14669,6948.15,83377.8,6070.0,77307.8,34368.3,31380.32,2615.03,4333.11669,9821.186002,2873.039311,5488.069311,1.4134972157633872,2.266540853449005,21.89809999999943,19.036017999999785,8.846018000000186,26.05873900000006,7.022719999999936,17.212720000000445,0.8692999849302122,0.4039628095588391,1.1900000000000337,0.3206999694037436,0.7860371447751582
Belgium,BE,2026-04,2026-04-01,belgium__non_profit_sector,Belgique · secteur non-marchand (Maribel social),Belgium · non-profit sector (Maribel social),3.66,8014.7046,0.1307,0.25,1047.521891,2003.67615,601.102845,284.522013,92.169103,69.72793,710.102828,304.558775,188.345558,117.014687,80.147046,24.044114,579.463143,171.136009,513.408028,0.0,0.0,24044.1138,1832.540141,0.22864724679518028,6967.182709,6967.18,83606.16,6070.0,77536.16,34490.48,31502.5,2625.21,4341.972709,9847.244741,2880.062032,5505.272032,1.4133754133155185,2.267919538221494,21.89810000000034,19.036019000000124,8.856018999999833,26.05873900000006,7.0227209999998195,17.202720999999656,0.8693000305962539,0.40441951584839303,1.1899999999999842,0.32070001506978735,0.7855805298176275
Belgium,BE,2026-04,2026-04-01,belgium__non_profit_sector,Belgique · secteur non-marchand (Maribel social),Belgium · non-profit sector (Maribel social),3.67,8036.6027,0.1307,0.25,1050.383973,2009.150675,602.745203,285.299396,92.420931,69.918443,712.042999,305.390903,188.860163,117.334399,80.366027,24.109808,581.046375,172.449895,517.349686,0.0,0.0,24109.8081,1836.70078,0.22854194094560215,6986.218727,6986.22,83834.64,6070.0,77764.64,34612.71,31624.73,2635.39,4350.828727,9873.30348,2887.084753,5522.474753,1.413254274641208,2.269292610427559,21.89810000000034,19.036018000000695,8.856018000000404,26.05873900000006,7.022721000000274,17.202721000000565,0.8692999849302177,0.40441947018235674,1.1899999999999842,0.3207000150698081,0.785580529817669
Belgium,BE,2026-04,2026-04-01,belgium__non_profit_sector,Belgique · secteur non-marchand (Maribel social),Belgium · non-profit sector (Maribel social),3.68,8058.5008,0.1307,0.25,1053.246055,2014.6252,604.38756,286.076778,92.672759,70.108957,713.983171,306.22303,189.374769,117.654112,80.585008,24.175502,582.629608,173.763781,521.291344,0.0,0.0,24175.5024,1840.861419,0.22843720741042386,7005.254745,7005.25,84063.0,6070.0,77993.0,34734.89,31746.91,2645.58,4359.674745,9899.362219,2894.107473,5539.687473,1.413133794329258,2.270665312594913,21.89809999999943,19.036017999999785,8.846018000000186,26.05873900000006,7.022719999999936,17.212719999999536,0.8692999849302122,0.4039628095588391,1.1900000000000337,0.3206999694037436,0.7860371447751167
Belgium,BE,2026-04,2026-04-01,belgium__non_profit_sector,Belgique · secteur non-marchand (Maribel social),Belgium · non-profit sector (Maribel social),3.69,8080.3989,0.1307,0.25,1056.108136,2020.099725,606.029918,286.854161,92.924587,70.29947,715.923343,307.055158,189.889374,117.973824,80.803989,24.241197,584.21284,175.077667,525.233002,0.0,0.0,24241.1967,1845.022058,0.22833304153668288,7024.290764,7024.29,84291.48,6070.0,78221.48,34857.12,31869.14,2655.76,4368.530764,9925.420958,2901.130194,5556.890194,1.4130139670271287,2.2720272545594082,21.89810000000034,19.036019000000124,8.856018999999833,26.05873900000006,7.0227209999998195,17.202720999999656,0.8693000305962539,0.40441951584839303,1.1899999999999842,0.32070001506978735,0.7855805298176275
Belgium,BE,2026-04,2026-04-01,belgium__non_profit_sector,Belgique · secteur non-marchand (Maribel social),Belgium · non-profit sector (Maribel social),3.7,8102.297,0.1307,0.25,1058.970218,2025.57425,607.672275,287.631544,93.176416,70.489984,717.863514,307.887286,190.40398,118.293536,81.02297,24.306891,585.796073,176.391553,529.17466,0.0,0.0,24306.891,1849.182697,0.22822943872171886,7043.326782,7043.33,84519.96,6070.0,78449.96,34979.36,31991.38,2665.95,4377.376782,9951.479697,2908.152915,5574.102915,1.4128947874401458,2.2733888792393486,21.89809999999943,19.036017999999785,8.846018000000186,26.05873900000006,7.022721000000274,17.212721000000784,0.8692999849302122,0.4039628095588391,1.1900000000000337,0.32070001506982143,0.786037190441236
Belgium,BE,2026-04,2026-04-01,belgium__non_profit_sector,Belgique · secteur non-marchand (Maribel social),Belgium · non-profit sector (Maribel social),3.71,8124.1951,0.1307,0.25,1061.8323,2031.048775,609.314633,288.408926,93.428244,70.680497,719.803686,308.719414,190.918585,118.613248,81.241951,24.372585,587.379306,177.705439,533.116318,0.0,0.0,24372.5853,1853.343336,0.2281263944124959,7062.3628,7062.37,84748.44,6070.0,78678.44,35101.6,32113.62,2676.14,4386.2228,9977.538436,2915.175635,5591.315635,1.4127762503307213,2.274745011741886,21.89810000000034,19.036017999999785,8.846017999999276,26.05873900000006,7.022719999999936,17.212719999999536,0.8692999849301761,0.40396280955878083,1.1899999999999842,0.3206999694037303,0.786037144775084
Belgium,BE,2026-04,2026-04-01,belgium__non_profit_sector,Belgique · secteur non-marchand (Maribel social),Belgium · non-profit sector (Maribel social),3.72,8146.0932,0.1307,0.25,1064.694381,2036.5233,610.95699,289.186309,93.680072,70.871011,721.743858,309.551542,191.43319,118.932961,81.460932,24.43828,588.962538,179.019325,537.057976,0.0,0.0,24438.2796,1857.503975,0.22802390410493542,7081.398819,7081.4,84976.8,6070.0,78906.8,35223.77,32235.79,2686.32,4395.078819,10003.597175,2922.198356,5608.518356,1.4126583505175838,2.2760905064926735,21.89810000000034,19.036019000000124,8.856019000000742,26.05873900000006,7.0227209999998195,17.202720999999656,0.8693000305962539,0.40441951584843455,1.1899999999999842,0.32070001506978735,0.7855805298176275
Belgium,BE,2026-04,2026-04-01,belgium__non_profit_sector,Belgique · secteur non-marchand (Maribel social),Belgium · non-profit sector (Maribel social),3.73,8167.9913,0.1307,0.25,1067.556463,2041.997825,612.599348,289.963691,93.9319,71.061524,723.684029,310.383669,191.947796,119.252673,81.679913,24.503974,590.545771,180.333211,540.999634,0.0,0.0,24503.9739,1861.664614,0.22792196334326,7100.434837,7100.43,85205.16,6070.0,79135.16,35345.94,32357.96,2696.5,4403.934837,10029.655914,2929.221077,5625.721077,1.4125410828750258,2.2774305898436022,21.89809999999943,19.036017999999785,8.856017999999494,26.05873900000006,7.022721000000274,17.202721000000565,0.8692999849302122,0.404419470182332,1.1900000000000337,0.32070001506982143,0.7855805298177017
Belgium,BE,2026-04,2026-04-01,belgium__non_profit_sector,Belgique · secteur non-marchand (Maribel social),Belgium · non-profit sector (Maribel social),3.74,8189.8894,0.1307,0.25,1070.418545,2047.47235,614.241705,290.741074,94.183728,71.252038,725.624201,311.215797,192.462401,119.572385,81.898894,24.569668,592.129004,181.647097,544.941292,0.0,0.0,24569.6682,1865.825253,0.22782056771934756,7119.470855,7119.47,85433.64,6070.0,79363.64,35468.18,32480.2,2706.68,4412.790855,10055.714653,2936.243797,5642.923797,1.4124244423321612,2.278765294375046,21.89810000000034,19.036017999999785,8.856018000000404,26.05873900000006,7.022719999999936,17.202720000000227,0.8692999849301761,0.40441947018235674,1.1899999999999842,0.3206999694037303,0.7855804841515912
Belgium,BE,2026-04,2026-04-01,belgium__non_profit_sector,Belgique · secteur non-marchand (Maribel social),Belgium · non-profit sector (Maribel social),3.75,8211.7875,0.1307,0.25,1073.280626,2052.946875,615.884063,291.518456,94.435556,71.442551,727.564373,312.047925,192.977006,119.892098,82.117875,24.635363,593.712236,182.960983,548.88295,0.0,0.0,24635.3625,1869.985892,0.22771971287209594,7138.506874,7138.51,85662.12,6070.0,79592.12,35590.41,32602.43,2716.87,4421.636874,10081.773392,2943.266518,5660.136518,1.4123084238721915,2.280099809081855,21.89810000000034,19.036019000000124,8.846018999999615,26.05873899999824,7.0227209999998195,17.212720999999874,0.8693000305962539,0.40396285522485864,1.1899999999999011,0.32070001506978735,0.7860371904411618
Belgium,BE,2026-04,2026-04-01,belgium__non_profit_sector,Belgique · secteur non-marchand (Maribel social),Belgium · non-profit sector (Maribel social),3.76,8233.6856,0.1307,0.25,1076.142708,2058.4214,617.52642,292.295839,94.687384,71.633065,729.504544,312.880053,193.491612,120.21181,82.336856,24.701057,595.295469,184.274869,552.824608,0.0,0.0,24701.0568,1874.146531,0.22761939448679783,7157.542892,7157.55,85890.6,6070.0,79820.6,35712.65,32724.67,2727.06,4430.482892,10107.832131,2950.289239,5677.349239,1.4121930225316899,2.2814289947345436,21.89810000000034,19.036018000000695,8.846018000000186,26.05873900000006,7.022721000000274,17.212720999999874,0.8692999849302177,0.40396280955882236,1.1899999999999842,0.3207000150698081,0.7860371904411618
Belgium,BE,2026-04,2026-04-01,belgium__non_profit_sector,Belgique · secteur non-marchand (Maribel social),Belgium · non-profit sector (Maribel social),3.77,8255.5837,0.1307,0.25,1079.00479,2063.895925,619.168778,293.073221,94.939213,71.823578,731.444716,313.712181,194.006217,120.531522,82.555837,24.766751,596.878702,185.588755,556.766266,0.0,0.0,24766.7511,1878.30717,0.22751960829452517,7176.57891,7176.58,86118.96,6070.0,80048.96,35834.82,32846.84,2737.24,4439.33891,10133.89087,2957.311959,5694.551959,1.412078233399891,2.2827477410889405,21.89809999999852,19.036017999999785,8.856018000000404,26.05873900000006,7.022719999999936,17.202720000000227,0.8692999849302483,0.40441947018239033,1.190000000000083,0.32069996940375695,0.7855804841516565
Belgium,BE,2026-04,2026-04-01,belgium__non_profit_sector,Belgique · secteur non-marchand (Maribel social),Belgium · non-profit sector (Maribel social),3.78,8277.4818,0.1307,0.25,1081.866871,2069.37045,620.811135,293.850604,95.191041,72.014092,733.384887,314.544308,194.520822,120.851234,82.774818,24.832445,598.461934,186.902641,560.707924,0.0,0.0,24832.4454,1882.467809,0.22742035007152375,7195.614929,7195.61,86347.32,6070.0,80277.32,35957.0,32969.02,2747.42,4448.194929,10159.949609,2964.33468,5711.75468,1.4119640516179959,2.2840612363956327,21.89810000000034,19.036019000000124,8.856018999999833,26.05873900000006,7.0227209999998195,17.202720999999656,0.8693000305962539,0.40441951584839303,1.1899999999999842,0.32070001506978735,0.7855805298176275
Belgium,BE,2026-04,2026-04-01,belgium__non_profit_sector,Belgique · secteur non-marchand (Maribel social),Belgium · non-profit sector (Maribel social),3.79,8299.3799,0.1307,0.25,1084.728953,2074.844975,622.453493,294.627986,95.442869,72.204605,735.325059,315.376436,195.035428,121.170947,82.993799,24.89814,600.045167,188.216527,564.649582,0.0,0.0,24898.1397,1886.628448,0.22732161563861739,7214.650947,7214.65,86575.8,6070.0,80505.8,36079.23,33091.25,2757.6,4457.050947,10186.008348,2971.357401,5728.957401,1.4118504723784853,2.2853695119556123,21.89810000000034,19.036017999999785,8.856017999999494,26.05873900000006,7.022721000000274,17.202720999999656,0.8692999849301761,0.4044194701823152,1.1899999999999842,0.3207000150698081,0.7855805298176275
Belgium,BE,2026-04,2026-04-01,belgium__non_profit_sector,Belgique · secteur non-marchand (Maribel social),Belgium · non-profit sector (Maribel social),3.8,8321.278,0.1307,0.25,1087.591035,2080.3195,624.09585,295.405369,95.694697,72.395119,737.265231,316.208564,195.550033,121.490659,83.21278,24.963834,601.628399,189.530413,568.59124,0.0,0.0,24963.834,1890.789087,0.227223400860621,7233.686965,7233.69,86804.28,6070.0,80734.28,36201.47,33213.49,2767.79,4465.896965,10212.067087,2978.380121,5746.170121,1.411737490924446,2.2866777191201932,21.89810000000034,19.036017999999785,8.846018000000186,26.05873900000006,7.022719999999936,17.212720000000445,0.8692999849301761,0.40396280955882236,1.1899999999999842,0.3206999694037303,0.7860371447751255
Belgium,BE,2026-04,2026-04-01,belgium__non_profit_sector,Belgique · secteur non-marchand (Maribel social),Belgium · non-profit sector (Maribel social),3.81,8343.1761,0.1307,0.25,1090.453116,2085.794025,625.738208,296.182752,95.946525,72.585632,739.205402,317.040692,196.064638,121.810371,83.431761,25.029528,603.211632,190.844299,572.532898,0.0,0.0,25029.5283,1894.949726,0.22712570164576373,7252.722984,7252.73,87032.76,6070.0,80962.76,36323.71,33335.73,2777.98,4474.742984,10238.125826,2985.402842,5763.382842,1.411625102548906,2.2879807539543866,21.89810000000034,19.036019000000124,8.846019000000524,26.05873900000006,7.0227209999998195,17.212720999999874,0.8693000305962539,0.40396285522490016,1.1899999999999842,0.32070001506978735,0.7860371904411618
Belgium,BE,2026-04,2026-04-01,belgium__non_profit_sector,Belgique · secteur non-marchand (Maribel social),Belgium · non-profit sector (Maribel social),3.82,8365.0742,0.1307,0.25,1093.315198,2091.26855,627.380565,296.960134,96.198353,72.776146,741.145574,317.87282,196.579244,122.130083,83.650742,25.095223,604.794865,192.158185,576.474556,0.0,0.0,25095.2226,1899.110365,0.22702851394512039,7271.759002,7271.75,87261.0,6070.0,81191.0,36445.82,33457.84,2788.15,4483.609002,10264.184565,2992.425563,5780.575563,1.4115133025941797,2.2892684353053037,21.89809999999852,19.036017999999785,8.866017999999713,26.05873900000006,7.0227209999998195,17.192721000000347,0.8692999849302483,0.4048761308058832,1.190000000000083,0.320700015069814,0.7851238691941999
Belgium,BE,2026-04,2026-04-01,belgium__non_profit_sector,Belgique · secteur non-marchand (Maribel social),Belgium · non-profit sector (Maribel social),3.83,8386.9723,0.1307,0.25,1096.17728,2096.743075,629.022923,297.737517,96.450181,72.966659,743.085746,318.704947,197.093849,122.449796,83.869723,25.160917,606.378097,193.472071,580.416214,0.0,0.0,25160.9169,1903.271004,0.22693183375205217,7290.79502,7290.79,87489.48,6070.0,81419.48,36568.05,33580.07,2798.34,4492.45502,10290.243304,2999.448283,5797.788283,1.4114020864512276,2.290561231434065,21.89810000000034,19.036017999999785,8.846018000000186,26.05873900000006,7.02272000000039,17.212719999999536,0.8692999849301761,0.40396280955882236,1.1899999999999842,0.32069996940375106,0.786037144775084
Belgium,BE,2026-04,2026-04-01,belgium__non_profit_sector,Belgique · secteur non-marchand (Maribel social),Belgium · non-profit sector (Maribel social),3.84,8408.8704,0.1307,0.25,1099.039361,2102.2176,630.66528,298.514899,96.70201,73.157172,745.025917,319.537075,197.608454,122.769508,84.088704,25.226611,607.96133,194.785957,584.357872,0.0,0.0,25226.6112,1907.431643,0.2268356571016562,7309.831039,7309.83,87717.96,6070.0,81647.96,36690.29,33702.31,2808.53,4501.301039,10316.302043,3006.471004,5815.001004,1.41129144955902,2.2918489463215805,21.89810000000034,19.036019000000124,8.846018999999615,26.05873900000006,7.0227209999998195,17.212720999999874,0.8693000305962539,0.40396285522485864,1.1899999999999842,0.32070001506978735,0.7860371904411618
Belgium,BE,2026-04,2026-04-01,belgium__non_profit_sector,Belgique · secteur non-marchand (Maribel social),Belgium · non-profit sector (Maribel social),3.85,8430.7685,0.1307,0.25,1101.901443,2107.692125,632.307638,299.292282,96.953838,73.347686,746.966089,320.369203,198.12306,123.08922,84.307685,25.292306,609.544563,196.099843,588.29953,0.0,0.0,25292.3055,1911.592282,0.22673998007022333,7328.867057,7328.87,87946.44,6070.0,81876.44,36812.53,33824.55,2818.71,4510.157057,10342.360782,3013.493725,5832.203725,1.411181387403915,2.2931265254943005,21.89810000000034,19.036018000000695,8.856018000000404,26.05873900000006,7.0227209999998195,17.202721000000565,0.8692999849302177,0.40441947018235674,1.1899999999999842,0.32070001506978735,0.785580529817669
Belgium,BE,2026-04,2026-04-01,belgium__non_profit_sector,Belgique · secteur non-marchand (Maribel social),Belgium · non-profit sector (Maribel social),3.86,8452.6666,0.1307,0.25,1104.763525,2113.16665,633.949995,300.069664,97.205666,73.538199,748.906261,321.201331,198.637665,123.408932,84.526666,25.358,611.127795,197.413729,592.241188,0.0,0.0,25357.9998,1915.752921,0.22664479877470461,7347.903075,7347.91,88174.92,6070.0,82104.92,36934.76,33946.78,2828.9,4519.003075,10368.419521,3020.516445,5849.416445,1.4110718955190436,2.294404174485939,21.89810000000034,19.036017999999785,8.846017999999276,26.05873900000006,7.02272000000039,17.212719999999536,0.8692999849301761,0.40396280955878083,1.1899999999999842,0.32069996940375106,0.786037144775084
Belgium,BE,2026-04,2026-04-01,belgium__non_profit_sector,Belgique · secteur non-marchand (Maribel social),Belgium · non-profit sector (Maribel social),3.87,8474.5647,0.1307,0.25,1107.625606,2118.641175,635.592353,300.847047,97.457494,73.728713,750.846432,322.033459,199.15227,123.728645,84.745647,25.423694,612.711028,198.727615,596.182846,0.0,0.0,25423.6941,1919.91356,0.226550109372186,7366.939094,7366.93,88403.16,6070.0,82333.16,37056.87,34068.89,2839.07,4527.869094,10394.47826,3027.539166,5866.609166,1.4109629694837065,2.295666691006242,21.89810000000034,19.036019000000124,8.866019000000051,26.05873900000006,7.0227209999998195,17.192721000000347,0.8693000305962539,0.4048761764719274,1.1899999999999842,0.32070001506978735,0.7851238691941347
Belgium,BE,2026-04,2026-04-01,belgium__non_profit_sector,Belgique · secteur non-marchand (Maribel social),Belgium · non-profit sector (Maribel social),3.88,8496.4628,0.1307,0.25,1110.487688,2124.1157,637.23471,301.624429,97.709322,73.919226,752.786604,322.865586,199.666876,124.048357,84.964628,25.489388,614.29426,200.041501,600.124504,0.0,0.0,25489.3884,1924.074199,0.2264559080593711,7385.975112,7385.97,88631.64,6070.0,82561.64,37179.11,34191.13,2849.26,4536.715112,10420.536999,3034.561887,5883.821887,1.4108546049227781,2.2969343988586757,21.89809999999852,19.036017999999785,8.846018000000186,26.05873900000006,7.0227209999998195,17.212720999999874,0.8692999849302483,0.40396280955885594,1.190000000000083,0.320700015069814,0.7860371904412271
Belgium,BE,2026-04,2026-04-01,belgium__non_profit_sector,Belgique · secteur non-marchand (Maribel social),Belgium · non-profit sector (Maribel social),3.89,8518.3609,0.1307,0.25,1113.34977,2129.590225,638.877068,302.401812,97.96115,74.10974,754.726776,323.697714,200.181481,124.368069,85.183609,25.555083,615.877493,201.355387,604.066162,0.0,0.0,25555.0827,1928.234838,0.22636219107207195,7405.01113,7405.01,88860.12,6070.0,82790.12,37301.34,34313.36,2859.45,4545.56113,10446.595738,3041.584607,5901.034607,1.410746797506122,2.298197172593372,21.89810000000034,19.036017999999785,8.846018000000186,26.05873900000006,7.022719999999936,17.212719999999536,0.8692999849301761,0.40396280955882236,1.1899999999999842,0.3206999694037303,0.786037144775084
Belgium,BE,2026-04,2026-04-01,belgium__non_profit_sector,Belgique · secteur non-marchand (Maribel social),Belgium · non-profit sector (Maribel social),3.9,8540.259,0.1307,0.25,1116.211851,2135.06475,640.519425,303.179195,98.212979,74.300253,756.666947,324.529842,200.696087,124.687781,85.40259,25.620777,617.460726,202.669273,608.00782,0.0,0.0,25620.777,1932.395477,0.22626895468470765,7424.047149,7424.05,89088.6,6070.0,83018.6,37423.58,34435.6,2869.63,4554.417149,10472.654477,3048.607328,5918.237328,1.410639542948013,2.299449992115007,21.89810000000034,19.036019000000124,8.856018999999833,26.05873900000006,7.022721000000274,17.202721000000565,0.8693000305962539,0.40441951584839303,1.1899999999999842,0.3207000150698081,0.785580529817669
Belgium,BE,2026-04,2026-04-01,belgium__non_profit_sector,Belgique · secteur non-marchand (Maribel social),Belgium · non-profit sector (Maribel social),3.91,8562.1571,0.1307,0.25,1119.073933,2140.539275,642.161783,303.956577,98.464807,74.490767,758.607119,325.36197,201.210692,125.007494,85.621571,25.686471,619.043958,203.983159,611.949478,0.0,0.0,25686.4713,1936.556116,0.2261761952098107,7443.083167,7443.09,89317.08,6070.0,83247.08,37545.82,34557.84,2879.82,4563.263167,10498.713216,3055.630049,5935.450049,1.4105328370065693,2.3007029906845706,21.89810000000034,19.036017999999785,8.846018000000186,26.05873900000006,7.0227209999998195,17.212720999999874,0.8692999849301761,0.40396280955882236,1.1899999999999842,0.32070001506978735,0.7860371904411618
Belgium,BE,2026-04,2026-04-01,belgium__non_profit_sector,Belgique · secteur non-marchand (Maribel social),Belgium · non-profit sector (Maribel social),3.92,8584.0552,0.1307,0.25,1121.936015,2146.0138,643.80414,304.73396,98.716635,74.68128,760.547291,326.194098,201.725297,125.327206,85.840552,25.752166,620.627191,205.297045,615.891136,0.0,0.0,25752.1656,1940.716755,0.22608390899754077,7462.119185,7462.12,89545.44,6070.0,83475.44,37667.99,34680.01,2890.0,4572.119185,10524.771955,3062.652769,5952.652769,1.4104266754831942,2.30194610594736,21.89810000000034,19.036017999999785,8.856017999999494,26.05873900000006,7.022719999999936,17.202720000000227,0.8692999849301761,0.4044194701823152,1.1899999999999842,0.3206999694037303,0.7855804841515912
Belgium,BE,2026-04,2026-04-01,belgium__non_profit_sector,Belgique · secteur non-marchand (Maribel social),Belgium · non-profit sector (Maribel social),3.93,8605.9533,0.1307,0.25,1124.798096,2151.488325,645.446498,305.511342,98.968463,74.871794,762.487462,327.026225,202.239903,125.646918,86.059533,25.81786,622.210424,206.610931,619.832794,0.0,0.0,25817.8599,1944.877394,0.22599209243520607,7481.155204,7481.15,89773.8,6070.0,83703.8,37790.16,34802.18,2900.18,4580.975204,10550.830694,3069.67549,5969.85549,1.4103210542220248,2.3031844147874705,21.89809999999852,19.036019000000124,8.856019000000742,26.05873900000006,7.022721000000274,17.202720999999656,0.8693000305963261,0.40441951584846814,1.190000000000083,0.32070001506983475,0.7855805298176928
Belgium,BE,2026-04,2026-04-01,belgium__non_profit_sector,Belgique · secteur non-marchand (Maribel social),Belgium · non-profit sector (Maribel social),3.94,8627.8514,0.1307,0.25,1127.660178,2156.96285,647.088855,306.288725,99.220291,75.062307,764.427634,327.858353,202.754508,125.96663,86.278514,25.883554,623.793656,207.924817,623.774452,0.0,0.0,25883.5542,1949.038033,0.22590074194679183,7500.191222,7500.19,90002.28,6070.0,83932.28,37912.4,34924.42,2910.37,4589.821222,10576.889433,3076.698211,5987.068211,1.4102159691093892,2.3044229657406423,21.89810000000034,19.036018000000695,8.846017999999276,26.05873900000006,7.0227209999998195,17.212720999999874,0.8692999849302177,0.40396280955878083,1.1899999999999842,0.32070001506978735,0.7860371904411618
Belgium,BE,2026-04,2026-04-01,belgium__non_profit_sector,Belgique · secteur non-marchand (Maribel social),Belgium · non-profit sector (Maribel social),3.95,8649.7495,0.1307,0.25,1130.52226,2162.437375,648.731213,307.066107,99.472119,75.252821,766.367806,328.690481,203.269113,126.286343,86.497495,25.949249,625.376889,209.238703,627.71611,0.0,0.0,25949.2485,1953.198672,0.22580985399249615,7519.22724,7519.23,90230.76,6070.0,84160.76,38034.64,35046.66,2920.56,4598.66724,10602.948172,3083.720931,6004.280931,1.4101114160732728,2.3056567517287223,21.89810000000034,19.036017999999785,8.846018000000186,26.05873900000006,7.022719999999936,17.212720000000445,0.8692999849301761,0.40396280955882236,1.1899999999999842,0.3206999694037303,0.7860371447751255
Belgium,BE,2026-04,2026-04-01,belgium__non_profit_sector,Belgique · secteur non-marchand (Maribel social),Belgium · non-profit sector (Maribel social),3.96,8671.6476,0.1307,0.25,1133.384341,2167.9119,650.37357,307.84349,99.723947,75.443334,768.307977,329.522609,203.783719,126.606055,86.716476,26.014943,626.960121,210.552589,631.657768,0.0,0.0,26014.9428,1957.359311,0.2257194250682727,7538.263259,7538.27,90459.24,6070.0,84389.24,38156.87,35168.89,2930.74,4607.523259,10629.006911,3090.743652,6021.483652,1.410007391082794,2.3068807934160596,21.89810000000034,19.036019000000124,8.856018999999833,26.05873900000006,7.022721000000274,17.202720999999656,0.8693000305962539,0.40441951584839303,1.1899999999999842,0.3207000150698081,0.7855805298176275
Belgium,BE,2026-04,2026-04-01,belgium__non_profit_sector,Belgique · secteur non-marchand (Maribel social),Belgium · non-profit sector (Maribel social),3.97,8693.5457,0.1307,0.25,1136.246423,2173.386425,652.015928,308.620872,99.975776,75.633848,770.248149,330.354737,204.298324,126.925767,86.935457,26.080637,628.543354,211.866475,635.599426,0.0,0.0,26080.6371,1961.51995,0.22562945170538032,7557.299277,7557.3,90687.6,6070.0,84617.6,38279.05,35291.07,2940.92,4616.379277,10655.06565,3097.766373,6038.686373,1.4099038901476824,2.308100138723412,21.89810000000034,19.036017999999785,8.856018000000404,26.05873900000006,7.0227209999998195,17.202720999999656,0.8692999849301761,0.40441947018235674,1.1899999999999842,0.32070001506978735,0.7855805298176275
Belgium,BE,2026-04,2026-04-01,belgium__non_profit_sector,Belgique · secteur non-marchand (Maribel social),Belgium · non-profit sector (Maribel social),3.98,8715.4438,0.1307,0.25,1139.108505,2178.86095,653.658285,309.398255,100.227604,75.824361,772.188321,331.186864,204.812929,127.245479,87.154438,26.146331,630.126587,213.180361,639.541084,0.0,0.0,26146.3314,1965.680589,0.22553993046993967,7576.335295,7576.33,90915.96,6070.0,84845.96,38401.22,35413.24,2951.1,4625.235295,10681.124389,3104.789093,6055.889093,1.4098009093177726,2.309314814627501,21.89809999999852,19.036017999999785,8.856018000000404,26.05873900000006,7.022719999999936,17.202720000000227,0.8692999849302483,0.40441947018239033,1.190000000000083,0.32069996940375695,0.7855804841516565
Belgium,BE,2026-04,2026-04-01,belgium__non_profit_sector,Belgique · secteur non-marchand (Maribel social),Belgium · non-profit sector (Maribel social),3.99,8737.3419,0.1307,0.25,1141.970586,2184.335475,655.300643,310.175637,100.479432,76.014875,774.128492,332.018992,205.327535,127.565192,87.373419,26.212026,631.709819,214.494247,643.482742,0.0,0.0,26212.0257,1969.841228,0.2254508579624962,7595.371314,7595.37,91144.44,6070.0,85074.44,38523.46,35535.48,2961.29,4634.081314,10707.183128,3111.811814,6073.101814,1.4096984446824987,2.310529833838203,21.89810000000034,19.036019000000124,8.846018999999615,26.05873900000006,7.022721000000274,17.212720999999874,0.8693000305962539,0.40396285522485864,1.1899999999999842,0.3207000150698081,0.7860371904411618
Belgium,BE,2026-04,2026-04-01,belgium__non_profit_sector,Belgique · secteur non-marchand (Maribel social),Belgium · non-profit sector (Maribel social),4.0,8759.24,0.1307,0.25,1144.832668,2189.81,656.943,310.95302,100.73126,76.205388,776.068664,332.85112,205.84214,127.884904,87.5924,26.27772,633.293052,215.808133,647.4244,0.0,0.0,26277.72,1974.001867,0.22536223081758994,7614.407332,7614.41,91372.92,6070.0,85302.92,38645.69,35657.71,2971.48,4642.927332,10733.241867,3118.834535,6090.314535,1.4095964923704016,2.311740223175793,21.89810000000034,19.036017999999785,8.846018000000186,26.05873900000006,7.0227209999998195,17.212721000000784,0.8692999849301761,0.40396280955882236,1.1899999999999842,0.32070001506978735,0.7860371904412033
Belgium,BE,2026-04,2026-04-01,belgium__non_profit_sector,Belgique · secteur non-marchand (Maribel social),Belgium · non-profit sector (Maribel social),4.01,8781.1381,0.1307,0.25,1147.69475,2195.284525,658.585358,311.730403,100.983088,76.395901,778.008836,333.683248,206.356745,128.204616,87.811381,26.343414,634.876285,217.122019,651.366058,0.0,0.0,26343.4143,1978.162506,0.22527404570333162,7633.44335,7633.45,91601.4,6070.0,85531.4,38767.93,35779.95,2981.66,4651.78335,10759.300606,3125.857255,6107.517255,1.4094950485486388,2.312941036882854,21.89810000000034,19.036017999999785,8.856017999999494,26.05873900000006,7.022719999999936,17.202719999999317,0.8692999849301761,0.4044194701823152,1.1899999999999842,0.3206999694037303,0.7855804841515497
Belgium,BE,2026-04,2026-04-01,belgium__non_profit_sector,Belgique · secteur non-marchand (Maribel social),Belgium · non-profit sector (Maribel social),4.02,8803.0362,0.1307,0.25,1150.556831,2200.75905,660.227715,312.507785,101.234916,76.586415,779.949007,334.515376,206.871351,128.524329,88.030362,26.409109,636.459517,218.435905,655.307716,0.0,0.0,26409.1086,1982.323145,0.22518629932098505,7652.479369,7652.48,91829.76,6070.0,85759.76,38890.1,35902.12,2991.84,4660.639369,10785.359345,3132.879976,6124.719976,1.4093941094225066,2.31413728708377,21.89810000000034,19.036019000000124,8.856019000000742,26.05873900000006,7.022721000000274,17.202721000000565,0.8693000305962539,0.40441951584843455,1.1899999999999842,0.3207000150698081,0.785580529817669
Belgium,BE,2026-04,2026-04-01,belgium__non_profit_sector,Belgique · secteur non-marchand (Maribel social),Belgium · non-profit sector (Maribel social),4.03,8824.9343,0.1307,0.25,1153.418913,2206.233575,661.870073,313.285168,101.486744,76.776928,781.889179,335.347503,207.385956,128.844041,88.249343,26.474803,638.04275,219.749791,659.249374,0.0,0.0,26474.8029,1986.483784,0.22509898840455578,7671.515387,7671.51,92058.12,6070.0,85988.12,39012.27,36024.29,3002.02,4669.495387,10811.418084,3139.902697,6141.922697,1.4092936712349657,2.315328999743548,21.89810000000034,19.036018000000695,8.856017999999494,26.05873900000006,7.0227209999998195,17.202720999999656,0.8692999849302177,0.4044194701823152,1.1899999999999842,0.32070001506978735,0.7855805298176275
Belgium,BE,2026-04,2026-04-01,belgium__non_profit_sector,Belgique · secteur non-marchand (Maribel social),Belgium · non-profit sector (Maribel social),4.04,8846.8324,0.1307,0.25,1156.280995,2211.7081,663.51243,314.06255,101.738573,76.967442,783.829351,336.179631,207.900561,129.163753,88.468324,26.540497,639.625983,221.063677,663.191032,0.0,0.0,26540.4972,1990.644423,0.2250121097203861,7690.551405,7690.55,92286.6,6070.0,86216.6,39134.51,36146.53,3012.21,4678.341405,10837.476823,3146.925417,6159.135417,1.4091937302661752,2.3165211522063727,21.89809999999852,19.036017999999785,8.846018000000186,26.05873900000006,7.022719999999936,17.212720000000445,0.8692999849302483,0.40396280955885594,1.190000000000083,0.32069996940375695,0.7860371447751908
Belgium,BE,2026-04,2026-04-01,belgium__non_profit_sector,Belgique · secteur non-marchand (Maribel social),Belgium · non-profit sector (Maribel social),4.05,8868.7305,0.1307,0.25,1159.143076,2217.182625,665.154788,314.839933,101.990401,77.157955,785.769522,337.011759,208.415167,129.483465,88.687305,26.606192,641.209215,222.377563,667.13269,0.0,0.0,26606.1915,1994.805062,0.2249256600667555,7709.587424,7709.59,92515.08,6070.0,86445.08,39256.75,36268.77,3022.4,4687.187424,10863.535562,3153.948138,6176.348138,1.4090942828330328,2.3177088048267187,21.89810000000034,19.036019000000124,8.846018999999615,26.05873899999824,7.022721000000274,17.212720999999874,0.8693000305962539,0.40396285522485864,1.1899999999999011,0.3207000150698081,0.7860371904411618
Belgium,BE,2026-04,2026-04-01,belgium__non_profit_sector,Belgique · secteur non-marchand (Maribel social),Belgium · non-profit sector (Maribel social),4.06,8890.6286,0.1307,0.25,1162.005158,2222.65715,666.797145,315.617315,102.242229,77.348469,787.709694,337.843887,208.929772,129.803178,88.906286,26.671886,642.792448,223.691449,671.074348,0.0,0.0,26671.8858,1998.965701,0.22483963627348763,7728.623442,7728.62,92743.44,6070.0,86673.44,39378.92,36390.94,3032.58,4696.043442,10889.594301,3160.970859,6193.550859,1.4089953252887237,2.3188870450643173,21.89810000000034,19.036017999999785,8.856018000000404,26.05873900000006,7.0227209999998195,17.202720999999656,0.8692999849301761,0.40441947018235674,1.1899999999999842,0.32070001506978735,0.7855805298176275
Belgium,BE,2026-04,2026-04-01,belgium__non_profit_sector,Belgique · secteur non-marchand (Maribel social),Belgium · non-profit sector (Maribel social),4.07,8912.5267,0.1307,0.25,1164.86724,2228.131675,668.439503,316.394698,102.494057,77.538982,789.649866,338.676015,209.444377,130.12289,89.125267,26.73758,644.37568,225.005335,675.016006,0.0,0.0,26737.5801,2003.12634,0.22475403520156262,7747.65946,7747.66,92971.92,6070.0,86901.92,39501.16,36513.18,3042.77,4704.88946,10915.65304,3167.993579,6210.763579,1.408896854022274,2.320065780875423,21.89810000000034,19.036017999999785,8.846018000000186,26.05873900000006,7.022719999999936,17.212720000000445,0.8692999849301761,0.40396280955882236,1.1899999999999842,0.3206999694037303,0.7860371447751255
Belgium,BE,2026-04,2026-04-01,belgium__non_profit_sector,Belgique · secteur non-marchand (Maribel social),Belgium · non-profit sector (Maribel social),4.08,8934.4248,0.1307,0.25,1167.729321,2233.6062,670.08186,317.17208,102.745885,77.729496,791.590037,339.508142,209.958983,130.442602,89.344248,26.803274,645.958913,226.319221,678.957664,0.0,0.0,26803.2744,2007.286979,0.22466885374273524,7766.695479,7766.69,93200.28,6070.0,87130.28,39623.33,36635.35,3052.95,4713.745479,10941.711779,3175.0163,6227.9663,1.4087988654581103,2.3212351681371532,21.89810000000034,19.036019000000124,8.856018999999833,26.05873900000006,7.0227209999998195,17.202720999999656,0.8693000305962539,0.40441951584839303,1.1899999999999842,0.32070001506978735,0.7855805298176275
Belgium,BE,2026-04,2026-04-01,belgium__non_profit_sector,Belgique · secteur non-marchand (Maribel social),Belgium · non-profit sector (Maribel social),4.09,8956.3229,0.1307,0.25,1170.591403,2239.080725,671.724218,317.949463,102.997713,77.920009,793.530209,340.34027,210.473588,130.762314,89.563229,26.868969,647.542146,227.633107,682.899322,0.0,0.0,26868.9687,2011.447618,0.2245840888191589,7785.731497,7785.73,93428.76,6070.0,87358.76,39745.57,36757.59,3063.13,4722.601497,10967.770518,3182.039021,6245.169021,1.4087013560556296,2.3224001696318313,21.89809999999852,19.036017999999785,8.856017999999494,26.05873900000006,7.022721000000274,17.202720999999656,0.8692999849302483,0.4044194701823488,1.190000000000083,0.32070001506983475,0.7855805298176928
Belgium,BE,2026-04,2026-04-01,belgium__non_profit_sector,Belgique · secteur non-marchand (Maribel social),Belgium · non-profit sector (Maribel social),4.1,8978.221,0.1307,0.25,1173.453485,2244.55525,673.366575,318.726846,103.249542,78.110523,795.470381,341.172398,210.988194,131.082027,89.78221,26.934663,649.125378,228.946993,686.84098,0.0,0.0,26934.663,2015.608257,0.22449973738301457,7804.767515,7804.77,93657.24,6070.0,87587.24,39867.8,36879.82,3073.32,4731.447515,10993.829257,3189.061741,6262.381741,1.408604322308771,2.3235657208742375,21.89810000000034,19.036017999999785,8.846018000000186,26.05873900000006,7.022719999999936,17.212720000000445,0.8692999849301761,0.40396280955882236,1.1899999999999842,0.3206999694037303,0.7860371447751255
Belgium,BE,2026-04,2026-04-01,belgium__non_profit_sector,Belgique · secteur non-marchand (Maribel social),Belgium · non-profit sector (Maribel social),4.11,9000.1191,0.1307,0.25,1176.315566,2250.029775,675.008933,319.504228,103.50137,78.301036,797.410552,342.004526,211.502799,131.401739,90.001191,27.000357,650.708611,230.260879,690.782638,0.0,0.0,27000.3573,2019.768896,0.22441579641614595,7823.803534,7823.8,93885.6,6070.0,87815.6,39989.98,37002.0,3083.5,4740.303534,11019.887996,3196.084462,6279.584462,1.4085077607455951,2.324722017796174,21.89810000000034,19.036019000000124,8.856018999999833,26.05873900000006,7.0227209999998195,17.202720999999656,0.8693000305962539,0.40441951584839303,1.1899999999999842,0.32070001506978735,0.7855805298176275
Belgium,BE,2026-04,2026-04-01,belgium__non_profit_sector,Belgique · secteur non-marchand (Maribel social),Belgium · non-profit sector (Maribel social),4.12,9022.0172,0.1307,0.25,1179.177648,2255.5043,676.65129,320.281611,103.753198,78.49155,799.350724,342.836654,212.017404,131.721451,90.220172,27.066052,652.291844,231.574765,694.724296,0.0,0.0,27066.0516,2023.929535,0.224332262929699,7842.839552,7842.84,94114.08,6070.0,88044.08,40112.21,37124.23,3093.69,4749.149552,11045.946735,3203.107183,6296.797183,1.408411667927872,2.3258788997512085,21.89810000000034,19.036018000000695,8.846018000000186,26.05873900000006,7.022721000000274,17.212720999999874,0.8692999849302177,0.40396280955882236,1.1899999999999842,0.3207000150698081,0.7860371904411618
Belgium,BE,2026-04,2026-04-01,belgium__non_profit_sector,Belgique · secteur non-marchand (Maribel social),Belgium · non-profit sector (Maribel social),4.13,9043.9153,0.1307,0.25,1182.03973,2260.978825,678.293648,321.058993,104.005026,78.682063,801.290896,343.668781,212.53201,132.041163,90.439153,27.131746,653.875076,232.888651,698.665954,0.0,0.0,27131.7459,2028.090174,0.22424913396376753,7861.87557,7861.88,94342.56,6070.0,88272.56,40234.45,37246.47,3103.87,4758.00557,11072.005474,3210.129903,6313.999903,1.40831604045067,2.3270265892084336,21.89810000000034,19.036017999999785,8.856018000000404,26.05873900000006,7.022719999999936,17.202720000000227,0.8692999849301761,0.40441947018235674,1.1899999999999842,0.3206999694037303,0.7855804841515912
Belgium,BE,2026-04,2026-04-01,belgium__non_profit_sector,Belgique · secteur non-marchand (Maribel social),Belgium · non-profit sector (Maribel social),4.14,9065.8134,0.1307,0.25,1184.901811,2266.45335,679.936005,321.836376,104.256854,78.872577,803.231067,344.500909,213.046615,132.360876,90.658134,27.19744,655.458309,234.202537,702.607612,0.0,0.0,27197.4402,2032.250813,0.22416640658704343,7880.911589,7880.91,94570.92,6070.0,88500.92,40356.62,37368.64,3114.05,4766.861589,11098.064213,3217.152624,6331.202624,1.4082208749419574,2.328170014241916,21.89809999999852,19.036019000000124,8.856018999999833,26.05873900000006,7.0227209999998195,17.202720999999656,0.8693000305963261,0.4044195158484266,1.190000000000083,0.320700015069814,0.7855805298176928
Belgium,BE,2026-04,2026-04-01,belgium__non_profit_sector,Belgique · secteur non-marchand (Maribel social),Belgium · non-profit sector (Maribel social),4.15,9087.7115,0.1307,0.25,1187.763893,2271.927875,681.578363,322.613758,104.508682,79.06309,805.171239,345.333037,213.56122,132.680588,90.877115,27.263135,657.041541,235.516423,706.54927,0.0,0.0,27263.1345,2036.411452,0.22408407789647225,7899.947607,7899.95,94799.4,6070.0,88729.4,40478.86,37490.88,3124.24,4775.707607,11124.122952,3224.175345,6348.415345,1.408126168062202,2.329314075986966,21.89810000000034,19.036017999999785,8.846018000000186,26.05873900000006,7.022721000000274,17.212721000000784,0.8692999849301761,0.40396280955882236,1.1899999999999842,0.3207000150698081,0.7860371904412033
Belgium,BE,2026-04,2026-04-01,belgium__non_profit_sector,Belgique · secteur non-marchand (Maribel social),Belgium · non-profit sector (Maribel social),4.16,9109.6096,0.1307,0.25,1190.625975,2277.4024,683.22072,323.391141,104.76051,79.253604,807.111411,346.165165,214.075826,133.0003,91.096096,27.328829,658.624774,236.830309,710.490928,0.0,0.0,27328.8288,2040.572091,0.2240021450169134,7918.983625,7918.98,95027.76,6070.0,88957.76,40601.03,37613.05,3134.42,4784.563625,11150.181691,3231.198065,6365.618065,1.408031916503984,2.3304490365125288,21.89810000000034,19.036017999999785,8.856017999999494,26.05873900000006,7.022719999999936,17.202719999999317,0.8692999849301761,0.4044194701823152,1.1899999999999842,0.3206999694037303,0.7855804841515497
Belgium,BE,2026-04,2026-04-01,belgium__non_profit_sector,Belgique · secteur non-marchand (Maribel social),Belgium · non-profit sector (Maribel social),4.17,9131.5077,0.1307,0.25,1193.488056,2282.876925,684.863078,324.168523,105.012339,79.444117,809.051582,346.997293,214.590431,133.320012,91.315077,27.394523,660.208007,238.144195,714.432586,0.0,0.0,27394.5231,2044.73273,0.22392060510080572,7938.019644,7938.02,95256.24,6070.0,89186.24,40723.27,37735.29,3144.61,4793.409644,11176.24043,3238.220786,6382.830786,1.407938116991609,2.3315846674121614,21.89810000000034,19.036019000000124,8.846019000000524,26.05873900000006,7.0227209999998195,17.212721000000784,0.8693000305962539,0.40396285522490016,1.1899999999999842,0.32070001506978735,0.7860371904412033
Belgium,BE,2026-04,2026-04-01,belgium__non_profit_sector,Belgique · secteur non-marchand (Maribel social),Belgium · non-profit sector (Maribel social),4.18,9153.4058,0.1307,0.25,1196.350138,2288.35145,686.505435,324.945906,105.264167,79.63463,810.991754,347.82942,215.105036,133.639725,91.534058,27.460217,661.791239,239.458081,718.374244,0.0,0.0,27460.2174,2048.893369,0.22383945532783728,7957.055662,7957.06,95484.72,6070.0,89414.72,40845.51,37857.53,3154.79,4802.265662,11202.299169,3245.243507,6400.033507,1.4078447662807285,2.3327112569905615,21.89810000000034,19.036017999999785,8.856017999999494,26.05873900000006,7.022721000000274,17.202720999999656,0.8692999849301761,0.4044194701823152,1.1899999999999842,0.3207000150698081,0.7855805298176275
Belgium,BE,2026-04,2026-04-01,belgium__non_profit_sector,Belgique · secteur non-marchand (Maribel social),Belgium · non-profit sector (Maribel social),4.19,9175.3039,0.1307,0.25,1199.21222,2293.825975,688.147793,325.723288,105.515995,79.825144,812.931926,348.661548,215.619642,133.959437,91.753039,27.525912,663.374472,240.771967,722.315902,0.0,0.0,27525.9117,2053.054008,0.22375869290462047,7976.09168,7976.09,95713.08,6070.0,89643.08,40967.68,37979.7,3164.98,4811.11168,11228.357908,3252.266227,6417.246227,1.407751861157967,2.333838549978647,21.89810000000034,19.036018000000695,8.846018000000186,26.05873900000006,7.022719999999936,17.212719999999536,0.8692999849302177,0.40396280955882236,1.1899999999999842,0.3206999694037303,0.786037144775084
Belgium,BE,2026-04,2026-04-01,belgium__non_profit_sector,Belgique · secteur non-marchand (Maribel social),Belgium · non-profit sector (Maribel social),4.2,9197.202,0.1307,0.25,1202.074301,2299.3005,689.79015,326.500671,105.767823,80.015657,814.872097,349.493676,216.134247,134.279149,91.97202,27.591606,664.957705,242.085853,726.25756,0.0,0.0,27591.606,2057.214647,0.22367831506437136,7995.127699,7995.13,95941.56,6070.0,89871.56,41089.91,38101.93,3175.16,4819.967699,11254.416647,3259.288948,6434.448948,1.4076593984405514,2.334956860797139,21.89809999999852,19.036018999999214,8.856018999999833,26.05873900000006,7.0227209999998195,17.202721000000565,0.8693000305962846,0.4044195158484266,1.190000000000083,0.320700015069814,0.7855805298177343
Belgium,BE,2026-04,2026-04-01,belgium__non_profit_sector,Belgique · secteur non-marchand (Maribel social),Belgium · non-profit sector (Maribel social),4.21,9219.1001,0.1307,0.25,1204.936383,2304.775025,691.432508,327.278054,106.019651,80.206171,816.812269,350.325804,216.648852,134.598861,92.191001,27.6573,666.540937,243.399739,730.199218,0.0,0.0,27657.3003,2061.375286,0.22359831906659378,8014.163717,8014.16,96169.92,6070.0,90099.92,41212.09,38224.11,3185.34,4828.823717,11280.475386,3266.311669,6451.651669,1.4075673749759507,2.3360710696720997,21.89810000000034,19.036018000000695,8.856018000000404,26.05873900000006,7.022721000000274,17.202720999999656,0.8692999849302177,0.40441947018235674,1.1899999999999842,0.3207000150698081,0.7855805298176275
Belgium,BE,2026-04,2026-04-01,belgium__non_profit_sector,Belgique · secteur non-marchand (Maribel social),Belgium · non-profit sector (Maribel social),4.22,9240.9982,0.1307,0.25,1207.798465,2310.24955,693.074865,328.055436,106.271479,80.396684,818.752441,351.157932,217.163458,134.918574,92.409982,27.722995,668.12417,244.713625,734.140876,0.0,0.0,27722.9946,2065.535925,0.22351870219676773,8033.199735,8033.2,96398.4,6070.0,90328.4,41334.32,38346.34,3195.53,4837.669735,11306.534125,3273.334389,6468.864389,1.4074757876415136,2.337186030343801,21.89810000000034,19.036017999999785,8.846018000000186,26.05873900000006,7.022719999999936,17.212720000000445,0.8692999849301761,0.40396280955882236,1.1899999999999842,0.3206999694037303,0.7860371447751255
Belgium,BE,2026-04,2026-04-01,belgium__non_profit_sector,Belgique · secteur non-marchand (Maribel social),Belgium · non-profit sector (Maribel social),4.23,9262.8963,0.1307,0.25,1210.660546,2315.724075,694.717223,328.832819,106.523307,80.587198,820.692612,351.990059,217.678063,135.238286,92.628963,27.788689,669.707402,246.027511,738.082534,0.0,0.0,27788.6889,2069.696564,0.2234394617660425,8052.235754,8052.24,96626.88,6070.0,90556.88,41456.56,38468.58,3205.72,4846.515754,11332.592864,3280.35711,6486.07711,1.407384633344119,2.338296920890473,21.89810000000034,19.036019000000124,8.846018999999615,26.05873900000006,7.0227209999998195,17.212720999999874,0.8693000305962539,0.40396285522485864,1.1899999999999842,0.32070001506978735,0.7860371904411618
Belgium,BE,2026-04,2026-04-01,belgium__non_profit_sector,Belgique · secteur non-marchand (Maribel social),Belgium · non-profit sector (Maribel social),4.24,9284.7944,0.1307,0.25,1213.522628,2321.1986,696.35958,329.610201,106.775136,80.777711,822.632784,352.822187,218.192668,135.557998,92.847944,27.854383,671.290635,247.341397,742.024192,0.0,0.0,27854.3832,2073.857203,0.2233605951109339,8071.271772,8071.27,96855.24,6070.0,90785.24,41578.73,38590.75,3215.9,4855.371772,11358.651603,3287.379831,6503.279831,1.4072939090198249,2.3393989453818937,21.89810000000034,19.036017999999785,8.856018000000404,26.05873900000006,7.022721000000274,17.202720999999656,0.8692999849301761,0.40441947018235674,1.1899999999999842,0.3207000150698081,0.7855805298176275
Belgium,BE,2026-04,2026-04-01,belgium__non_profit_sector,Belgique · secteur non-marchand (Maribel social),Belgium · non-profit sector (Maribel social),4.25,9306.6925,0.1307,0.25,1216.38471,2326.673125,698.001938,330.387584,107.026964,80.968225,824.572956,353.654315,218.707274,135.877711,93.066925,27.920078,672.873868,248.655283,745.96585,0.0,0.0,27920.0775,2078.017842,0.22328209959302583,8090.30779,8090.31,97083.72,6070.0,91013.72,41700.97,38712.99,3226.08,4864.22779,11384.710342,3294.402551,6520.482551,1.4072036116335278,2.3404969570887517,21.89809999999852,19.036017999999785,8.856017999999494,26.05873900000006,7.022719999999936,17.202720000000227,0.8692999849302483,0.4044194701823488,1.190000000000083,0.32069996940375695,0.7855804841516565
Belgium,BE,2026-04,2026-04-01,belgium__non_profit_sector,Belgique · secteur non-marchand (Maribel social),Belgium · non-profit sector (Maribel social),4.26,9328.5906,0.1307,0.25,1219.246791,2332.14765,699.644295,331.164966,107.278792,81.158738,826.513127,354.486443,219.221879,136.197423,93.285906,27.985772,674.4571,249.969169,749.907508,0.0,0.0,27985.7718,2082.178481,0.223203972598676,8109.343809,8109.34,97312.08,6070.0,91242.08,41823.14,38835.16,3236.26,4873.083809,11410.769081,3301.425272,6537.685272,1.4071137381786218,2.3415909778887483,21.89810000000034,19.036019000000124,8.856018999999833,26.05873900000006,7.0227209999998195,17.202720999999656,0.8693000305962539,0.40441951584839303,1.1899999999999842,0.32070001506978735,0.7855805298176275
Belgium,BE,2026-04,2026-04-01,belgium__non_profit_sector,Belgique · secteur non-marchand (Maribel social),Belgium · non-profit sector (Maribel social),4.27,9350.4887,0.1307,0.25,1222.108873,2337.622175,701.286653,331.942349,107.53062,81.349252,828.453299,355.318571,219.736484,136.517135,93.504887,28.051466,676.040333,251.283055,753.849166,0.0,0.0,28051.4661,2086.33912,0.22312621153872594,8128.379827,8128.38,97540.56,6070.0,91470.56,41945.38,38957.4,3246.45,4881.929827,11436.82782,3308.447993,6554.897993,1.4070242856766664,2.342685828179052,21.89810000000034,19.036017999999785,8.846018000000186,26.05873900000006,7.022721000000274,17.212720999999874,0.8692999849301761,0.40396280955882236,1.1899999999999842,0.3207000150698081,0.7860371904411618
Belgium,BE,2026-04,2026-04-01,belgium__non_profit_sector,Belgique · secteur non-marchand (Maribel social),Belgium · non-profit sector (Maribel social),4.28,9372.3868,0.1307,0.25,1224.970955,2343.0967,702.92901,332.719731,107.782448,81.539765,830.39347,356.150698,220.25109,136.836847,93.723868,28.11716,677.623566,252.596941,757.790824,0.0,0.0,28117.1604,2090.499759,0.22304881384821493,8147.415845,8147.42,97769.04,6070.0,91699.04,42067.62,39079.64,3256.64,4890.775845,11462.886559,3315.470713,6572.110713,1.406935251177056,2.343776717925652,21.89810000000034,19.036018000000695,8.846018000000186,26.05873900000006,7.022719999999936,17.212720000000445,0.8692999849302177,0.40396280955882236,1.1899999999999842,0.3206999694037303,0.7860371447751255
Belgium,BE,2026-04,2026-04-01,belgium__non_profit_sector,Belgique · secteur non-marchand (Maribel social),Belgium · non-profit sector (Maribel social),4.29,9394.2849,0.1307,0.25,1227.833036,2348.571225,704.571368,333.497114,108.034276,81.730279,832.333642,356.982826,220.765695,137.15656,93.942849,28.182855,679.206798,253.910827,761.732482,0.0,0.0,28182.8547,2094.660398,0.22297177698609782,8166.451864,8166.45,97997.4,6070.0,91927.4,42189.79,39201.81,3266.82,4899.631864,11488.945298,3322.493434,6589.313434,1.4068466317566983,2.3448588827846177,21.89810000000034,19.036018999999214,8.856018999999833,26.05873900000006,7.0227209999998195,17.202720999999656,0.8693000305962124,0.40441951584839303,1.1899999999999842,0.32070001506978735,0.7855805298176275
Belgium,BE,2026-04,2026-04-01,belgium__non_profit_sector,Belgique · secteur non-marchand (Maribel social),Belgium · non-profit sector (Maribel social),4.3,9416.183,0.1307,0.25,1230.695118,2354.04575,706.213725,334.274497,108.286105,81.920792,834.273814,357.814954,221.280301,137.476272,94.16183,28.248549,680.790031,255.224713,765.67414,0.0,0.0,28248.549,2098.821037,0.22289509843496738,8185.487882,8185.48,98225.76,6070.0,92155.76,42311.96,39323.98,3277.0,4908.487882,11515.004037,3329.516155,6606.516155,1.4067584245196911,2.3459371427050133,21.89810000000034,19.036018000000695,8.856018000000404,26.05873900000006,7.0227209999998195,17.202721000000565,0.8692999849302177,0.40441947018235674,1.1899999999999842,0.32070001506978735,0.785580529817669
Belgium,BE,2026-04,2026-04-01,belgium__non_profit_sector,Belgique · secteur non-marchand (Maribel social),Belgium · non-profit sector (Maribel social),4.31,9438.0811,0.1307,0.25,1233.5572,2359.520275,707.856083,335.051879,108.537933,82.111306,836.213985,358.647082,221.794906,137.795984,94.380811,28.314243,682.373264,256.538599,769.615798,0.0,0.0,28314.2433,2102.981676,0.22281877570077954,8204.5239,8204.52,98454.24,6070.0,92384.24,42434.2,39446.22,3287.19,4917.3339,11541.062776,3336.538875,6623.728875,1.4066706265970086,2.3470162917199615,21.89809999999852,19.036017999999785,8.846017999999276,26.05873900000006,7.02272000000039,17.212719999999536,0.8692999849302483,0.40396280955881436,1.190000000000083,0.3206999694037777,0.7860371447751493
Belgium,BE,2026-04,2026-04-01,belgium__non_profit_sector,Belgique · secteur non-marchand (Maribel social),Belgium · non-profit sector (Maribel social),4.32,9459.9792,0.1307,0.25,1236.419281,2364.9948,709.49844,335.829262,108.789761,82.301819,838.154157,359.47921,222.309511,138.115696,94.599792,28.379938,683.956496,257.852485,773.557456,0.0,0.0,28379.9376,2107.142315,0.22274280631258328,8223.559919,8223.56,98682.72,6070.0,92612.72,42556.44,39568.46,3297.37,4926.189919,11567.121515,3343.561596,6640.931596,1.4065832351461902,2.348086798498404,21.89810000000034,19.036018999999214,8.856019000000742,26.05873900000006,7.0227209999998195,17.202721000000565,0.8693000305962124,0.40441951584843455,1.1899999999999842,0.32070001506978735,0.785580529817669
Belgium,BE,2026-04,2026-04-01,belgium__non_profit_sector,Belgique · secteur non-marchand (Maribel social),Belgium · non-profit sector (Maribel social),4.33,9481.8773,0.1307,0.25,1239.281363,2370.469325,711.140798,336.606644,109.041589,82.492333,840.094329,360.311337,222.824117,138.435409,94.818773,28.445632,685.539729,259.166371,777.499114,0.0,0.0,28445.6319,2111.302954,0.222667187822254,8242.595937,8242.6,98911.2,6070.0,92841.2,42678.67,39690.69,3307.56,4935.035937,11593.180254,3350.584317,6658.144317,1.4064962473510343,2.349158223348734,21.89810000000034,19.036018000000695,8.846017999999276,26.05873900000006,7.0227209999998195,17.212720999999874,0.8692999849302177,0.40396280955878083,1.1899999999999842,0.32070001506978735,0.7860371904411618
Belgium,BE,2026-04,2026-04-01,belgium__non_profit_sector,Belgique · secteur non-marchand (Maribel social),Belgium · non-profit sector (Maribel social),4.34,9503.7754,0.1307,0.25,1242.143445,2375.94385,712.783155,337.384027,109.293417,82.682846,842.0345,361.143465,223.338722,138.755121,95.037754,28.511326,687.122961,260.480257,781.440772,0.0,0.0,28511.3262,2115.463593,0.2225919178042304,8261.631955,8261.64,99139.68,6070.0,93069.68,42800.91,39812.93,3317.74,4943.891955,11619.238993,3357.607037,6675.347037,1.4064096604212937,2.3502210602314064,21.89810000000034,19.036018000000695,8.856018000000404,26.05873900000006,7.02272000000039,17.202719999999317,0.8692999849302177,0.40441947018235674,1.1899999999999842,0.32069996940375106,0.7855804841515497
Belgium,BE,2026-04,2026-04-01,belgium__non_profit_sector,Belgique · secteur non-marchand (Maribel social),Belgium · non-profit sector (Maribel social),4.35,9525.6735,0.1307,0.25,1245.005526,2381.418375,714.425513,338.161409,109.545245,82.873359,843.974672,361.975593,223.853327,139.074833,95.256735,28.577021,688.706194,261.794143,785.38243,0.0,0.0,28577.0205,2119.624232,0.22251699385525517,8280.667974,8280.66,99367.92,6070.0,93297.92,42923.02,39935.04,3327.92,4952.747974,11645.297732,3364.629758,6692.549758,1.4063234715923791,2.351280096192665,21.89810000000034,19.036018999999214,8.856018999999833,26.05873900000006,7.0227209999998195,17.202721000000565,0.8693000305962124,0.40441951584839303,1.1899999999999842,0.32070001506978735,0.785580529817669
Belgium,BE,2026-04,2026-04-01,belgium__non_profit_sector,Belgique · secteur non-marchand (Maribel social),Belgium · non-profit sector (Maribel social),4.36,9547.5716,0.1307,0.25,1247.867608,2386.8929,716.06787,338.938792,109.797073,83.063873,845.914844,362.807721,224.367933,139.394545,95.475716,28.642715,690.289427,263.108029,789.324088,0.0,0.0,28642.7148,2123.784871,0.22244241359411923,8299.703992,8299.7,99596.4,6070.0,93526.4,43045.25,40057.27,3338.11,4961.593992,11671.356471,3371.652479,6709.762479,1.4062376781250654,2.352340092673377,21.89809999999852,19.036018000000695,8.846018000000186,26.05873899999824,7.0227209999998195,17.212720999999874,0.8692999849302898,0.40396280955885594,1.19,0.320700015069814,0.7860371904412271
Belgium,BE,2026-04,2026-04-01,belgium__non_profit_sector,Belgique · secteur non-marchand (Maribel social),Belgium · non-profit sector (Maribel social),4.37,9569.4697,0.1307,0.25,1250.72969,2392.367425,717.710228,339.716174,110.048902,83.254386,847.855015,363.639849,224.882538,139.714258,95.694697,28.708409,691.872659,264.421915,793.265746,0.0,0.0,28708.4091,2127.94551,0.22236817466140957,8318.74001,8318.74,99824.88,6070.0,93754.88,43167.49,40179.51,3348.29,4970.45001,11697.41521,3378.675199,6726.965199,1.4061522773051989,2.3533915813736255,21.89810000000034,19.036017999998876,8.856017999999494,26.05873900000006,7.022719999999936,17.202720000000227,0.8692999849301346,0.4044194701823152,1.1899999999999842,0.3206999694037303,0.7855804841515912
Belgium,BE,2026-04,2026-04-01,belgium__non_profit_sector,Belgique · secteur non-marchand (Maribel social),Belgium · non-profit sector (Maribel social),4.38,9591.3678,0.1307,0.25,1253.591771,2397.84195,719.352585,340.493557,110.30073,83.4449,849.795187,364.471976,225.397143,140.03397,95.913678,28.774103,693.455892,265.735801,797.207404,0.0,0.0,28774.1034,2132.106149,0.22229427471926025,8337.776029,8337.78,100053.36,6070.0,93983.36,43289.73,40301.75,3358.48,4979.296029,11723.473949,3385.69792,6744.17792,1.4060672664434144,2.35444405825057,21.89810000000034,19.036019000001033,8.846019000000524,26.05873900000006,7.022721000000274,17.212720999999874,0.8693000305962955,0.40396285522490016,1.1899999999999842,0.3207000150698081,0.7860371904411618
Belgium,BE,2026-04,2026-04-01,belgium__non_profit_sector,Belgique · secteur non-marchand (Maribel social),Belgium · non-profit sector (Maribel social),4.39,9613.2659,0.1307,0.25,1256.453853,2403.316475,720.994943,341.270939,110.552558,83.635413,851.735359,365.304104,225.911749,140.353682,96.132659,28.839798,695.039125,267.049687,801.149062,0.0,0.0,28839.7977,2136.266788,0.22222071145110703,8356.812047,8356.82,100281.84,6070.0,94211.84,43411.96,40423.98,3368.67,4988.142047,11749.532688,3392.720641,6761.390641,1.40598264287485,2.3554928021826007,21.89810000000034,19.036017999998876,8.846018000000186,26.05873900000006,7.0227209999998195,17.212720999999874,0.8692999849301346,0.40396280955882236,1.1899999999999842,0.32070001506978735,0.7860371904411618
Belgium,BE,2026-04,2026-04-01,belgium__non_profit_sector,Belgique · secteur non-marchand (Maribel social),Belgium · non-profit sector (Maribel social),4.4,9635.164,0.1307,0.25,1259.315935,2408.791,722.6373,342.048322,110.804386,83.825927,853.67553,366.136232,226.426354,140.673394,96.35164,28.905492,696.622357,268.363573,805.09072,0.0,0.0,28905.492,2140.427427,0.2221474825614454,8375.848065,8375.84,100510.08,6070.0,94440.08,43534.07,40546.09,3378.84,4997.008065,11775.591427,3399.743361,6778.583361,1.4058984039588698,2.356528401199481,21.89810000000034,19.036018000000695,8.866017999999713,26.05873900000006,7.022719999999936,17.19272000000001,0.8692999849302177,0.4048761308058496,1.1899999999999842,0.3206999694037303,0.7851238235280569
Belgium,BE,2026-04,2026-04-01,belgium__non_profit_sector,Belgique · secteur non-marchand (Maribel social),Belgium · non-profit sector (Maribel social),4.41,9657.0621,0.1307,0.25,1262.178016,2414.265525,724.279658,342.825705,111.056214,84.01644,855.615702,366.96836,226.940959,140.993107,96.570621,28.971186,698.20559,269.677459,809.032378,0.0,0.0,28971.1863,2144.588066,0.22207458577559178,8394.884084,8394.88,100738.56,6070.0,94668.56,43656.31,40668.33,3389.03,5005.854084,11801.650166,3406.766082,6795.796082,1.4058145470787895,2.357569751083205,21.89809999999852,19.036018999999214,8.846018999999615,26.05873900000006,7.022721000000274,17.212720999999874,0.8693000305962846,0.4039628552248922,1.190000000000083,0.32070001506983475,0.7860371904412271
Belgium,BE,2026-04,2026-04-01,belgium__non_profit_sector,Belgique · secteur non-marchand (Maribel social),Belgium · non-profit sector (Maribel social),4.42,9678.9602,0.1307,0.25,1265.040098,2419.74005,725.922015,343.603087,111.308042,84.206954,857.555874,367.800488,227.455565,141.312819,96.789602,29.036881,699.788822,270.991345,812.974036,0.0,0.0,29036.8806,2148.748705,0.22200201883944792,8413.920102,8413.92,100967.04,6070.0,94897.04,43778.55,40790.57,3399.21,5014.710102,11827.708905,3413.788803,6812.998803,1.4057310696416059,2.358602723670839,21.89810000000034,19.036018000000695,8.856018000000404,26.05873900000006,7.0227209999998195,17.202721000000565,0.8692999849302177,0.40441947018235674,1.1899999999999842,0.32070001506978735,0.785580529817669
Belgium,BE,2026-04,2026-04-01,belgium__non_profit_sector,Belgique · secteur non-marchand (Maribel social),Belgium · non-profit sector (Maribel social),4.43,9700.8583,0.1307,0.25,1267.90218,2425.214575,727.564373,344.38047,111.55987,84.397467,859.496045,368.632615,227.97017,141.632531,97.008583,29.102575,701.372055,272.305231,816.915694,0.0,0.0,29102.5749,2152.909344,0.2219297795192686,8432.95612,8432.96,101195.52,6070.0,95125.52,43900.78,40912.8,3409.4,5023.55612,11853.767644,3420.811523,6830.211523,1.4056479690777275,2.3596367513494276,21.89810000000034,19.036018000000695,8.846018000000186,26.05873900000006,7.022719999999936,17.212719999999536,0.8692999849302177,0.40396280955882236,1.1899999999999842,0.3206999694037303,0.786037144775084
Belgium,BE,2026-04,2026-04-01,belgium__non_profit_sector,Belgique · secteur non-marchand (Maribel social),Belgium · non-profit sector (Maribel social),4.44,9722.7564,0.1307,0.25,1270.764261,2430.6891,729.20673,345.157852,111.811699,84.587981,861.436217,369.464743,228.484775,141.952243,97.227564,29.168269,702.955288,273.619117,820.857352,0.0,0.0,29168.2692,2157.069983,0.22185786560143242,8451.992139,8452.0,101424.0,6070.0,95354.0,44023.02,41035.04,3419.59,5032.402139,11879.826383,3427.834244,6847.424244,1.4055652428407137,2.3606671437748923,21.89810000000034,19.036018999999214,8.846018999999615,26.05873900000006,7.022721000000274,17.212720999999874,0.8693000305962124,0.40396285522485864,1.1899999999999842,0.3207000150698081,0.7860371904411618
Belgium,BE,2026-04,2026-04-01,belgium__non_profit_sector,Belgique · secteur non-marchand (Maribel social),Belgium · non-profit sector (Maribel social),4.45,9744.6545,0.1307,0.25,1273.626343,2436.163625,730.849088,345.935235,112.063527,84.778494,863.376389,370.296871,228.999381,142.271956,97.446545,29.233964,704.53852,274.933003,824.79901,0.0,0.0,29233.9635,2161.230622,0.22178627489221567,8471.028157,8471.02,101652.24,6070.0,95582.24,44145.13,41157.15,3429.76,5041.268157,11905.885122,3434.856965,6864.616965,1.4054828884070123,2.361684550640126,21.89810000000034,19.036018000000695,8.866018000000622,26.05873900000006,7.0227209999998195,17.192721000000347,0.8692999849302177,0.40487613080589113,1.1899999999999842,0.32070001506978735,0.7851238691941347
Belgium,BE,2026-04,2026-04-01,belgium__non_profit_sector,Belgique · secteur non-marchand (Maribel social),Belgium · non-profit sector (Maribel social),4.46,9766.5526,0.1307,0.25,1276.488425,2441.63815,732.491445,346.712617,112.315355,84.969008,865.31656,371.128999,229.513986,142.591668,97.665526,29.299658,706.121753,276.246889,828.740668,0.0,0.0,29299.6578,2165.391261,0.22171500521756946,8490.064175,8490.06,101880.72,6070.0,95810.72,44267.37,41279.39,3439.95,5050.114175,11931.943861,3441.879685,6881.829685,1.405400903275704,2.3627077421950324,21.89810000000034,19.036017999998876,8.846017999999276,26.05873900000006,7.022719999999936,17.212719999999536,0.8692999849301346,0.40396280955878083,1.1899999999999842,0.3206999694037303,0.786037144775084
Belgium,BE,2026-04,2026-04-01,belgium__non_profit_sector,Belgique · secteur non-marchand (Maribel social),Belgium · non-profit sector (Maribel social),4.47,9788.4507,0.1307,0.25,1279.350506,2447.112675,734.133803,347.49,112.567183,85.159521,867.256732,371.961127,230.028591,142.91138,97.884507,29.365352,707.704986,277.560775,832.682326,0.0,0.0,29365.3521,2169.5519,0.22164405442289928,8509.100194,8509.1,102109.2,6070.0,96039.2,44389.6,41401.62,3450.14,5058.960194,11958.0026,3448.902406,6899.042406,1.4053192849682496,2.3637273554765774,21.89809999999852,19.036019000001033,8.846019000000524,26.05873900000006,7.022721000000274,17.212720999999874,0.8693000305963676,0.40396285522493375,1.190000000000083,0.32070001506983475,0.7860371904412271
Belgium,BE,2026-04,2026-04-01,belgium__non_profit_sector,Belgique · secteur non-marchand (Maribel social),Belgium · non-profit sector (Maribel social),4.48,9810.3488,0.1307,0.25,1282.212588,2452.5872,735.77616,348.267382,112.819011,85.350035,869.196904,372.793254,230.543197,143.231092,98.103488,29.431046,709.288218,278.874661,836.623984,0.0,0.0,29431.0464,2173.712539,0.2215734203728482,8528.136212,8528.14,102337.68,6070.0,96267.68,44511.84,41523.86,3460.32,5067.816212,11984.061339,3455.925127,6916.245127,1.405238031028239,2.3647387430246893,21.89810000000034,19.036017999998876,8.856017999999494,26.05873900000006,7.0227209999998195,17.202721000000565,0.8692999849301346,0.4044194701823152,1.1899999999999842,0.32070001506978735,0.785580529817669
Belgium,BE,2026-04,2026-04-01,belgium__non_profit_sector,Belgique · secteur non-marchand (Maribel social),Belgium · non-profit sector (Maribel social),4.49,9832.2469,0.1307,0.25,1285.07467,2458.061725,737.418518,349.044765,113.070839,85.540548,871.137075,373.625382,231.057802,143.550805,98.322469,29.496741,710.871451,280.188547,840.565642,0.0,0.0,29496.7407,2177.873178,0.2215031009510824,8547.17223,8547.18,102566.16,6070.0,96496.16,44634.08,41646.1,3470.51,5076.66223,12010.120078,3462.947847,6933.457847,1.4051571390211464,2.3657512619791707,21.89810000000034,19.036018000000695,8.846018000000186,26.05873900000006,7.022719999999936,17.212719999999536,0.8692999849302177,0.40396280955882236,1.1899999999999842,0.3206999694037303,0.786037144775084
Belgium,BE,2026-04,2026-04-01,belgium__non_profit_sector,Belgique · secteur non-marchand (Maribel social),Belgium · non-profit sector (Maribel social),4.5,9854.145,0.1307,0.25,1287.936752,2463.53625,739.060875,349.822148,113.322668,85.731062,873.077247,374.45751,231.572408,143.870517,98.54145,29.562435,712.454684,281.502433,844.5073,0.0,0.0,29562.435,2182.033817,0.22143309406007994,8566.208249,8566.21,102794.52,6070.0,96724.52,44756.25,41768.27,3480.69,5085.518249,12036.178817,3469.970568,6950.660568,1.4050766065340847,2.3667556045476386,21.89810000000034,19.036018999999214,8.856018999999833,26.05873900000006,7.022721000000274,17.202721000000565,0.8693000305962124,0.40441951584839303,1.1899999999999842,0.3207000150698081,0.785580529817669
Belgium,BE,2026-04,2026-04-01,belgium__non_profit_sector,Belgique · secteur non-marchand (Maribel social),Belgium · non-profit sector (Maribel social),4.51,9876.0431,0.1307,0.25,1290.798833,2469.010775,740.703233,350.59953,113.574496,85.921575,875.017419,375.289638,232.087013,144.190229,98.760431,29.628129,714.037916,282.816319,848.448958,0.0,0.0,29628.1293,2186.194456,0.22136339762092233,8585.244267,8585.24,103022.88,6070.0,96952.88,44878.42,41890.44,3490.87,5094.374267,12062.237556,3476.993289,6967.863289,1.4049964311755692,2.3677564552343844,21.89810000000034,19.036018000000695,8.856018000000404,26.05873900000006,7.0227209999998195,17.202720999999656,0.8692999849302177,0.40441947018235674,1.1899999999999842,0.32070001506978735,0.7855805298176275
Belgium,BE,2026-04,2026-04-01,belgium__non_profit_sector,Belgique · secteur non-marchand (Maribel social),Belgium · non-profit sector (Maribel social),4.52,9897.9412,0.1307,0.25,1293.660915,2474.4853,742.34559,351.376913,113.826324,86.112088,876.95759,376.121766,232.601618,144.509942,98.979412,29.693824,715.621149,284.130205,852.390616,0.0,0.0,29693.8236,2190.355095,0.22129400957308845,8604.280285,8604.28,103251.36,6070.0,97181.36,45000.66,42012.68,3501.06,5103.220285,12088.296295,3484.01601,6985.07601,1.4049166105752773,2.368758473903046,21.89809999999852,19.036018000000695,8.846018000000186,26.05873900000006,7.0227209999998195,17.212720999999874,0.8692999849302898,0.40396280955885594,1.190000000000083,0.320700015069814,0.7860371904412271
Belgium,BE,2026-04,2026-04-01,belgium__non_profit_sector,Belgique · secteur non-marchand (Maribel social),Belgium · non-profit sector (Maribel social),4.53,9919.8393,0.1307,0.25,1296.522997,2479.959825,743.987948,352.154295,114.078152,86.302602,878.897762,376.953893,233.116224,144.829654,99.198393,29.759518,717.204381,285.444091,856.332274,0.0,0.0,29759.5179,2194.515734,0.22122492787425163,8623.316303,8623.32,103479.84,6070.0,97409.84,45122.89,42134.91,3511.24,5112.076303,12114.355034,3491.03873,7002.27873,1.4048371423838166,2.3697523891410293,21.89810000000034,19.036017999998876,8.856017999999494,26.05873900000006,7.02272000000039,17.202720000000227,0.8692999849301346,0.4044194701823152,1.1899999999999842,0.32069996940375106,0.7855804841515912
Belgium,BE,2026-04,2026-04-01,belgium__non_profit_sector,Belgique · secteur non-marchand (Maribel social),Belgium · non-profit sector (Maribel social),4.54,9941.7374,0.1307,0.25,1299.385078,2485.43435,745.630305,352.931678,114.32998,86.493115,880.837934,377.786021,233.630829,145.149366,99.417374,29.825212,718.787614,286.757977,860.273932,0.0,0.0,29825.2122,2198.676373,0.22115615050007928,8642.352322,8642.35,103708.2,6070.0,97638.2,45245.07,42257.09,3521.42,5120.932322,12140.413773,3498.061451,7019.481451,1.4047580242724944,2.3707428666723556,21.89810000000034,19.036019000001033,8.856018999999833,26.05873900000006,7.0227209999998195,17.202720999999656,0.8693000305962955,0.40441951584839303,1.1899999999999842,0.32070001506978735,0.7855805298176275
Belgium,BE,2026-04,2026-04-01,belgium__non_profit_sector,Belgique · secteur non-marchand (Maribel social),Belgium · non-profit sector (Maribel social),4.55,9963.6355,0.1307,0.25,1302.24716,2490.908875,747.272663,353.70906,114.581808,86.683629,882.778105,378.618149,234.145434,145.469078,99.636355,29.890907,720.370847,288.071863,864.21559,0.0,0.0,29890.9065,2202.837012,0.22108767544403515,8661.38834,8661.39,103936.68,6070.0,97866.68,45367.3,42379.32,3531.61,5129.77834,12166.472512,3505.084172,7036.694172,1.40467925393309,2.371734547756484,21.89810000000034,19.036017999998876,8.846018000000186,26.05873900000006,7.0227209999998195,17.212721000000784,0.8692999849301346,0.40396280955882236,1.1899999999999842,0.32070001506978735,0.7860371904412033
Belgium,BE,2026-04,2026-04-01,belgium__non_profit_sector,Belgique · secteur non-marchand (Maribel social),Belgium · non-profit sector (Maribel social),4.56,9985.5336,0.1307,0.25,1305.109242,2496.3834,748.91502,354.486443,114.833636,86.874142,884.718277,379.450277,234.66004,145.788791,99.855336,29.956601,721.954079,289.385749,868.157248,0.0,0.0,29956.6008,2206.997651,0.22101950071718415,8680.424358,8680.42,104165.04,6070.0,98095.04,45489.48,42501.5,3541.79,5138.634358,12192.531251,3512.106892,7053.896892,1.4046008290776304,2.372718197111265,21.89810000000034,19.036018000000695,8.856018000000404,26.05873900000006,7.022719999999936,17.202719999999317,0.8692999849302177,0.40441947018235674,1.1899999999999842,0.3206999694037303,0.7855804841515497
Belgium,BE,2026-04,2026-04-01,belgium__non_profit_sector,Belgique · secteur non-marchand (Maribel social),Belgium · non-profit sector (Maribel social),4.57,10007.4317,0.1307,0.25,1307.971323,2501.857925,750.557378,355.263825,115.085465,87.064656,886.658449,380.282405,235.174645,146.108503,100.074317,30.022295,723.537312,290.699635,872.098906,0.0,0.0,30022.2951,2211.15829,0.22095162434799995,8699.460377,8699.46,104393.52,6070.0,98323.52,45611.71,42623.73,3551.98,5147.480377,12218.58999,3519.129613,7071.109613,1.4045227474381685,2.3737030731992372,21.89809999999852,19.036018999999214,8.846018999999615,26.05873900000006,7.022721000000274,17.212720999999874,0.8693000305962846,0.4039628552248922,1.190000000000083,0.32070001506983475,0.7860371904412271
Belgium,BE,2026-04,2026-04-01,belgium__non_profit_sector,Belgique · secteur non-marchand (Maribel social),Belgium · non-profit sector (Maribel social),4.58,10029.3298,0.1307,0.25,1310.833405,2507.33245,752.199735,356.041208,115.337293,87.255169,888.59862,381.114532,235.68925,146.428215,100.293298,30.087989,725.120545,292.013521,876.040564,0.0,0.0,30087.9894,2215.318929,0.22088404438217463,8718.496395,8718.5,104622.0,6070.0,98552.0,45733.95,42745.97,3562.16,5156.336395,12244.648729,3526.152334,7088.312334,1.4044450067665648,2.3746799646756203,21.89810000000034,19.036018000000695,8.856018000000404,26.05873900000006,7.0227209999998195,17.202721000000565,0.8692999849302177,0.40441947018235674,1.1899999999999842,0.32070001506978735,0.785580529817669
Belgium,BE,2026-04,2026-04-01,belgium__non_profit_sector,Belgique · secteur non-marchand (Maribel social),Belgium · non-profit sector (Maribel social),4.59,10051.2279,0.1307,0.25,1313.695487,2512.806975,753.842093,356.81859,115.589121,87.445683,890.538792,381.94666,236.203856,146.747927,100.512279,30.153684,726.703777,293.327407,879.982222,0.0,0.0,30153.6837,2219.479568,0.22081675888243135,8737.532413,8737.53,104850.36,6070.0,98780.36,45856.12,42868.14,3572.35,5165.182413,12270.707468,3533.175054,7105.525054,1.4043676048342704,2.3756581056395127,21.89810000000034,19.036018000000695,8.846018000000186,26.05873900000006,7.022719999999936,17.212719999999536,0.8692999849302177,0.40396280955882236,1.1899999999999842,0.3206999694037303,0.786037144775084
Belgium,BE,2026-04,2026-04-01,belgium__non_profit_sector,Belgique · secteur non-marchand (Maribel social),Belgium · non-profit sector (Maribel social),4.6,10073.126,0.1307,0.25,1316.557568,2518.2815,755.48445,357.595973,115.840949,87.636196,892.478964,382.778788,236.718461,147.06764,100.73126,30.219378,728.28701,294.641293,883.92388,0.0,0.0,30219.378,2223.640207,0.22074976592833911,8756.568432,8756.57,105078.84,6070.0,99008.84,45978.36,42990.38,3582.53,5174.038432,12296.766207,3540.197775,7122.727775,1.4042905394321168,2.3766283085741864,21.89810000000034,19.036018999999214,8.856018999999833,26.05873900000006,7.022721000000274,17.202721000000565,0.8693000305962124,0.40441951584839303,1.1899999999999842,0.3207000150698081,0.785580529817669
Belgium,BE,2026-04,2026-04-01,belgium__non_profit_sector,Belgique · secteur non-marchand (Maribel social),Belgium · non-profit sector (Maribel social),4.61,10095.0241,0.1307,0.25,1319.41965,2523.756025,757.126808,358.373356,116.092777,87.82671,894.419135,383.610916,237.233066,147.387352,100.950241,30.285072,729.870242,295.955179,887.865538,0.0,0.0,30285.0723,2227.800846,0.2206830636161301,8775.60445,8775.6,105307.2,6070.0,99237.2,46100.53,43112.55,3592.71,5182.89445,12322.824946,3547.220496,7139.930496,1.4042138083701026,2.377595195934885,21.89810000000034,19.036018000000695,8.856017999999494,26.05873900000006,7.0227209999998195,17.202720999999656,0.8692999849302177,0.4044194701823152,1.1899999999999842,0.32070001506978735,0.7855805298176275
Belgium,BE,2026-04,2026-04-01,belgium__non_profit_sector,Belgique · secteur non-marchand (Maribel social),Belgium · non-profit sector (Maribel social),4.62,10116.9222,0.1307,0.25,1322.281732,2529.23055,758.769165,359.150738,116.344605,88.017223,896.359307,384.443044,237.747672,147.707064,101.169222,30.350767,731.453475,297.269065,891.807196,0.0,0.0,30350.7666,2231.961485,0.22061665005851944,8794.640468,8794.64,105535.68,6070.0,99465.68,46222.77,43234.79,3602.9,5191.740468,12348.883685,3554.243216,7157.143216,1.404137409477188,2.378563366117115,21.89810000000034,19.036017999998876,8.846018000000186,26.05873900000006,7.022719999999936,17.212720000000445,0.8692999849301346,0.40396280955882236,1.1899999999999842,0.3206999694037303,0.7860371447751255
Belgium,BE,2026-04,2026-04-01,belgium__non_profit_sector,Belgique · secteur non-marchand (Maribel social),Belgium · non-profit sector (Maribel social),4.63,10138.8203,0.1307,0.25,1325.143813,2534.705075,760.411523,359.928121,116.596433,88.207737,898.299479,385.275171,238.262277,148.026776,101.388203,30.416461,733.036708,298.582951,895.748854,0.0,0.0,30416.4609,2236.122124,0.22055052338452696,8813.676487,8813.68,105764.16,6070.0,99694.16,46345.01,43357.03,3613.09,5200.586487,12374.942424,3561.265937,7174.355937,1.4040613406010891,2.3795282426511384,21.89809999999852,19.036019000001033,8.846018999999615,26.05873900000006,7.022721000000274,17.212720999999874,0.8693000305963676,0.4039628552248922,1.190000000000083,0.32070001506983475,0.7860371904412271
Belgium,BE,2026-04,2026-04-01,belgium__non_profit_sector,Belgique · secteur non-marchand (Maribel social),Belgium · non-profit sector (Maribel social),4.64,10160.7184,0.1307,0.25,1328.005895,2540.1796,762.05388,360.705503,116.848262,88.39825,900.23965,386.107299,238.776882,148.346489,101.607184,30.482155,734.61994,299.896837,899.690512,0.0,0.0,30482.1552,2240.282763,0.2204846817393017,8832.712505,8832.71,105992.52,6070.0,99922.52,46467.18,43479.2,3623.27,5209.442505,12401.001163,3568.288658,7191.558658,1.4039855996080775,2.3804852727482038,21.89810000000034,19.036017999998876,8.856018000000404,26.05873900000006,7.0227209999998195,17.202720999999656,0.8692999849301346,0.40441947018235674,1.1899999999999842,0.32070001506978735,0.7855805298176275
Belgium,BE,2026-04,2026-04-01,belgium__non_profit_sector,Belgique · secteur non-marchand (Maribel social),Belgium · non-profit sector (Maribel social),4.65,10182.6165,0.1307,0.25,1330.867977,2545.654125,763.696238,361.482886,117.10009,88.588764,902.179822,386.939427,239.291488,148.666201,101.826165,30.54785,736.203173,301.210723,903.63217,0.0,0.0,30547.8495,2244.443402,0.22041912328394836,8851.748523,8851.75,106221.0,6070.0,100151.0,46589.42,43601.44,3633.45,5218.298523,12427.059902,3575.311378,7208.761378,1.4039101843827775,2.381439054477608,21.89810000000034,19.036018000000695,8.856018000000404,26.05873900000006,7.022719999999936,17.202720000000227,0.8692999849302177,0.40441947018235674,1.1899999999999842,0.3206999694037303,0.7855804841515912
Belgium,BE,2026-04,2026-04-01,belgium__non_profit_sector,Belgique · secteur non-marchand (Maribel social),Belgium · non-profit sector (Maribel social),4.66,10204.5146,0.1307,0.25,1333.730058,2551.12865,765.338595,362.260268,117.351918,88.779277,904.119994,387.771555,239.806093,148.985913,102.045146,30.613544,737.786406,302.524609,907.573828,0.0,0.0,30613.5438,2248.604041,0.22035384619535617,8870.784542,8870.78,106449.36,6070.0,100379.36,46711.59,43723.61,3643.63,5227.154542,12453.118641,3582.334099,7225.964099,1.4038350928279721,2.3823896043498296,21.89810000000034,19.036018999999214,8.856018999999833,26.05873899999824,7.022721000000274,17.202720999999656,0.8693000305962124,0.40441951584839303,1.1899999999999011,0.3207000150698081,0.7855805298176275
Belgium,BE,2026-04,2026-04-01,belgium__non_profit_sector,Belgique · secteur non-marchand (Maribel social),Belgium · non-profit sector (Maribel social),4.67,10226.4127,0.1307,0.25,1336.59214,2556.603175,766.980953,363.037651,117.603746,88.96979,906.060165,388.603683,240.320698,149.305625,102.264127,30.679238,739.369638,303.838495,911.515486,0.0,0.0,30679.2381,2252.76468,0.22028884866602993,8889.82056,8889.82,106677.84,6070.0,100607.84,46833.82,43845.84,3653.82,5236.00056,12479.17738,3589.35682,7243.17682,1.4037603228644082,2.383341490590769,21.89810000000034,19.036018000000695,8.846018000000186,26.05873900000006,7.0227209999998195,17.212720999999874,0.8692999849302177,0.40396280955882236,1.1899999999999842,0.32070001506978735,0.7860371904411618
Belgium,BE,2026-04,2026-04-01,belgium__non_profit_sector,Belgique · secteur non-marchand (Maribel social),Belgium · non-profit sector (Maribel social),4.68,10248.3108,0.1307,0.25,1339.454222,2562.0777,768.62331,363.815033,117.855574,89.160304,908.000337,389.43581,240.835304,149.625338,102.483108,30.744932,740.952871,305.152381,915.457144,0.0,0.0,30744.9324,2256.925319,0.22022412890392304,8908.856578,8908.86,106906.32,6070.0,100836.32,46956.06,43968.08,3664.01,5244.846578,12505.236119,3596.37954,7260.38954,1.4036858724306027,2.3842901659072284,21.89809999999852,19.036018000000695,8.846017999999276,26.05873900000006,7.022719999999936,17.212720000000445,0.8692999849302898,0.40396280955881436,1.190000000000083,0.32069996940375695,0.7860371447751908
Belgium,BE,2026-04,2026-04-01,belgium__non_profit_sector,Belgique · secteur non-marchand (Maribel social),Belgium · non-profit sector (Maribel social),4.69,10270.2089,0.1307,0.25,1342.316303,2567.552225,770.265668,364.592416,118.107402,89.350817,909.940509,390.267938,241.349909,149.94505,102.702089,30.810627,742.536103,306.466267,919.398802,0.0,0.0,30810.6267,2261.085958,0.2201596851322729,8927.892597,8927.89,107134.68,6070.0,101064.68,47078.23,44090.25,3674.19,5253.702597,12531.294858,3603.402261,7277.592261,1.403611739482656,2.385231106414543,21.89810000000034,19.036018999999214,8.856019000000742,26.05873900000006,7.022721000000274,17.202720999999656,0.8693000305962124,0.40441951584843455,1.1899999999999842,0.3207000150698081,0.7855805298176275
Belgium,BE,2026-04,2026-04-01,belgium__non_profit_sector,Belgique · secteur non-marchand (Maribel social),Belgium · non-profit sector (Maribel social),4.7,10292.107,0.1307,0.25,1345.178385,2573.02675,771.908025,365.369799,118.359231,89.541331,911.88068,391.100066,241.864515,150.264762,102.92107,30.876321,744.119336,307.780153,923.34046,0.0,0.0,30876.321,2265.246597,0.22009551558943827,8946.928615,8946.93,107363.16,6070.0,101293.16,47200.47,44212.49,3684.37,5262.558615,12557.353597,3610.424982,7294.794982,1.4035379219940625,2.3861688800264416,21.89810000000034,19.036018000000695,8.856017999999494,26.05873900000006,7.0227209999998195,17.202721000000565,0.8692999849302177,0.4044194701823152,1.1899999999999842,0.32070001506978735,0.785580529817669
Belgium,BE,2026-04,2026-04-01,belgium__non_profit_sector,Belgique · secteur non-marchand (Maribel social),Belgium · non-profit sector (Maribel social),4.71,10314.0051,0.1307,0.25,1348.040467,2578.501275,773.550383,366.147181,118.611059,89.731844,913.820852,391.932194,242.37912,150.584474,103.140051,30.942015,745.702569,309.094039,927.282118,0.0,0.0,30942.0153,2269.407236,0.22003161852873881,8965.964633,8965.97,107591.64,6070.0,101521.64,47322.71,44334.73,3694.56,5271.404633,12583.412336,3617.447702,7312.007702,1.4034644179555262,2.3871080311053428,21.89810000000034,19.036017999998876,8.846018000000186,26.05873900000006,7.022719999999936,17.212719999999536,0.8692999849301346,0.40396280955882236,1.1899999999999842,0.3206999694037303,0.786037144775084
Belgium,BE,2026-04,2026-04-01,belgium__non_profit_sector,Belgique · secteur non-marchand (Maribel social),Belgium · non-profit sector (Maribel social),4.72,10335.9032,0.1307,0.25,1350.902548,2583.9758,775.19274,366.924564,118.862887,89.922358,915.761024,392.764322,242.893725,150.904187,103.359032,31.00771,747.285801,310.407925,931.223776,0.0,0.0,31007.7096,2273.567875,0.21996799221829658,8985.000652,8985.0,107820.0,6070.0,101750.0,47444.88,44456.9,3704.74,5280.260652,12609.471075,3624.470423,7329.210423,1.4033912253747802,2.3880395128720995,21.89810000000034,19.036019000001033,8.856018999999833,26.05873900000006,7.022721000000274,17.202721000000565,0.8693000305962955,0.40441951584839303,1.1899999999999842,0.3207000150698081,0.785580529817669
Belgium,BE,2026-04,2026-04-01,belgium__non_profit_sector,Belgique · secteur non-marchand (Maribel social),Belgium · non-profit sector (Maribel social),4.73,10357.8013,0.1307,0.25,1353.76463,2589.450325,776.835098,367.701946,119.114715,90.112871,917.701195,393.596449,243.408331,151.223899,103.578013,31.073404,748.869034,311.721811,935.165434,0.0,0.0,31073.4039,2277.728514,0.21990463494087947,9004.03667,9004.04,108048.48,6070.0,101978.48,47567.12,44579.14,3714.93,5289.10667,12635.529814,3631.493144,7346.423144,1.4033183422764057,2.3889723920904884,21.89809999999852,19.036017999998876,8.846018000000186,26.05873900000006,7.0227209999998195,17.212720999999874,0.8692999849302068,0.40396280955885594,1.190000000000083,0.320700015069814,0.7860371904412271
Belgium,BE,2026-04,2026-04-01,belgium__non_profit_sector,Belgique · secteur non-marchand (Maribel social),Belgium · non-profit sector (Maribel social),4.74,10379.6994,0.1307,0.25,1356.626712,2594.92485,778.477455,368.479329,119.366543,90.303385,919.641367,394.428577,243.922936,151.543611,103.796994,31.139098,750.452267,313.035697,939.107092,0.0,0.0,31139.0982,2281.889153,0.2198415449937468,9023.072688,9023.07,108276.84,6070.0,102206.84,47689.29,44701.31,3725.11,5297.962688,12661.588553,3638.515864,7363.625864,1.403245766701653,2.3898976450592384,21.89810000000034,19.036018000000695,8.856017999999494,26.05873900000006,7.022719999999936,17.202719999999317,0.8692999849302177,0.4044194701823152,1.1899999999999842,0.3206999694037303,0.7855804841515497
Belgium,BE,2026-04,2026-04-01,belgium__non_profit_sector,Belgique · secteur non-marchand (Maribel social),Belgium · non-profit sector (Maribel social),4.75,10401.5975,0.1307,0.25,1359.488793,2600.399375,780.119813,369.256711,119.618371,90.493898,921.581539,395.260705,244.437541,151.863324,104.015975,31.204793,752.035499,314.349583,943.04875,0.0,0.0,31204.7925,2286.049792,0.21977872068849683,9042.108707,9042.11,108505.32,6070.0,102435.32,47811.53,44823.55,3735.3,5306.808707,12687.647292,3645.538585,7380.838585,1.4031734967082674,2.390824315097057,21.89810000000034,19.036018999999214,8.846019000000524,26.05873900000006,7.0227209999998195,17.212721000000784,0.8693000305962124,0.40396285522490016,1.1899999999999842,0.32070001506978735,0.7860371904412033
Belgium,BE,2026-04,2026-04-01,belgium__non_profit_sector,Belgique · secteur non-marchand (Maribel social),Belgium · non-profit sector (Maribel social),4.76,10423.4956,0.1307,0.25,1362.350875,2605.8739,781.76217,370.034094,119.870199,90.684412,923.52171,396.092833,244.952147,152.183036,104.234956,31.270487,753.618732,315.663469,946.990408,0.0,0.0,31270.4868,2290.210431,0.21971616035091596,9061.144725,9061.15,108733.8,6070.0,102663.8,47933.76,44945.78,3745.48,5315.664725,12713.706031,3652.561306,7398.041306,1.403101530370316,2.3917434014755936,21.89810000000034,19.036018000000695,8.856017999999494,26.05873900000006,7.022721000000274,17.202720999999656,0.8692999849302177,0.4044194701823152,1.1899999999999842,0.3207000150698081,0.7855805298176275
Belgium,BE,2026-04,2026-04-01,belgium__non_profit_sector,Belgique · secteur non-marchand (Maribel social),Belgium · non-profit sector (Maribel social),4.77,10445.3937,0.1307,0.25,1365.212957,2611.348425,783.404528,370.811476,120.122028,90.874925,925.461882,396.924961,245.466752,152.502748,104.453937,31.336181,755.201965,316.977355,950.932066,0.0,0.0,31336.1811,2294.37107,0.21965386232083017,9080.180743,9080.18,108962.16,6070.0,102892.16,48055.94,45067.96,3755.66,5324.520743,12739.76477,3659.584026,7415.244026,1.403029865778017,2.392659430510115,21.89810000000034,19.036018000000695,8.856018000000404,26.05873900000006,7.022719999999936,17.202720000000227,0.8692999849302177,0.40441947018235674,1.1899999999999842,0.3206999694037303,0.7855804841515912
Belgium,BE,2026-04,2026-04-01,belgium__non_profit_sector,Belgique · secteur non-marchand (Maribel social),Belgium · non-profit sector (Maribel social),4.78,10467.2918,0.1307,0.25,1368.075038,2616.82295,785.046885,371.588859,120.373856,91.065439,927.402053,397.757088,245.981357,152.82246,104.672918,31.401875,756.785197,318.291241,954.873724,0.0,0.0,31401.8754,2298.531709,0.21959182495195811,9099.216762,9099.21,109190.52,6070.0,103120.52,48178.11,45190.13,3765.84,5333.376762,12765.823509,3666.606747,7432.446747,1.4029585010375683,2.393572417430688,21.89810000000034,19.036018999999214,8.856018999999833,26.05873900000006,7.0227209999998195,17.202720999999656,0.8693000305962124,0.40441951584839303,1.1899999999999842,0.32070001506978735,0.7855805298176275
Belgium,BE,2026-04,2026-04-01,belgium__non_profit_sector,Belgique · secteur non-marchand (Maribel social),Belgium · non-profit sector (Maribel social),4.79,10489.1899,0.1307,0.25,1370.93712,2622.297475,786.689243,372.366241,120.625684,91.255952,929.342225,398.589216,246.495963,153.142173,104.891899,31.46757,758.36843,319.605127,958.815382,0.0,0.0,31467.5697,2302.692348,0.21953004661176614,9118.25278,9118.25,109419.0,6070.0,103349.0,48300.35,45312.37,3776.03,5342.22278,12791.882248,3673.629468,7449.659468,1.4028874342709838,2.394486859550072,21.89809999999852,19.036018000000695,8.846018000000186,26.05873900000006,7.022721000000274,17.212720999999874,0.8692999849302898,0.40396280955885594,1.190000000000083,0.32070001506983475,0.7860371904412271
Belgium,BE,2026-04,2026-04-01,belgium__non_profit_sector,Belgique · secteur non-marchand (Maribel social),Belgium · non-profit sector (Maribel social),4.8,10511.088,0.1307,0.25,1373.799202,2627.772,788.3316,373.143624,120.877512,91.446466,931.282397,399.421344,247.010568,153.461885,105.11088,31.533264,759.951662,320.919013,962.75704,0.0,0.0,31533.264,2306.852987,0.219468525681325,9137.288798,9137.29,109647.48,6070.0,103577.48,48422.58,45434.6,3786.22,5351.068798,12817.940987,3680.652188,7466.872188,1.4028166636159267,2.3953982782840137,21.89810000000034,19.036017999998876,8.846018000000186,26.05873900000006,7.022719999999936,17.212720000000445,0.8692999849301346,0.40396280955882236,1.1899999999999842,0.3206999694037303,0.7860371447751255
Belgium,BE,2026-04,2026-04-01,belgium__non_profit_sector,Belgique · secteur non-marchand (Maribel social),Belgium · non-profit sector (Maribel social),4.81,10532.9861,0.1307,0.25,1376.661283,2633.246525,789.973958,373.921007,121.12934,91.636979,933.222568,400.253472,247.525173,153.781597,105.329861,31.598958,761.534895,322.232899,966.698698,0.0,0.0,31598.9583,2311.013626,0.21940726055516838,9156.324817,9156.33,109875.96,6070.0,103805.96,48544.82,45556.84,3796.4,5359.924817,12843.999726,3687.674909,7484.074909,1.4027461872255473,2.396302217817782,21.89810000000034,19.036019000001033,8.856018999999833,26.05873900000006,7.0227209999998195,17.202720999999656,0.8693000305962955,0.40441951584839303,1.1899999999999842,0.32070001506978735,0.7855805298176275
Belgium,BE,2026-04,2026-04-01,belgium__non_profit_sector,Belgique · secteur non-marchand (Maribel social),Belgium · non-profit sector (Maribel social),4.82,10554.8842,0.1307,0.25,1379.523365,2638.72105,791.616315,374.698389,121.381168,91.827493,935.16274,401.0856,248.039779,154.101309,105.548842,31.664653,763.118128,323.546785,970.640356,0.0,0.0,31664.6526,2315.174265,0.21934624964115348,9175.360835,9175.36,110104.32,6070.0,104034.32,48666.99,45679.01,3806.58,5368.780835,12870.058465,3694.69763,7501.27763,1.4026760032683232,2.39720317518285,21.89810000000034,19.036017999998876,8.856017999999494,26.05873900000006,7.022721000000274,17.202720999999656,0.8692999849301346,0.4044194701823152,1.1899999999999842,0.3207000150698081,0.7855805298176275
Belgium,BE,2026-04,2026-04-01,belgium__non_profit_sector,Belgique · secteur non-marchand (Maribel social),Belgium · non-profit sector (Maribel social),4.83,10576.7823,0.1307,0.25,1382.385447,2644.195575,793.258673,375.475772,121.632996,92.018006,937.102912,401.917727,248.554384,154.421022,105.767823,31.730347,764.70136,324.860671,974.582014,0.0,0.0,31730.3469,2319.334904,0.21928549136032294,9194.396853,9194.39,110332.68,6070.0,104262.68,48789.16,45801.18,3816.77,5377.626853,12896.117204,3701.72035,7518.49035,1.4026061099278995,2.3981056245167123,21.89810000000034,19.036018000000695,8.846018000000186,26.05873900000006,7.022719999999936,17.212720000000445,0.8692999849302177,0.40396280955882236,1.1899999999999842,0.3206999694037303,0.7860371447751255
Belgium,BE,2026-04,2026-04-01,belgium__non_profit_sector,Belgique · secteur non-marchand (Maribel social),Belgium · non-profit sector (Maribel social),4.84,10598.6804,0.1307,0.25,1385.247528,2649.6701,794.90103,376.253154,121.884825,92.208519,939.043083,402.749855,249.068989,154.740734,105.986804,31.796041,766.284593,326.174557,978.523672,0.0,0.0,31796.0412,2323.495543,0.21922498414676855,9213.432872,9213.43,110561.16,6070.0,104491.16,48911.4,45923.42,3826.95,5386.482872,12922.175943,3708.743071,7535.693071,1.4025365054029317,2.399000655977281,21.89809999999852,19.036018999999214,8.856018999999833,26.05873900000006,7.0227209999998195,17.202720999999656,0.8693000305962846,0.4044195158484266,1.190000000000083,0.320700015069814,0.7855805298176928
Belgium,BE,2026-04,2026-04-01,belgium__non_profit_sector,Belgique · secteur non-marchand (Maribel social),Belgium · non-profit sector (Maribel social),4.85,10620.5785,0.1307,0.25,1388.10961,2655.144625,796.543388,377.030537,122.136653,92.399033,940.983255,403.581983,249.583595,155.060446,106.205785,31.861736,767.867826,327.488443,982.46533,0.0,0.0,31861.7355,2327.656182,0.21916472644749688,9232.46889,9232.47,110789.64,6070.0,104719.64,49033.64,46045.66,3837.14,5395.32889,12948.234682,3715.765792,7552.905792,1.402467187906933,2.3998971972859042,21.89810000000034,19.036018000000695,8.846018000000186,26.05873900000006,7.022721000000274,17.212720999999874,0.8692999849302177,0.40396280955882236,1.1899999999999842,0.3207000150698081,0.7860371904411618
Belgium,BE,2026-04,2026-04-01,belgium__non_profit_sector,Belgique · secteur non-marchand (Maribel social),Belgium · non-profit sector (Maribel social),4.86,10642.4766,0.1307,0.25,1390.971692,2660.61915,798.185745,377.807919,122.388481,92.589546,942.923427,404.414111,250.0982,155.380158,106.424766,31.92743,769.451058,328.802329,986.406988,0.0,0.0,31927.4298,2331.816821,0.21910471672229628,9251.504908,9251.51,111018.12,6070.0,104948.12,49155.87,46167.89,3847.32,5404.184908,12974.293421,3722.788512,7570.108512,1.4023981556681195,2.400786361056609,21.89810000000034,19.036018000000695,8.856018000000404,26.05873900000006,7.022719999999936,17.202720000000227,0.8692999849302177,0.40441947018235674,1.1899999999999842,0.3206999694037303,0.7855804841515912
Belgium,BE,2026-04,2026-04-01,belgium__non_profit_sector,Belgique · secteur non-marchand (Maribel social),Belgium · non-profit sector (Maribel social),4.87,10664.3747,0.1307,0.25,1393.833773,2666.093675,799.828103,378.585302,122.640309,92.78006,944.863598,405.246239,250.612805,155.699871,106.643747,31.993124,771.034291,330.116215,990.348646,0.0,0.0,31993.1241,2335.97746,0.2190449534436057,9270.540927,9270.54,111246.48,6070.0,105176.48,49278.05,46290.07,3857.51,5413.030927,13000.35216,3729.811233,7587.321233,1.40232940692926,2.4016770522255606,21.89810000000034,19.036018999999214,8.846018999999615,26.05873900000006,7.0227209999998195,17.212720999999874,0.8693000305962124,0.40396285522485864,1.1899999999999842,0.32070001506978735,0.7860371904411618
Belgium,BE,2026-04,2026-04-01,belgium__non_profit_sector,Belgique · secteur non-marchand (Maribel social),Belgium · non-profit sector (Maribel social),4.88,10686.2728,0.1307,0.25,1396.695855,2671.5682,801.47046,379.362684,122.892137,92.970573,946.80377,406.078366,251.127411,156.019583,106.862728,32.058818,772.617523,331.430101,994.290304,0.0,0.0,32058.8184,2340.138099,0.2189854350963852,9289.576945,9289.57,111474.84,6070.0,105404.84,49400.22,46412.24,3867.69,5421.886945,13026.410899,3736.833954,7604.523954,1.402260939947527,2.4025604057612027,21.89810000000034,19.036018000000695,8.856018000000404,26.05873900000006,7.022721000000274,17.202721000000565,0.8692999849302177,0.40441947018235674,1.1899999999999842,0.3207000150698081,0.785580529817669
Belgium,BE,2026-04,2026-04-01,belgium__non_profit_sector,Belgique · secteur non-marchand (Maribel social),Belgium · non-profit sector (Maribel social),4.89,10708.1709,0.1307,0.25,1399.557937,2677.042725,803.112818,380.140067,123.143965,93.161087,948.743942,406.910494,251.642016,156.339295,107.081709,32.124513,774.200756,332.743987,998.231962,0.0,0.0,32124.5127,2344.298738,0.2189261601779877,9308.612963,9308.61,111703.32,6070.0,105633.32,49522.46,46534.48,3877.87,5430.742963,13052.469638,3743.856674,7621.726674,1.4021927529943492,2.4034408782932113,21.89809999999852,19.036017999998876,8.856017999999494,26.05873900000006,7.022719999999936,17.202719999999317,0.8692999849302068,0.4044194701823488,1.190000000000083,0.32069996940375695,0.785580484151615
Belgium,BE,2026-04,2026-04-01,belgium__non_profit_sector,Belgique · secteur non-marchand (Maribel social),Belgium · non-profit sector (Maribel social),4.9,10730.069,0.1307,0.25,1402.420018,2682.51725,804.755175,380.91745,123.395794,93.3516,950.684113,407.742622,252.156622,156.659007,107.30069,32.190207,775.783989,334.057873,1002.17362,0.0,0.0,32190.207,2348.459377,0.21886712719803264,9327.648982,9327.65,111931.8,6070.0,105861.8,49644.69,46656.71,3888.06,5439.588982,13078.528377,3750.879395,7638.939395,1.402124844355266,2.4043229039300167,21.89810000000034,19.036019000001033,8.846019000000524,26.05873900000006,7.0227209999998195,17.212721000000784,0.8693000305962955,0.40396285522490016,1.1899999999999842,0.32070001506978735,0.7860371904412033
Belgium,BE,2026-04,2026-04-01,belgium__non_profit_sector,Belgique · secteur non-marchand (Maribel social),Belgium · non-profit sector (Maribel social),4.91,10751.9671,0.1307,0.25,1405.2821,2687.991775,806.397533,381.694832,123.647622,93.542114,952.624285,408.57475,252.671227,156.97872,107.519671,32.255901,777.367221,335.371759,1006.115278,0.0,0.0,32255.9013,2352.620016,0.21880833467828104,9346.685,9346.69,112160.28,6070.0,106090.28,49766.93,46778.95,3898.25,5448.435,13104.587116,3757.902116,7656.152116,1.4020572123297839,2.4052020654728397,21.89810000000034,19.036017999998876,8.846018000000186,26.05873900000006,7.022721000000274,17.212720999999874,0.8692999849301346,0.40396280955882236,1.1899999999999842,0.3207000150698081,0.7860371904411618
Belgium,BE,2026-04,2026-04-01,belgium__non_profit_sector,Belgique · secteur non-marchand (Maribel social),Belgium · non-profit sector (Maribel social),4.92,10773.8652,0.1307,0.25,1408.144182,2693.4663,808.03989,382.472215,123.89945,93.732627,954.564457,409.406878,253.185832,157.298432,107.738652,32.321596,778.950454,336.685645,1010.056936,0.0,0.0,32321.5956,2356.780655,0.21874978115251215,9365.721018,9365.73,112388.76,6070.0,106318.76,49889.17,46901.19,3908.43,5457.291018,13130.645855,3764.924836,7673.354836,1.4019898552312346,2.406073967924956,21.89810000000034,19.036018000000695,8.856017999999494,26.05873900000006,7.022719999999936,17.202720000000227,0.8692999849302177,0.4044194701823152,1.1899999999999842,0.3206999694037303,0.7855804841515912
Belgium,BE,2026-04,2026-04-01,belgium__non_profit_sector,Belgique · secteur non-marchand (Maribel social),Belgium · non-profit sector (Maribel social),4.93,10795.7633,0.1307,0.25,1411.006263,2698.940825,809.682248,383.249597,124.151278,93.923141,956.504628,410.239005,253.700438,157.618144,107.957633,32.38729,780.533687,337.999531,1013.998594,0.0,0.0,32387.2899,2360.941294,0.2186914651664016,9384.757037,9384.75,112617.0,6070.0,106547.0,50011.28,47023.3,3918.61,5466.147037,13156.704594,3771.947557,7690.557557,1.401922771386635,2.4069430451387297,21.89810000000034,19.036018999999214,8.856018999999833,26.05873900000006,7.0227209999998195,17.202720999999656,0.8693000305962124,0.40441951584839303,1.1899999999999842,0.32070001506978735,0.7855805298176275
Belgium,BE,2026-04,2026-04-01,belgium__non_profit_sector,Belgique · secteur non-marchand (Maribel social),Belgium · non-profit sector (Maribel social),4.94,10817.6614,0.1307,0.25,1413.868345,2704.41535,811.324605,384.02698,124.403106,94.113654,958.4448,411.071133,254.215043,157.937856,108.176614,32.452984,782.116919,339.313417,1017.940252,0.0,0.0,32452.9842,2365.101933,0.21863338527740078,9403.793055,9403.79,112845.48,6070.0,106775.48,50133.51,47145.53,3928.79,5475.003055,13182.763333,3778.970278,7707.760278,1.4018559591365476,2.4078093108239393,21.89810000000034,19.036018000000695,8.856018000000404,26.05873900000006,7.0227209999998195,17.202720999999656,0.8692999849302177,0.40441947018235674,1.1899999999999842,0.32070001506978735,0.7855805298176275
Belgium,BE,2026-04,2026-04-01,belgium__non_profit_sector,Belgique · secteur non-marchand (Maribel social),Belgium · non-profit sector (Maribel social),4.95,10839.5595,0.1307,0.25,1416.730427,2709.889875,812.966963,384.804362,124.654934,94.304168,960.384972,411.903261,254.729648,158.257569,108.395595,32.518679,783.700152,340.627303,1021.88191,0.0,0.0,32518.6785,2369.262572,0.21857554005461816,9422.829073,9422.83,113073.96,6070.0,107003.96,50255.75,47267.77,3938.98,5483.849073,13208.822072,3785.992998,7724.972998,1.4017894168349454,2.408677170904997,21.89809999999852,19.036018000000695,8.846018000000186,26.05873900000006,7.02272000000039,17.212720000000445,0.8692999849302898,0.40396280955885594,1.190000000000083,0.3206999694037777,0.7860371447751908
Belgium,BE,2026-04,2026-04-01,belgium__non_profit_sector,Belgique · secteur non-marchand (Maribel social),Belgium · non-profit sector (Maribel social),4.96,10861.4576,0.1307,0.25,1419.592508,2715.3644,814.60932,385.581745,124.906762,94.494681,962.325143,412.735389,255.244254,158.577281,108.614576,32.584373,785.283384,341.941189,1025.823568,0.0,0.0,32584.3728,2373.423211,0.2185179280787016,9441.865092,9441.87,113302.44,6070.0,107232.44,50377.99,47390.01,3949.17,5492.695092,13234.880811,3793.015719,7742.185719,1.4017231428490757,2.409542235598342,21.89810000000034,19.036018999999214,8.846018999999615,26.05873900000006,7.0227209999998195,17.212720999999874,0.8693000305962124,0.40396285522485864,1.1899999999999842,0.32070001506978735,0.7860371904411618
Belgium,BE,2026-04,2026-04-01,belgium__non_profit_sector,Belgique · secteur non-marchand (Maribel social),Belgium · non-profit sector (Maribel social),4.97,10883.3557,0.1307,0.25,1422.45459,2720.838925,816.251678,386.359127,125.158591,94.685195,964.265315,413.567517,255.758859,158.896993,108.833557,32.650067,786.866617,343.255075,1029.765226,0.0,0.0,32650.0671,2377.58385,0.2184605479417223,9460.90111,9460.91,113530.92,6070.0,107460.92,50500.22,47512.24,3959.35,5501.55111,13260.93955,3800.03844,7759.38844,1.4016571355593261,2.410400137070173,21.89810000000034,19.036018000000695,8.856018000000404,26.05873899999824,7.0227209999998195,17.202720999999656,0.8692999849302177,0.40441947018235674,1.1899999999999011,0.32070001506978735,0.7855805298176275
Belgium,BE,2026-04,2026-04-01,belgium__non_profit_sector,Belgique · secteur non-marchand (Maribel social),Belgium · non-profit sector (Maribel social),4.98,10905.2538,0.1307,0.25,1425.316672,2726.31345,817.894035,387.13651,125.410419,94.875708,966.205487,414.399644,256.273464,159.216705,109.052538,32.715761,788.44985,344.568961,1033.706884,0.0,0.0,32715.7614,2381.744489,0.2184033982470602,9479.937128,9479.93,113759.16,6070.0,107689.16,50622.33,47634.35,3969.53,5510.407128,13286.998289,3807.06116,7776.59116,1.401591393359094,2.4112552809994194,21.89810000000034,19.036017999998876,8.856017999999494,26.05873900000006,7.02272000000039,17.202720000000227,0.8692999849301346,0.4044194701823152,1.1899999999999842,0.32069996940375106,0.7855804841515912
Belgium,BE,2026-04,2026-04-01,belgium__non_profit_sector,Belgique · secteur non-marchand (Maribel social),Belgium · non-profit sector (Maribel social),4.99,10927.1519,0.1307,0.25,1428.178753,2731.787975,819.536393,387.913892,125.662247,95.066222,968.145658,415.231772,256.78807,159.536418,109.271519,32.781456,790.033082,345.882847,1037.648542,0.0,0.0,32781.4557,2385.905128,0.21834647760929055,9498.973147,9498.97,113987.64,6070.0,107917.64,50744.57,47756.59,3979.72,5519.253147,13313.057028,3814.083881,7793.803881,1.401525914654654,2.4121120510116483,21.89810000000034,19.036019000001033,8.846019000000524,26.05873900000006,7.0227209999998195,17.212720999999874,0.8693000305962955,0.40396285522490016,1.1899999999999842,0.32070001506978735,0.7860371904411618
Belgium,BE,2026-04,2026-04-01,belgium__non_profit_sector,Belgique · secteur non-marchand (Maribel social),Belgium · non-profit sector (Maribel social),5.0,10949.05,0.1307,0.25,1431.040835,2737.2625,821.17875,388.691275,125.914075,95.256735,970.08583,416.0639,257.302675,159.85613,109.4905,32.84715,791.616315,347.196733,1041.5902,0.0,0.0,32847.15,2390.065767,0.21828978465407198,9518.009165,9518.01,114216.12,6070.0,108146.12,50866.8,47878.82,3989.9,5528.109165,13339.115767,3821.106602,7811.006602,1.4014606978650317,2.412961714128282,21.89809999999852,19.036017999998876,8.856017999999494,26.05873900000006,7.0227209999998195,17.202721000000565,0.8692999849302068,0.4044194701823488,1.190000000000083,0.320700015069814,0.7855805298177343
Belgium,BE,2026-04,2026-04-01,belgium__non_profit_sector,Belgique · secteur non-marchand (Maribel social),Belgium · non-profit sector (Maribel social),5.01,10970.9481,0.1307,0.25,1433.902917,2742.737025,822.821108,389.468658,126.165903,95.447248,972.026002,416.896028,257.81728,160.175842,109.709481,32.912844,793.199548,348.510619,1045.531858,0.0,0.0,32912.8443,2394.226406,0.21823331801803592,9537.045183,9537.05,114444.6,6070.0,108374.6,50989.04,48001.06,4000.09,5536.955183,13365.174506,3828.129322,7828.219322,1.401395741421875,2.413813018733641,21.89810000000034,19.036018000000695,8.846018000000186,26.05873900000006,7.022719999999936,17.212719999999536,0.8692999849302177,0.40396280955882236,1.1899999999999842,0.3206999694037303,0.786037144775084
Belgium,BE,2026-04,2026-04-01,belgium__non_profit_sector,Belgique · secteur non-marchand (Maribel social),Belgium · non-profit sector (Maribel social),5.02,10992.8462,0.1307,0.25,1436.764998,2748.21155,824.463465,390.24604,126.417731,95.637762,973.966173,417.728156,258.331886,160.495555,109.928462,32.978539,794.78278,349.824505,1049.473516,0.0,0.0,32978.5386,2398.387045,0.21817707634867728,9556.081202,9556.09,114673.08,6070.0,108603.08,51111.28,48123.3,4010.28,5545.801202,13391.233245,3835.152043,7845.432043,1.4013310437693285,2.4146616075344234,21.89810000000034,19.036018999999214,8.846018999999615,26.05873900000006,7.022721000000274,17.212720999999874,0.8693000305962124,0.40396285522485864,1.1899999999999842,0.3207000150698081,0.7860371904411618
Belgium,BE,2026-04,2026-04-01,belgium__non_profit_sector,Belgique · secteur non-marchand (Maribel social),Belgium · non-profit sector (Maribel social),5.03,11014.7443,0.1307,0.25,1439.62708,2753.686075,826.105823,391.023423,126.669559,95.828275,975.906345,418.560283,258.846491,160.815267,110.147443,33.044233,796.366013,351.138391,1053.415174,0.0,0.0,33044.2329,2402.547684,0.2181210583042465,9575.11722,9575.11,114901.32,6070.0,108831.32,51233.39,48245.41,4020.45,5554.66722,13417.291984,3842.174764,7862.624764,1.4012666033639094,2.415498796288074,21.89810000000034,19.036018000000695,8.866018000000622,26.05873900000006,7.0227209999998195,17.192721000000347,0.8692999849302177,0.40487613080589113,1.1899999999999842,0.32070001506978735,0.7851238691941347
Belgium,BE,2026-04,2026-04-01,belgium__non_profit_sector,Belgique · secteur non-marchand (Maribel social),Belgium · non-profit sector (Maribel social),5.04,11036.6424,0.1307,0.25,1442.489162,2759.1606,827.74818,391.800805,126.921388,96.018789,977.846517,419.392411,259.361096,161.134979,110.366424,33.109927,797.949246,352.452277,1057.356832,0.0,0.0,33109.9272,2406.708323,0.21806526255364284,9594.153238,9594.15,115129.8,6070.0,109059.8,51355.62,48367.64,4030.64,5563.513238,13443.350723,3849.197484,7879.837484,1.401202418674385,2.416342003119978,21.89810000000034,19.036018000000695,8.846017999999276,26.05873900000006,7.022719999999936,17.212719999999536,0.8692999849302177,0.40396280955878083,1.1899999999999842,0.3206999694037303,0.786037144775084
Belgium,BE,2026-04,2026-04-01,belgium__non_profit_sector,Belgique · secteur non-marchand (Maribel social),Belgium · non-profit sector (Maribel social),5.05,11058.5405,0.1307,0.25,1445.351243,2764.635125,829.390538,392.578188,127.173216,96.209302,979.786688,420.224539,259.875702,161.454691,110.585405,33.175622,799.532478,353.766163,1061.29849,0.0,0.0,33175.6215,2410.868962,0.21800968777630889,9613.189257,9613.19,115358.28,6070.0,109288.28,51477.86,48489.88,4040.82,5572.369257,13469.409462,3856.220205,7897.040205,1.4011384881816507,2.417178195000705,21.89809999999852,19.036018999999214,8.856019000000742,26.05873900000006,7.022721000000274,17.202721000000565,0.8693000305962846,0.40441951584846814,1.190000000000083,0.32070001506983475,0.7855805298177343
Belgium,BE,2026-04,2026-04-01,belgium__non_profit_sector,Belgique · secteur non-marchand (Maribel social),Belgium · non-profit sector (Maribel social),5.06,11080.4386,0.1307,0.25,1448.213325,2770.10965,831.032895,393.35557,127.425044,96.399816,981.72686,421.056667,260.390307,161.774404,110.804386,33.241316,801.115711,355.080049,1065.240148,0.0,0.0,33241.3158,2415.029601,0.21795433266212647,9632.225275,9632.23,115586.76,6070.0,109516.76,51600.1,48612.12,4051.01,5581.215275,13495.468201,3863.242926,7914.252926,1.401074810378611,2.4180160656345637,21.89810000000034,19.036018000000695,8.846017999999276,26.05873900000006,7.0227209999998195,17.212720999999874,0.8692999849302177,0.40396280955878083,1.1899999999999842,0.32070001506978735,0.7860371904411618
Belgium,BE,2026-04,2026-04-01,belgium__non_profit_sector,Belgique · secteur non-marchand (Maribel social),Belgium · non-profit sector (Maribel social),5.07,11102.3367,0.1307,0.25,1451.075407,2775.584175,832.675253,394.132953,127.676872,96.590329,983.667032,421.888795,260.904912,162.094116,111.023367,33.30701,802.698943,356.393935,1069.181806,0.0,0.0,33307.0101,2419.19024,0.21789919591131357,9651.261293,9651.26,115815.12,6070.0,109745.12,51722.27,48734.29,4061.19,5590.071293,13521.52694,3870.265646,7931.455646,1.4010113837700606,2.4188469574348286,21.89810000000034,19.036017999998876,8.856018000000404,26.05873900000006,7.022719999999936,17.202720000000227,0.8692999849301346,0.40441947018235674,1.1899999999999842,0.3206999694037303,0.7855804841515912
Belgium,BE,2026-04,2026-04-01,belgium__non_profit_sector,Belgique · secteur non-marchand (Maribel social),Belgium · non-profit sector (Maribel social),5.08,11124.2348,0.1307,0.25,1453.937488,2781.0587,834.31761,394.910335,127.9287,96.780843,985.607203,422.720922,261.419518,162.413828,111.242348,33.372704,804.282176,357.707821,1073.123464,0.0,0.0,33372.7044,2423.350879,0.2178442762343228,9670.297312,9670.29,116043.48,6070.0,109973.48,51844.44,48856.46,4071.37,5598.927312,13547.585679,3877.288367,7948.658367,1.4009482068725672,2.419675220734094,21.89810000000034,19.036019000001033,8.856018999999833,26.05873900000006,7.022721000000274,17.202720999999656,0.8693000305962955,0.40441951584839303,1.1899999999999842,0.3207000150698081,0.7855805298176275
Belgium,BE,2026-04,2026-04-01,belgium__non_profit_sector,Belgique · secteur non-marchand (Maribel social),Belgium · non-profit sector (Maribel social),5.09,11146.1329,0.1307,0.25,1456.79957,2786.533225,835.959968,395.687718,128.180528,96.971356,987.547375,423.55305,261.934123,162.73354,111.461329,33.438399,805.865409,359.021707,1077.065122,0.0,0.0,33438.3987,2427.511518,0.21778957235174062,9689.33333,9689.33,116271.96,6070.0,110201.96,51966.68,48978.7,4081.56,5607.77333,13573.644418,3884.311088,7965.871088,1.400885278214357,2.420505184316942,21.89810000000034,19.036017999998876,8.846018000000186,26.05873900000006,7.0227209999998195,17.212720999999874,0.8692999849301346,0.40396280955882236,1.1899999999999842,0.32070001506978735,0.7860371904411618
Belgium,BE,2026-04,2026-04-01,belgium__non_profit_sector,Belgique · secteur non-marchand (Maribel social),Belgium · non-profit sector (Maribel social),5.1,11168.031,0.1307,0.25,1459.661652,2792.00775,837.602325,396.465101,128.432357,97.16187,989.487547,424.385178,262.448729,163.053253,111.68031,33.504093,807.448641,360.335593,1081.00678,0.0,0.0,33504.093,2431.672157,0.2177350829941882,9708.369348,9708.37,116500.44,6070.0,110430.44,52088.92,49100.94,4091.75,5616.619348,13599.703157,3891.333808,7983.083808,1.4008225963351988,2.421332533560946,21.89810000000034,19.036018000000695,8.846018000000186,26.05873900000006,7.022719999999936,17.212720000000445,0.8692999849302177,0.40396280955882236,1.1899999999999842,0.3206999694037303,0.7860371447751255
Belgium,BE,2026-04,2026-04-01,belgium__non_profit_sector,Belgique · secteur non-marchand (Maribel social),Belgium · non-profit sector (Maribel social),5.11,11189.9291,0.1307,0.25,1462.523733,2797.482275,839.244683,397.242483,128.684185,97.352383,991.427718,425.217306,262.963334,163.372965,111.899291,33.569787,809.031874,361.649479,1084.948438,0.0,0.0,33569.7873,2435.832796,0.21768080690222305,9727.405367,9727.41,116728.92,6070.0,110658.92,52211.15,49223.17,4101.93,5625.475367,13625.761896,3898.356529,8000.286529,1.4007601597862915,2.422152975105697,21.89809999999852,19.036018999999214,8.856018999999833,26.05873900000006,7.022721000000274,17.202720999999656,0.8693000305962846,0.4044195158484266,1.190000000000083,0.32070001506983475,0.7855805298176928
Belgium,BE,2026-04,2026-04-01,belgium__non_profit_sector,Belgique · secteur non-marchand (Maribel social),Belgium · non-profit sector (Maribel social),5.12,11211.8272,0.1307,0.25,1465.385815,2802.9568,840.88704,398.019866,128.936013,97.542897,993.36789,426.049434,263.477939,163.692677,112.118272,33.635482,810.615107,362.963365,1088.890096,0.0,0.0,33635.4816,2439.993435,0.21762674282624214,9746.441385,9746.44,116957.28,6070.0,110887.28,52333.32,49345.34,4112.11,5634.331385,13651.820635,3905.37925,8017.48925,1.4006979671301534,2.422970837517323,21.89810000000034,19.036018000000695,8.856018000000404,26.05873900000006,7.0227209999998195,17.202720999999656,0.8692999849302177,0.40441947018235674,1.1899999999999842,0.32070001506978735,0.7855805298176275
Belgium,BE,2026-04,2026-04-01,belgium__non_profit_sector,Belgique · secteur non-marchand (Maribel social),Belgium · non-profit sector (Maribel social),5.13,11233.7253,0.1307,0.25,1468.247897,2808.431325,842.529398,398.797248,129.187841,97.73341,995.308062,426.881561,263.992545,164.012389,112.337253,33.701176,812.198339,364.277251,1092.831754,0.0,0.0,33701.1759,2444.154074,0.21757288952638593,9765.477403,9765.48,117185.76,6070.0,111115.76,52455.56,49467.58,4122.3,5643.177403,13677.879374,3912.40197,8034.70197,1.4006360169405105,2.4237904280117784,21.89810000000034,19.036018000000695,8.846017999999276,26.05873900000006,7.022719999999936,17.212720000000445,0.8692999849302177,0.40396280955878083,1.1899999999999842,0.3206999694037303,0.7860371447751255
Belgium,BE,2026-04,2026-04-01,belgium__non_profit_sector,Belgique · secteur non-marchand (Maribel social),Belgium · non-profit sector (Maribel social),5.14,11255.6234,0.1307,0.25,1471.109978,2813.90585,844.171755,399.574631,129.439669,97.923924,997.248233,427.713689,264.50715,164.332102,112.556234,33.76687,813.781572,365.591137,1096.773412,0.0,0.0,33766.8702,2448.314713,0.21751924577244355,9784.513422,9784.51,117414.12,6070.0,111344.12,52577.73,49589.75,4132.48,5652.033422,13703.938113,3919.424691,8051.904691,1.4005743078021897,2.424603163216754,21.89810000000034,19.036018999999214,8.856019000000742,26.05873900000006,7.022721000000274,17.202720999999656,0.8693000305962124,0.40441951584843455,1.1899999999999842,0.3207000150698081,0.7855805298176275
Belgium,BE,2026-04,2026-04-01,belgium__non_profit_sector,Belgique · secteur non-marchand (Maribel social),Belgium · non-profit sector (Maribel social),5.15,11277.5215,0.1307,0.25,1473.97206,2819.380375,845.814113,400.352013,129.691497,98.114437,999.188405,428.545817,265.021755,164.651814,112.775215,33.832565,815.364804,366.905023,1100.71507,0.0,0.0,33832.5645,2452.475352,0.2174658103437592,9803.54944,9803.55,117642.6,6070.0,111572.6,52699.97,49711.99,4142.67,5660.87944,13729.996852,3926.447412,8069.117412,1.400512838311008,2.4254176400174203,21.89810000000034,19.036018000000695,8.846017999999276,26.05873900000006,7.0227209999998195,17.212720999999874,0.8692999849302177,0.40396280955878083,1.1899999999999842,0.32070001506978735,0.7860371904411618
Belgium,BE,2026-04,2026-04-01,belgium__non_profit_sector,Belgique · secteur non-marchand (Maribel social),Belgium · non-profit sector (Maribel social),5.16,11299.4196,0.1307,0.25,1476.834142,2824.8549,847.45647,401.129396,129.943325,98.304951,1001.128577,429.377945,265.536361,164.971526,112.994196,33.898259,816.948037,368.218909,1104.656728,0.0,0.0,33898.2588,2456.635991,0.21741258202913952,9822.585458,9822.59,117871.08,6070.0,111801.08,52822.21,49834.23,4152.85,5669.735458,13756.055591,3933.470132,8086.320132,1.4004516070736681,2.4262252960281465,21.89809999999852,19.036017999998876,8.856018000000404,26.05873900000006,7.022719999999936,17.202720000000227,0.8692999849302068,0.40441947018239033,1.190000000000083,0.32069996940375695,0.7855804841516565
Belgium,BE,2026-04,2026-04-01,belgium__non_profit_sector,Belgique · secteur non-marchand (Maribel social),Belgium · non-profit sector (Maribel social),5.17,11321.3177,0.1307,0.25,1479.696223,2830.329425,849.098828,401.906778,130.195154,98.495464,1003.068748,430.210073,266.050966,165.291238,113.213177,33.963953,818.53127,369.532795,1108.598386,0.0,0.0,33963.9531,2460.79663,0.21735955962676204,9841.621477,9841.62,118099.44,6070.0,112029.44,52944.38,49956.4,4163.03,5678.591477,13782.11433,3940.492853,8103.522853,1.4003906127076522,2.4270304328872587,21.89810000000034,19.036019000001033,8.856018999999833,26.05873900000006,7.022721000000274,17.202721000000565,0.8693000305962955,0.40441951584839303,1.1899999999999842,0.3207000150698081,0.785580529817669
Belgium,BE,2026-04,2026-04-01,belgium__non_profit_sector,Belgique · secteur non-marchand (Maribel social),Belgium · non-profit sector (Maribel social),5.18,11343.2158,0.1307,0.25,1482.558305,2835.80395,850.741185,402.684161,130.446982,98.685977,1005.00892,431.0422,266.565571,165.610951,113.432158,34.029647,820.114502,370.846681,1112.540044,0.0,0.0,34029.6474,2464.957269,0.2173067419440849,9860.657495,9860.66,118327.92,6070.0,112257.92,53066.62,50078.64,4173.22,5687.437495,13808.173069,3947.515574,8120.735574,1.4003298538411193,2.427837331126984,21.89810000000034,19.036017999998876,8.846018000000186,26.05873900000006,7.0227209999998195,17.212720999999874,0.8692999849301346,0.40396280955882236,1.1899999999999842,0.32070001506978735,0.7860371904411618
Belgium,BE,2026-04,2026-04-01,belgium__non_profit_sector,Belgique · secteur non-marchand (Maribel social),Belgium · non-profit sector (Maribel social),5.19,11365.1139,0.1307,0.25,1485.420387,2841.278475,852.383543,403.461543,130.69881,98.876491,1006.949092,431.874328,267.080177,165.930663,113.651139,34.095342,821.697735,372.160567,1116.481702,0.0,0.0,34095.3417,2469.117908,0.21725412779775718,9879.693513,9879.69,118556.28,6070.0,112486.28,53188.79,50200.81,4183.4,5696.293513,13834.231808,3954.538294,8137.938294,1.4002693291128,2.4286374596812204,21.89810000000034,19.036018000000695,8.856017999999494,26.05873900000006,7.022719999999936,17.202719999999317,0.8692999849302177,0.4044194701823152,1.1899999999999842,0.3206999694037303,0.7855804841515497
Belgium,BE,2026-04,2026-04-01,belgium__non_profit_sector,Belgique · secteur non-marchand (Maribel social),Belgium · non-profit sector (Maribel social),5.2,11387.012,0.1307,0.25,1488.282468,2846.753,854.0259,404.238926,130.950638,99.067004,1008.889263,432.706456,267.594782,166.250375,113.87012,34.161036,823.280968,373.474453,1120.42336,0.0,0.0,34161.036,2473.278547,0.21720171601353075,9898.729532,9898.73,118784.76,6070.0,112714.76,53311.03,50323.05,4193.59,5705.139532,13860.290547,3961.561015,8155.151015,1.4002090371718978,2.429439362507505,21.89810000000034,19.036018999999214,8.846019000000524,26.05873900000006,7.022721000000274,17.212721000000784,0.8693000305962124,0.40396285522490016,1.1899999999999842,0.3207000150698081,0.7860371904412033
Belgium,BE,2026-04,2026-04-01,belgium__non_profit_sector,Belgique · secteur non-marchand (Maribel social),Belgium · non-profit sector (Maribel social),5.21,11408.9101,0.1307,0.25,1491.14455,2852.227525,855.668258,405.016309,131.202466,99.257518,1010.829435,433.538584,268.109387,166.570087,114.089101,34.22673,824.8642,374.788339,1124.365018,0.0,0.0,34226.7303,2477.439186,0.21714950542617273,9917.76555,9917.77,119013.24,6070.0,112943.24,53433.26,50445.28,4203.77,5713.99555,13886.349286,3968.583736,8172.353736,1.4001489766779853,2.4302345292930414,21.89809999999852,19.036018000000695,8.856017999999494,26.05873900000006,7.0227209999998195,17.202720999999656,0.8692999849302898,0.4044194701823488,1.190000000000083,0.320700015069814,0.7855805298176928
Belgium,BE,2026-04,2026-04-01,belgium__non_profit_sector,Belgique · secteur non-marchand (Maribel social),Belgium · non-profit sector (Maribel social),5.22,11430.8082,0.1307,0.25,1494.006632,2857.70205,857.310615,405.793691,131.454294,99.448031,1012.769607,434.370712,268.623993,166.8898,114.308082,34.292425,826.447433,376.102225,1128.306676,0.0,0.0,34292.4246,2481.599825,0.2170974948793793,9936.801568,9936.8,119241.6,6070.0,113171.6,53555.44,50567.46,4213.96,5722.841568,13912.408025,3975.606456,8189.566456,1.400089146300908,2.4310314830009636,21.89810000000034,19.036018000000695,8.846018000000186,26.05873900000006,7.022719999999936,17.212719999999536,0.8692999849302177,0.40396280955882236,1.1899999999999842,0.3206999694037303,0.786037144775084
Belgium,BE,2026-04,2026-04-01,belgium__non_profit_sector,Belgique · secteur non-marchand (Maribel social),Belgium · non-profit sector (Maribel social),5.23,11452.7063,0.1307,0.25,1496.868713,2863.176575,858.952973,406.571074,131.706122,99.638545,1014.709778,435.202839,269.138598,167.209512,114.527063,34.358119,828.030665,377.416111,1132.248334,0.0,0.0,34358.1189,2485.760464,0.2170456832256902,9955.837587,9955.84,119470.08,6070.0,113400.08,53677.67,50689.69,4224.14,5731.697587,13938.466764,3982.629177,8206.769177,1.4000295447206836,2.431821733979371,21.89810000000034,19.036018999999214,8.856018999999833,26.05873900000006,7.0227209999998195,17.202721000000565,0.8693000305962124,0.40441951584839303,1.1899999999999842,0.32070001506978735,0.785580529817669
Belgium,BE,2026-04,2026-04-01,belgium__non_profit_sector,Belgique · secteur non-marchand (Maribel social),Belgium · non-profit sector (Maribel social),5.24,11474.6044,0.1307,0.25,1499.730795,2868.6511,860.59533,407.348456,131.957951,99.829058,1016.64995,436.034967,269.653203,167.529224,114.746044,34.423813,829.613898,378.729997,1136.189992,0.0,0.0,34423.8132,2489.921103,0.21699406932640455,9974.873605,9974.87,119698.44,6070.0,113628.44,53799.85,50811.87,4234.32,5740.553605,13964.525503,3989.651898,8223.971898,1.3999701706274066,2.4326095466991595,21.89810000000034,19.036018000000695,8.856018000000404,26.05873900000006,7.022721000000274,17.202720999999656,0.8692999849302177,0.40441947018235674,1.1899999999999842,0.3207000150698081,0.7855805298176275
Belgium,BE,2026-04,2026-04-01,belgium__non_profit_sector,Belgique · secteur non-marchand (Maribel social),Belgium · non-profit sector (Maribel social),5.25,11496.5025,0.1307,0.25,1502.592877,2874.125625,862.237688,408.125839,132.209779,100.019572,1018.590122,436.867095,270.167809,167.848937,114.965025,34.489508,831.197131,380.043883,1140.13165,0.0,0.0,34489.5075,2494.081742,0.21694265205149713,9993.909623,9993.91,119926.92,6070.0,113856.92,53922.08,50934.1,4244.51,5749.399623,13990.584242,3996.674618,8241.184618,1.3999110227211518,2.433399164860647,21.89810000000034,19.036017999998876,8.846018000000186,26.05873900000006,7.022719999999936,17.212719999999536,0.8692999849301346,0.40396280955882236,1.1899999999999842,0.3206999694037303,0.786037144775084
Belgium,BE,2026-04,2026-04-01,belgium__non_profit_sector,Belgique · secteur non-marchand (Maribel social),Belgium · non-profit sector (Maribel social),5.26,11518.4006,0.1307,0.25,1505.454958,2879.60015,863.880045,408.903221,132.461607,100.210085,1020.530293,437.699223,270.682414,168.168649,115.184006,34.555202,832.780363,381.357769,1144.073308,0.0,0.0,34555.2018,2498.242381,0.2168914302795361,10012.945642,10012.95,120155.4,6070.0,114085.4,54044.32,51056.34,4254.7,5758.245642,14016.642981,4003.697339,8258.397339,1.3998520997118786,2.434186356944066,21.89810000000034,19.036019000001033,8.846018999999615,26.05873900000006,7.0227209999998195,17.212720999999874,0.8693000305962955,0.40396285522485864,1.1899999999999842,0.32070001506978735,0.7860371904411618
Belgium,BE,2026-04,2026-04-01,belgium__non_profit_sector,Belgique · secteur non-marchand (Maribel social),Belgium · non-profit sector (Maribel social),5.27,11540.2987,0.1307,0.25,1508.31704,2885.074675,865.522403,409.680604,132.713435,100.400599,1022.470465,438.531351,271.197019,168.488361,115.402987,34.620896,834.363596,382.671655,1148.014966,0.0,0.0,34620.8961,2502.40302,0.21684040289760145,10031.98166,10031.98,120383.76,6070.0,114313.76,54166.49,51178.51,4264.88,5767.10166,14042.70172,4010.72006,8275.60006,1.399793400319339,2.4349669119385378,21.89809999999852,19.036017999998876,8.856018000000404,26.05873899999824,7.022721000000274,17.202721000001475,0.8692999849302068,0.40441947018239033,1.19,0.32070001506983475,0.7855805298177758
Belgium,BE,2026-04,2026-04-01,belgium__non_profit_sector,Belgique · secteur non-marchand (Maribel social),Belgium · non-profit sector (Maribel social),5.28,11562.1968,0.1307,0.25,1511.179122,2890.5492,867.16476,410.457986,132.965263,100.591112,1024.410636,439.363478,271.711625,168.808073,115.621968,34.68659,835.946829,383.985541,1151.956624,0.0,0.0,34686.5904,2506.563659,0.2167895688012045,10051.017678,10051.02,120612.24,6070.0,114542.24,54288.73,51300.75,4275.06,5775.957678,14068.760459,4017.74278,8292.80278,1.3997349232729834,2.4357450733526806,21.89810000000034,19.036018000000695,8.856017999999494,26.05873900000006,7.022719999999936,17.202719999999317,0.8692999849302177,0.4044194701823152,1.1899999999999842,0.3206999694037303,0.7855804841515497
Belgium,BE,2026-04,2026-04-01,belgium__non_profit_sector,Belgique · secteur non-marchand (Maribel social),Belgium · non-profit sector (Maribel social),5.29,11584.0949,0.1307,0.25,1514.041203,2896.023725,868.807118,411.235369,133.217091,100.781626,1026.350808,440.195606,272.22623,169.127786,115.840949,34.752285,837.530061,385.299427,1155.898282,0.0,0.0,34752.2847,2510.724298,0.2167389268942079,10070.053697,10070.05,120840.6,6070.0,114770.6,54410.9,51422.92,4285.24,5784.813697,14094.819198,4024.765501,8310.005501,1.3996766673118695,2.43652085217955,21.89810000000034,19.036018999999214,8.856018999999833,26.05873900000006,7.0227209999998195,17.202720999999656,0.8693000305962124,0.40441951584839303,1.1899999999999842,0.32070001506978735,0.7855805298176275
Belgium,BE,2026-04,2026-04-01,belgium__non_profit_sector,Belgique · secteur non-marchand (Maribel social),Belgium · non-profit sector (Maribel social),5.3,11605.993,0.1307,0.25,1516.903285,2901.49825,870.449475,412.012752,133.46892,100.972139,1028.29098,441.027734,272.740836,169.447498,116.05993,34.817979,839.113294,386.613313,1159.83994,0.0,0.0,34817.979,2514.884937,0.21668847608874714,10089.089715,10089.09,121069.08,6070.0,114999.08,54533.14,51545.16,4295.43,5793.659715,14120.877937,4031.788222,8327.218222,1.3996186311845704,2.437298466175174,21.89810000000034,19.036018000000695,8.846018000000186,26.05873900000006,7.022721000000274,17.212720999999874,0.8692999849302177,0.40396280955882236,1.1899999999999842,0.3207000150698081,0.7860371904411618
Belgium,BE,2026-04,2026-04-01,belgium__non_profit_sector,Belgique · secteur non-marchand (Maribel social),Belgium · non-profit sector (Maribel social),5.31,11627.8911,0.1307,0.25,1519.765367,2906.972775,872.091833,412.790134,133.720748,101.162653,1030.231151,441.859862,273.255441,169.76721,116.278911,34.883673,840.696527,387.927199,1163.781598,0.0,0.0,34883.6733,2519.045576,0.2166382153051525,10108.125733,10108.12,121297.44,6070.0,115227.44,54655.31,51667.33,4305.61,5802.515733,14146.936676,4038.810942,8344.420942,1.3995608136490885,2.4380695074465057,21.89810000000034,19.036018000000695,8.856018000000404,26.05873900000006,7.022719999999936,17.202720000001136,0.8692999849302177,0.40441947018235674,1.1899999999999842,0.3206999694037303,0.7855804841516327
Belgium,BE,2026-04,2026-04-01,belgium__non_profit_sector,Belgique · secteur non-marchand (Maribel social),Belgium · non-profit sector (Maribel social),5.32,11649.7892,0.1307,0.25,1522.627448,2912.4473,873.73419,413.567517,133.972576,101.353166,1032.171323,442.69199,273.770046,170.086922,116.497892,34.949368,842.279759,389.241085,1167.723256,0.0,0.0,34949.3676,2523.206215,0.21658814347187214,10127.161752,10127.16,121525.92,6070.0,115455.92,54777.55,51789.57,4315.8,5811.361752,14172.995415,4045.833663,8361.633663,1.399503213472762,2.438842395392452,21.89809999999852,19.036018999999214,8.846018999999615,26.05873900000006,7.0227209999998195,17.212720999999874,0.8693000305962846,0.4039628552248922,1.190000000000083,0.320700015069814,0.7860371904412271
Belgium,BE,2026-04,2026-04-01,belgium__non_profit_sector,Belgique · secteur non-marchand (Maribel social),Belgium · non-profit sector (Maribel social),5.33,11671.6873,0.1307,0.25,1525.48953,2917.921825,875.376548,414.344899,134.224404,101.54368,1034.111495,443.524117,274.284652,170.406635,116.716873,35.015062,843.862992,390.554971,1171.664914,0.0,0.0,35015.0619,2527.366854,0.21653825952539582,10146.19777,10146.2,121754.4,6070.0,115684.4,54899.78,51911.8,4325.98,5820.21777,14199.054154,4052.856384,8378.836384,1.399445829432182,2.439608742326324,21.89810000000034,19.036018000000695,8.856018000000404,26.05873900000006,7.022721000000274,17.202720999999656,0.8692999849302177,0.40441947018235674,1.1899999999999842,0.3207000150698081,0.7855805298176275
Belgium,BE,2026-04,2026-04-01,belgium__non_profit_sector,Belgique · secteur non-marchand (Maribel social),Belgium · non-profit sector (Maribel social),5.34,11693.5854,0.1307,0.25,1528.351612,2923.39635,877.018905,415.122282,134.476232,101.734193,1036.051666,444.356245,274.799257,170.726347,116.935854,35.080756,845.446224,391.868857,1175.606572,0.0,0.0,35080.7562,2531.527493,0.21648856241017975,10165.233788,10165.24,121982.88,6070.0,115912.88,55022.02,52034.04,4336.17,5829.063788,14225.112893,4059.879104,8396.049104,1.3993886603131023,2.440376947223379,21.89810000000034,19.036017999998876,8.846018000000186,26.05873900000006,7.022719999999936,17.212719999999536,0.8692999849301346,0.40396280955882236,1.1899999999999842,0.3206999694037303,0.786037144775084
Belgium,BE,2026-04,2026-04-01,belgium__non_profit_sector,Belgique · secteur non-marchand (Maribel social),Belgium · non-profit sector (Maribel social),5.35,11715.4835,0.1307,0.25,1531.213693,2928.870875,878.661263,415.899664,134.72806,101.924706,1037.991838,445.188373,275.313862,171.046059,117.154835,35.146451,847.029457,393.182743,1179.54823,0.0,0.0,35146.4505,2535.688132,0.21643905107857192,10184.269807,10184.27,122211.24,6070.0,116141.24,55144.19,52156.21,4346.35,5837.919807,14251.171632,4066.901825,8413.251825,1.3993317049103553,2.4411386425139328,21.89810000000034,19.036019000001033,8.856018999999833,26.05873900000006,7.0227209999998195,17.202720999999656,0.8693000305962955,0.40441951584839303,1.1899999999999842,0.32070001506978735,0.7855805298176275
Belgium,BE,2026-04,2026-04-01,belgium__non_profit_sector,Belgique · secteur non-marchand (Maribel social),Belgium · non-profit sector (Maribel social),5.36,11737.3816,0.1307,0.25,1534.075775,2934.3454,880.30362,416.677047,134.979888,102.11522,1039.93201,446.020501,275.828468,171.365771,117.373816,35.212145,848.61269,394.496629,1183.489888,0.0,0.0,35212.1448,2539.848771,0.2163897244907388,10203.305825,10203.3,122439.6,6070.0,116369.6,55266.37,52278.39,4356.53,5846.775825,14277.230371,4073.924546,8430.454546,1.399274962027768,2.4418980303490074,21.89810000000034,19.036017999998876,8.856017999999494,26.05873900000006,7.022721000000274,17.202721000001475,0.8692999849301346,0.4044194701823152,1.1899999999999842,0.3207000150698081,0.7855805298177105
Belgium,BE,2026-04,2026-04-01,belgium__non_profit_sector,Belgique · secteur non-marchand (Maribel social),Belgium · non-profit sector (Maribel social),5.37,11759.2797,0.1307,0.25,1536.937857,2939.819925,881.945978,417.454429,135.231717,102.305733,1041.872181,446.852629,276.343073,171.685484,117.592797,35.277839,850.195922,395.810515,1187.431546,0.0,0.0,35277.8391,2544.00941,0.21634058161459216,10222.341843,10222.34,122668.08,6070.0,116598.08,55388.6,52400.62,4366.72,5855.621843,14303.28911,4080.947266,8447.667266,1.3992184304780768,2.442659292668007,21.89809999999852,19.036018000000695,8.846018000000186,26.05873900000006,7.022719999999936,17.212719999999536,0.8692999849302898,0.40396280955885594,1.190000000000083,0.32069996940375695,0.7860371447751493
Belgium,BE,2026-04,2026-04-01,belgium__non_profit_sector,Belgique · secteur non-marchand (Maribel social),Belgium · non-profit sector (Maribel social),5.38,11781.1778,0.1307,0.25,1539.799938,2945.29445,883.588335,418.231812,135.483545,102.496247,1043.812353,447.684756,276.857678,172.005196,117.811778,35.343533,851.779155,397.124401,1191.373204,0.0,0.0,35343.5334,2548.170049,0.21629162142571742,10241.377862,10241.38,122896.56,6070.0,116826.56,55510.84,52522.86,4376.91,5864.467862,14329.347849,4087.969987,8464.879987,1.3991621090828454,2.4434182583965605,21.89810000000034,19.036018999999214,8.846019000000524,26.05873900000006,7.0227209999998195,17.212720999999874,0.8693000305962124,0.40396285522490016,1.1899999999999842,0.32070001506978735,0.7860371904411618
Belgium,BE,2026-04,2026-04-01,belgium__non_profit_sector,Belgique · secteur non-marchand (Maribel social),Belgium · non-profit sector (Maribel social),5.39,11803.0759,0.1307,0.25,1542.66202,2950.768975,885.230693,419.009194,135.735373,102.68676,1045.752525,448.516884,277.372284,172.324908,118.030759,35.409228,853.362388,398.438287,1195.314862,0.0,0.0,35409.2277,2552.330688,0.21624284290730236,10260.41388,10260.42,123125.04,6070.0,117055.04,55633.08,52645.1,4387.09,5873.32388,14355.406588,4094.992708,8482.082708,1.3991059966723827,2.444170776426586,21.89810000000034,19.036018000000695,8.856017999999494,26.05873900000006,7.022721000000274,17.202720999999656,0.8692999849302177,0.4044194701823152,1.1899999999999842,0.3207000150698081,0.7855805298176275
Belgium,BE,2026-04,2026-04-01,belgium__non_profit_sector,Belgique · secteur non-marchand (Maribel social),Belgium · non-profit sector (Maribel social),5.4,11824.974,0.1307,0.25,1545.524102,2956.2435,886.87305,419.786577,135.987201,102.877274,1047.692696,449.349012,277.886889,172.64462,118.24974,35.474922,854.94562,399.752173,1199.25652,0.0,0.0,35474.922,2556.491327,0.21619424505006665,10279.449898,10279.45,123353.4,6070.0,117283.4,55755.25,52767.27,4397.27,5882.179898,14381.465327,4102.015428,8499.285428,1.3990500920856628,2.444921028523375,21.89810000000034,19.036018000000695,8.856018000000404,26.05873900000006,7.022719999999481,17.202719999999317,0.8692999849302177,0.40441947018235674,1.1899999999999842,0.32069996940370954,0.7855804841515497
Belgium,BE,2026-04,2026-04-01,belgium__non_profit_sector,Belgique · secteur non-marchand (Maribel social),Belgium · non-profit sector (Maribel social),5.41,11846.8721,0.1307,0.25,1548.386183,2961.718025,888.515408,420.56396,136.239029,103.067787,1049.632868,450.18114,278.401494,172.964333,118.468721,35.540616,856.528853,401.066059,1203.198178,0.0,0.0,35540.6163,2560.651966,0.21614582685219222,10298.485917,10298.48,123581.76,6070.0,117511.76,55877.42,52889.44,4407.45,5891.035917,14407.524066,4109.038149,8516.488149,1.398994394170243,2.445669024906088,21.89810000000034,19.036018999999214,8.856018999999833,26.05873900000006,7.022721000000274,17.202721000001475,0.8693000305962124,0.40441951584839303,1.1899999999999842,0.3207000150698081,0.7855805298177105
Belgium,BE,2026-04,2026-04-01,belgium__non_profit_sector,Belgique · secteur non-marchand (Maribel social),Belgium · non-profit sector (Maribel social),5.42,11868.7702,0.1307,0.25,1551.248265,2967.19255,890.157765,421.341342,136.490857,103.258301,1051.57304,451.013268,278.9161,173.284045,118.687702,35.606311,858.112085,402.379945,1207.139836,0.0,0.0,35606.3106,2564.812605,0.2160975873192546,10317.521935,10317.52,123810.24,6070.0,117740.24,55999.66,53011.68,4417.64,5899.881935,14433.582805,4116.06087,8533.70087,1.3989389017821863,2.4464189222812247,21.89810000000034,19.036018000000695,8.846018000000186,26.05873900000006,7.022721000000274,17.212720999999874,0.8692999849302177,0.40396280955882236,1.1899999999999842,0.3207000150698081,0.7860371904411618
Belgium,BE,2026-04,2026-04-01,belgium__non_profit_sector,Belgique · secteur non-marchand (Maribel social),Belgium · non-profit sector (Maribel social),5.43,11890.6683,0.1307,0.25,1554.110347,2972.667075,891.800123,422.118725,136.742685,103.448814,1053.513211,451.845395,279.430705,173.603757,118.906683,35.672005,859.695318,403.693831,1211.081494,0.0,0.0,35672.0049,2568.973244,0.21604952546415465,10336.557953,10336.56,124038.72,6070.0,117968.72,56121.9,53133.92,4427.83,5908.727953,14459.641544,4123.08359,8550.91359,1.3988836137859824,2.447166574297976,21.89809999999852,19.036017999998876,8.846017999999276,26.05873900000006,7.022719999999936,17.212719999999536,0.8692999849302068,0.40396280955881436,1.190000000000083,0.32069996940375695,0.7860371447751493
Belgium,BE,2026-04,2026-04-01,belgium__non_profit_sector,Belgique · secteur non-marchand (Maribel social),Belgium · non-profit sector (Maribel social),5.44,11912.5664,0.1307,0.25,1556.972428,2978.1416,893.44248,422.896107,136.994514,103.639328,1055.453383,452.677523,279.94531,173.923469,119.125664,35.737699,861.278551,405.007717,1215.023152,0.0,0.0,35737.6992,2573.133883,0.21600164030705143,10355.593972,10355.6,124267.2,6070.0,118197.2,56244.13,53256.15,4438.01,5917.583972,14485.700283,4130.106311,8568.116311,1.3988285290544706,2.4479078543512154,21.89810000000034,19.036019000001033,8.856019000000742,26.05873900000006,7.022720999999365,17.202720999999656,0.8693000305962955,0.40441951584843455,1.1899999999999842,0.3207000150697666,0.7855805298176275
Belgium,BE,2026-04,2026-04-01,belgium__non_profit_sector,Belgique · secteur non-marchand (Maribel social),Belgium · non-profit sector (Maribel social),5.45,11934.4645,0.1307,0.25,1559.83451,2983.616125,895.084838,423.67349,137.246342,103.829841,1057.393555,453.509651,280.459916,174.243182,119.344645,35.803394,862.861783,406.321603,1218.96481,0.0,0.0,35803.3935,2577.294522,0.21595393087529538,10374.62999,10374.63,124495.56,6070.0,118425.56,56366.3,53378.32,4448.19,5926.43999,14511.759022,4137.129032,8585.319032,1.3987736464687626,2.4486469189801015,21.89810000000034,19.036017999998876,8.856017999999494,26.05873900000006,7.022721000000274,17.202720999999656,0.8692999849301346,0.4044194701823152,1.1899999999999842,0.3207000150698081,0.7855805298176275
Belgium,BE,2026-04,2026-04-01,belgium__non_profit_sector,Belgique · secteur non-marchand (Maribel social),Belgium · non-profit sector (Maribel social),5.46,11956.3626,0.1307,0.25,1562.696592,2989.09065,896.727195,424.450872,137.49817,104.020355,1059.333726,454.341779,280.974521,174.562894,119.563626,35.869088,864.445016,407.635489,1222.906468,0.0,0.0,35869.0878,2581.455161,0.2159063962033626,10393.666008,10393.66,124723.92,6070.0,118653.92,56488.48,53500.5,4458.38,5935.286008,14537.817761,4144.151752,8602.531752,1.398718964918167,2.449387904918259,21.89810000000034,19.036018000000695,8.846018000000186,26.05873900000006,7.022719999999936,17.212720000001354,0.8692999849302177,0.40396280955882236,1.1899999999999842,0.3206999694037303,0.7860371447751671
Belgium,BE,2026-04,2026-04-01,belgium__non_profit_sector,Belgique · secteur non-marchand (Maribel social),Belgium · non-profit sector (Maribel social),5.47,11978.2607,0.1307,0.25,1565.558673,2994.565175,898.369553,425.228255,137.749998,104.210868,1061.273898,455.173907,281.489126,174.882606,119.782607,35.934782,866.028249,408.949375,1226.848126,0.0,0.0,35934.7821,2585.6158,0.21585903533278974,10412.702027,10412.7,124952.4,6070.0,118882.4,56610.71,53622.73,4468.56,5944.142027,14563.8765,4151.174473,8619.734473,1.3986644833001147,2.4501225634774406,21.89810000000034,19.036018999999214,8.856018999999833,26.05873900000006,7.022721000000274,17.202720999999656,0.8693000305962124,0.40441951584839303,1.1899999999999842,0.3207000150698081,0.7855805298176275
Belgium,BE,2026-04,2026-04-01,belgium__non_profit_sector,Belgique · secteur non-marchand (Maribel social),Belgium · non-profit sector (Maribel social),5.48,12000.1588,0.1307,0.25,1568.420755,3000.0397,900.01191,426.005637,138.001826,104.401382,1063.21407,456.006034,282.003732,175.202318,120.001588,36.000476,867.611481,410.263261,1230.789784,0.0,0.0,36000.4764,2589.776439,0.21581184731210945,10431.738045,10431.74,125180.88,6070.0,119110.88,56732.95,53744.97,4478.75,5952.988045,14589.935239,4158.197194,8636.947194,1.3986102005200847,2.450859153213503,21.89809999999852,19.036018000000695,8.846018000000186,26.05873900000006,7.022721000000274,17.212720999999874,0.8692999849302898,0.40396280955885594,1.190000000000083,0.32070001506983475,0.7860371904412271
Belgium,BE,2026-04,2026-04-01,belgium__non_profit_sector,Belgique · secteur non-marchand (Maribel social),Belgium · non-profit sector (Maribel social),5.49,12022.0569,0.1307,0.25,1571.282837,3005.514225,901.654268,426.78302,138.253654,104.591895,1065.154241,456.838162,282.518337,175.522031,120.220569,36.066171,869.194714,411.577147,1234.731442,0.0,0.0,36066.1707,2593.937078,0.21576483119678685,10450.774063,10450.78,125409.36,6070.0,119339.36,56855.19,53867.21,4488.93,5961.844063,14615.993978,4165.219914,8654.149914,1.3985561154915296,2.451589444943504,21.89810000000034,19.036018000000695,8.856017999999494,26.05873900000006,7.022719999999936,17.202719999999317,0.8692999849302177,0.4044194701823152,1.1899999999999842,0.3206999694037303,0.7855804841515497
Belgium,BE,2026-04,2026-04-01,belgium__non_profit_sector,Belgique · secteur non-marchand (Maribel social),Belgium · non-profit sector (Maribel social),5.5,12043.955,0.1307,0.25,1574.144919,3010.98875,903.296625,427.560403,138.505483,104.782409,1067.094413,457.67029,283.032943,175.841743,120.43955,36.131865,870.777947,412.891033,1238.6731,0.0,0.0,36131.865,2598.097717,0.21571798604915635,10469.810082,10469.82,125637.84,6070.0,119567.84,56977.42,53989.44,4499.12,5970.690082,14642.052717,4172.242635,8671.362635,1.3985022271358063,2.4523216775284684,21.89810000000034,19.036018999999214,8.846019000000524,26.05873900000006,7.022720999999365,17.212720999999874,0.8693000305962124,0.40396285522490016,1.1899999999999842,0.3207000150697666,0.7860371904411618
Belgium,BE,2026-04,2026-04-01,belgium__non_profit_sector,Belgique · secteur non-marchand (Maribel social),Belgium · non-profit sector (Maribel social),5.51,12065.8531,0.1307,0.25,1577.007,3016.463275,904.938983,428.337785,138.757311,104.972922,1069.034585,458.502418,283.547548,176.161455,120.658531,36.197559,872.361179,414.204919,1242.614758,0.0,0.0,36197.5593,2602.258356,0.2156713109383593,10488.8461,10488.84,125866.08,6070.0,119796.08,57099.53,54111.55,4509.3,5979.5461,14668.111456,4179.265356,8688.565356,1.3984485343820998,2.4530476412053566,21.89810000000034,19.036018000000695,8.856017999999494,26.05873900000006,7.022721000000274,17.202720999999656,0.8692999849302177,0.4044194701823152,1.1899999999999842,0.3207000150698081,0.7855805298176275
Belgium,BE,2026-04,2026-04-01,belgium__non_profit_sector,Belgique · secteur non-marchand (Maribel social),Belgium · non-profit sector (Maribel social),5.52,12087.7512,0.1307,0.25,1579.869082,3021.9378,906.58134,429.115168,139.009139,105.163435,1070.974756,459.334546,284.062153,176.481168,120.877512,36.263254,873.944412,415.518805,1246.556416,0.0,0.0,36263.2536,2606.418995,0.21562480494028258,10507.882118,10507.88,126094.56,6070.0,120024.56,57221.77,54233.79,4519.48,5988.402118,14694.170195,4186.288077,8705.768077,1.3983950361673558,2.4537714576825387,21.89810000000034,19.036017999998876,8.856018000000404,26.05873900000006,7.022721000000274,17.202721000001475,0.8692999849301346,0.40441947018235674,1.1899999999999842,0.3207000150698081,0.7855805298177105
Belgium,BE,2026-04,2026-04-01,belgium__non_profit_sector,Belgique · secteur non-marchand (Maribel social),Belgium · non-profit sector (Maribel social),5.53,12109.6493,0.1307,0.25,1582.731164,3027.412325,908.223698,429.89255,139.260967,105.353949,1072.914928,460.166673,284.576759,176.80088,121.096493,36.328948,875.527644,416.832691,1250.498074,0.0,0.0,36328.9479,2610.579634,0.2155784671374973,10526.918136,10526.92,126323.04,6070.0,120253.04,57344.01,54356.03,4529.67,5997.248136,14720.228934,4193.310797,8722.980797,1.3983417314362099,2.4544972291711695,21.89809999999852,19.036018000000695,8.846018000000186,26.05873900000006,7.022719999999936,17.212719999999536,0.8692999849302898,0.40396280955885594,1.190000000000083,0.32069996940375695,0.7860371447751493
Belgium,BE,2026-04,2026-04-01,belgium__non_profit_sector,Belgique · secteur non-marchand (Maribel social),Belgium · non-profit sector (Maribel social),5.54,12131.5474,0.1307,0.25,1585.593245,3032.88685,909.866055,430.669933,139.512795,105.544462,1074.8551,460.998801,285.091364,177.120592,121.315474,36.394642,877.110877,418.146577,1254.439732,0.0,0.0,36394.6422,2614.740273,0.2155322966191985,10545.954155,10545.96,126551.52,6070.0,120481.52,57466.24,54478.26,4539.86,6006.094155,14746.287673,4200.333518,8740.193518,1.3982886191409163,2.45522086276861,21.89810000000034,19.036018999999214,8.846018999999615,26.05873900000006,7.022721000000274,17.212720999999874,0.8693000305962124,0.40396285522485864,1.1899999999999842,0.3207000150698081,0.7860371904411618
Belgium,BE,2026-04,2026-04-01,belgium__non_profit_sector,Belgique · secteur non-marchand (Maribel social),Belgium · non-profit sector (Maribel social),5.55,12153.4455,0.1307,0.25,1588.455327,3038.361375,911.508413,431.447315,139.764623,105.734976,1076.795271,461.830929,285.605969,177.440304,121.534455,36.460337,878.69411,419.460463,1258.38139,0.0,0.0,36460.3365,2618.900912,0.21548629248114592,10564.990173,10564.99,126779.88,6070.0,120709.88,57588.42,54600.44,4550.04,6014.950173,14772.346412,4207.356239,8757.396239,1.3982356982412814,2.4559382848437563,21.89810000000034,19.036018000000695,8.856018000000404,26.05873900000006,7.022720999999365,17.202720999999656,0.8692999849302177,0.40441947018235674,1.1899999999999842,0.3207000150697666,0.7855805298176275
Belgium,BE,2026-04,2026-04-01,belgium__non_profit_sector,Belgique · secteur non-marchand (Maribel social),Belgium · non-profit sector (Maribel social),5.56,12175.3436,0.1307,0.25,1591.317409,3043.8359,913.15077,432.224698,140.016451,105.925489,1078.735443,462.663057,286.120575,177.760017,121.753436,36.526031,880.277342,420.774349,1262.323048,0.0,0.0,36526.0308,2623.061551,0.21544045382560428,10584.026191,10584.02,127008.24,6070.0,120938.24,57710.59,54722.61,4560.22,6023.806191,14798.405151,4214.378959,8774.598959,1.3981829677045947,2.4566535974542734,21.89810000000034,19.036018000000695,8.856017999999494,26.05873900000006,7.022719999999936,17.202720000001136,0.8692999849302177,0.4044194701823152,1.1899999999999842,0.3206999694037303,0.7855804841516327
Belgium,BE,2026-04,2026-04-01,belgium__non_profit_sector,Belgique · secteur non-marchand (Maribel social),Belgium · non-profit sector (Maribel social),5.57,12197.2417,0.1307,0.25,1594.17949,3049.310425,914.793128,433.00208,140.26828,106.116003,1080.675615,463.495185,286.63518,178.079729,121.972417,36.591725,881.860575,422.088235,1266.264706,0.0,0.0,36591.7251,2627.22219,0.21539477976128543,10603.06221,10603.06,127236.72,6070.0,121166.72,57832.83,54844.85,4570.4,6032.66221,14824.46389,4221.40168,8791.80168,1.3981304265055625,2.4573668098903165,21.89810000000034,19.036018999999214,8.856019000000742,26.05873900000006,7.022721000000274,17.202720999999656,0.8693000305962124,0.40441951584843455,1.1899999999999842,0.3207000150698081,0.7855805298176275
Belgium,BE,2026-04,2026-04-01,belgium__non_profit_sector,Belgique · secteur non-marchand (Maribel social),Belgium · non-profit sector (Maribel social),5.58,12219.1398,0.1307,0.25,1597.041572,3054.78495,916.435485,433.779463,140.520108,106.306516,1082.615786,464.327312,287.149785,178.399441,122.191398,36.657419,883.443808,423.402121,1270.206364,0.0,0.0,36657.4194,2631.382829,0.2153492694032903,10622.098228,10622.1,127465.2,6070.0,121395.2,57955.06,54967.08,4580.59,6041.508228,14850.522629,4228.424401,8809.014401,1.39807807362624,2.4580820000370505,21.89810000000034,19.036018000000695,8.846017999999276,26.05873899999824,7.022721000000274,17.212720999999874,0.8692999849302177,0.40396280955878083,1.1899999999999011,0.3207000150698081,0.7860371904411618
Belgium,BE,2026-04,2026-04-01,belgium__non_profit_sector,Belgique · secteur non-marchand (Maribel social),Belgium · non-profit sector (Maribel social),5.59,12241.0379,0.1307,0.25,1599.903654,3060.259475,918.077843,434.556845,140.771936,106.49703,1084.555958,465.15944,287.664391,178.719153,122.410379,36.723114,885.02704,424.716007,1274.148022,0.0,0.0,36723.1137,2635.543468,0.21530392187305183,10641.134246,10641.14,127693.68,6070.0,121623.68,58077.3,55089.32,4590.78,6050.354246,14876.581368,4235.447121,8826.227121,1.3980259080559667,2.4587950988731304,21.89809999999852,19.036017999998876,8.846018000000186,26.05873900000006,7.022719999999936,17.212719999999536,0.8692999849302068,0.40396280955885594,1.190000000000083,0.32069996940375695,0.7860371447751493
Belgium,BE,2026-04,2026-04-01,belgium__non_profit_sector,Belgique · secteur non-marchand (Maribel social),Belgium · non-profit sector (Maribel social),5.6,12262.936,0.1307,0.25,1602.765735,3065.734,919.7202,435.334228,141.023764,106.687543,1086.49613,465.991568,288.178996,179.038866,122.62936,36.788808,886.610273,426.029893,1278.08968,0.0,0.0,36788.808,2639.704107,0.21525873629827855,10660.170265,10660.17,127922.04,6070.0,121852.04,58199.47,55211.49,4600.96,6059.210265,14902.640107,4242.469842,8843.429842,1.3979739287913018,2.459502056438137,21.89810000000034,19.036019000001033,8.856018999999833,26.05873900000006,7.022721000000274,17.202720999999656,0.8693000305962955,0.40441951584839303,1.1899999999999842,0.3207000150698081,0.7855805298176275
Belgium,BE,2026-04,2026-04-01,belgium__non_profit_sector,Belgique · secteur non-marchand (Maribel social),Belgium · non-profit sector (Maribel social),5.61,12284.8341,0.1307,0.25,1605.627817,3071.208525,921.362558,436.111611,141.275592,106.878057,1088.436301,466.823696,288.693601,179.358578,122.848341,36.854502,888.193505,427.343779,1282.031338,0.0,0.0,36854.5023,2643.864746,0.21521371181289836,10679.206283,10679.2,128150.4,6070.0,122080.4,58321.64,55333.66,4611.14,6068.066283,14928.698846,4249.492563,8860.632563,1.397922134835958,2.460206950469602,21.89810000000034,19.036017999998876,8.856018000000404,26.05873900000006,7.022720999999365,17.202720999999656,0.8692999849301346,0.40441947018235674,1.1899999999999842,0.3207000150697666,0.7855805298176275
Belgium,BE,2026-04,2026-04-01,belgium__non_profit_sector,Belgique · secteur non-marchand (Maribel social),Belgium · non-profit sector (Maribel social),5.62,12306.7322,0.1307,0.25,1608.489899,3076.68305,923.004915,436.888993,141.52742,107.06857,1090.376473,467.655824,289.208207,179.67829,123.067322,36.920197,889.776738,428.657665,1285.972996,0.0,0.0,36920.1966,2648.025385,0.2151688475570035,10698.242301,10698.24,128378.88,6070.0,122308.88,58443.88,55455.9,4621.33,6076.912301,14954.757585,4256.515283,8877.845283,1.3978705252007402,2.4609138395947774,21.89810000000034,19.036018000000695,8.846018000000186,26.05873900000006,7.022719999999936,17.212720000001354,0.8692999849302177,0.40396280955882236,1.1899999999999842,0.3206999694037303,0.7860371447751671
Belgium,BE,2026-04,2026-04-01,belgium__non_profit_sector,Belgique · secteur non-marchand (Maribel social),Belgium · non-profit sector (Maribel social),5.63,12328.6303,0.1307,0.25,1611.35198,3082.157575,924.647273,437.666376,141.779248,107.259084,1092.316645,468.487951,289.722812,179.998002,123.286303,36.985891,891.359971,429.971551,1289.914654,0.0,0.0,36985.8909,2652.186024,0.2151241426767957,10717.27832,10717.28,128607.36,6070.0,122537.36,58566.12,55578.14,4631.51,6085.76832,14980.816324,4263.538004,8895.048004,1.3978190989034807,2.461614628830236,21.89810000000034,19.036018999999214,8.856018999999833,26.05873900000006,7.022721000000274,17.202720999999656,0.8693000305962124,0.40441951584839303,1.1899999999999842,0.3207000150698081,0.7855805298176275
Belgium,BE,2026-04,2026-04-01,belgium__non_profit_sector,Belgique · secteur non-marchand (Maribel social),Belgium · non-profit sector (Maribel social),5.64,12350.5284,0.1307,0.25,1614.214062,3087.6321,926.28963,438.443758,142.031077,107.449597,1094.256816,469.320079,290.237417,180.317715,123.505284,37.051585,892.943203,431.285437,1293.856312,0.0,0.0,37051.5852,2656.346663,0.21507959632453189,10736.314338,10736.32,128835.84,6070.0,122765.84,58688.35,55700.37,4641.7,6094.614338,15006.875063,4270.560725,8912.260725,1.3977678549689774,2.4623174215968233,21.89809999999852,19.036018000000695,8.846018000000186,26.05873900000006,7.022721000000274,17.212720999999874,0.8692999849302898,0.40396280955885594,1.190000000000083,0.32070001506983475,0.7860371904412271
Belgium,BE,2026-04,2026-04-01,belgium__non_profit_sector,Belgique · secteur non-marchand (Maribel social),Belgium · non-profit sector (Maribel social),5.65,12372.4265,0.1307,0.25,1617.076144,3093.106625,927.931988,439.221141,142.282905,107.640111,1096.196988,470.152207,290.752023,180.637427,123.724265,37.11728,894.526436,432.599323,1297.79797,0.0,0.0,37117.2795,2660.507302,0.21503520765847076,10755.350356,10755.35,129064.2,6070.0,122994.2,58810.53,55822.55,4651.88,6103.470356,15032.933802,4277.583445,8929.463445,1.3977167924289322,2.463014141746462,21.89810000000034,19.036018000000695,8.856017999999494,26.05873900000006,7.022719999999936,17.202719999999317,0.8692999849302177,0.4044194701823152,1.1899999999999842,0.3206999694037303,0.7855804841515497
Belgium,BE,2026-04,2026-04-01,belgium__non_profit_sector,Belgique · secteur non-marchand (Maribel social),Belgium · non-profit sector (Maribel social),5.66,12394.3246,0.1307,0.25,1619.938225,3098.58115,929.574345,439.998523,142.534733,107.830624,1098.13716,470.984335,291.266628,180.957139,123.943246,37.182974,896.109669,433.913209,1301.739628,0.0,0.0,37182.9738,2664.667941,0.21499097584281976,10774.386375,10774.38,129292.56,6070.0,123222.56,58932.7,55944.72,4662.06,6112.326375,15058.992541,4284.606166,8946.666166,1.3976659103218907,2.4637088429703957,21.89810000000034,19.036018999999214,8.856018999999833,26.05873900000006,7.022720999999365,17.202721000001475,0.8693000305962124,0.40441951584839303,1.1899999999999842,0.3207000150697666,0.7855805298177105
Belgium,BE,2026-04,2026-04-01,belgium__non_profit_sector,Belgique · secteur non-marchand (Maribel social),Belgium · non-profit sector (Maribel social),5.67,12416.2227,0.1307,0.25,1622.800307,3104.055675,931.216703,440.775906,142.786561,108.021137,1100.077331,471.816463,291.781233,181.276851,124.162227,37.248668,897.692901,435.227095,1305.681286,0.0,0.0,37248.6681,2668.82858,0.21494690004768252,10793.422393,10793.42,129521.04,6070.0,123451.04,59054.94,56066.96,4672.25,6121.172393,15085.05128,4291.628887,8963.878887,1.3976152076931811,2.464405560060099,21.89810000000034,19.036018000000695,8.846018000000186,26.05873900000006,7.022721000000274,17.212720999999874,0.8692999849302177,0.40396280955882236,1.1899999999999842,0.3207000150698081,0.7860371904411618
Belgium,BE,2026-04,2026-04-01,belgium__non_profit_sector,Belgique · secteur non-marchand (Maribel social),Belgium · non-profit sector (Maribel social),5.68,12438.1208,0.1307,0.25,1625.662389,3109.5302,932.85906,441.553288,143.038389,108.211651,1102.017503,472.64859,292.295839,181.596564,124.381208,37.314362,899.276134,436.540981,1309.622944,0.0,0.0,37314.3624,2672.989219,0.21490297944900702,10812.458411,10812.46,129749.52,6070.0,123679.52,59177.17,56189.19,4682.43,6130.028411,15111.110019,4298.651607,8981.081607,1.3975646835948548,2.4650962449808502,21.89810000000034,19.036017999998876,8.856018000000404,26.05873900000006,7.022719999999936,17.202719999999317,0.8692999849301346,0.40441947018235674,1.1899999999999842,0.3206999694037303,0.7855804841515497
Belgium,BE,2026-04,2026-04-01,belgium__non_profit_sector,Belgique · secteur non-marchand (Maribel social),Belgium · non-profit sector (Maribel social),5.69,12460.0189,0.1307,0.25,1628.52447,3115.004725,934.501418,442.330671,143.290217,108.402164,1103.957675,473.480718,292.810444,181.916276,124.600189,37.380057,900.859366,437.854867,1313.564602,0.0,0.0,37380.0567,2677.149858,0.21485921322853424,10831.49443,10831.5,129978.0,6070.0,123908.0,59299.41,56311.43,4692.62,6138.87443,15137.168758,4305.674328,8998.294328,1.3975143370856256,2.4657889537958506,21.89809999999852,19.036019000001033,8.846018999999615,26.05873900000006,7.022721000000274,17.212720999999874,0.8693000305963676,0.4039628552248922,1.190000000000083,0.32070001506983475,0.7860371904412271
Belgium,BE,2026-04,2026-04-01,belgium__non_profit_sector,Belgique · secteur non-marchand (Maribel social),Belgium · non-profit sector (Maribel social),5.7,12481.917,0.1307,0.25,1631.386552,3120.47925,936.143775,443.108054,143.542046,108.592678,1105.897846,474.312846,293.32505,182.235988,124.81917,37.445751,902.442599,439.168753,1317.50626,0.0,0.0,37445.751,2681.310497,0.21481560057374732,10850.530448,10850.53,130206.36,6070.0,124136.36,59421.58,56433.6,4702.8,6147.730448,15163.227497,4312.697049,9015.497049,1.397464167230815,2.466475657102529,21.89810000000034,19.036017999998876,8.856018000000404,26.05873900000006,7.022721000000274,17.202720999999656,0.8692999849301346,0.40441947018235674,1.1899999999999842,0.3207000150698081,0.7855805298176275
Belgium,BE,2026-04,2026-04-01,belgium__non_profit_sector,Belgique · secteur non-marchand (Maribel social),Belgium · non-profit sector (Maribel social),5.71,12503.8151,0.1307,0.25,1634.248634,3125.953775,937.786133,443.885436,143.793874,108.783191,1107.838018,475.144974,293.839655,182.5557,125.038151,37.511445,904.025832,440.482639,1321.447918,0.0,0.0,37511.4453,2685.471136,0.21477214067782133,10869.566466,10869.57,130434.84,6070.0,124364.84,59543.82,56555.84,4712.99,6156.576466,15189.286236,4319.719769,9032.709769,1.3974141731022907,2.4671643921730486,21.89810000000034,19.036018000000695,8.846018000000186,26.05873900000006,7.022719999999936,17.212719999999536,0.8692999849302177,0.40396280955882236,1.1899999999999842,0.3206999694037303,0.786037144775084
Belgium,BE,2026-04,2026-04-01,belgium__non_profit_sector,Belgique · secteur non-marchand (Maribel social),Belgium · non-profit sector (Maribel social),5.72,12525.7132,0.1307,0.25,1637.110715,3131.4283,939.42849,444.662819,144.045702,108.973705,1109.77819,475.977102,294.35426,182.875413,125.257132,37.57714,905.609064,441.796525,1325.389576,0.0,0.0,37577.1396,2689.631775,0.2147288327395734,10888.602485,10888.6,130663.2,6070.0,124593.2,59665.99,56678.01,4723.17,6165.432485,15215.344975,4326.74249,9049.91249,1.397364353778412,2.467847148156542,21.89810000000034,19.036018999999214,8.856018999999833,26.05873900000006,7.022720999999365,17.202721000001475,0.8693000305962124,0.40441951584839303,1.1899999999999842,0.3207000150697666,0.7855805298177105
Belgium,BE,2026-04,2026-04-01,belgium__non_profit_sector,Belgique · secteur non-marchand (Maribel social),Belgium · non-profit sector (Maribel social),5.73,12547.6113,0.1307,0.25,1639.972797,3136.902825,941.070848,445.440201,144.29753,109.164218,1111.718361,476.809229,294.868866,183.195125,125.476113,37.642834,907.192297,443.110411,1329.331234,0.0,0.0,37642.8339,2693.792414,0.2146856759634136,10907.638503,10907.64,130891.68,6070.0,124821.68,59788.23,56800.25,4733.35,6174.288503,15241.403714,4333.765211,9067.115211,1.3973147083439705,2.4685279455339537,21.89810000000034,19.036018000000695,8.856017999999494,26.05873900000006,7.022721000000274,17.202720999999656,0.8692999849302177,0.4044194701823152,1.1899999999999842,0.3207000150698081,0.7855805298176275
Belgium,BE,2026-04,2026-04-01,belgium__non_profit_sector,Belgique · secteur non-marchand (Maribel social),Belgium · non-profit sector (Maribel social),5.74,12569.5094,0.1307,0.25,1642.834879,3142.37735,942.713205,446.217584,144.549358,109.354732,1113.658533,477.641357,295.383471,183.514837,125.695094,37.708528,908.77553,444.424297,1333.272892,0.0,0.0,37708.5282,2697.953053,0.21464266955929612,10926.674521,10926.68,131120.16,6070.0,125050.16,59910.47,56922.49,4743.54,6183.134521,15267.462453,4340.787931,9084.327931,1.397265235890137,2.469210786175874,21.89810000000034,19.036018000000695,8.846018000000186,26.05873900000006,7.022719999999936,17.212719999999536,0.8692999849302177,0.40396280955882236,1.1899999999999842,0.3206999694037303,0.786037144775084
Belgium,BE,2026-04,2026-04-01,belgium__non_profit_sector,Belgique · secteur non-marchand (Maribel social),Belgium · non-profit sector (Maribel social),5.75,12591.4075,0.1307,0.25,1645.69696,3147.851875,944.355563,446.994966,144.801186,109.545245,1115.598705,478.473485,295.898076,183.83455,125.914075,37.774223,910.358762,445.738183,1337.21455,0.0,0.0,37774.2225,2702.113692,0.21459981274267126,10945.71054,10945.71,131348.52,6070.0,125278.52,60032.64,57044.66,4753.72,6191.99054,15293.521192,4347.810652,9101.530652,1.3972159355144038,2.4698876869221023,21.89809999999852,19.036018999999214,8.856018999999833,26.05873900000006,7.022721000000274,17.202720999999656,0.8693000305962846,0.4044195158484266,1.190000000000083,0.32070001506983475,0.7855805298176928
Belgium,BE,2026-04,2026-04-01,belgium__non_profit_sector,Belgique · secteur non-marchand (Maribel social),Belgium · non-profit sector (Maribel social),5.76,12613.3056,0.1307,0.25,1648.559042,3153.3264,945.99792,447.772349,145.053014,109.735759,1117.538876,479.305613,296.412682,184.154262,126.133056,37.839917,911.941995,447.052069,1341.156208,0.0,0.0,37839.9168,2706.274331,0.21455710473443748,10964.746558,10964.75,131577.0,6070.0,125507.0,60154.88,57166.9,4763.91,6200.836558,15319.579931,4354.833373,9118.743373,1.397166806320531,2.4705666384166323,21.89810000000034,19.036018000000695,8.846018000000186,26.05873900000006,7.022721000000274,17.212720999999874,0.8692999849302177,0.40396280955882236,1.1899999999999842,0.3207000150698081,0.7860371904411618
Belgium,BE,2026-04,2026-04-01,belgium__non_profit_sector,Belgique · secteur non-marchand (Maribel social),Belgium · non-profit sector (Maribel social),5.77,12635.2037,0.1307,0.25,1651.421124,3158.800925,947.640278,448.549731,145.304843,109.926272,1119.479048,480.137741,296.927287,184.473974,126.352037,37.905611,913.525228,448.365955,1345.097866,0.0,0.0,37905.6111,2710.43497,0.21451454476089427,10983.782576,10983.78,131805.36,6070.0,125735.36,60277.05,57289.07,4774.09,6209.692576,15345.63867,4361.856093,9135.946093,1.397117847418491,2.4712396758517827,21.89810000000034,19.036017999998876,8.856018000000404,26.05873900000006,7.022719999999936,17.202720000001136,0.8692999849301346,0.40441947018235674,1.1899999999999842,0.3206999694037303,0.7855804841516327
Belgium,BE,2026-04,2026-04-01,belgium__non_profit_sector,Belgique · secteur non-marchand (Maribel social),Belgium · non-profit sector (Maribel social),5.78,12657.1018,0.1307,0.25,1654.283205,3164.27545,949.282635,449.327114,145.556671,110.116786,1121.419219,480.969868,297.441892,184.793686,126.571018,37.971305,915.10846,449.679841,1349.039524,0.0,0.0,37971.3054,2714.595609,0.2144721320536955,11002.818595,11002.82,132033.84,6070.0,125963.84,60399.28,57411.3,4784.28,6218.538595,15371.697409,4368.878814,9153.158814,1.3970690579244167,2.4719147713691023,21.89810000000034,19.036019000001033,8.846018999999615,26.05873900000006,7.022720999999365,17.212720999999874,0.8693000305962955,0.40396285522485864,1.1899999999999842,0.3207000150697666,0.7860371904411618
Belgium,BE,2026-04,2026-04-01,belgium__non_profit_sector,Belgique · secteur non-marchand (Maribel social),Belgium · non-profit sector (Maribel social),5.79,12678.9999,0.1307,0.25,1657.145287,3169.749975,950.924993,450.104496,145.808499,110.307299,1123.359391,481.801996,297.956498,185.113399,126.789999,38.037,916.691693,450.993727,1352.981182,0.0,0.0,38036.9997,2718.756248,0.21442986584980306,11021.854613,11021.85,132262.2,6070.0,126192.2,60521.46,57533.48,4794.46,6227.394613,15397.756148,4375.901535,9170.361535,1.3970204369605463,2.472583978434576,21.89810000000034,19.036017999998876,8.856018000000404,26.05873900000006,7.022721000000274,17.202720999999656,0.8692999849301346,0.40441947018235674,1.1899999999999842,0.3207000150698081,0.7855805298176275
Belgium,BE,2026-04,2026-04-01,belgium__non_profit_sector,Belgique · secteur non-marchand (Maribel social),Belgium · non-profit sector (Maribel social),5.8,12700.898,0.1307,0.25,1660.007369,3175.2245,952.56735,450.881879,146.060327,110.497813,1125.299563,482.634124,298.471103,185.433111,127.00898,38.102694,918.274925,452.307613,1356.92284,0.0,0.0,38102.694,2722.916887,0.21438774539144134,11040.890631,11040.89,132490.68,6070.0,126420.68,60643.69,57655.71,4804.64,6236.250631,15423.814887,4382.924255,9187.564255,1.3969719836551724,2.473251284835567,21.89809999999852,19.036018000000695,8.856017999999494,26.05873900000006,7.022719999999936,17.202719999999317,0.8692999849302898,0.4044194701823488,1.190000000000083,0.32069996940375695,0.785580484151615
Belgium,BE,2026-04,2026-04-01,belgium__non_profit_sector,Belgique · secteur non-marchand (Maribel social),Belgium · non-profit sector (Maribel social),5.81,12722.7961,0.1307,0.25,1662.86945,3180.699025,954.209708,451.659262,146.312155,110.688326,1127.239734,483.466252,298.985708,185.752823,127.227961,38.168388,919.858158,453.621499,1360.864498,0.0,0.0,38168.3883,2727.077526,0.21434576992605162,11059.92665,11059.93,132719.16,6070.0,126649.16,60765.93,57777.95,4814.83,6245.09665,15449.873626,4389.946976,9204.776976,1.396923697142588,2.4739206600324795,21.89810000000034,19.036018999999214,8.846019000000524,26.05873900000006,7.022721000000274,17.212720999999874,0.8693000305962124,0.40396285522490016,1.1899999999999842,0.3207000150698081,0.7860371904411618
Belgium,BE,2026-04,2026-04-01,belgium__non_profit_sector,Belgique · secteur non-marchand (Maribel social),Belgium · non-profit sector (Maribel social),5.82,12744.6942,0.1307,0.25,1665.731532,3186.17355,955.852065,452.436644,146.563983,110.87884,1129.179906,484.29838,299.500314,186.072535,127.446942,38.234083,921.441391,454.935385,1364.806156,0.0,0.0,38234.0826,2731.238165,0.2143039387062474,11078.962668,11078.96,132947.52,6070.0,126877.52,60888.1,57900.12,4825.01,6253.952668,15475.932365,4396.969697,9221.979697,1.3968755765630363,2.474584184767641,21.89810000000034,19.036018000000695,8.856017999999494,26.05873900000006,7.022721000000274,17.202721000001475,0.8692999849302177,0.4044194701823152,1.1899999999999842,0.3207000150698081,0.7855805298177105
Belgium,BE,2026-04,2026-04-01,belgium__non_profit_sector,Belgique · secteur non-marchand (Maribel social),Belgium · non-profit sector (Maribel social),5.83,12766.5923,0.1307,0.25,1668.593614,3191.648075,957.494423,453.214027,146.815811,111.069353,1131.120078,485.130507,300.014919,186.392248,127.665923,38.299777,923.024623,456.249271,1368.747814,0.0,0.0,38299.7769,2735.398804,0.21426225098977014,11097.998686,11098.0,133176.0,6070.0,127106.0,61010.34,58022.36,4835.2,6262.798686,15501.991104,4403.992417,9239.192417,1.3968276210626598,2.4752497852684963,21.89810000000034,19.036018000000695,8.846018000000186,26.05873900000006,7.022719999999936,17.212719999999536,0.8692999849302177,0.40396280955882236,1.1899999999999842,0.3206999694037303,0.786037144775084
Belgium,BE,2026-04,2026-04-01,belgium__non_profit_sector,Belgique · secteur non-marchand (Maribel social),Belgium · non-profit sector (Maribel social),5.84,12788.4904,0.1307,0.25,1671.455695,3197.1226,959.13678,453.991409,147.06764,111.259866,1133.060249,485.962635,300.529524,186.71196,127.884904,38.365471,924.607856,457.563157,1372.689472,0.0,0.0,38365.4712,2739.559443,0.21422070603944515,11117.034705,11117.03,133404.36,6070.0,127334.36,61132.51,58144.53,4845.38,6271.654705,15528.049843,4411.015138,9256.395138,1.3967798297934488,2.475909560355798,21.89810000000034,19.036018999999214,8.856018999999833,26.05873900000006,7.022720999999365,17.202720999999656,0.8693000305962124,0.40441951584839303,1.1899999999999842,0.3207000150697666,0.7855805298176275
Belgium,BE,2026-04,2026-04-01,belgium__non_profit_sector,Belgique · secteur non-marchand (Maribel social),Belgium · non-profit sector (Maribel social),5.85,12810.3885,0.1307,0.25,1674.317777,3202.597125,960.779138,454.768792,147.319468,111.45038,1135.000421,486.794763,301.04413,187.031672,128.103885,38.431166,926.191089,458.877043,1376.63113,0.0,0.0,38431.1655,2743.720082,0.21417930312313843,11136.070723,11136.07,133632.84,6070.0,127562.84,61254.75,58266.77,4855.56,6280.510723,15554.108582,4418.037859,9273.597859,1.3967322019131927,2.4765674747726787,21.89809999999852,19.036018000000695,8.856018000000404,26.05873900000006,7.022721000000274,17.202720999999656,0.8692999849302898,0.40441947018239033,1.190000000000083,0.32070001506983475,0.7855805298176928
Belgium,BE,2026-04,2026-04-01,belgium__non_profit_sector,Belgique · secteur non-marchand (Maribel social),Belgium · non-profit sector (Maribel social),5.86,12832.2866,0.1307,0.25,1677.179859,3208.07165,962.421495,455.546174,147.571296,111.640893,1136.940593,487.626891,301.558735,187.351384,128.322866,38.49686,927.774321,460.190929,1380.572788,0.0,0.0,38496.8598,2747.880721,0.2141380415137133,11155.106741,11155.11,133861.32,6070.0,127791.32,61376.99,58389.01,4865.75,6289.356741,15580.167321,4425.060579,9290.810579,1.3966847365854287,2.477227475134141,21.89810000000034,19.036017999998876,8.846017999999276,26.05873900000006,7.022719999999936,17.212720000001354,0.8692999849301346,0.40396280955878083,1.1899999999999842,0.3206999694037303,0.7860371447751671
Belgium,BE,2026-04,2026-04-01,belgium__non_profit_sector,Belgique · secteur non-marchand (Maribel social),Belgium · non-profit sector (Maribel social),5.87,12854.1847,0.1307,0.25,1680.04194,3213.546175,964.063853,456.323557,147.823124,111.831407,1138.880764,488.459019,302.07334,187.671097,128.541847,38.562554,929.357554,461.504815,1384.514446,0.0,0.0,38562.5541,2752.04136,0.21409692048898804,11174.14276,11174.14,134089.68,6070.0,128019.68,61499.16,58511.18,4875.93,6298.21276,15606.22606,4432.0833,9308.0133,1.3966374329793951,2.4778816872463443,21.89810000000034,19.036019000001033,8.856019000000742,26.05873900000006,7.022721000000274,17.202720999999656,0.8693000305962955,0.40441951584843455,1.1899999999999842,0.3207000150698081,0.7855805298176275
Belgium,BE,2026-04,2026-04-01,belgium__non_profit_sector,Belgique · secteur non-marchand (Maribel social),Belgium · non-profit sector (Maribel social),5.88,12876.0828,0.1307,0.25,1682.904022,3219.0207,965.70621,457.100939,148.074952,112.02192,1140.820936,489.291146,302.587946,187.990809,128.760828,38.628248,930.940786,462.818701,1388.456104,0.0,0.0,38628.2484,2756.201999,0.21405593933169387,11193.178778,11193.18,134318.16,6070.0,128248.16,61621.4,58633.42,4886.12,6307.058778,15632.284799,4439.106021,9325.226021,1.3965902902699803,2.478537991923487,21.89810000000034,19.036017999998876,8.846017999999276,26.05873899999824,7.022720999999365,17.212720999999874,0.8692999849301346,0.40396280955878083,1.1899999999999011,0.3207000150697666,0.7860371904411618
Belgium,BE,2026-04,2026-04-01,belgium__non_profit_sector,Belgique · secteur non-marchand (Maribel social),Belgium · non-profit sector (Maribel social),5.89,12897.9809,0.1307,0.25,1685.766104,3224.495225,967.348568,457.878322,148.32678,112.212434,1142.761108,490.123274,303.102551,188.310521,128.979809,38.693943,932.524019,464.132587,1392.397762,0.0,0.0,38693.9427,2760.362638,0.21401509732943289,11212.214796,11212.21,134546.52,6070.0,128476.52,61743.57,58755.59,4896.3,6315.914796,15658.343538,4446.128741,9342.428741,1.3965433076376772,2.479188532857682,21.89810000000034,19.036018000000695,8.856018000000404,26.05873900000006,7.022720000000845,17.202719999999317,0.8692999849302177,0.40441947018235674,1.1899999999999842,0.3206999694037718,0.7855804841515497
Belgium,BE,2026-04,2026-04-01,belgium__non_profit_sector,Belgique · secteur non-marchand (Maribel social),Belgium · non-profit sector (Maribel social),5.9,12919.879,0.1307,0.25,1688.628185,3229.96975,968.990925,458.655705,148.578609,112.402947,1144.701279,490.955402,303.617157,188.630233,129.19879,38.759637,934.107252,465.446473,1396.33942,0.0,0.0,38759.637,2764.523277,0.21397439377463726,11231.250815,11231.25,134775.0,6070.0,128705.0,61865.81,58877.83,4906.49,6324.760815,15684.402277,4453.151462,9359.641462,1.3964964842685348,2.479841172841351,21.89810000000034,19.036018999999214,8.846018999999615,26.05873900000006,7.022720999999365,17.212720999999874,0.8693000305962124,0.40396285522485864,1.1899999999999842,0.3207000150697666,0.7860371904411618
Belgium,BE,2026-04,2026-04-01,belgium__non_profit_sector,Belgique · secteur non-marchand (Maribel social),Belgium · non-profit sector (Maribel social),5.91,12941.7771,0.1307,0.25,1691.490267,3235.444275,970.633283,459.433087,148.830437,112.593461,1146.641451,491.78753,304.131762,188.949946,129.417771,38.825331,935.690484,466.760359,1400.281078,0.0,0.0,38825.3313,2768.683916,0.2139338279645279,11250.286833,11250.29,135003.48,6070.0,128933.48,61988.04,59000.06,4916.67,6333.616833,15710.461016,4460.174183,9376.844183,1.3964498193541102,2.4804880733763603,21.89809999999852,19.036018000000695,8.856018000000404,26.05873900000006,7.022721000000274,17.202720999999656,0.8692999849302898,0.40441947018239033,1.190000000000083,0.32070001506983475,0.7855805298176928
Belgium,BE,2026-04,2026-04-01,belgium__non_profit_sector,Belgique · secteur non-marchand (Maribel social),Belgium · non-profit sector (Maribel social),5.92,12963.6752,0.1307,0.25,1694.352349,3240.9188,972.27564,460.21047,149.082265,112.783974,1148.581623,492.619658,304.646367,189.269658,129.636752,38.891026,937.273717,468.074245,1404.222736,0.0,0.0,38891.0256,2772.844555,0.2138933992010743,11269.322851,11269.33,135231.96,6070.0,129161.96,62110.28,59122.3,4926.86,6342.462851,15736.519755,4467.196903,9394.056903,1.3964033120914234,2.481137079311757,21.89810000000034,19.036018000000695,8.846018000000186,26.05873900000006,7.022719999999936,17.212720000001354,0.8692999849302177,0.40396280955882236,1.1899999999999842,0.3206999694037303,0.7860371447751671
Belgium,BE,2026-04,2026-04-01,belgium__non_profit_sector,Belgique · secteur non-marchand (Maribel social),Belgium · non-profit sector (Maribel social),5.93,12985.5733,0.1307,0.25,1697.21443,3246.393325,973.917998,460.987852,149.334093,112.974488,1150.521794,493.451785,305.160973,189.58937,129.855733,38.95672,938.85695,469.388131,1408.164394,0.0,0.0,38956.7199,2777.005194,0.21385310679095446,11288.35887,11288.36,135460.32,6070.0,129390.32,62232.45,59244.47,4937.04,6351.31887,15762.578494,4474.219624,9411.259624,1.3963569616829108,2.4817803698834,21.89810000000034,19.036018999999214,8.856018999999833,26.05873900000006,7.022721000000274,17.202720999999656,0.8693000305962124,0.40441951584839303,1.1899999999999842,0.3207000150698081,0.7855805298176275
Belgium,BE,2026-04,2026-04-01,belgium__non_profit_sector,Belgique · secteur non-marchand (Maribel social),Belgium · non-profit sector (Maribel social),5.94,13007.4714,0.1307,0.25,1700.076512,3251.86785,975.560355,461.765235,149.585921,113.165001,1152.461966,494.283913,305.675578,189.909082,130.074714,39.022414,940.440182,470.702017,1412.106052,0.0,0.0,39022.4142,2781.165833,0.21381295004551512,11307.394888,11307.39,135688.68,6070.0,129618.68,62354.62,59366.64,4947.22,6360.174888,15788.637233,4481.242345,9428.462345,1.39631076733638,2.482421868997043,21.89810000000034,19.036018000000695,8.856017999999494,26.05873900000006,7.022720999999365,17.202720999999656,0.8692999849302177,0.4044194701823152,1.1899999999999842,0.3207000150697666,0.7855805298176275
Belgium,BE,2026-04,2026-04-01,belgium__non_profit_sector,Belgique · secteur non-marchand (Maribel social),Belgium · non-profit sector (Maribel social),5.95,13029.3695,0.1307,0.25,1702.938594,3257.342375,977.202713,462.542617,149.837749,113.355515,1154.402138,495.116041,306.190183,190.228795,130.293695,39.088109,942.023415,472.015903,1416.04771,0.0,0.0,39088.1085,2785.326472,0.21377292828073274,11326.430906,11326.43,135917.16,6070.0,129847.16,62476.86,59488.88,4957.41,6369.020906,15814.695972,4488.265065,9445.675065,1.3962647282649636,2.483065482780752,21.89810000000034,19.036017999998876,8.846018000000186,26.05873900000006,7.022719999999936,17.212719999999536,0.8692999849301346,0.40396280955882236,1.1899999999999842,0.3206999694037303,0.786037144775084
Belgium,BE,2026-04,2026-04-01,belgium__non_profit_sector,Belgique · secteur non-marchand (Maribel social),Belgium · non-profit sector (Maribel social),5.96,13051.2676,0.1307,0.25,1705.800675,3262.8169,978.84507,463.32,150.089577,113.546028,1156.342309,495.948169,306.704789,190.548507,130.512676,39.153803,943.606647,473.329789,1419.989368,0.0,0.0,39153.8028,2789.487111,0.21373304081717448,11345.466925,11345.47,136145.64,6070.0,130075.64,62599.1,59611.12,4967.59,6377.876925,15840.754711,4495.287786,9462.877786,1.3962188436870753,2.4837034169425363,21.89809999999852,19.036019000001033,8.856018999999833,26.05873900000006,7.022721000000274,17.202720999999656,0.8693000305963676,0.4044195158484266,1.190000000000083,0.32070001506983475,0.7855805298176928
Belgium,BE,2026-04,2026-04-01,belgium__non_profit_sector,Belgique · secteur non-marchand (Maribel social),Belgium · non-profit sector (Maribel social),5.97,13073.1657,0.1307,0.25,1708.662757,3268.291425,980.487428,464.097382,150.341406,113.736542,1158.282481,496.780297,307.219394,190.868219,130.731657,39.219497,945.18988,474.643675,1423.931026,0.0,0.0,39219.4971,2793.64775,0.2136932869799598,11364.502943,11364.51,136374.12,6070.0,130304.12,62721.33,59733.35,4977.78,6386.722943,15866.81345,4502.310507,9480.090507,1.3961731128263657,2.4843434718007025,21.89810000000034,19.036017999998876,8.846018000000186,26.05873900000006,7.022721000000274,17.212721000001693,0.8692999849301346,0.40396280955882236,1.1899999999999842,0.3207000150698081,0.7860371904412449
Belgium,BE,2026-04,2026-04-01,belgium__non_profit_sector,Belgique · secteur non-marchand (Maribel social),Belgium · non-profit sector (Maribel social),5.98,13095.0638,0.1307,0.25,1711.524839,3273.76595,982.129785,464.874765,150.593234,113.927055,1160.222653,497.612424,307.733999,191.187931,130.950638,39.285191,946.773113,475.957561,1427.872684,0.0,0.0,39285.1914,2797.808389,0.21365366609872238,11383.538961,11383.54,136602.48,6070.0,130532.48,62843.51,59855.53,4987.96,6395.578961,15892.872189,4509.333227,9497.293227,1.3961275349116786,2.484977870609668,21.89810000000034,19.036018000000695,8.856018000000404,26.05873900000006,7.022719999999936,17.202719999999317,0.8692999849302177,0.40441947018235674,1.1899999999999842,0.3206999694037303,0.7855804841515497
Belgium,BE,2026-04,2026-04-01,belgium__non_profit_sector,Belgique · secteur non-marchand (Maribel social),Belgium · non-profit sector (Maribel social),5.99,13116.9619,0.1307,0.25,1714.38692,3279.240475,983.772143,465.652147,150.845062,114.117569,1162.162824,498.444552,308.248605,191.507644,131.169619,39.350886,948.356345,477.271447,1431.814342,0.0,0.0,39350.8857,2801.969028,0.2136141775075726,11402.57498,11402.57,136830.84,6070.0,130760.84,62965.68,59977.7,4998.14,6404.43498,15918.930928,4516.355948,9514.495948,1.3960821091770075,2.4856105149320946,21.89810000000034,19.036018999999214,8.856018999999833,26.05873900000006,7.022721000000274,17.202720999999656,0.8693000305962124,0.40441951584839303,1.1899999999999842,0.3207000150698081,0.7855805298176275
Belgium,BE,2026-04,2026-04-01,belgium__non_profit_sector,Belgique · secteur non-marchand (Maribel social),Belgium · non-profit sector (Maribel social),6.0,13138.86,0.1307,0.25,1717.249002,3284.715,985.4145,466.42953,151.09689,114.308082,1164.102996,499.27668,308.76321,191.827356,131.3886,39.41658,949.939578,478.585333,1435.756,0.0,0.0,39416.58,2806.129667,0.21357482054505997,11421.610998,11421.61,137059.32,6070.0,130989.32,63087.92,60099.94,5008.33,6413.280998,15944.989667,4523.378669,9531.708669,1.3960368348614518,2.4862452887436493,21.89810000000034,19.036018000000695,8.846018000000186,26.05873900000006,7.022720999999365,17.212720999999874,0.8692999849302177,0.40396280955882236,1.1899999999999842,0.3207000150697666,0.7860371904411618
Belgium,BE,2026-04,2026-04-01,belgium__standard_private_sector,Belgique · secteur privé standard,Belgium · standard private sector,0.8,1751.848,0.1307,0.25,228.966534,437.962,131.3886,62.190604,20.146252,15.241078,155.213733,66.570224,41.168428,25.576981,17.51848,5.255544,126.65861,518.362867,1555.0886,868.42364,686.66496,5255.544,0.0,0.0,1522.881466,1522.88,18274.56,5482.37,12792.19,3421.91,433.93,36.16,1486.721466,1751.848,228.966534,265.126534,1.1503508570113885,1.1783296599880184,,,,,,,,,,,
Belgium,BE,2026-04,2026-04-01,belgium__standard_private_sector,Belgique · secteur privé standard,Belgium · standard private sector,0.81,1773.7461,0.1307,0.25,231.828615,443.436525,133.030958,62.967987,20.39808,15.431591,157.153904,67.402352,41.683033,25.896693,17.737461,5.321238,128.241843,511.793437,1535.38031,859.226438,676.153872,5321.2383,0.0,0.0,1541.917485,1541.92,18503.04,5550.91,12952.13,3464.69,476.71,39.73,1502.187485,1773.7461,231.828615,271.558615,1.1503508570113885,1.1807754478255486,21.898100000000113,19.036018999999897,15.46601899999996,21.898100000000113,2.8620810000000176,6.432080999999982,0.8693000305962526,0.70627218799804,1.0,0.13069996940373835,0.2937278120019522
Belgium,BE,2026-04,2026-04-01,belgium__standard_private_sector,Belgique · secteur privé standard,Belgium · standard private sector,0.82,1795.6442,0.1307,0.25,234.690697,448.91105,134.673315,63.745369,20.649908,15.622105,159.094076,68.23448,42.197639,26.216405,17.956442,5.386933,129.825076,505.224007,1515.67202,850.029236,665.642784,5386.9326,0.0,0.0,1560.953503,1560.95,18731.4,5619.42,13111.98,3507.45,519.47,43.29,1517.663503,1795.6442,234.690697,277.980697,1.1503508570113885,1.1831635908615574,21.898099999999886,19.036018000000013,15.476018000000067,21.898099999999886,2.8620819999999867,6.422082000000046,0.8692999849302046,0.7067288029555143,1.0,0.13070001506980064,0.29327119704449606
Belgium,BE,2026-04,2026-04-01,belgium__standard_private_sector,Belgique · secteur privé standard,Belgium · standard private sector,0.83,1817.5423,0.1307,0.25,237.552779,454.385575,136.315673,64.522752,20.901736,15.812618,161.034248,69.066607,42.712244,26.536118,18.175423,5.452627,131.408308,498.654577,1495.96373,840.832034,655.131696,5452.6269,0.0,0.0,1579.989521,1579.99,18959.88,5687.96,13271.92,3550.24,562.26,46.86,1533.129521,1817.5423,237.552779,284.412779,1.1503508570113885,1.1855112530558665,21.898100000000113,19.036018000000013,15.466018000000076,21.898100000000113,2.8620819999999867,6.43208199999998,0.8692999849301956,0.706272142331983,1.0,0.13070001506979928,0.2937278576680144
Belgium,BE,2026-04,2026-04-01,belgium__standard_private_sector,Belgique · secteur privé standard,Belgium · standard private sector,0.84,1839.4404,0.1307,0.25,240.41486,459.8601,137.95803,65.300134,21.153565,16.003131,162.974419,69.898735,43.226849,26.85583,18.394404,5.518321,132.991541,492.085147,1476.25544,831.634832,644.620608,5518.3212,0.0,0.0,1599.02554,1599.03,19188.36,5756.51,13431.85,3593.02,605.04,50.42,1548.60554,1839.4404,240.41486,290.83486,1.1503508570113885,1.1878043522513715,21.898099999999886,19.036019000000124,15.476018999999951,21.898099999999886,2.8620810000000176,6.4220809999999915,0.8693000305962719,0.7067288486215714,1.0,0.1306999694037397,0.29327115137843124
Belgium,BE,2026-04,2026-04-01,belgium__standard_private_sector,Belgique · secteur privé standard,Belgium · standard private sector,0.85,1861.3385,0.1307,0.25,243.276942,465.334625,139.600388,66.077517,21.405393,16.193645,164.914591,70.730863,43.741455,27.175542,18.613385,5.584016,134.574774,485.515717,1456.54715,822.43763,634.10952,5584.0155,0.0,0.0,1618.061558,1618.06,19416.72,5825.02,13591.7,3635.78,647.8,53.98,1564.081558,1861.3385,243.276942,297.256942,1.1503508570113885,1.1900520726813004,21.898100000000113,19.036018000000013,15.476018000000067,21.898100000000113,2.8620819999999867,6.422081999999989,0.8692999849301956,0.706728802955507,1.0,0.13070001506979928,0.29327119704449045
Belgium,BE,2026-04,2026-04-01,belgium__standard_private_sector,Belgique · secteur privé standard,Belgium · standard private sector,0.86,1883.2366,0.1307,0.25,246.139024,470.80915,141.242745,66.854899,21.657221,16.384158,166.854763,71.562991,44.25606,27.495254,18.832366,5.64971,136.158006,478.946287,1436.83886,813.240428,623.598432,5649.7098,0.0,0.0,1637.097576,1637.1,19645.2,5893.56,13751.64,3678.56,690.58,57.55,1579.547576,1883.2366,246.139024,303.689024,1.1503508570113885,1.1922632962509385,21.898099999999886,19.036017999999785,15.466017999999849,21.898099999999886,2.862082000000015,6.432082000000037,0.8692999849301941,0.7062721423319799,1.0,0.13070001506980194,0.29372785766802006
Belgium,BE,2026-04,2026-04-01,belgium__standard_private_sector,Belgique · secteur privé standard,Belgium · standard private sector,0.87,1905.1347,0.1307,0.25,249.001105,476.283675,142.885103,67.632282,21.909049,16.574672,168.794934,72.395119,44.770665,27.814967,19.051347,5.715404,137.741239,472.376857,1417.13057,804.043226,613.087344,5715.4041,3.906818,0.002050678271375355,1656.133595,1656.13,19873.56,5962.07,13911.49,3721.32,733.34,61.11,1595.023595,1909.041518,252.907924,314.017924,1.1527098565183196,1.1968735288084729,21.898100000000113,19.036019000000124,15.476018999999951,25.804918000000043,6.768900000000002,10.328899999999976,0.8693000305962629,0.706728848621564,1.1784089943876368,0.30910900945744,0.47168019143212986
Belgium,BE,2026-04,2026-04-01,belgium__standard_private_sector,Belgique · secteur privé standard,Belgium · standard private sector,0.88,1927.0328,0.1307,0.25,251.863187,481.7582,144.52746,68.409664,22.160877,16.765185,170.735106,73.227246,45.285271,28.134679,19.270328,5.781098,139.324471,465.807427,1397.42228,794.846024,602.576256,5781.0984,15.950773,0.008277375109200655,1675.169613,1675.17,20102.04,6030.61,14071.43,3764.11,776.13,64.68,1610.489613,1942.983573,267.81396,332.49396,1.159872742562062,1.2064552031886187,21.898099999999886,19.036018000000013,15.466018000000076,33.94205499999998,14.906036,18.476036000000022,0.8692999849302046,0.7062721423319903,1.5500000000000074,0.6806999694037418,0.8437278120019599
Belgium,BE,2026-04,2026-04-01,belgium__standard_private_sector,Belgique · secteur privé standard,Belgium · standard private sector,0.89,1948.9309,0.1307,0.25,254.725269,487.232725,146.169818,69.187047,22.412705,16.955699,172.675278,74.059374,45.799876,28.454391,19.489309,5.846793,140.907704,459.237997,1377.71399,785.648822,592.065168,5846.7927,27.994728,0.014364146175389432,1694.205631,1694.2,20330.4,6070.0,14260.4,3814.66,826.68,68.89,1625.315631,1976.925628,282.719997,351.609997,1.1668746648744845,1.2163333633030753,21.898100000000113,19.036018000000013,14.826017999999976,33.94205499999998,14.90603699999997,19.116037000000006,0.8692999849301956,0.677045862426416,1.5499999999999912,0.6807000150697956,0.8729541375735752
Belgium,BE,2026-04,2026-04-01,belgium__standard_private_sector,Belgique · secteur privé standard,Belgium · standard private sector,0.9,1970.829,0.1307,0.25,257.58735,492.70725,147.812175,69.96443,22.664534,17.146212,174.615449,74.891502,46.314482,28.774103,19.70829,5.912487,142.490937,452.668567,1358.0057,776.45162,581.55408,5912.487,40.038683,0.02031565566232954,1713.24165,1713.24,20558.88,6070.0,14488.88,3875.78,887.8,73.98,1639.26165,2010.867683,297.626034,371.606034,1.1737209889132976,1.2266911043159832,21.898099999999886,19.036018999999897,13.946018999999978,33.94205499999998,14.906037000000026,19.996037,0.8693000305962616,0.6368597732223367,1.5500000000000074,0.6807000150698054,0.9131402724437329
Belgium,BE,2026-04,2026-04-01,belgium__standard_private_sector,Belgique · secteur privé standard,Belgium · standard private sector,0.91,1992.7271,0.1307,0.25,260.449432,498.181775,149.454533,70.741812,22.916362,17.336726,176.555621,75.72363,46.829087,29.093816,19.927271,5.978181,144.074169,446.099137,1338.29741,767.254418,571.042992,5978.1813,52.082638,0.026136362742963302,1732.277668,1732.28,20787.36,6070.0,14717.36,3936.89,948.91,79.08,1653.197668,2044.809738,312.53207,391.61207,1.1804168442919167,1.2368815767626806,21.898100000000113,19.036018000000013,13.936018000000104,33.94205499999998,14.906035999999972,20.006035999999995,0.8692999849301956,0.6364030669327491,1.5499999999999912,0.6806999694037335,0.913596887401185
Belgium,BE,2026-04,2026-04-01,belgium__standard_private_sector,Belgique · secteur privé standard,Belgium · standard private sector,0.92,2014.6252,0.1307,0.25,263.311514,503.6563,151.09689,71.519195,23.16819,17.527239,178.495793,76.555758,47.343692,29.413528,20.146252,6.043876,145.657402,439.529707,1318.58912,758.057216,560.531904,6043.8756,64.126593,0.03183053271314839,1751.313686,1751.32,21015.84,6070.0,14945.84,3998.01,1010.03,84.17,1667.143686,2078.751793,327.438107,411.608107,1.1869671375970876,1.246894200146616,21.898099999999886,19.036018000000013,13.946017999999867,33.94205499999998,14.906037000000026,19.996037,0.8692999849302046,0.6368597275562693,1.5500000000000074,0.6807000150698054,0.9131402724437329
Belgium,BE,2026-04,2026-04-01,belgium__standard_private_sector,Belgique · secteur privé standard,Belgium · standard private sector,0.93,2036.5233,0.1307,0.25,266.173595,509.130825,152.739248,72.296577,23.420018,17.717753,180.435964,77.387885,47.858298,29.73324,20.365233,6.10957,147.240635,432.960277,1298.88083,748.860014,550.020816,6109.5699,76.170548,0.03740224741515765,1770.349705,1770.35,21244.2,6070.0,15174.2,4059.1,1071.12,89.26,1681.089705,2112.693848,342.344144,431.604144,1.193376564379567,1.256740697679142,21.898100000000113,19.036019000000124,13.946019000000206,33.94205499999998,14.90603699999997,19.996037,0.8693000305962629,0.6368597732223404,1.5499999999999912,0.6807000150697956,0.9131402724437233
Belgium,BE,2026-04,2026-04-01,belgium__standard_private_sector,Belgique · secteur privé standard,Belgium · standard private sector,0.94,2058.4214,0.1307,0.25,269.035677,514.60535,154.381605,73.07396,23.671846,17.908266,182.376136,78.220013,48.372903,30.052952,20.584214,6.175264,148.823867,426.390847,1279.17254,739.662812,539.509728,6175.2642,88.214503,0.042855414995847406,1789.385723,1789.38,21472.56,6070.0,15402.56,4120.18,1132.2,94.35,1695.035723,2146.635903,357.25018,451.60018,1.1996496203794402,1.2664251697944922,21.898100000000113,19.036018000000013,13.946017999999867,33.94205499999998,14.906036000000029,19.996036000000004,0.8692999849301956,0.6368597275562626,1.5499999999999912,0.680699969403736,0.913140226777661
Belgium,BE,2026-04,2026-04-01,belgium__standard_private_sector,Belgique · secteur privé standard,Belgium · standard private sector,0.95,2080.3195,0.1307,0.25,271.897759,520.079875,156.023963,73.851342,23.923674,18.09878,184.316308,79.052141,48.887508,30.372665,20.803195,6.240959,150.4071,419.821417,1259.46425,730.46561,528.99864,6240.9585,100.258458,0.04819377904852276,1808.421741,1808.42,21701.04,6070.0,15631.04,4181.3,1193.32,99.44,1708.981741,2180.577958,372.156217,471.596217,1.2057906120424742,1.2759515830817472,21.898099999999886,19.036018000000013,13.946018000000095,33.94205499999998,14.906037000000026,19.996037,0.8692999849302046,0.6368597275562796,1.5500000000000074,0.6807000150698054,0.9131402724437329
Belgium,BE,2026-04,2026-04-01,belgium__standard_private_sector,Belgique · secteur privé standard,Belgium · standard private sector,0.96,2102.2176,0.1307,0.25,274.75984,525.5544,157.66632,74.628725,24.175502,18.289293,186.256479,79.884269,49.402114,30.692377,21.022176,6.306653,151.990332,413.251987,1239.75596,721.268408,518.487552,6306.6528,112.302413,0.05342092718343395,1827.45776,1827.46,21929.52,6070.0,15859.52,4242.42,1254.44,104.54,1722.91776,2214.520013,387.062254,491.602254,1.2118036663791947,1.2853312358592435,21.898099999999886,19.036018999999897,13.936018999999987,33.94205499999998,14.90603699999997,20.006036999999992,0.8693000305962616,0.6364031125988127,1.5500000000000074,0.6807000150698027,0.9135969330672569
Belgium,BE,2026-04,2026-04-01,belgium__standard_private_sector,Belgique · secteur privé standard,Belgium · standard private sector,0.97,2124.1157,0.1307,0.25,277.621922,531.028925,159.308678,75.406107,24.427331,18.479807,188.196651,80.716397,49.916719,31.012089,21.241157,6.372347,153.573565,406.682557,1220.04767,712.071206,507.976464,6372.3471,124.346368,0.05854029906814076,1846.493778,1846.5,22158.0,6070.0,16088.0,4303.54,1315.56,109.63,1736.863778,2248.462068,401.96829,511.59829,1.217692740214127,1.2945529158938955,21.898099999999886,19.036018000000013,13.946017999999867,33.94205499999998,14.906036000000029,19.996036000000004,0.8692999849302046,0.6368597275562693,1.5500000000000074,0.6806999694037431,0.9131402267776706
Belgium,BE,2026-04,2026-04-01,belgium__standard_private_sector,Belgique · secteur privé standard,Belgium · standard private sector,0.98,2146.0138,0.1307,0.25,280.484004,536.50345,160.951035,76.18349,24.679159,18.67032,190.136823,81.548524,50.431324,31.331801,21.460138,6.438041,155.156798,400.113127,1200.33938,702.874004,497.465376,6438.0414,136.390323,0.0635551939756087,1865.529796,1865.53,22386.36,6070.0,16316.36,4364.63,1376.65,114.72,1750.809796,2282.404123,416.874327,531.594327,1.223461628868755,1.3036276859454468,21.89810000000034,19.036018000000013,13.946018000000095,33.94205499999998,14.90603699999997,19.996037,0.8692999849301865,0.6368597275562664,1.5499999999999752,0.6807000150697886,0.9131402724437139
Belgium,BE,2026-04,2026-04-01,belgium__standard_private_sector,Belgique · secteur privé standard,Belgium · standard private sector,0.99,2167.9119,0.1307,0.25,283.346085,541.977975,162.593393,76.960872,24.930987,18.860834,192.076994,82.380652,50.94593,31.651514,21.679119,6.503736,156.74003,393.543697,1180.63109,693.676802,486.954288,6503.7357,148.434278,0.06846877787484507,1884.565815,1884.56,22614.72,6070.0,16544.72,4425.71,1437.73,119.81,1764.755815,2316.346178,431.780364,551.590364,1.2291139743182389,1.3125590288911884,21.898099999999886,19.036018999999897,13.946018999999978,33.94205499999998,14.906037000000026,19.996037,0.8693000305962616,0.6368597732223367,1.5500000000000074,0.6807000150698054,0.9131402724437329
Belgium,BE,2026-04,2026-04-01,belgium__standard_private_sector,Belgique · secteur privé standard,Belgium · standard private sector,1.0,2189.81,0.1307,0.25,286.208167,547.4525,164.23575,77.738255,25.182815,19.051347,194.017166,83.21278,51.460535,31.971226,21.8981,6.56943,158.323263,386.974267,1160.9228,684.4796,476.4432,6569.43,160.478233,0.07328409009609661,1903.601833,1903.6,22843.2,6070.0,16773.2,4496.98,1509.0,125.75,1777.851833,2350.288233,446.6864,572.4364,1.234653272858733,1.321982062682573,21.898099999999886,19.036018000000013,13.096017999999958,33.94205500000044,14.906035999999972,20.846036000000026,0.8692999849302046,0.5980435745566979,1.550000000000028,0.6806999694037404,0.9519563797772471
Belgium,BE,2026-04,2026-04-01,belgium__standard_private_sector,Belgique · secteur privé standard,Belgium · standard private sector,1.01,2211.7081,0.1307,0.25,289.070249,552.927025,165.878108,78.515638,25.434643,19.24186,195.957338,84.044908,51.97514,32.290938,22.117081,6.635124,159.906496,380.404837,1141.21451,675.282398,465.932112,6635.1243,172.522188,0.0780040496000956,1922.637851,1922.64,23071.68,6070.0,17001.68,4594.77,1606.79,133.9,1788.737851,2384.230288,461.592437,595.492437,1.2400828823192174,1.3329120790732754,21.898099999999886,19.036018000000013,10.88601800000015,33.94205499999998,14.906037000000026,23.056036999999947,0.8692999849302046,0.4971215767578103,1.5500000000000074,0.6807000150698054,1.0528784232422022
Belgium,BE,2026-04,2026-04-01,belgium__standard_private_sector,Belgique · secteur privé standard,Belgium · standard private sector,1.02,2233.6062,0.1307,0.25,291.93233,558.40155,167.520465,79.29302,25.686471,19.432374,197.897509,84.877036,52.489746,32.610651,22.336062,6.700819,161.489728,373.835407,1121.50622,666.085196,455.421024,6700.8186,184.566143,0.08263146087852612,1941.67387,1941.68,23300.16,6070.0,17230.16,4692.56,1704.58,142.05,1799.62387,2418.172343,476.498474,618.548474,1.245406028849104,1.3437098629894229,21.89810000000034,19.036019000000124,10.886018999999806,33.94205499999998,14.90603699999997,23.05603700000006,0.8693000305962539,0.49712162242384667,1.5499999999999752,0.6807000150697886,1.0528784232421855
Belgium,BE,2026-04,2026-04-01,belgium__standard_private_sector,Belgique · secteur privé standard,Belgium · standard private sector,1.03,2255.5043,0.1307,0.25,294.794412,563.876075,169.162823,80.070403,25.938299,19.622887,199.837681,85.709163,53.004351,32.930363,22.555043,6.766513,163.072961,367.265977,1101.79793,656.887994,444.909936,6766.5129,196.610098,0.08716901951077338,1960.709888,1960.71,23528.52,6070.0,17458.52,4790.3,1802.32,150.19,1810.519888,2452.114398,491.40451,641.59451,1.250625813310449,1.3543703190444474,21.898099999999886,19.036018000000013,10.89601800000014,33.94205499999998,14.906036000000029,23.046035999999958,0.8692999849302046,0.49757823738133433,1.5500000000000074,0.6806999694037431,1.052421716952616
Belgium,BE,2026-04,2026-04-01,belgium__standard_private_sector,Belgique · secteur privé standard,Belgium · standard private sector,1.04,2277.4024,0.1307,0.25,297.656494,569.3506,170.80518,80.847785,26.190128,19.813401,201.777853,86.541291,53.518956,33.250075,22.774024,6.832207,164.656194,360.696547,1082.08964,647.690792,434.398848,6832.2072,208.654053,0.09161931740009287,1979.745906,1979.74,23756.88,6070.0,17686.88,4888.03,1900.05,158.34,1821.405906,2486.056453,506.310547,664.650547,1.2557452173013837,1.3649107234730586,21.898099999999886,19.036018000000013,10.886017999999922,33.94205499999998,14.90603699999997,23.056036999999947,0.8692999849302046,0.49712157675779994,1.5500000000000074,0.6807000150698027,1.0528784232422022
Belgium,BE,2026-04,2026-04-01,belgium__standard_private_sector,Belgique · secteur privé standard,Belgium · standard private sector,1.05,2299.3005,0.1307,0.25,300.518575,574.825125,172.447538,81.625168,26.441956,20.003914,203.718024,87.373419,54.033562,33.569787,22.993005,6.897902,166.239426,354.127117,1062.38135,638.49359,423.88776,6897.9015,220.698008,0.09598484771056817,1998.781925,1998.78,23985.36,6070.0,17915.36,4985.82,1997.84,166.49,1832.291925,2519.998508,521.216584,687.706584,1.2607671088353483,1.3753258825362653,21.898099999999886,19.036018999999897,10.886019000000033,33.94205499999998,14.906037000000026,23.05603700000006,0.8693000305962616,0.49712162242386737,1.5500000000000074,0.6807000150698054,1.0528784232422073
Belgium,BE,2026-04,2026-04-01,belgium__standard_private_sector,Belgique · secteur privé standard,Belgium · standard private sector,1.06,2321.1986,0.1307,0.25,303.380657,580.29965,174.089895,82.40255,26.693784,20.194428,205.658196,88.205547,54.548167,33.8895,23.211986,6.963596,167.822659,347.557687,1042.67306,629.296388,413.376672,6963.5958,232.741963,0.10026800952461949,2017.817943,2017.82,24213.84,6070.0,18143.84,5083.61,2095.63,174.64,1843.177943,2553.940563,536.12262,710.76262,1.2656942476988604,1.3856180153741378,21.89810000000034,19.036018000000013,10.886017999999922,33.94205499999998,14.906035999999972,23.05603599999995,0.8692999849301865,0.4971215767577896,1.5499999999999752,0.6806999694037263,1.0528783775761181
Belgium,BE,2026-04,2026-04-01,belgium__standard_private_sector,Belgique · secteur privé standard,Belgium · standard private sector,1.07,2343.0967,0.1307,0.25,306.242739,585.774175,175.732253,83.179933,26.945612,20.384941,207.598368,89.037675,55.062772,34.209212,23.430967,7.02929,169.405891,340.988257,1022.96477,620.099186,402.865584,7029.2901,244.785918,0.10447111223934262,2036.853961,2036.86,24442.32,6070.0,18372.32,5181.4,2193.42,182.79,1854.063961,2587.882618,551.028657,733.818657,1.2705292905088492,1.3957892890085892,21.898099999999886,19.036018000000013,10.88601800000015,33.94205499999998,14.90603699999997,23.05603700000006,0.8692999849302046,0.4971215767578103,1.5500000000000074,0.6807000150698027,1.0528784232422073
Belgium,BE,2026-04,2026-04-01,belgium__standard_private_sector,Belgique · secteur privé standard,Belgium · standard private sector,1.08,2364.9948,0.1307,0.25,309.10482,591.2487,177.37461,83.957315,27.19744,20.575455,209.538539,89.869802,55.577378,34.528924,23.649948,7.094984,170.989124,334.418827,1003.25648,610.901984,392.354496,7094.9844,256.829873,0.10859637971860794,2055.88998,2055.89,24670.68,6070.0,18600.68,5279.14,2291.16,190.93,1864.95998,2621.824673,565.934694,756.864694,1.2752747954890231,1.4058342816768825,21.898099999999886,19.036018999999897,10.896019000000024,33.94205499999998,14.906037000000083,23.046036999999956,0.8693000305962616,0.4975782830473914,1.5500000000000074,0.6807000150698079,1.052421762618678
Belgium,BE,2026-04,2026-04-01,belgium__standard_private_sector,Belgique · secteur privé standard,Belgium · standard private sector,1.09,2386.8929,0.1307,0.25,311.966902,596.723225,179.016968,84.734698,27.449268,20.765968,211.478711,90.70193,56.091983,34.848636,23.868929,7.160679,172.572357,327.849397,983.54819,601.704782,381.843408,7160.6787,268.873828,0.11264595421660241,2074.925998,2074.92,24899.04,6070.0,18829.04,5376.88,2388.9,199.08,1875.845998,2655.766728,580.84073,779.92073,1.2799332269833228,1.4157701278289085,21.898099999999886,19.03601800000024,10.886017999999922,33.94205499999998,14.906035999999972,23.056036000000063,0.8692999849302149,0.49712157675779994,1.5500000000000074,0.6806999694037404,1.052878377576145
Belgium,BE,2026-04,2026-04-01,belgium__standard_private_sector,Belgique · secteur privé standard,Belgium · standard private sector,1.1,2408.791,0.1307,0.25,314.828984,602.19775,180.659325,85.512081,27.701097,20.956482,213.418883,91.534058,56.606589,35.168349,24.08791,7.226373,174.155589,321.279967,963.8399,592.50758,371.33232,7226.373,280.917783,0.11662190008736056,2093.962016,2093.96,25127.52,6070.0,19057.52,5474.67,2486.69,207.22,1886.742016,2689.708783,595.746767,802.966767,1.2845069597231804,1.4255837629608703,21.89810000000034,19.036017999999785,10.896017999999913,33.94205499999998,14.90603699999997,23.046036999999956,0.8692999849301761,0.49757823738131357,1.5499999999999752,0.6807000150697886,1.0524217626186563
Belgium,BE,2026-04,2026-04-01,belgium__standard_private_sector,Belgique · secteur privé standard,Belgium · standard private sector,1.11,2430.6891,0.1307,0.25,317.691065,607.672275,182.301683,86.289463,27.952925,21.146995,215.359054,92.366186,57.121194,35.488061,24.306891,7.292067,175.738822,314.710537,944.13161,583.310378,360.821232,7292.0673,292.961738,0.12052620729378075,2112.998035,2113.0,25356.0,6070.0,19286.0,5572.46,2584.48,215.37,1897.628035,2723.650838,610.652804,826.022804,1.2889982828641215,1.4352922641472208,21.898099999999886,19.036019000000124,10.886019000000033,33.94205499999998,14.90603699999997,23.056036999999947,0.8693000305962719,0.49712162242386737,1.5500000000000074,0.6807000150698027,1.0528784232422022
Belgium,BE,2026-04,2026-04-01,belgium__standard_private_sector,Belgique · secteur privé standard,Belgium · standard private sector,1.12,2452.5872,0.1307,0.25,320.553147,613.1468,183.94404,87.066846,28.204753,21.337509,217.299226,93.198314,57.635799,35.807773,24.525872,7.357762,177.322055,308.141107,924.42332,574.113176,350.310144,7357.7616,305.005693,0.12436079472865777,2132.034053,2132.04,25584.48,6070.0,19514.48,5670.25,2682.27,223.52,1908.514053,2757.592893,625.55884,849.07884,1.2934094038061172,1.4448900122356758,21.898099999999886,19.036017999999785,10.88601800000015,33.94205499999998,14.906036000000086,23.056036000000063,0.8692999849301941,0.4971215767578103,1.5500000000000074,0.6806999694037457,1.052878377576145
Belgium,BE,2026-04,2026-04-01,belgium__standard_private_sector,Belgique · secteur privé standard,Belgium · standard private sector,1.13,2474.4853,0.1307,0.25,323.415229,618.621325,185.586398,87.844228,28.456581,21.528022,219.239398,94.030441,58.150405,36.127485,24.744853,7.423456,178.905287,301.571677,904.71503,564.915974,339.799056,7423.4559,317.049648,0.12812751335937747,2151.070071,2151.07,25812.84,6070.0,19742.84,5767.99,2780.01,231.67,1919.400071,2791.534948,640.464877,872.134877,1.2977424518110865,1.4543788916591966,21.898099999999886,19.03601800000024,10.886017999999922,33.94205499999998,14.90603699999997,23.056036999999947,0.8692999849302149,0.49712157675779994,1.5500000000000074,0.6807000150698027,1.0528784232422022
Belgium,BE,2026-04,2026-04-01,belgium__standard_private_sector,Belgique · secteur privé standard,Belgium · standard private sector,1.14,2496.3834,0.1307,0.25,326.27731,624.09585,187.228755,88.621611,28.708409,21.718536,221.179569,94.862569,58.66501,36.447198,24.963834,7.48915,180.48852,295.002247,885.00674,555.718772,329.287968,7489.1502,329.093603,0.1318281492071022,2170.10609,2170.1,26041.2,6070.0,19971.2,5865.72,2877.74,239.81,1930.29609,2825.477003,655.370914,895.180914,1.3019994814300038,1.4637531612518364,21.89810000000034,19.036019000000124,10.896019000000024,33.94205499999998,14.90603699999997,23.04603700000007,0.8693000305962539,0.49757828304738105,1.5499999999999752,0.6807000150697886,1.0524217626186614
Belgium,BE,2026-04,2026-04-01,belgium__standard_private_sector,Belgique · secteur privé standard,Belgium · standard private sector,1.15,2518.2815,0.1307,0.25,329.139392,629.570375,188.871113,89.398993,28.960237,21.909049,223.119741,95.694697,59.179615,36.76691,25.182815,7.554845,182.071752,288.432817,865.29845,546.52157,318.77688,7554.8445,341.137558,0.13546442617051874,2189.142108,2189.14,26269.68,6070.0,20199.68,5963.51,2975.53,247.96,1941.182108,2859.419058,670.27695,918.23695,1.3061824757512008,1.4730297825344396,21.898099999999886,19.036017999999785,10.886017999999922,33.94205499999998,14.906036000000086,23.05603599999995,0.8692999849301941,0.49712157675779994,1.5500000000000074,0.6806999694037457,1.05287837757614
Belgium,BE,2026-04,2026-04-01,belgium__standard_private_sector,Belgique · secteur privé standard,Belgium · standard private sector,1.16,2540.1796,0.1307,0.25,332.001474,635.0449,190.51347,90.176376,29.212065,22.099563,225.059913,96.526825,59.694221,37.086622,25.401796,7.620539,183.654985,281.863387,845.59016,537.324368,308.265792,7620.5388,353.181513,0.13903800870353156,2208.178126,2208.18,26498.16,6070.0,20428.16,6061.3,3073.32,256.11,1952.068126,2893.361113,685.182987,941.292987,1.310293349480653,1.4822029387094848,21.898099999999886,19.036017999999785,10.886017999999922,33.94205499999998,14.90603699999997,23.05603700000006,0.8692999849301941,0.49712157675779994,1.5500000000000074,0.6807000150698027,1.0528784232422073
Belgium,BE,2026-04,2026-04-01,belgium__standard_private_sector,Belgique · secteur privé standard,Belgium · standard private sector,1.17,2562.0777,0.1307,0.25,334.863555,640.519425,192.155828,90.953758,29.463894,22.290076,227.000084,97.358953,60.208826,37.406334,25.620777,7.686233,185.238218,275.293957,825.88187,528.127166,297.754704,7686.2331,365.225468,0.14255050435563807,2227.214145,2227.22,26726.64,6070.0,20656.64,6159.09,3171.11,264.26,1962.954145,2927.303168,700.089024,964.349024,1.3143339518643022,1.4912743511463584,21.898099999999886,19.036019000000124,10.886019000000033,33.94205499999998,14.90603699999997,23.056036999999947,0.8693000305962719,0.49712162242386737,1.5500000000000074,0.6807000150698027,1.0528784232422022
Belgium,BE,2026-04,2026-04-01,belgium__standard_private_sector,Belgique · secteur privé standard,Belgium · standard private sector,1.18,2583.9758,0.1307,0.25,337.725637,645.99395,193.798185,91.731141,29.715722,22.480589,228.940256,98.19108,60.723431,37.726047,25.839758,7.751927,186.82145,268.724527,806.17358,518.929964,287.243616,7751.9274,377.269423,0.14600346618313267,2246.250163,2246.25,26955.0,6070.0,20885.0,6256.83,3268.85,272.4,1973.850163,2961.245223,714.99506,987.39506,1.3183060694617883,1.5002381026342106,21.89810000000034,19.03601800000024,10.89601800000014,33.94205499999998,14.906035999999972,23.046035999999958,0.8692999849301969,0.497578237381324,1.5499999999999752,0.6806999694037263,1.052421716952594
Belgium,BE,2026-04,2026-04-01,belgium__standard_private_sector,Belgique · secteur privé standard,Belgium · standard private sector,1.19,2605.8739,0.1307,0.25,340.587719,651.468475,195.440543,92.508523,29.96755,22.671103,230.880428,99.023208,61.238037,38.045759,26.058739,7.817622,188.404683,262.155097,786.46529,509.732762,276.732528,7817.6217,389.313378,0.14939839503873656,2265.286181,2265.28,27183.36,6070.0,21113.36,6354.57,3366.59,280.55,1984.736181,2995.187278,729.901097,1010.451097,1.322211428780325,1.5091110378290993,21.898099999999886,19.036017999999785,10.886017999999922,33.94205499999998,14.906037000000083,23.05603700000006,0.8692999849301941,0.49712157675779994,1.5500000000000074,0.6807000150698079,1.0528784232422073
Belgium,BE,2026-04,2026-04-01,belgium__standard_private_sector,Belgique · secteur privé standard,Belgium · standard private sector,1.2,2627.772,0.1307,0.25,343.4498,656.943,197.0829,93.285906,30.219378,22.861616,232.820599,99.855336,61.752642,38.365471,26.27772,7.883316,189.987916,255.585667,766.757,500.53556,266.22144,7883.316,401.357333,0.15273674174674715,2284.3222,2284.32,27411.84,6070.0,21341.84,6452.36,3464.38,288.7,1995.6222,3029.129333,744.807134,1033.507134,1.3260516987768864,1.5178871701970886,21.898099999999886,19.036019000000124,10.886019000000033,33.94205499999998,14.90603699999997,23.056036999999947,0.8693000305962719,0.49712162242386737,1.5500000000000074,0.6807000150698027,1.0528784232422022
Belgium,BE,2026-04,2026-04-01,belgium__standard_private_sector,Belgique · secteur privé standard,Belgium · standard private sector,1.21,2649.6701,0.1307,0.25,346.311882,662.417525,198.725258,94.063289,30.471206,23.05213,234.760771,100.687464,62.267247,38.685183,26.496701,7.94901,191.571148,249.016237,747.04871,491.338358,255.710352,7949.0103,413.401288,0.15601990917032776,2303.358218,2303.36,27640.32,6070.0,21570.32,6550.15,3562.17,296.85,2006.508218,3063.071388,759.71317,1056.56317,1.329828493236314,1.526568075307127,21.898099999999886,19.036017999999785,10.886017999999922,33.94205499999998,14.906035999999972,23.05603599999995,0.8692999849301941,0.49712157675779994,1.5500000000000074,0.6806999694037404,1.05287837757614
Belgium,BE,2026-04,2026-04-01,belgium__standard_private_sector,Belgique · secteur privé standard,Belgium · standard private sector,1.22,2671.5682,0.1307,0.25,349.173964,667.89205,200.367615,94.840671,30.723034,23.242643,236.700943,101.519592,62.781853,39.004896,26.715682,8.014705,193.154381,242.446807,727.34042,482.141156,245.199264,8014.7046,425.445243,0.15924925417712832,2322.394236,2322.4,27868.8,6070.0,21798.8,6647.94,3659.96,305.0,2017.394236,3097.013443,774.619207,1079.619207,1.3335433730324726,1.5351552947205869,21.89810000000034,19.03601800000024,10.88601800000015,33.94205499999998,14.90603699999997,23.05603700000006,0.8692999849301969,0.4971215767578,1.5499999999999752,0.6807000150697886,1.0528784232421855
Belgium,BE,2026-04,2026-04-01,belgium__standard_private_sector,Belgique · secteur privé standard,Belgium · standard private sector,1.23,2693.4663,0.1307,0.25,352.036045,673.366575,202.009973,95.618054,30.974862,23.433157,238.641114,102.351719,63.296458,39.324608,26.934663,8.080399,194.737613,235.877377,707.63213,472.943954,234.688176,8080.3989,437.489198,0.16242608950902163,2341.430255,2341.43,28097.16,6070.0,22027.16,6745.67,3757.69,313.14,2028.290255,3130.955498,789.525244,1102.665244,1.3371978482791,1.5436427263050803,21.898099999999886,19.036019000000124,10.896018999999797,33.94205499999998,14.906037000000083,23.04603700000007,0.8693000305962719,0.497578283047381,1.5500000000000074,0.6807000150698079,1.0524217626186834
Belgium,BE,2026-04,2026-04-01,belgium__standard_private_sector,Belgique · secteur privé standard,Belgium · standard private sector,1.24,2715.3644,0.1307,0.25,354.898127,678.8411,203.65233,96.395436,31.226691,23.62367,240.581286,103.183847,63.811063,39.64432,27.153644,8.146093,196.320846,229.307947,687.92384,463.746752,224.177088,8146.0932,449.533153,0.16555168556136818,2360.466273,2360.46,28325.52,6070.0,22255.52,6843.41,3855.43,321.29,2039.176273,3164.897553,804.43128,1125.72128,1.3407933803765884,1.552047066927351,21.898099999999886,19.036017999999785,10.88601800000015,33.94205499999998,14.906035999999972,23.05603599999995,0.8692999849301941,0.4971215767578103,1.5500000000000074,0.6806999694037404,1.05287837757614
Belgium,BE,2026-04,2026-04-01,belgium__standard_private_sector,Belgique · secteur privé standard,Belgium · standard private sector,1.25,2737.2625,0.1307,0.25,357.760209,684.315625,205.294688,97.172819,31.478519,23.814184,242.521458,104.015975,64.325669,39.964033,27.372625,8.211788,197.904079,222.738517,668.21555,454.54955,213.666,8211.7875,461.577108,0.1686272720768772,2379.502291,2379.5,28554.0,6070.0,22484.0,6941.2,3953.22,329.44,2050.062291,3198.839608,819.337317,1148.777317,1.3443313839605167,1.5603621519143598,21.898099999999886,19.036017999999785,10.88601800000015,33.94205500000044,14.90603699999997,23.05603700000006,0.8692999849301941,0.4971215767578103,1.550000000000028,0.6807000150698027,1.0528784232422073
Belgium,BE,2026-04,2026-04-01,belgium__standard_private_sector,Belgique · secteur privé standard,Belgium · standard private sector,1.26,2759.1606,0.1307,0.25,360.62229,689.79015,206.937045,97.950201,31.730347,24.004697,244.461629,104.848103,64.840274,40.283745,27.591606,8.277482,199.487311,216.169087,648.50726,445.352348,203.154912,8277.4818,473.621063,0.1716540397588069,2398.53831,2398.54,28782.48,6070.0,22712.48,7038.99,4051.01,337.58,2060.95831,3232.781663,834.243354,1171.823354,1.347813228757399,1.5685817846514991,21.89810000000034,19.036019000000124,10.896018999999797,33.94205499999998,14.90603699999997,23.04603700000007,0.8693000305962539,0.4975782830473706,1.5499999999999752,0.6807000150697886,1.0524217626186614
Belgium,BE,2026-04,2026-04-01,belgium__standard_private_sector,Belgique · secteur privé standard,Belgium · standard private sector,1.27,2781.0587,0.1307,0.25,363.484372,695.264675,208.579403,98.727584,31.982175,24.195211,246.401801,105.680231,65.354879,40.603457,27.810587,8.343176,201.070544,209.599657,628.79897,436.155146,192.643824,8343.1761,485.665018,0.1746331418079501,2417.574328,2417.58,29010.96,6070.0,22940.96,7136.78,4148.8,345.73,2071.844328,3266.723718,849.14939,1194.87939,1.3512402413527551,1.57672257240904,21.898099999999886,19.03601800000024,10.88601800000015,33.94205499999998,14.906036000000086,23.05603599999995,0.8692999849302149,0.4971215767578103,1.5500000000000074,0.6806999694037457,1.05287837757614
Belgium,BE,2026-04,2026-04-01,belgium__standard_private_sector,Belgique · secteur privé standard,Belgium · standard private sector,1.28,2802.9568,0.1307,0.25,366.346454,700.7392,210.22176,99.504966,32.234003,24.385724,248.341972,106.512358,65.869485,40.923169,28.029568,8.40887,202.653777,203.030227,609.09068,426.957944,182.132736,8408.8704,497.708973,0.17756569538757544,2436.610346,2436.61,29239.32,6070.0,23169.32,7234.52,4246.54,353.88,2082.730346,3300.665773,864.055427,1217.935427,1.354613706876309,1.584778259601441,21.898099999999886,19.036017999999785,10.886017999999694,33.94205499999998,14.90603699999997,23.056036999999833,0.8692999849301941,0.49712157675778956,1.5500000000000074,0.6807000150698027,1.052878423242197
Belgium,BE,2026-04,2026-04-01,belgium__standard_private_sector,Belgique · secteur privé standard,Belgium · standard private sector,1.29,2824.8549,0.1307,0.25,369.208535,706.213725,211.864118,100.282349,32.485831,24.576238,250.282144,107.344486,66.38409,41.242882,28.248549,8.474565,204.237009,196.460797,589.38239,417.760742,171.621648,8474.5647,509.752928,0.18045278302022988,2455.646365,2455.64,29467.68,6070.0,23397.68,7332.26,4344.28,362.02,2093.626365,3334.607828,878.961464,1240.981464,1.3579348706088001,1.5927425660873413,21.898099999999886,19.036019000000124,10.896019000000251,33.94205499999998,14.90603699999997,23.04603700000007,0.8693000305962719,0.49757828304740176,1.5500000000000074,0.6807000150698027,1.0524217626186834
Belgium,BE,2026-04,2026-04-01,belgium__standard_private_sector,Belgique · secteur privé standard,Belgium · standard private sector,1.3,2846.753,0.1307,0.25,372.070617,711.68825,213.506475,101.059732,32.73766,24.766751,252.222316,108.176614,66.898696,41.562594,28.46753,8.540259,205.820242,189.891367,569.6741,408.56354,161.11056,8540.259,521.796883,0.1832954539200743,2474.682383,2474.68,29696.16,6070.0,23626.16,7430.05,4442.07,370.17,2104.512383,3368.549883,893.8675,1264.0375,1.3612049395146375,1.600632008965184,21.89810000000034,19.036017999999785,10.88601800000015,33.94205499999998,14.906035999999972,23.05603599999995,0.8692999849301761,0.4971215767578,1.5499999999999752,0.6806999694037263,1.0528783775761181
Belgium,BE,2026-04,2026-04-01,belgium__standard_private_sector,Belgique · secteur privé standard,Belgium · standard private sector,1.31,2868.6511,0.1307,0.25,374.932699,717.162775,215.148833,101.837114,32.989488,24.957265,254.162487,109.008742,67.413301,41.882306,28.686511,8.605953,207.403475,183.321937,549.96581,399.366338,150.599472,8605.9533,533.840838,0.1860947252641959,2493.718401,2493.72,29924.64,6070.0,23854.64,7527.84,4539.86,378.32,2115.398401,3402.491938,908.773537,1287.093537,1.3644250837043552,1.6084402523680421,21.898099999999886,19.03601800000024,10.886017999999694,33.94205499999998,14.906037000000083,23.05603700000006,0.8692999849302149,0.49712157675778956,1.5500000000000074,0.6807000150698079,1.0528784232422073
Belgium,BE,2026-04,2026-04-01,belgium__standard_private_sector,Belgique · secteur privé standard,Belgium · standard private sector,1.32,2890.5492,0.1307,0.25,377.79478,722.6373,216.79119,102.614497,33.241316,25.147778,256.102659,109.84087,67.927906,42.202018,28.905492,8.671648,208.986707,176.752507,530.25752,390.169136,140.088384,8671.6476,545.884793,0.18885158340613378,2512.75442,2512.76,30153.12,6070.0,24083.12,7625.63,4637.65,386.47,2126.28442,3436.433993,923.679574,1310.149574,1.3675964378305923,1.6161685434559347,21.898099999999886,19.036019000000124,10.886019000000033,33.94205499999998,14.90603699999997,23.05603700000006,0.8693000305962719,0.49712162242386737,1.5500000000000074,0.6807000150698027,1.0528784232422073
Belgium,BE,2026-04,2026-04-01,belgium__standard_private_sector,Belgique · secteur privé standard,Belgium · standard private sector,1.33,2912.4473,0.1307,0.25,380.656862,728.111825,218.433548,103.391879,33.493144,25.338292,258.042831,110.672997,68.442512,42.521731,29.124473,8.737342,210.56994,170.183077,510.54923,380.971934,129.577296,8737.3419,557.928748,0.19156698503465916,2531.790438,2531.79,30381.48,6070.0,24311.48,7723.36,4735.38,394.62,2137.170438,3470.376048,938.58561,1333.20561,1.3707201024210964,1.6238181039784498,21.898099999999886,19.036017999999785,10.88601800000015,33.94205499999998,14.906035999999972,23.05603599999995,0.8692999849301941,0.4971215767578103,1.5500000000000074,0.6806999694037404,1.05287837757614
Belgium,BE,2026-04,2026-04-01,belgium__standard_private_sector,Belgique · secteur privé standard,Belgium · standard private sector,1.34,2934.3454,0.1307,0.25,383.518944,733.58635,220.075905,104.169262,33.744972,25.528805,259.983002,111.505125,68.957117,42.841443,29.343454,8.803036,212.153172,163.613647,490.84094,371.774732,119.066208,8803.0362,569.972703,0.19424185828066912,2550.826456,2550.83,30609.96,6070.0,24539.96,7821.15,4833.17,402.76,2148.066456,3504.318103,953.491647,1356.251647,1.3737971451520408,1.6313825362274683,21.89810000000034,19.036017999999785,10.896017999999913,33.94205499999998,14.90603699999997,23.04603700000007,0.8692999849301761,0.49757823738131357,1.5499999999999752,0.6807000150697886,1.0524217626186614
Belgium,BE,2026-04,2026-04-01,belgium__standard_private_sector,Belgique · secteur privé standard,Belgium · standard private sector,1.35,2956.2435,0.1307,0.25,386.381025,739.060875,221.718263,104.946644,33.9968,25.719318,261.923174,112.337253,69.471722,43.161155,29.562435,8.868731,213.736405,157.044217,471.13265,362.57753,108.55512,8868.7305,582.016658,0.19687710377488635,2569.862475,2569.86,30838.32,6070.0,24768.32,7918.89,4930.91,410.91,2158.952475,3538.260158,968.397684,1379.307684,1.376828602064749,1.638878206001653,21.898099999999886,19.036019000000124,10.886019000000033,33.94205499999998,14.906037000000083,23.05603700000006,0.8693000305962719,0.49712162242386737,1.5500000000000074,0.6807000150698079,1.0528784232422073
Belgium,BE,2026-04,2026-04-01,belgium__standard_private_sector,Belgique · secteur privé standard,Belgium · standard private sector,1.36,2978.1416,0.1307,0.25,389.243107,744.5354,223.36062,105.724027,34.248628,25.909832,263.863346,113.169381,69.986328,43.480867,29.781416,8.934425,215.319638,150.474787,451.42436,353.380328,98.044032,8934.4248,594.060613,0.19947359565889458,2588.898493,2588.9,31066.8,6070.0,24996.8,8016.68,5028.7,419.06,2169.838493,3572.202213,983.30372,1402.36372,1.3798154787287409,1.6462986646494564,21.898099999999886,19.03601800000024,10.88601800000015,33.94205499999998,14.906035999999972,23.05603599999995,0.8692999849302149,0.4971215767578103,1.5500000000000074,0.6806999694037404,1.05287837757614
Belgium,BE,2026-04,2026-04-01,belgium__standard_private_sector,Belgique · secteur privé standard,Belgium · standard private sector,1.37,3000.0397,0.1307,0.25,392.105189,750.009925,225.002978,106.501409,34.500457,26.100345,265.803517,114.001509,70.500933,43.80058,30.000397,9.000119,216.90287,143.905357,431.71607,344.183126,87.532944,9000.1191,606.104568,0.2020321825518953,2607.934511,2607.93,31295.16,6070.0,25225.16,8114.42,5126.44,427.2,2180.734511,3606.144268,998.209757,1425.409757,1.3827587513538426,1.6536374555435598,21.898099999999886,19.036017999999785,10.896017999999913,33.94205499999998,14.90603699999997,23.046036999999842,0.8692999849301941,0.49757823738132395,1.5500000000000074,0.6807000150698027,1.052421762618673
Belgium,BE,2026-04,2026-04-01,belgium__standard_private_sector,Belgique · secteur privé standard,Belgium · standard private sector,1.38,3021.9378,0.1307,0.25,394.96727,755.48445,226.645335,107.278792,34.752285,26.290859,267.743689,114.833636,71.015538,44.120292,30.219378,9.065813,218.486103,137.335927,412.00778,334.985924,77.021856,9065.8134,618.148523,0.2045536884754323,2626.97053,2626.97,31523.64,6070.0,25453.64,8212.21,5224.23,435.35,2191.62053,3640.086323,1013.115794,1448.465794,1.3856593678539426,1.6609108530742556,21.89810000000034,19.036019000000124,10.886019000000033,33.94205499999998,14.906037000000083,23.05603700000006,0.8693000305962539,0.49712162242385705,1.5499999999999752,0.6807000150697938,1.0528784232421855
Belgium,BE,2026-04,2026-04-01,belgium__standard_private_sector,Belgique · secteur privé standard,Belgium · standard private sector,1.39,3043.8359,0.1307,0.25,397.829352,760.958975,228.287693,108.056174,35.004113,26.481372,269.683861,115.665764,71.530144,44.440004,30.438359,9.131508,220.069336,130.766497,392.29949,325.788722,66.510768,9131.5077,630.192478,0.20703891373819894,2646.006548,2646.01,31752.12,6070.0,25682.12,8310.0,5322.02,443.5,2202.506548,3674.028378,1028.02183,1471.52183,1.3885182488648324,1.6681123522136232,21.898099999999886,19.036017999999785,10.886017999999694,33.94205499999998,14.906035999999858,23.05603599999995,0.8692999849301941,0.49712157675778956,1.5500000000000074,0.6806999694037353,1.05287837757614
Belgium,BE,2026-04,2026-04-01,belgium__standard_private_sector,Belgique · secteur privé standard,Belgium · standard private sector,1.4,3065.734,0.1307,0.25,400.691434,766.4335,229.93005,108.833557,35.255941,26.671886,271.624032,116.497892,72.044749,44.759716,30.65734,9.197202,221.652568,124.197067,372.5912,316.59152,55.99968,9197.202,642.236433,0.20948863578292615,2665.042566,2665.04,31980.48,6070.0,25910.48,8407.74,5419.76,451.65,2213.392566,3707.970433,1042.927867,1494.577867,1.3913362887184242,1.675243013804486,21.898099999999886,19.03601800000024,10.88601800000015,33.94205499999998,14.906037000000197,23.05603700000006,0.8692999849302149,0.4971215767578103,1.5500000000000074,0.6807000150698131,1.0528784232422073
Belgium,BE,2026-04,2026-04-01,belgium__standard_private_sector,Belgique · secteur privé standard,Belgium · standard private sector,1.41,3087.6321,0.1307,0.25,403.553515,771.908025,231.572408,109.61094,35.507769,26.862399,273.564204,117.33002,72.559354,45.079429,30.876321,9.262896,223.235801,117.627637,352.88291,307.394318,45.488592,9262.8963,654.280388,0.21190360999723165,2684.078585,2684.08,32208.96,6070.0,26138.96,8505.52,5517.54,459.8,2224.278585,3741.912488,1057.833904,1517.633904,1.3941143563755112,1.6823038779218462,21.898099999999886,19.036019000000124,10.886019000000033,33.94205499999998,14.90603699999997,23.05603700000006,0.8693000305962719,0.49712162242386737,1.5500000000000074,0.6807000150698027,1.0528784232422073
Belgium,BE,2026-04,2026-04-01,belgium__standard_private_sector,Belgique · secteur privé standard,Belgium · standard private sector,1.42,3109.5302,0.1307,0.25,406.415597,777.38255,233.214765,110.388322,35.759597,27.052913,275.504376,118.162148,73.07396,45.399141,31.095302,9.328591,224.819033,111.058207,333.17462,298.197116,34.977504,9328.5906,666.324343,0.21428457049020888,2703.114603,2703.11,32437.32,6070.0,26367.32,8603.26,5615.28,467.94,2235.174603,3775.854543,1072.73994,1540.67994,1.3968532963191176,1.689288406597842,21.89810000000034,19.036017999999785,10.896017999999913,33.94205499999998,14.906035999999858,23.046035999999958,0.8692999849301761,0.49757823738131357,1.5499999999999752,0.6806999694037211,1.052421716952594
Belgium,BE,2026-04,2026-04-01,belgium__standard_private_sector,Belgique · secteur privé standard,Belgium · standard private sector,1.43,3131.4283,0.1307,0.25,409.277679,782.857075,234.857123,111.165705,36.011425,27.243426,277.444547,118.994275,73.588565,45.718853,31.314283,9.394285,226.402266,104.488777,313.46633,288.999914,24.466416,9394.2849,678.368298,0.21663223083643116,2722.150621,2722.15,32665.8,6070.0,26595.8,8701.05,5713.07,476.09,2246.060621,3809.796598,1087.645977,1563.735977,1.3995539294103658,1.696212721237613,21.898099999999886,19.036017999999785,10.88601800000015,33.94205499999998,14.90603699999997,23.05603700000006,0.8692999849301941,0.4971215767578103,1.5500000000000074,0.6807000150698027,1.0528784232422073
Belgium,BE,2026-04,2026-04-01,belgium__standard_private_sector,Belgique · secteur privé standard,Belgium · standard private sector,1.44,3153.3264,0.1307,0.25,412.13976,788.3316,236.49948,111.943087,36.263254,27.43394,279.384719,119.826403,74.10317,46.038565,31.533264,9.459979,227.985499,97.919347,293.75804,279.802712,13.955328,9459.9792,690.412253,0.21894728478895595,2741.18664,2741.19,32894.28,6070.0,26824.28,8798.84,5810.86,484.24,2256.94664,3843.738653,1102.552014,1586.792014,1.4022170537086804,1.7030702392462442,21.898099999999886,19.036019000000124,10.886019000000033,33.94205499999998,14.906037000000197,23.05603700000006,0.8693000305962719,0.49712162242386737,1.5500000000000074,0.6807000150698131,1.0528784232422073
Belgium,BE,2026-04,2026-04-01,belgium__standard_private_sector,Belgique · secteur privé standard,Belgium · standard private sector,1.45,3175.2245,0.1307,0.25,415.001842,793.806125,238.141838,112.72047,36.515082,27.624453,281.324891,120.658531,74.617776,46.358278,31.752245,9.525674,229.568731,91.349917,274.04975,270.60551,3.44424,9525.6735,702.456208,0.22123040696282523,2760.222658,2760.22,33122.64,6070.0,27052.64,8896.58,5908.6,492.38,2267.842658,3877.680708,1117.45805,1609.83805,1.4048434452580527,1.709854382935684,21.898099999999886,19.03601800000024,10.896017999999913,33.94205499999998,14.906035999999858,23.046035999999958,0.8692999849302149,0.49757823738132395,1.5500000000000074,0.6806999694037353,1.052421716952616
Belgium,BE,2026-04,2026-04-01,belgium__standard_private_sector,Belgique · secteur privé standard,Belgium · standard private sector,1.46,3197.1226,0.1307,0.25,417.863924,799.28065,239.784195,113.497852,36.76691,27.814967,283.265062,121.490659,75.132381,46.67799,31.971226,9.591368,231.151964,87.136103,261.408308,261.408308,0.0,9591.3678,712.144547,0.2227454609758579,2779.258676,2779.26,33351.12,6070.0,27281.12,8994.37,6006.39,500.53,2278.728676,3909.267147,1130.008471,1630.538471,1.4065862889403633,1.715547440201053,21.89810000000034,19.036017999999785,10.88601800000015,31.586439000000155,12.550421000000142,20.700421000000006,0.8692999849301761,0.4971215767578,1.4424282928655758,0.5731283079353893,0.9453067161077757
Belgium,BE,2026-04,2026-04-01,belgium__standard_private_sector,Belgique · secteur privé standard,Belgium · standard private sector,1.47,3219.0207,0.1307,0.25,420.726005,804.755175,241.426553,114.275235,37.018738,28.00548,285.205234,122.322787,75.646986,46.997702,32.190207,9.657062,232.735197,84.070369,252.211106,252.211106,0.0,9657.0621,720.684806,0.22388324695561396,2798.294695,2798.29,33579.48,6070.0,27509.48,9092.11,6104.13,508.68,2289.614695,3939.705506,1141.410812,1650.090812,1.4078951420172712,1.7206849326132876,21.898099999999886,19.036019000000124,10.886019000000033,30.438358999999764,11.402340999999979,19.552340999999842,0.8693000305962719,0.49712162242386737,1.3899999999999966,0.5207000150698023,0.8928784232421966
Belgium,BE,2026-04,2026-04-01,belgium__standard_private_sector,Belgique · secteur privé standard,Belgium · standard private sector,1.48,3240.9188,0.1307,0.25,423.588087,810.2297,243.06891,115.052617,37.270566,28.195994,287.145406,123.154914,76.161592,47.317414,32.409188,9.722756,234.318429,81.004635,243.013904,243.013904,0.0,9722.7564,729.225065,0.2250056574491571,2817.330713,2817.33,33807.96,6070.0,27737.96,9189.9,6201.92,516.83,2300.500713,3970.143865,1152.813152,1669.643152,1.4091863078904374,1.7257738035786723,21.898099999999886,19.036017999999785,10.886017999999694,30.43835900000022,11.402339999999867,19.552340000000186,0.8692999849301941,0.49712157675778956,1.3900000000000172,0.5206999694037349,0.8928783775761499
Belgium,BE,2026-04,2026-04-01,belgium__standard_private_sector,Belgique · secteur privé standard,Belgium · standard private sector,1.49,3262.8169,0.1307,0.25,426.450169,815.704225,244.711268,115.83,37.522394,28.386507,289.085577,123.987042,76.676197,47.637127,32.628169,9.788451,235.901662,77.938901,233.816702,233.816702,0.0,9788.4507,737.765324,0.22611300203003526,2836.366731,2836.37,34036.44,6070.0,27966.44,9287.69,6299.71,524.98,2311.386731,4000.582224,1164.215493,1689.195493,1.4104601426780574,1.7308147400795542,21.898099999999886,19.03601800000024,10.88601800000015,30.43835900000022,11.402340999999979,19.552340999999842,0.8692999849302149,0.4971215767578103,1.3900000000000172,0.5207000150698023,0.8928784232421966
Belgium,BE,2026-04,2026-04-01,belgium__standard_private_sector,Belgique · secteur privé standard,Belgium · standard private sector,1.5,3284.715,0.1307,0.25,429.312251,821.17875,246.353625,116.607383,37.774223,28.577021,291.025749,124.81917,77.190803,47.956839,32.84715,9.854145,237.484895,74.873167,224.6195,224.6195,0.0,9854.145,746.305583,0.2272055820165017,2855.40275,2855.41,34264.92,6070.0,28194.92,9385.48,6397.5,533.13,2322.27275,4031.020583,1175.617834,1708.747834,1.4117169930018425,1.7358084162169314,21.89810000000034,19.036019000000124,10.886019000000033,30.438358999999764,11.402340999999979,19.55234100000007,0.8693000305962539,0.49712162242385705,1.3899999999999677,0.5207000150697915,0.8928784232421884
Belgium,BE,2026-04,2026-04-01,belgium__standard_private_sector,Belgique · secteur privé standard,Belgium · standard private sector,1.51,3306.6131,0.1307,0.25,432.174332,826.653275,247.995983,117.384765,38.026051,28.767534,292.965921,125.651298,77.705408,48.276551,33.066131,9.919839,239.068127,71.807433,215.422298,215.422298,0.0,9919.8393,754.845842,0.2282836907448692,2874.438768,2874.44,34493.28,6070.0,28423.28,9483.21,6495.23,541.27,2333.168768,4061.458942,1187.020175,1728.290175,1.4129571963014715,1.7407480326040694,21.898099999999886,19.036017999999785,10.896017999999913,30.43835900000022,11.402341000000206,19.54234100000008,0.8692999849301941,0.49757823738132395,1.3900000000000172,0.5207000150698127,0.8924217626186829
Belgium,BE,2026-04,2026-04-01,belgium__standard_private_sector,Belgique · secteur privé standard,Belgium · standard private sector,1.52,3328.5112,0.1307,0.25,435.036414,832.1278,249.63834,118.162148,38.277879,28.958047,294.906092,126.483426,78.220013,48.596264,33.285112,9.985534,240.65136,68.741699,206.225096,206.225096,0.0,9985.5336,763.386101,0.22934761383207403,2893.474786,2893.47,34721.64,6070.0,28651.64,9580.95,6592.97,549.41,2344.064786,4091.897301,1198.422515,1747.832515,1.414181081136632,1.745641726923682,21.898099999999886,19.03601800000024,10.896017999999913,30.438358999999764,11.402339999999867,19.542339999999967,0.8692999849302149,0.49757823738132395,1.3899999999999966,0.5206999694037349,0.8924217169526155
Belgium,BE,2026-04,2026-04-01,belgium__standard_private_sector,Belgique · secteur privé standard,Belgium · standard private sector,1.53,3350.4093,0.1307,0.25,437.898496,837.602325,251.280698,118.93953,38.529707,29.148561,296.846264,127.315553,78.734619,48.915976,33.504093,10.051228,242.234592,65.675965,197.027894,197.027894,0.0,10051.2279,771.92636,0.2303976294279428,2912.510804,2912.51,34950.12,6070.0,28880.12,9678.74,6690.76,557.56,2354.950804,4122.33566,1209.824856,1767.384856,1.4153889674772149,1.750497569831862,21.898099999999886,19.036017999999785,10.88601800000015,30.438358999999764,11.402340999999979,19.552340999999842,0.8692999849301941,0.4971215767578103,1.3899999999999966,0.5207000150698023,0.8928784232421966
Belgium,BE,2026-04,2026-04-01,belgium__standard_private_sector,Belgique · secteur privé standard,Belgium · standard private sector,1.54,3372.3074,0.1307,0.25,440.760577,843.07685,252.923055,119.716913,38.781535,29.339074,298.786436,128.147681,79.249224,49.235688,33.723074,10.116922,243.817825,62.610231,187.830692,187.830692,0.0,10116.9222,780.466619,0.2314340084576315,2931.546823,2931.55,35178.6,6070.0,29108.6,9776.53,6788.55,565.71,2365.836823,4152.774019,1221.227197,1786.937197,1.416581166982206,1.7553087259768672,21.89810000000034,19.036019000000124,10.886019000000033,30.438359000000673,11.402340999999979,19.55234100000007,0.8693000305962539,0.49712162242385705,1.3900000000000092,0.5207000150697915,0.8928784232421884
Belgium,BE,2026-04,2026-04-01,belgium__standard_private_sector,Belgique · secteur privé standard,Belgium · standard private sector,1.55,3394.2055,0.1307,0.25,443.622659,848.551375,254.565413,120.494295,39.033363,29.529588,300.726607,128.979809,79.763829,49.5554,33.942055,10.182617,245.401058,59.544497,178.63349,178.63349,0.0,10182.6165,789.006878,0.23245701485467907,2950.582841,2950.59,35407.08,6070.0,29337.08,9874.32,6886.34,573.86,2376.722841,4183.212378,1232.629537,1806.489537,1.4177579832677776,1.7600758093902302,21.898099999999886,19.036017999999785,10.886017999999694,30.438358999999764,11.402340000000095,19.55233999999996,0.8692999849301941,0.49712157675778956,1.3899999999999966,0.5206999694037453,0.8928783775761395
Belgium,BE,2026-04,2026-04-01,belgium__standard_private_sector,Belgique · secteur privé standard,Belgium · standard private sector,1.56,3416.1036,0.1307,0.25,446.484741,854.0259,256.20777,121.271678,39.285191,29.720101,302.666779,129.811937,80.278435,49.875113,34.161036,10.248311,246.98429,56.478763,169.436288,169.436288,0.0,10248.3108,797.547137,0.23346690578509774,2969.618859,2969.62,35635.44,6070.0,29565.44,9975.56,6987.58,582.3,2387.318859,4213.650737,1244.031878,1826.331878,1.4189197121650727,1.765013802241373,21.898099999999886,19.03601800000024,10.596018000000186,30.438358999999764,11.402340999999979,19.842341000000033,0.8692999849302149,0.4838784186756039,1.3899999999999966,0.5207000150698023,0.9061215813244133
Belgium,BE,2026-04,2026-04-01,belgium__standard_private_sector,Belgique · secteur privé standard,Belgium · standard private sector,1.57,3438.0017,0.1307,0.25,449.346822,859.500425,257.850128,122.04906,39.53702,29.910615,304.606951,130.644065,80.79304,50.194825,34.380017,10.314005,248.567523,53.413029,160.239086,160.239086,0.0,10314.0051,806.087396,0.2344639318628997,2988.654878,2988.65,35863.8,6070.0,29793.8,10085.51,7097.53,591.46,2397.194878,4244.089096,1255.434219,1846.894219,1.4200666419681351,1.7704397483990109,21.898099999999886,19.03601899999967,9.876018999999815,30.438358999999764,11.402340999999979,20.56234100000006,0.8693000305962512,0.4509988994478912,1.3899999999999966,0.5207000150698023,0.9390011462181727
Belgium,BE,2026-04,2026-04-01,belgium__standard_private_sector,Belgique · secteur privé standard,Belgium · standard private sector,1.58,3459.8998,0.1307,0.25,452.208904,864.97495,259.492485,122.826443,39.788848,30.101128,306.547122,131.476192,81.307645,50.514537,34.598998,10.379699,250.150756,50.347295,151.041884,151.041884,0.0,10379.6994,814.627655,0.23544833735743834,3007.690896,3007.69,36092.28,6070.0,30022.28,10195.53,7207.55,600.63,2407.060896,4274.527455,1266.836559,1867.466559,1.4211990536724244,1.7758285476649271,21.89810000000034,19.03601800000024,9.866018000000167,30.438359000000673,11.402340000000095,20.57233999999994,0.8692999849301969,0.4505421931583112,1.3900000000000092,0.5206999694037344,0.9394577611756098
Belgium,BE,2026-04,2026-04-01,belgium__standard_private_sector,Belgique · secteur privé standard,Belgium · standard private sector,1.59,3481.7979,0.1307,0.25,455.070986,870.449475,261.134843,123.603825,40.040676,30.291642,308.487294,132.30832,81.822251,50.834249,34.817979,10.445394,251.733988,47.281561,141.844682,141.844682,0.0,10445.3937,823.167914,0.2364203603929261,3026.726914,3026.73,36320.76,6070.0,30250.76,10305.54,7317.56,609.8,2416.926914,4304.965814,1278.2389,1888.0389,1.4223172212043325,1.7811733522266457,21.898099999999886,19.036017999999785,9.866018000000167,30.438358999999764,11.402340999999979,20.57234100000005,0.8692999849301941,0.45054219315832056,1.3899999999999966,0.5207000150698023,0.9394578068416967
Belgium,BE,2026-04,2026-04-01,belgium__standard_private_sector,Belgique · secteur privé standard,Belgium · standard private sector,1.6,3503.696,0.1307,0.25,457.933067,875.924,262.7772,124.381208,40.292504,30.482155,310.427466,133.140448,82.336856,51.153962,35.03696,10.511088,253.317221,44.215827,132.64748,132.64748,0.0,10511.088,831.708173,0.23738023314047033,3045.762933,3045.77,36549.24,6070.0,30479.24,10415.55,7427.57,618.96,2426.802933,4335.404173,1289.641241,1908.601241,1.4234214116420918,1.7864673372267708,21.898099999999886,19.036019000000124,9.876018999999815,30.438358999999764,11.402340999999979,20.56234100000006,0.8693000305962719,0.4509988994478912,1.3899999999999966,0.5207000150698023,0.9390011462181727
Belgium,BE,2026-04,2026-04-01,belgium__standard_private_sector,Belgique · secteur privé standard,Belgium · standard private sector,1.61,3525.5941,0.1307,0.25,460.795149,881.398525,264.419558,125.158591,40.544332,30.672669,312.367637,133.972576,82.851461,51.473674,35.255941,10.576782,254.900453,41.150093,123.450278,123.450278,0.0,10576.7823,840.248432,0.2383281820029519,3064.798951,3064.79,36777.48,6070.0,30707.48,10525.45,7537.47,628.12,2436.678951,4365.842532,1301.043581,1929.163581,1.4245118854284504,1.7917184084955844,21.898099999999886,19.03601800000024,9.876017999999931,30.438358999999764,11.402339999999867,20.56233999999995,0.8692999849302149,0.45099885378183413,1.3899999999999966,0.5206999694037349,0.9390011005521053
Belgium,BE,2026-04,2026-04-01,belgium__standard_private_sector,Belgique · secteur privé standard,Belgium · standard private sector,1.62,3547.4922,0.1307,0.25,463.657231,886.87305,266.061915,125.935973,40.79616,30.863182,314.307809,134.804704,83.366067,51.793386,35.474922,10.642477,256.483686,38.084359,114.253076,114.253076,0.0,10642.4766,848.788691,0.23926442779305712,3083.834969,3083.83,37005.96,6070.0,30935.96,10635.46,7647.48,637.29,2446.544969,4396.280891,1312.445922,1949.735922,1.4255888965754713,1.7969344304771468,21.89810000000034,19.036017999999785,9.866018000000167,30.438359000000673,11.402341000000206,20.57234100000005,0.8692999849301761,0.4505421931583112,1.3900000000000092,0.5207000150698019,0.9394578068416772
Belgium,BE,2026-04,2026-04-01,belgium__standard_private_sector,Belgique · secteur privé standard,Belgium · standard private sector,1.63,3569.3903,0.1307,0.25,466.519312,892.347575,267.704273,126.713356,41.047988,31.053696,316.247981,135.636831,83.880672,52.113098,35.693903,10.708171,258.066919,35.018625,105.055874,105.055874,0.0,10708.1709,857.32895,0.24018918590475613,3102.870988,3102.87,37234.44,6070.0,31164.44,10745.48,7757.5,646.46,2456.410988,4426.71925,1323.848263,1970.308263,1.4266526928617924,1.8021085528183511,21.898099999999886,19.036019000000124,9.866019000000051,30.438358999999764,11.402340999999979,20.572340999999824,0.8693000305962719,0.45054223882437755,1.3899999999999966,0.5207000150698023,0.9394578068416863
Belgium,BE,2026-04,2026-04-01,belgium__standard_private_sector,Belgique · secteur privé standard,Belgium · standard private sector,1.64,3591.2884,0.1307,0.25,469.381394,897.8221,269.34663,127.490738,41.299817,31.244209,318.188152,136.468959,84.395277,52.432811,35.912884,10.773865,259.650151,31.952891,95.858672,95.858672,0.0,10773.8652,865.869209,0.24110266647850764,3121.907006,3121.91,37462.92,6070.0,31392.92,10855.49,7867.51,655.63,2466.277006,4457.157609,1335.250603,1990.880603,1.4277035160226708,1.8072412783612777,21.898099999999886,19.036017999999785,9.866017999999713,30.438358999999764,11.402339999999867,20.572340000000167,0.8692999849301941,0.45054219315829974,1.3899999999999966,0.5206999694037349,0.9394577611756396
Belgium,BE,2026-04,2026-04-01,belgium__standard_private_sector,Belgique · secteur privé standard,Belgium · standard private sector,1.65,3613.1865,0.1307,0.25,472.243476,903.296625,270.988988,128.268121,41.551645,31.434723,320.128324,137.301087,84.909883,52.752523,36.131865,10.83956,261.233384,28.887157,86.66147,86.66147,0.0,10839.5595,874.409468,0.24200507456045608,3140.943024,3140.95,37691.4,6070.0,31621.4,10965.5,7977.52,664.79,2476.153024,4487.595968,1346.652944,2011.442944,1.428741601933114,1.8123257827856225,21.898099999999886,19.03601800000024,9.876018000000386,30.438358999999764,11.402340999999979,20.562340999999833,0.8692999849302149,0.4509988537818549,1.3899999999999966,0.5207000150698023,0.9390011462181623
Belgium,BE,2026-04,2026-04-01,belgium__standard_private_sector,Belgique · secteur privé standard,Belgium · standard private sector,1.66,3635.0846,0.1307,0.25,475.105557,908.77115,272.631345,129.045503,41.803473,31.625236,322.068496,138.133215,85.424488,53.072235,36.350846,10.905254,262.816617,25.821423,77.464268,77.464268,0.0,10905.2538,882.949727,0.242896610255875,3159.979043,3159.97,37919.64,6070.0,31849.64,11075.4,8087.42,673.95,2486.029043,4518.034327,1358.055285,2032.005285,1.4297671807843955,1.8173698897262458,21.89810000000034,19.03601899999967,9.876018999999815,30.438359000000673,11.402340999999979,20.56234100000006,0.8693000305962332,0.45099889944788185,1.3900000000000092,0.5207000150697915,0.9390011462181532
Belgium,BE,2026-04,2026-04-01,belgium__standard_private_sector,Belgique · secteur privé standard,Belgium · standard private sector,1.67,3656.9827,0.1307,0.25,477.967639,914.245675,274.273703,129.822886,42.055301,31.815749,324.008667,138.965343,85.939093,53.391947,36.569827,10.970948,264.399849,22.755689,68.267066,68.267066,0.0,10970.9481,891.489986,0.2437774688770973,3179.015061,3179.01,38148.12,6070.0,32078.12,11185.41,8197.43,683.12,2495.895061,4548.472686,1369.457625,2052.577625,1.4307804772542243,1.822381380213353,21.898099999999886,19.03601800000024,9.866018000000167,30.438358999999764,11.402340000000095,20.57233999999994,0.8692999849302149,0.45054219315832056,1.3899999999999966,0.5206999694037453,0.9394577611756293
Belgium,BE,2026-04,2026-04-01,belgium__standard_private_sector,Belgique · secteur privé standard,Belgium · standard private sector,1.68,3678.8808,0.1307,0.25,480.829721,919.7202,275.91606,130.600268,42.307129,32.006263,325.948839,139.79747,86.453699,53.71166,36.788808,11.036642,265.983082,19.689955,59.069864,59.069864,0.0,11036.6424,900.030245,0.24464784108616222,3198.051079,3198.05,38376.6,6070.0,32306.6,11295.43,8307.45,692.29,2505.761079,4578.911045,1380.859966,2073.149966,1.4317817106708413,1.8273534068765453,21.898099999999886,19.036017999999785,9.866017999999713,30.438358999999764,11.402340999999979,20.57234100000005,0.8692999849301941,0.45054219315829974,1.3899999999999966,0.5207000150698023,0.9394578068416967
Belgium,BE,2026-04,2026-04-01,belgium__standard_private_sector,Belgique · secteur privé standard,Belgium · standard private sector,1.69,3700.7789,0.1307,0.25,483.691802,925.194725,277.558418,131.377651,42.558957,32.196776,327.889011,140.629598,86.968304,54.031372,37.007789,11.102337,267.566314,16.624221,49.872662,49.872662,0.0,11102.3367,908.570504,0.24550791303239794,3217.087098,3217.09,38605.08,6070.0,32535.08,11405.44,8417.46,701.46,2515.627098,4609.349404,1392.262307,2093.722307,1.4327710951712849,1.8322864340344134,21.898099999999886,19.036019000000124,9.866019000000051,30.438358999999764,11.402340999999979,20.57234100000005,0.8693000305962719,0.45054223882437755,1.3899999999999966,0.5207000150698023,0.9394578068416967
Belgium,BE,2026-04,2026-04-01,belgium__standard_private_sector,Belgique · secteur privé standard,Belgium · standard private sector,1.7,3722.677,0.1307,0.25,486.553884,930.66925,279.200775,132.155034,42.810786,32.38729,329.829182,141.461726,87.48291,54.351084,37.22677,11.168031,269.149547,13.558487,40.67546,40.67546,0.0,11168.031,917.110763,0.24635786648514854,3236.123116,3236.13,38833.56,6070.0,32763.56,11515.45,8527.47,710.62,2525.503116,4639.787763,1403.664647,2114.284647,1.4337488398540763,1.837173644235415,21.89810000000034,19.03601800000024,9.876017999999931,30.438359000000673,11.402340000000095,20.56233999999995,0.8692999849301969,0.4509988537818248,1.3900000000000092,0.5206999694037344,0.9390011005520857
Belgium,BE,2026-04,2026-04-01,belgium__standard_private_sector,Belgique · secteur privé standard,Belgium · standard private sector,1.71,3744.5751,0.1307,0.25,489.415966,936.143775,280.843133,132.932416,43.062614,32.577803,331.769354,142.293854,87.997515,54.670796,37.445751,11.233725,270.73278,10.492753,31.478258,31.478258,0.0,11233.7253,925.651022,0.2471978789618436,3255.159134,3255.16,39061.92,6070.0,32991.92,11625.41,8637.43,719.79,2535.369134,4670.226122,1415.066988,2134.856988,1.4347151489265428,1.842030045610416,21.898099999999886,19.036017999999785,9.866018000000167,30.438358999999764,11.402340999999979,20.57234100000005,0.8692999849301941,0.45054219315832056,1.3899999999999966,0.5207000150698023,0.9394578068416967
Belgium,BE,2026-04,2026-04-01,belgium__standard_private_sector,Belgique · secteur privé standard,Belgium · standard private sector,1.72,3766.4732,0.1307,0.25,492.278047,941.6183,282.48549,133.709799,43.314442,32.768317,333.709526,143.125982,88.51212,54.990509,37.664732,11.29942,272.316012,7.427019,22.281056,22.281056,0.0,11299.4196,934.191281,0.2480281238516003,3274.195153,3274.19,39290.28,6070.0,33220.28,11735.36,8747.38,728.95,2545.245153,4700.664481,1426.469329,2155.419329,1.4356702218470037,1.8468415414664678,21.898099999999886,19.036019000000124,9.876018999999815,30.438358999999764,11.402340999999979,20.562340999999833,0.8693000305962719,0.4509988994478912,1.3899999999999966,0.5207000150698023,0.9390011462181623
Belgium,BE,2026-04,2026-04-01,belgium__standard_private_sector,Belgique · secteur privé standard,Belgium · standard private sector,1.73,3788.3713,0.1307,0.25,495.140129,947.092825,284.127848,134.487181,43.56627,32.95883,335.649697,143.958109,89.026726,55.310221,37.883713,11.365114,273.899245,4.361285,13.083854,13.083854,0.0,11365.1139,942.73154,0.24884877053453905,3293.231171,3293.23,39518.76,6070.0,33448.76,11845.38,8857.4,738.12,2555.111171,4731.10284,1437.871669,2175.991669,1.4366142534620259,1.851623089384038,21.898099999999886,19.036017999999785,9.866018000000167,30.438358999999764,11.402340000000095,20.572340000000167,0.8692999849301941,0.45054219315832056,1.3899999999999966,0.5206999694037453,0.9394577611756396
Belgium,BE,2026-04,2026-04-01,belgium__standard_private_sector,Belgique · secteur privé standard,Belgium · standard private sector,1.74,3810.2694,0.1307,0.25,498.002211,952.56735,285.770205,135.264564,43.818098,33.149344,337.589869,144.790237,89.541331,55.629933,38.102694,11.430808,275.482478,1.295551,3.886652,3.886652,0.0,11430.8082,951.271799,0.2496599844969842,3312.267189,3312.27,39747.24,6070.0,33677.24,11955.39,8967.41,747.28,2564.987189,4761.541199,1449.27401,2196.55401,1.437547434138944,1.8563606161362634,21.89810000000034,19.03601800000024,9.876017999999931,30.438359000000673,11.402340999999979,20.562340999999833,0.8692999849301969,0.4509988537818248,1.3900000000000092,0.5207000150697915,0.9390011462181428
Belgium,BE,2026-04,2026-04-01,belgium__standard_private_sector,Belgique · secteur privé standard,Belgium · standard private sector,1.75,3832.1675,0.1307,0.25,500.864292,958.041875,287.412563,136.041946,44.069926,33.339857,339.530041,145.622365,90.055936,55.949646,38.321675,11.496503,277.06571,0.0,0.0,0.0,0.0,11496.5025,958.041875,0.25,3331.303208,3331.31,39975.72,6070.0,33905.72,12065.4,9077.42,756.45,2574.853208,4790.209375,1458.906167,2215.356167,1.4379385712642356,1.860381539647403,21.898099999999886,19.03601899999967,9.866019000000051,28.66817600000013,9.632157000000007,18.80215700000008,0.8693000305962512,0.45054223882437755,1.3091627127467809,0.4398626821505088,0.8586204739224031
Belgium,BE,2026-04,2026-04-01,belgium__standard_private_sector,Belgique · secteur privé standard,Belgium · standard private sector,1.76,3854.0656,0.1307,0.25,503.726374,963.5164,289.05492,136.819329,44.321754,33.530371,341.470212,146.454493,90.570542,56.269358,38.540656,11.562197,278.648943,0.0,0.0,0.0,0.0,11562.1968,963.5164,0.25,3350.339226,3350.34,40204.08,6070.0,34134.08,12175.36,9187.38,765.62,2584.719226,4817.582,1467.242774,2232.862774,1.4379385712642356,1.863870532392941,21.898099999999886,19.03601800000024,9.866018000000167,27.37262499999997,8.336606999999958,17.50660700000026,0.8692999849302149,0.45054219315832056,1.250000000000005,0.38070001506980067,0.7994578068417054
Belgium,BE,2026-04,2026-04-01,belgium__standard_private_sector,Belgique · secteur privé standard,Belgium · standard private sector,1.77,3875.9637,0.1307,0.25,506.588456,968.990925,290.697278,137.596711,44.573583,33.720884,343.410384,147.286621,91.085147,56.58907,38.759637,11.627891,280.232176,0.0,0.0,0.0,0.0,11627.8911,968.990925,0.25,3369.375244,3369.37,40432.44,6070.0,34362.44,12285.31,9297.33,774.78,2594.595244,4844.954625,1475.579381,2250.359381,1.4379385712642356,1.8673257940475887,21.898099999999886,19.036017999999785,9.876017999999931,27.37262499999997,8.336606999999958,17.49660700000004,0.8692999849301941,0.45099885378183413,1.250000000000005,0.38070001506980067,0.7990011462181711
Belgium,BE,2026-04,2026-04-01,belgium__standard_private_sector,Belgique · secteur privé standard,Belgium · standard private sector,1.78,3897.8618,0.1307,0.25,509.450537,974.46545,292.339635,138.374094,44.825411,33.911398,345.350555,148.118748,91.599752,56.908782,38.978618,11.693585,281.815408,0.0,0.0,0.0,0.0,11693.5854,974.46545,0.25,3388.411263,3388.41,40660.92,6070.0,34590.92,12395.33,9407.35,783.95,2604.461263,4872.32725,1483.915987,2267.865987,1.4379385712642356,1.870762034246619,21.89810000000034,19.036019000000124,9.866019000000051,27.37262499999997,8.336606000000074,17.50660599999992,0.8693000305962539,0.4505422388243682,1.2499999999999791,0.3806999694037357,0.799457761175611
Belgium,BE,2026-04,2026-04-01,belgium__standard_private_sector,Belgique · secteur privé standard,Belgium · standard private sector,1.79,3919.7599,0.1307,0.25,512.312619,979.939975,293.981993,139.151476,45.077239,34.101911,347.290727,148.950876,92.114358,57.228495,39.197599,11.75928,283.398641,0.0,0.0,0.0,0.0,11759.2797,979.939975,0.25,3407.447281,3407.45,40889.4,6070.0,34819.4,12505.34,9517.36,793.11,2614.337281,4899.699875,1492.252594,2285.362594,1.4379385712642356,1.8741651700711868,21.898099999999886,19.03601800000024,9.876017999999931,27.37262499999997,8.336606999999958,17.49660700000004,0.8692999849302149,0.45099885378183413,1.250000000000005,0.38070001506980067,0.7990011462181711
Belgium,BE,2026-04,2026-04-01,belgium__standard_private_sector,Belgique · secteur privé standard,Belgium · standard private sector,1.8,3941.658,0.1307,0.25,515.174701,985.4145,295.62435,139.928859,45.329067,34.292425,349.230899,149.783004,92.628963,57.548207,39.41658,11.824974,284.981873,0.0,0.0,0.0,0.0,11824.974,985.4145,0.25,3426.483299,3426.49,41117.88,6070.0,35047.88,12615.35,9627.37,802.28,2624.203299,4927.0725,1500.589201,2302.869201,1.4379385712642356,1.8775498457480524,21.898099999999886,19.036017999999785,9.866017999999713,27.37262499999997,8.336606999999958,17.506606999999804,0.8692999849301941,0.45054219315829974,1.250000000000005,0.38070001506980067,0.7994578068416847
Belgium,BE,2026-04,2026-04-01,belgium__standard_private_sector,Belgique · secteur privé standard,Belgium · standard private sector,1.81,3963.5561,0.1307,0.25,518.036782,990.889025,297.266708,140.706242,45.580895,34.482938,351.17107,150.615132,93.143568,57.867919,39.635561,11.890668,286.565106,0.0,0.0,0.0,0.0,11890.6683,990.889025,0.25,3445.519318,3445.52,41346.24,6070.0,35276.24,12725.31,9737.33,811.44,2634.079318,4954.445125,1508.925807,2320.365807,1.4379385712642356,1.88090202586217,21.898099999999886,19.036019000000124,9.87601900000027,27.37262499999997,8.336606000000074,17.496606000000156,0.8693000305962719,0.45099889944791194,1.250000000000005,0.3806999694037436,0.799001100552114
Belgium,BE,2026-04,2026-04-01,belgium__standard_private_sector,Belgique · secteur privé standard,Belgium · standard private sector,1.82,3985.4542,0.1307,0.25,520.898864,996.36355,298.909065,141.483624,45.832723,34.673452,353.111242,151.44726,93.658174,58.187631,39.854542,11.956363,288.148339,0.0,0.0,0.0,0.0,11956.3626,996.36355,0.25,3464.555336,3464.55,41574.6,6070.0,35504.6,12835.26,9847.28,820.61,2643.945336,4981.81775,1517.262414,2337.872414,1.4379385712642356,1.8842362896291536,21.89810000000034,19.036017999999785,9.866018000000167,27.37262499999997,8.336606999999958,17.506606999999804,0.8692999849301761,0.4505421931583112,1.2499999999999791,0.38070001506979273,0.799457806841668
Belgium,BE,2026-04,2026-04-01,belgium__standard_private_sector,Belgique · secteur privé standard,Belgium · standard private sector,1.83,4007.3523,0.1307,0.25,523.760946,1001.838075,300.551423,142.261007,46.084551,34.863965,355.051414,152.279387,94.172779,58.507344,40.073523,12.022057,289.731571,0.0,0.0,0.0,0.0,12022.0569,1001.838075,0.25,3483.591354,3483.59,41803.08,6070.0,35733.08,12945.28,9957.3,829.78,2653.811354,5009.190375,1525.599021,2355.379021,1.4379385712642356,1.887545761952399,21.898099999999886,19.03601800000024,9.866017999999713,27.37262499999997,8.336606999999958,17.50660700000026,0.8692999849302149,0.45054219315829974,1.250000000000005,0.38070001506980067,0.7994578068417054
Belgium,BE,2026-04,2026-04-01,belgium__standard_private_sector,Belgique · secteur privé standard,Belgium · standard private sector,1.84,4029.2504,0.1307,0.25,526.623027,1007.3126,302.19378,143.038389,46.33638,35.054478,356.991585,153.111515,94.687384,58.827056,40.292504,12.087751,291.314804,0.0,0.0,0.0,0.0,12087.7512,1007.3126,0.25,3502.627373,3502.63,42031.56,6070.0,35961.56,13055.29,10067.31,838.94,2663.687373,5036.563,1533.935627,2372.875627,1.4379385712642356,1.8908236197617139,21.898099999999886,19.03601899999967,9.87601900000027,27.37262499999997,8.336606000000074,17.4966059999997,0.8693000305962512,0.45099889944791194,1.250000000000005,0.3806999694037436,0.7990011005520933
Belgium,BE,2026-04,2026-04-01,belgium__standard_private_sector,Belgique · secteur privé standard,Belgium · standard private sector,1.85,4051.1485,0.1307,0.25,529.485109,1012.787125,303.836138,143.815772,46.588208,35.244992,358.931757,153.943643,95.20199,59.146768,40.511485,12.153446,292.898037,0.0,0.0,0.0,0.0,12153.4455,1012.787125,0.25,3521.663391,3521.66,42259.92,6070.0,36189.92,13165.25,10177.27,848.11,2673.553391,5063.935625,1542.272234,2390.382234,1.4379385712642354,1.8940843455575096,21.898099999999886,19.03601800000024,9.866017999999713,27.37262499999997,8.336606999999958,17.50660700000026,0.8692999849302149,0.45054219315829974,1.250000000000005,0.38070001506980067,0.7994578068417054
Belgium,BE,2026-04,2026-04-01,belgium__standard_private_sector,Belgique · secteur privé standard,Belgium · standard private sector,1.86,4073.0466,0.1307,0.25,532.347191,1018.26165,305.478495,144.593154,46.840036,35.435505,360.871929,154.775771,95.716595,59.46648,40.730466,12.21914,294.481269,0.0,0.0,0.0,0.0,12219.1398,1018.26165,0.25,3540.699409,3540.7,42488.4,6070.0,36418.4,13275.26,10287.28,857.27,2683.429409,5091.30825,1550.608841,2407.878841,1.4379385712642356,1.8973140236904293,21.89810000000034,19.036017999999785,9.876017999999931,27.37262499999997,8.336606999999958,17.49660700000004,0.8692999849301761,0.4509988537818248,1.2499999999999791,0.38070001506979273,0.7990011462181544
Belgium,BE,2026-04,2026-04-01,belgium__standard_private_sector,Belgique · secteur privé standard,Belgium · standard private sector,1.87,4094.9447,0.1307,0.25,535.209272,1023.736175,307.120853,145.370537,47.091864,35.626019,362.8121,155.607899,96.2312,59.786193,40.949447,12.284834,296.064502,0.0,0.0,0.0,0.0,12284.8341,1023.736175,0.25,3559.735428,3559.73,42716.76,6070.0,36646.76,13385.21,10397.23,866.44,2693.295428,5118.680875,1558.945447,2425.385447,1.4379385712642356,1.9005270726472838,21.898099999999886,19.036019000000124,9.866019000000051,27.37262499999997,8.336606000000074,17.50660599999992,0.8693000305962719,0.45054223882437755,1.250000000000005,0.3806999694037436,0.7994577611756276
Belgium,BE,2026-04,2026-04-01,belgium__standard_private_sector,Belgique · secteur privé standard,Belgium · standard private sector,1.88,4116.8428,0.1307,0.25,538.071354,1029.2107,308.76321,146.147919,47.343692,35.816532,364.752272,156.440026,96.745806,60.105905,41.168428,12.350528,297.647734,0.0,0.0,0.0,0.0,12350.5284,1029.2107,0.25,3578.771446,3578.77,42945.24,6070.0,36875.24,13495.23,10507.25,875.6,2703.171446,5146.0535,1567.282054,2442.882054,1.4379385712642356,1.9037096250549297,21.89810000000034,19.03601800000024,9.876017999999931,27.37262499999997,8.336606999999958,17.49660700000004,0.8692999849301969,0.4509988537818248,1.2499999999999791,0.38070001506979273,0.7990011462181544
Belgium,BE,2026-04,2026-04-01,belgium__standard_private_sector,Belgique · secteur privé standard,Belgium · standard private sector,1.89,4138.7409,0.1307,0.25,540.933436,1034.685225,310.405568,146.925302,47.59552,36.007046,366.692444,157.272154,97.260411,60.425617,41.387409,12.416223,299.230967,0.0,0.0,0.0,0.0,12416.2227,1034.685225,0.25,3597.807464,3597.81,43173.72,6070.0,37103.72,13605.24,10617.26,884.77,2713.037464,5173.426125,1575.618661,2460.388661,1.4379385712642356,1.906876035787192,21.89809999999943,19.036017999999785,9.866018000000167,27.37262499999997,8.336606999999958,17.506606999999804,0.8692999849302122,0.4505421931583299,1.250000000000031,0.38070001506980855,0.7994578068417013
Belgium,BE,2026-04,2026-04-01,belgium__standard_private_sector,Belgique · secteur privé standard,Belgium · standard private sector,1.9,4160.639,0.1307,0.25,543.795517,1040.15975,312.047925,147.702685,47.847349,36.197559,368.632615,158.104282,97.775017,60.745329,41.60639,12.481917,300.8142,0.0,0.0,0.0,0.0,12481.917,1040.15975,0.25,3616.843483,3616.84,43402.08,6070.0,37332.08,13715.2,10727.22,893.94,2722.903483,5200.79875,1583.955267,2477.895267,1.4379385712642356,1.9100195005233704,21.89810000000034,19.036019000000124,9.866019000000051,27.37262499999997,8.336606000000074,17.50660599999992,0.8693000305962539,0.4505422388243682,1.2499999999999791,0.3806999694037357,0.799457761175611
Belgium,BE,2026-04,2026-04-01,belgium__standard_private_sector,Belgique · secteur privé standard,Belgium · standard private sector,1.91,4182.5371,0.1307,0.25,546.657599,1045.634275,313.690283,148.480067,48.099177,36.388073,370.572787,158.93641,98.289622,61.065042,41.825371,12.547611,302.397432,0.0,0.0,0.0,0.0,12547.6113,1045.634275,0.25,3635.879501,3635.88,43630.56,6070.0,37560.56,13825.21,10837.23,903.1,2732.779501,5228.171375,1592.291874,2495.391874,1.4379385712642356,1.9131332670745933,21.89809999999943,19.036017999999785,9.876017999999931,27.37262499999997,8.336606999999958,17.49660700000004,0.8692999849302122,0.4509988537818435,1.250000000000031,0.38070001506980855,0.7990011462181876
Belgium,BE,2026-04,2026-04-01,belgium__standard_private_sector,Belgique · secteur privé standard,Belgium · standard private sector,1.92,4204.4352,0.1307,0.25,549.519681,1051.1088,315.33264,149.25745,48.351005,36.578586,372.512959,159.768538,98.804227,61.384754,42.044352,12.613306,303.980665,0.0,0.0,0.0,0.0,12613.3056,1051.1088,0.25,3654.915519,3654.92,43859.04,6070.0,37789.04,13935.22,10947.24,912.27,2742.645519,5255.544,1600.628481,2512.898481,1.4379385712642356,1.9162315956990272,21.89810000000034,19.03601800000024,9.866018000000167,27.37262499999997,8.336606999999958,17.50660700000026,0.8692999849301969,0.4505421931583112,1.2499999999999791,0.38070001506979273,0.7994578068416889
Belgium,BE,2026-04,2026-04-01,belgium__standard_private_sector,Belgique · secteur privé standard,Belgium · standard private sector,1.93,4226.3333,0.1307,0.25,552.381762,1056.583325,316.974998,150.034832,48.602833,36.7691,374.45313,160.600665,99.318833,61.704466,42.263333,12.679,305.563898,0.0,0.0,0.0,0.0,12678.9999,1056.583325,0.25,3673.951538,3673.95,44087.4,6070.0,38017.4,14045.18,11057.2,921.43,2752.521538,5282.916625,1608.965087,2530.395087,1.4379385712642354,1.9193007403072255,21.89810000000034,19.03601899999967,9.876018999999815,27.37262499999997,8.336606000000074,17.4966059999997,0.8693000305962332,0.45099889944788185,1.2499999999999791,0.3806999694037357,0.7990011005520766
Belgium,BE,2026-04,2026-04-01,belgium__standard_private_sector,Belgique · secteur privé standard,Belgium · standard private sector,1.94,4248.2314,0.1307,0.25,555.243844,1062.05785,318.617355,150.812215,48.854661,36.959613,376.393302,161.432793,99.833438,62.024178,42.482314,12.744694,307.14713,0.0,0.0,0.0,0.0,12744.6942,1062.05785,0.25,3692.987556,3692.99,44315.88,6070.0,38245.88,14155.19,11167.21,930.6,2762.387556,5310.28925,1617.301694,2547.901694,1.4379385712642356,1.9223548985468832,21.89809999999943,19.03601800000024,9.866018000000167,27.37262499999997,8.336606999999958,17.50660700000026,0.869299984930233,0.4505421931583299,1.250000000000031,0.38070001506980855,0.7994578068417221
Belgium,BE,2026-04,2026-04-01,belgium__standard_private_sector,Belgique · secteur privé standard,Belgium · standard private sector,1.95,4270.1295,0.1307,0.25,558.105926,1067.532375,320.259713,151.589597,49.106489,37.150127,378.333474,162.264921,100.348043,62.343891,42.701295,12.810389,308.730363,0.0,0.0,0.0,0.0,12810.3885,1067.532375,0.25,3712.023574,3712.02,44544.24,6070.0,38474.24,14265.15,11277.17,939.76,2772.263574,5337.661875,1625.638301,2565.398301,1.4379385712642356,1.9253803730590435,21.89810000000034,19.036017999999785,9.876017999999931,27.37262499999997,8.336606999999958,17.49660700000004,0.8692999849301761,0.4509988537818248,1.2499999999999791,0.38070001506979273,0.7990011462181544
Belgium,BE,2026-04,2026-04-01,belgium__standard_private_sector,Belgique · secteur privé standard,Belgium · standard private sector,1.96,4292.0276,0.1307,0.25,560.968007,1073.0069,321.90207,152.36698,49.358317,37.34064,380.273645,163.097049,100.862649,62.663603,42.920276,12.876083,310.313595,0.0,0.0,0.0,0.0,12876.0828,1073.0069,0.25,3731.059593,3731.06,44772.72,6070.0,38702.72,14375.16,11387.18,948.93,2782.129593,5365.0345,1633.974907,2582.904907,1.4379385712642356,1.9283912992823282,21.89810000000034,19.036019000000124,9.866019000000051,27.37262499999997,8.336606000000074,17.50660599999992,0.8693000305962539,0.4505422388243682,1.2499999999999791,0.3806999694037357,0.799457761175611
Belgium,BE,2026-04,2026-04-01,belgium__standard_private_sector,Belgique · secteur privé standard,Belgium · standard private sector,1.97,4313.9257,0.1307,0.25,563.830089,1078.481425,323.544428,153.144362,49.610146,37.531154,382.213817,163.929177,101.377254,62.983315,43.139257,12.941777,311.896828,0.0,0.0,0.0,0.0,12941.7771,1078.481425,0.25,3750.095611,3750.1,45001.2,6070.0,38931.2,14485.17,11497.19,958.1,2791.995611,5392.407125,1642.311514,2600.411514,1.4379385712642356,1.9313809462076144,21.89809999999943,19.03601800000024,9.866017999999713,27.37262499999997,8.336606999999958,17.506606999999804,0.869299984930233,0.4505421931583091,1.250000000000031,0.38070001506980855,0.7994578068417013
Belgium,BE,2026-04,2026-04-01,belgium__standard_private_sector,Belgique · secteur privé standard,Belgium · standard private sector,1.98,4335.8238,0.1307,0.25,566.692171,1083.95595,325.186785,153.921745,49.861974,37.721667,384.153989,164.761304,101.891859,63.303027,43.358238,13.007471,313.480061,0.0,0.0,0.0,0.0,13007.4714,1083.95595,0.25,3769.131629,3769.13,45229.56,6070.0,39159.56,14595.13,11607.15,967.26,2801.871629,5419.77975,1650.648121,2617.908121,1.4379385712642354,1.9343426348467883,21.89810000000034,19.036017999999785,9.876018000000386,27.37262499999997,8.336606999999958,17.49660700000004,0.8692999849301761,0.45099885378184557,1.2499999999999791,0.38070001506979273,0.7990011462181544
Belgium,BE,2026-04,2026-04-01,belgium__standard_private_sector,Belgique · secteur privé standard,Belgium · standard private sector,1.99,4357.7219,0.1307,0.25,569.554252,1089.430475,326.829143,154.699127,50.113802,37.912181,386.09416,165.593432,102.406465,63.62274,43.577219,13.073166,315.063293,0.0,0.0,0.0,0.0,13073.1657,1089.430475,0.25,3788.167648,3788.17,45458.04,6070.0,39388.04,14705.14,11717.16,976.43,2811.737648,5447.152375,1658.984727,2635.414727,1.4379385712642356,1.9372904081267635,21.89809999999943,19.036019000000124,9.866018999999596,27.37262499999997,8.336606000000074,17.50660599999992,0.86930003059629,0.45054223882436617,1.250000000000031,0.3806999694037515,0.7994577611756443
Belgium,BE,2026-04,2026-04-01,belgium__standard_private_sector,Belgique · secteur privé standard,Belgium · standard private sector,2.0,4379.62,0.1307,0.25,572.416334,1094.905,328.4715,155.47651,50.36563,38.102694,388.034332,166.42556,102.92107,63.942452,43.7962,13.13886,316.646526,0.0,0.0,0.0,0.0,13138.86,1094.905,0.25,3807.203666,3807.2,45686.4,6070.0,39616.4,14815.1,11827.12,985.59,2821.613666,5474.525,1667.321334,2652.911334,1.4379385712642356,1.9402106907714418,21.89810000000034,19.036017999999785,9.876018000000386,27.37262499999997,8.336606999999958,17.49660700000004,0.8692999849301761,0.45099885378184557,1.2499999999999791,0.38070001506979273,0.7990011462181544
Belgium,BE,2026-04,2026-04-01,belgium__standard_private_sector,Belgique · secteur privé standard,Belgium · standard private sector,2.01,4401.5181,0.1307,0.25,575.278416,1100.379525,330.113858,156.253893,50.617458,38.293207,389.974504,167.257688,103.435675,64.262164,44.015181,13.204554,318.229759,0.0,0.0,0.0,0.0,13204.5543,1100.379525,0.25,3826.239684,3826.24,45914.88,6070.0,39844.88,14925.11,11937.13,994.76,2831.479684,5501.897625,1675.657941,2670.417941,1.4379385712642356,1.9431174645005056,21.89810000000034,19.03601800000024,9.866017999999713,27.37262499999997,8.336606999999958,17.50660700000026,0.8692999849301969,0.4505421931582904,1.2499999999999791,0.38070001506979273,0.7994578068416889
Belgium,BE,2026-04,2026-04-01,belgium__standard_private_sector,Belgique · secteur privé standard,Belgium · standard private sector,2.02,4423.4162,0.1307,0.25,578.140497,1105.85405,331.756215,157.031275,50.869286,38.483721,391.914675,168.089816,103.950281,64.581877,44.234162,13.270249,319.812991,0.0,0.0,0.0,0.0,13270.2486,1105.85405,0.25,3845.275703,3845.28,46143.36,6070.0,40073.36,15035.12,12047.14,1003.93,2841.345703,5529.27025,1683.994547,2687.924547,1.4379385712642356,1.9460040518208077,21.89809999999943,19.03601899999967,9.866019000000051,27.37262499999997,8.336606000000074,17.50660599999992,0.8693000305962693,0.45054223882438693,1.250000000000031,0.3806999694037515,0.7994577611756443
Belgium,BE,2026-04,2026-04-01,belgium__standard_private_sector,Belgique · secteur privé standard,Belgium · standard private sector,2.03,4445.3143,0.1307,0.25,581.002579,1111.328575,333.398573,157.808658,51.121114,38.674234,393.854847,168.921943,104.464886,64.901589,44.453143,13.335943,321.396224,0.0,0.0,0.0,0.0,13335.9429,1111.328575,0.25,3864.311721,3864.31,46371.72,6070.0,40301.72,15145.08,12157.1,1013.09,2851.221721,5556.642875,1692.331154,2705.421154,1.4379385712642356,1.9488638270722156,21.89810000000034,19.03601800000024,9.876017999999931,27.37262499999997,8.336606999999958,17.49660700000004,0.8692999849301969,0.4509988537818248,1.2499999999999791,0.38070001506979273,0.7990011462181544
Belgium,BE,2026-04,2026-04-01,belgium__standard_private_sector,Belgique · secteur privé standard,Belgium · standard private sector,2.04,4467.2124,0.1307,0.25,583.864661,1116.8031,335.04093,158.58604,51.372943,38.864748,395.795019,169.754071,104.979491,65.221301,44.672124,13.401637,322.979457,0.0,0.0,0.0,0.0,13401.6372,1116.8031,0.25,3883.347739,3883.35,46600.2,6070.0,40530.2,15255.09,12267.11,1022.26,2861.087739,5584.0155,1700.667761,2722.927761,1.4379385712642356,1.9517106809619071,21.89810000000034,19.036017999999785,9.866018000000167,27.37262500000088,8.336606999999958,17.506606999999804,0.8692999849301761,0.4505421931583112,1.2500000000000209,0.38070001506979273,0.799457806841668
Belgium,BE,2026-04,2026-04-01,belgium__standard_private_sector,Belgique · secteur privé standard,Belgium · standard private sector,2.05,4489.1105,0.1307,0.25,586.726742,1122.277625,336.683288,159.363423,51.624771,39.055261,397.73519,170.586199,105.494097,65.541013,44.891105,13.467332,324.562689,0.0,0.0,0.0,0.0,13467.3315,1122.277625,0.25,3902.383758,3902.38,46828.56,6070.0,40758.56,15365.05,12377.07,1031.42,2870.963758,5611.388125,1709.004367,2740.424367,1.4379385712642354,1.954531160502405,21.89809999999943,19.036019000000124,9.876018999999815,27.37262499999997,8.336606000000074,17.496606000000156,0.86930003059629,0.45099889944790056,1.250000000000031,0.3806999694037515,0.7990011005521306
Belgium,BE,2026-04,2026-04-01,belgium__standard_private_sector,Belgique · secteur privé standard,Belgium · standard private sector,2.06,4511.0086,0.1307,0.25,589.588824,1127.75215,338.325645,160.140805,51.876599,39.245775,399.675362,171.418327,106.008702,65.860726,45.110086,13.533026,326.145922,0.0,0.0,0.0,0.0,13533.0258,1127.75215,0.25,3921.419776,3921.42,47057.04,6070.0,40987.04,15475.06,12487.08,1040.59,2880.829776,5638.76075,1717.340974,2757.930974,1.4379385712642356,1.9573390961921062,21.89810000000034,19.03601800000024,9.866018000000167,27.37262499999997,8.336606999999958,17.506606999999804,0.8692999849301969,0.4505421931583112,1.2499999999999791,0.38070001506979273,0.799457806841668
Belgium,BE,2026-04,2026-04-01,belgium__standard_private_sector,Belgique · secteur privé standard,Belgium · standard private sector,2.07,4532.9067,0.1307,0.25,592.450906,1133.226675,339.968003,160.918188,52.128427,39.436288,401.615534,172.250455,106.523307,66.180438,45.329067,13.59872,327.729154,0.0,0.0,0.0,0.0,13598.7201,1133.226675,0.25,3940.455794,3940.46,47285.52,6070.0,41215.52,15585.07,12597.09,1049.76,2890.695794,5666.133375,1725.677581,2775.437581,1.4379385712642356,1.9601278647698341,21.89809999999943,19.036017999999785,9.866018000000167,27.37262499999997,8.336606999999958,17.50660700000026,0.8692999849302122,0.4505421931583299,1.250000000000031,0.38070001506980855,0.7994578068417221
Belgium,BE,2026-04,2026-04-01,belgium__standard_private_sector,Belgique · secteur privé standard,Belgium · standard private sector,2.08,4554.8048,0.1307,0.25,595.312987,1138.7012,341.61036,161.69557,52.380255,39.626802,403.555705,173.082582,107.037913,66.50015,45.548048,13.664414,329.312387,0.0,0.0,0.0,0.0,13664.4144,1138.7012,0.25,3959.491813,3959.49,47513.88,6070.0,41443.88,15695.03,12707.05,1058.92,2900.571813,5693.506,1734.014187,2792.934187,1.4379385712642354,1.9628908945432963,21.89810000000034,19.036019000000124,9.876018999999815,27.37262499999997,8.336606000000074,17.4966059999997,0.8693000305962539,0.45099889944788185,1.2499999999999791,0.3806999694037357,0.7990011005520766
Belgium,BE,2026-04,2026-04-01,belgium__standard_private_sector,Belgique · secteur privé standard,Belgium · standard private sector,2.09,4576.7029,0.1307,0.25,598.175069,1144.175725,343.252718,162.472953,52.632083,39.817315,405.495877,173.91471,107.552518,66.819862,45.767029,13.730109,330.89562,0.0,0.0,0.0,0.0,13730.1087,1144.175725,0.25,3978.527831,3978.52,47742.24,6070.0,41672.24,15804.98,12817.0,1068.08,2910.447831,5720.878625,1742.350794,2810.430794,1.4379385712642356,1.9656351727470527,21.89810000000034,19.036017999999785,9.876017999999931,27.37262499999997,8.336606999999958,17.49660700000004,0.8692999849301761,0.4509988537818248,1.2499999999999791,0.38070001506979273,0.7990011462181544
Belgium,BE,2026-04,2026-04-01,belgium__standard_private_sector,Belgique · secteur privé standard,Belgium · standard private sector,2.1,4598.601,0.1307,0.25,601.037151,1149.65025,344.895075,163.250336,52.883912,40.007829,407.436049,174.746838,108.067124,67.139575,45.98601,13.795803,332.478852,0.0,0.0,0.0,0.0,13795.803,1149.65025,0.25,3997.563849,3997.56,47970.72,6070.0,41900.72,15915.0,12927.02,1077.25,2920.313849,5748.25125,1750.687401,2827.937401,1.4379385712642356,1.9683676298620634,21.89809999999943,19.03601800000024,9.866018000000167,27.37262499999997,8.336606999999958,17.50660700000026,0.869299984930233,0.4505421931583299,1.250000000000031,0.38070001506980855,0.7994578068417221
Belgium,BE,2026-04,2026-04-01,belgium__standard_private_sector,Belgique · secteur privé standard,Belgium · standard private sector,2.11,4620.4991,0.1307,0.25,603.899232,1155.124775,346.537433,164.027718,53.13574,40.198342,409.37622,175.578966,108.581729,67.459287,46.204991,13.861497,334.062085,0.0,0.0,0.0,0.0,13861.4973,1155.124775,0.25,4016.599868,4016.6,48199.2,6070.0,42129.2,16025.01,13037.03,1086.42,2930.179868,5775.623875,1759.024007,2845.444007,1.4379385712642356,1.9710816864192926,21.89810000000034,19.03601899999967,9.866019000000051,27.37262499999997,8.336606000000074,17.50660599999992,0.8693000305962332,0.4505422388243682,1.2499999999999791,0.3806999694037357,0.799457761175611
Belgium,BE,2026-04,2026-04-01,belgium__standard_private_sector,Belgique · secteur privé standard,Belgium · standard private sector,2.12,4642.3972,0.1307,0.25,606.761314,1160.5993,348.17979,164.805101,53.387568,40.388856,411.316392,176.411094,109.096334,67.778999,46.423972,13.927192,335.645318,0.0,0.0,0.0,0.0,13927.1916,1160.5993,0.25,4035.635886,4035.64,48427.68,6070.0,42357.68,16135.02,13147.04,1095.59,2940.045886,5802.9965,1767.360614,2862.950614,1.4379385712642354,1.973777527660992,21.89810000000034,19.03601800000024,9.866017999999713,27.37262499999997,8.336606999999958,17.506606999999804,0.8692999849301969,0.4505421931582904,1.2499999999999791,0.38070001506979273,0.799457806841668
Belgium,BE,2026-04,2026-04-01,belgium__standard_private_sector,Belgique · secteur privé standard,Belgium · standard private sector,2.13,4664.2953,0.1307,0.25,609.623396,1166.073825,349.822148,165.582483,53.639396,40.579369,413.256564,177.243221,109.61094,68.098711,46.642953,13.992886,337.22855,0.0,0.0,0.0,0.0,13992.8859,1166.073825,0.25,4054.671904,4054.68,48656.16,6070.0,42586.16,16245.04,13257.06,1104.76,2949.911904,5830.369125,1775.697221,2880.457221,1.4379385712642356,1.9764553363512338,21.89809999999943,19.036017999999785,9.866018000000167,27.37262499999997,8.336606999999958,17.50660700000026,0.8692999849302122,0.4505421931583299,1.250000000000031,0.38070001506980855,0.7994578068417221
Belgium,BE,2026-04,2026-04-01,belgium__standard_private_sector,Belgique · secteur privé standard,Belgium · standard private sector,2.14,4686.1934,0.1307,0.25,612.485477,1171.54835,351.464505,166.359866,53.891224,40.769883,415.196735,178.075349,110.125545,68.418424,46.861934,14.05858,338.811783,0.0,0.0,0.0,0.0,14058.5802,1171.54835,0.25,4073.707923,4073.7,48884.4,6070.0,42814.4,16354.93,13366.95,1113.91,2959.797923,5857.74175,1784.033827,2897.943827,1.4379385712642354,1.9791019195035964,21.89810000000034,19.036019000000124,9.886019000000033,27.37262499999997,8.336606000000074,17.486605999999938,0.8693000305962539,0.4514555600714162,1.2499999999999791,0.3806999694037357,0.798544439928563
Belgium,BE,2026-04,2026-04-01,belgium__standard_private_sector,Belgique · secteur privé standard,Belgium · standard private sector,2.15,4708.0915,0.1307,0.25,615.347559,1177.022875,353.106863,167.137248,54.143052,40.960396,417.136907,178.907477,110.64015,68.738136,47.080915,14.124275,340.395015,0.0,0.0,0.0,0.0,14124.2745,1177.022875,0.25,4092.743941,4092.74,49112.88,6070.0,43042.88,16464.95,13476.97,1123.08,2969.663941,5885.114375,1792.370434,2915.450434,1.4379385712642356,1.9817442283106765,21.89810000000034,19.03601800000024,9.866017999999713,27.37262499999997,8.336606999999958,17.506606999999804,0.8692999849301969,0.4505421931582904,1.2499999999999791,0.38070001506979273,0.799457806841668
Belgium,BE,2026-04,2026-04-01,belgium__standard_private_sector,Belgique · secteur privé standard,Belgium · standard private sector,2.16,4729.9896,0.1307,0.25,618.209641,1182.4974,354.74922,167.914631,54.39488,41.15091,419.077079,179.739605,111.154756,69.057848,47.299896,14.189969,341.978248,0.0,0.0,0.0,0.0,14189.9688,1182.4974,0.25,4111.779959,4111.78,49341.36,6070.0,43271.36,16574.96,13586.98,1132.25,2979.529959,5912.487,1800.707041,2932.957041,1.4379385712642356,1.9843690383394383,21.89809999999943,19.03601800000024,9.866018000000167,27.37262499999997,8.336606999999958,17.50660700000026,0.869299984930233,0.4505421931583299,1.250000000000031,0.38070001506980855,0.7994578068417221
Belgium,BE,2026-04,2026-04-01,belgium__standard_private_sector,Belgique · secteur privé standard,Belgium · standard private sector,2.17,4751.8877,0.1307,0.25,621.071722,1187.971925,356.391578,168.692013,54.646709,41.341423,421.01725,180.571733,111.669361,69.37756,47.518877,14.255663,343.561481,0.0,0.0,0.0,0.0,14255.6631,1187.971925,0.25,4130.815978,4130.82,49569.84,6070.0,43499.84,16684.97,13696.99,1141.42,2989.395978,5939.859625,1809.043647,2950.463647,1.4379385712642356,1.9869765228455532,21.89810000000034,19.036018999999214,9.866019000000051,27.37262499999997,8.336606000000074,17.50660599999992,0.8693000305962124,0.4505422388243682,1.2499999999999791,0.3806999694037357,0.799457761175611
Belgium,BE,2026-04,2026-04-01,belgium__standard_private_sector,Belgique · secteur privé standard,Belgium · standard private sector,2.18,4773.7858,0.1307,0.25,623.933804,1193.44645,358.033935,169.469396,54.898537,41.531936,422.957422,181.40386,112.183966,69.697273,47.737858,14.321357,345.144713,0.0,0.0,0.0,0.0,14321.3574,1193.44645,0.25,4149.851996,4149.86,49798.32,6070.0,43728.32,16794.99,13807.01,1150.58,2999.271996,5967.23225,1817.380254,2967.960254,1.4379385712642359,1.9895602193057567,21.89809999999943,19.036018000000695,9.876017999999931,27.37262499999997,8.336606999999958,17.49660700000004,0.8692999849302537,0.4509988537818435,1.250000000000031,0.38070001506980855,0.7990011462181876
Belgium,BE,2026-04,2026-04-01,belgium__standard_private_sector,Belgique · secteur privé standard,Belgium · standard private sector,2.19,4795.6839,0.1307,0.25,626.795886,1198.920975,359.676293,170.246778,55.150365,41.72245,424.897594,182.235988,112.698572,70.016985,47.956839,14.387052,346.727946,0.0,0.0,0.0,0.0,14387.0517,1198.920975,0.25,4168.888014,4168.88,50026.56,6070.0,43956.56,16904.88,13916.9,1159.74,3009.148014,5994.604875,1825.716861,2985.456861,1.4379385712642356,1.9921269563917587,21.89810000000034,19.036017999999785,9.876017999999931,27.37262499999997,8.336607000000186,17.49660700000004,0.8692999849301761,0.4509988537818248,1.2499999999999791,0.3807000150698031,0.7990011462181544
Belgium,BE,2026-04,2026-04-01,belgium__standard_private_sector,Belgique · secteur privé standard,Belgium · standard private sector,2.2,4817.582,0.1307,0.25,629.657967,1204.3955,361.31865,171.024161,55.402193,41.912963,426.837765,183.068116,113.213177,70.336697,48.17582,14.452746,348.311179,0.0,0.0,0.0,0.0,14452.746,1204.3955,0.25,4187.924033,4187.92,50255.04,6070.0,44185.04,17014.9,14026.92,1168.91,3019.014033,6021.9775,1834.053467,3002.963467,1.4379385712642359,1.9946835075866884,21.89810000000034,19.036019000000124,9.866019000000051,27.37262499999997,8.336605999999847,17.50660599999992,0.8693000305962539,0.4505422388243682,1.2499999999999791,0.3806999694037253,0.799457761175611
Belgium,BE,2026-04,2026-04-01,belgium__standard_private_sector,Belgique · secteur privé standard,Belgium · standard private sector,2.21,4839.4801,0.1307,0.25,632.520049,1209.870025,362.961008,171.801544,55.654021,42.103477,428.777937,183.900244,113.727782,70.656409,48.394801,14.51844,349.894411,0.0,0.0,0.0,0.0,14518.4403,1209.870025,0.25,4206.960051,4206.96,50483.52,6070.0,44413.52,17124.91,14136.93,1178.08,3028.880051,6049.350125,1842.390074,3020.470074,1.4379385712642356,1.9972234037932872,21.89809999999943,19.036017999999785,9.866018000000167,27.37262499999997,8.336606999999958,17.506606999999804,0.8692999849302122,0.4505421931583299,1.250000000000031,0.38070001506980855,0.7994578068417013
Belgium,BE,2026-04,2026-04-01,belgium__standard_private_sector,Belgique · secteur privé standard,Belgium · standard private sector,2.22,4861.3782,0.1307,0.25,635.382131,1215.34455,364.603365,172.578926,55.905849,42.29399,430.718109,184.732372,114.242388,70.976122,48.613782,14.584135,351.477644,0.0,0.0,0.0,0.0,14584.1346,1215.34455,0.25,4225.996069,4226.0,50712.0,6070.0,44642.0,17234.92,14246.94,1187.25,3038.746069,6076.72275,1850.726681,3037.976681,1.4379385712642356,1.9997468072348055,21.89810000000034,19.036017999999785,9.866017999999713,27.37262499999997,8.336607000000186,17.50660700000026,0.8692999849301761,0.4505421931582904,1.2499999999999791,0.3807000150698031,0.7994578068416889
Belgium,BE,2026-04,2026-04-01,belgium__standard_private_sector,Belgique · secteur privé standard,Belgium · standard private sector,2.23,4883.2763,0.1307,0.25,638.244212,1220.819075,366.245723,173.356309,56.157677,42.484504,432.65828,185.564499,114.756993,71.295834,48.832763,14.649829,353.060876,0.0,0.0,0.0,0.0,14649.8289,1220.819075,0.25,4245.032088,4245.04,50940.48,6070.0,44870.48,17344.94,14356.96,1196.41,3048.622088,6104.095375,1859.063287,3055.473287,1.4379385712642354,2.0022473103005742,21.89810000000034,19.036019000000124,9.87601900000027,27.37262499999997,8.336605999999847,17.4966059999997,0.8693000305962539,0.4509988994479026,1.2499999999999791,0.3806999694037253,0.7990011005520766
Belgium,BE,2026-04,2026-04-01,belgium__standard_private_sector,Belgique · secteur privé standard,Belgium · standard private sector,2.24,4905.1744,0.1307,0.25,641.106294,1226.2936,367.88808,174.133691,56.409506,42.675017,434.598452,186.396627,115.271598,71.615546,49.051744,14.715523,354.644109,0.0,0.0,0.0,0.0,14715.5232,1226.2936,0.25,4264.068106,4264.06,51168.72,6070.0,45098.72,17454.83,14466.85,1205.57,3058.498106,6131.468,1867.399894,3072.969894,1.4379385712642356,2.0047316649083378,21.89809999999943,19.036017999999785,9.876017999999931,27.37262499999997,8.336606999999958,17.49660700000004,0.8692999849302122,0.4509988537818435,1.250000000000031,0.38070001506980855,0.7990011462181876
Belgium,BE,2026-04,2026-04-01,belgium__standard_private_sector,Belgique · secteur privé standard,Belgium · standard private sector,2.25,4927.0725,0.1307,0.25,643.968376,1231.768125,369.530438,174.911074,56.661334,42.865531,436.538624,187.228755,115.786204,71.935259,49.270725,14.781218,356.227342,0.0,0.0,0.0,0.0,14781.2175,1231.768125,0.25,4283.104124,4283.1,51397.2,6070.0,45327.2,17564.85,14576.87,1214.74,3068.364124,6158.840625,1875.736501,3090.476501,1.4379385712642356,2.007206568583318,21.89810000000034,19.036018000000695,9.866018000000167,27.37262499999997,8.336607000000186,17.50660700000026,0.8692999849302177,0.4505421931583112,1.2499999999999791,0.3807000150698031,0.7994578068416889
Belgium,BE,2026-04,2026-04-01,belgium__standard_private_sector,Belgique · secteur privé standard,Belgium · standard private sector,2.26,4948.9706,0.1307,0.25,646.830457,1237.24265,371.172795,175.688456,56.913162,43.056044,438.478795,188.060883,116.300809,72.254971,49.489706,14.846912,357.810574,0.0,0.0,0.0,0.0,14846.9118,1237.24265,0.25,4302.140143,4302.14,51625.68,6070.0,45555.68,17674.86,14686.88,1223.91,3078.230143,6186.21325,1884.073107,3107.983107,1.4379385712642356,2.0096656076582575,21.89809999999943,19.036018999999214,9.866019000000051,27.37262499999997,8.336605999999847,17.50660599999992,0.8693000305962485,0.45054223882438693,1.250000000000031,0.3806999694037411,0.7994577611756443
Belgium,BE,2026-04,2026-04-01,belgium__standard_private_sector,Belgique · secteur privé standard,Belgium · standard private sector,2.27,4970.8687,0.1307,0.25,649.692539,1242.717175,372.815153,176.465839,57.16499,43.246558,440.418967,188.893011,116.815414,72.574683,49.708687,14.912606,359.393807,0.0,0.0,0.0,0.0,14912.6061,1242.717175,0.25,4321.176161,4321.18,51854.16,6070.0,45784.16,17784.87,14796.89,1233.07,3088.106161,6213.585875,1892.409714,3125.479714,1.4379385712642356,2.012102418515621,21.89810000000034,19.036018000000695,9.876017999999931,27.37262499999997,8.336606999999958,17.49660700000004,0.8692999849302177,0.4509988537818248,1.2499999999999791,0.38070001506979273,0.7990011462181544
Belgium,BE,2026-04,2026-04-01,belgium__standard_private_sector,Belgique · secteur privé standard,Belgium · standard private sector,2.28,4992.7668,0.1307,0.25,652.554621,1248.1917,374.45751,177.243221,57.416818,43.437071,442.359138,189.725138,117.33002,72.894395,49.927668,14.9783,360.97704,0.0,0.0,0.0,0.0,14978.3004,1248.1917,0.25,4340.212179,4340.22,52082.64,6070.0,46012.64,17894.89,14906.91,1242.24,3097.972179,6240.9585,1900.746321,3142.986321,1.4379385712642356,2.014530195532951,21.89810000000034,19.036017999999785,9.866017999999713,27.37262499999997,8.336607000000186,17.506606999999804,0.8692999849301761,0.4505421931582904,1.2499999999999791,0.3807000150698031,0.799457806841668
Belgium,BE,2026-04,2026-04-01,belgium__standard_private_sector,Belgique · secteur privé standard,Belgium · standard private sector,2.29,5014.6649,0.1307,0.25,655.416702,1253.666225,376.099868,178.020604,57.668646,43.627585,444.29931,190.557266,117.844625,73.214108,50.146649,15.043995,362.560272,0.0,0.0,0.0,0.0,15043.9947,1253.666225,0.25,4359.248198,4359.24,52310.88,6070.0,46240.88,18004.78,15016.8,1251.4,3107.848198,6268.331125,1909.082927,3160.482927,1.4379385712642359,2.016936068467294,21.89809999999943,19.036019000000124,9.87601900000027,27.37262499999997,8.336605999999847,17.496606000000156,0.86930003059629,0.4509988994479213,1.250000000000031,0.3806999694037411,0.7990011005521306
Belgium,BE,2026-04,2026-04-01,belgium__standard_private_sector,Belgique · secteur privé standard,Belgium · standard private sector,2.3,5036.563,0.1307,0.25,658.278784,1259.14075,377.742225,178.797987,57.920475,43.818098,446.239482,191.389394,118.359231,73.53382,50.36563,15.109689,364.143505,0.0,0.0,0.0,0.0,15109.689,1259.14075,0.25,4378.284216,4378.28,52539.36,6070.0,46469.36,18114.8,15126.82,1260.57,3117.714216,6295.70375,1917.419534,3177.989534,1.4379385712642356,2.0193331761752256,21.89810000000034,19.036017999999785,9.866017999999713,27.37262499999997,8.336607000000186,17.506606999999804,0.8692999849301761,0.4505421931582904,1.2499999999999791,0.3807000150698031,0.799457806841668
Belgium,BE,2026-04,2026-04-01,belgium__standard_private_sector,Belgique · secteur privé standard,Belgium · standard private sector,2.31,5058.4611,0.1307,0.25,661.140866,1264.615275,379.384583,179.575369,58.172303,44.008612,448.179653,192.221522,118.873836,73.853532,50.584611,15.175383,365.726738,0.0,0.0,0.0,0.0,15175.3833,1264.615275,0.25,4397.320234,4397.32,52767.84,6070.0,46697.84,18224.81,15236.83,1269.74,3127.580234,6323.076375,1925.756141,3195.496141,1.4379385712642356,2.0217151604287205,21.89810000000034,19.036017999999785,9.866018000000167,27.37262499999997,8.336606999999958,17.50660700000026,0.8692999849301761,0.4505421931583112,1.2499999999999791,0.38070001506979273,0.7994578068416889
Belgium,BE,2026-04,2026-04-01,belgium__standard_private_sector,Belgique · secteur privé standard,Belgium · standard private sector,2.32,5080.3592,0.1307,0.25,664.002947,1270.0898,381.02694,180.352752,58.424131,44.199125,450.119825,193.05365,119.388441,74.173244,50.803592,15.241078,367.30997,0.0,0.0,0.0,0.0,15241.0776,1270.0898,0.25,4416.356253,4416.36,52996.32,6070.0,46926.32,18334.82,15346.84,1278.9,3137.456253,6350.449,1934.092747,3212.992747,1.4379385712642354,2.0240757125516464,21.89809999999943,19.036019000000124,9.876018999999815,27.37262499999997,8.336605999999847,17.4966059999997,0.86930003059629,0.45099889944790056,1.250000000000031,0.3806999694037411,0.7990011005521098
Belgium,BE,2026-04,2026-04-01,belgium__standard_private_sector,Belgique · secteur privé standard,Belgium · standard private sector,2.33,5102.2573,0.1307,0.25,666.865029,1275.564325,382.669298,181.130134,58.675959,44.389639,452.059997,193.885777,119.903047,74.492957,51.022573,15.306772,368.893203,0.0,0.0,0.0,0.0,15306.7719,1275.564325,0.25,4435.392271,4435.39,53224.68,6070.0,47154.68,18444.78,15456.8,1288.07,3147.322271,6377.821625,1942.429354,3230.499354,1.4379385712642356,2.026427888872174,21.89810000000034,19.036017999999785,9.866018000000167,27.37262499999997,8.336607000000186,17.50660700000026,0.8692999849301761,0.4505421931583112,1.2499999999999791,0.3807000150698031,0.7994578068416889
Belgium,BE,2026-04,2026-04-01,belgium__standard_private_sector,Belgique · secteur privé standard,Belgium · standard private sector,2.34,5124.1554,0.1307,0.25,669.727111,1281.03885,384.311655,181.907517,58.927787,44.580152,454.000168,194.717905,120.417652,74.812669,51.241554,15.372466,370.476435,0.0,0.0,0.0,0.0,15372.4662,1281.03885,0.25,4454.428289,4454.43,53453.16,6070.0,47383.16,18554.79,15566.81,1297.23,3157.198289,6405.19425,1950.765961,3247.995961,1.4379385712642356,2.0287589385405473,21.89809999999943,19.036018000000695,9.876017999999931,27.37262499999997,8.336606999999958,17.49660700000004,0.8692999849302537,0.4509988537818435,1.250000000000031,0.38070001506980855,0.7990011462181876
Belgium,BE,2026-04,2026-04-01,belgium__standard_private_sector,Belgique · secteur privé standard,Belgium · standard private sector,2.35,5146.0535,0.1307,0.25,672.589192,1286.513375,385.954013,182.684899,59.179615,44.770665,455.94034,195.550033,120.932257,75.132381,51.460535,15.438161,372.059668,0.0,0.0,0.0,0.0,15438.1605,1286.513375,0.25,4473.464308,4473.46,53681.52,6070.0,47611.52,18664.75,15676.77,1306.4,3167.064308,6432.566875,1959.102567,3265.502567,1.4379385712642359,2.031081863309606,21.89810000000034,19.036018999999214,9.866019000000051,27.37262500000088,8.336605999999847,17.50660599999992,0.8693000305962124,0.4505422388243682,1.2500000000000209,0.3806999694037253,0.799457761175611
Belgium,BE,2026-04,2026-04-01,belgium__standard_private_sector,Belgique · secteur privé standard,Belgium · standard private sector,2.36,5167.9516,0.1307,0.25,675.451274,1291.9879,387.59637,183.462282,59.431443,44.961179,457.880512,196.382161,121.446863,75.452093,51.679516,15.503855,373.642901,0.0,0.0,0.0,0.0,15503.8548,1291.9879,0.25,4492.500326,4492.5,53910.0,6070.0,47840.0,18774.76,15786.78,1315.57,3176.930326,6459.9395,1967.439174,3283.009174,1.4379385712642356,2.0333903603034216,21.89810000000034,19.036018000000695,9.866018000000167,27.37262499999997,8.336607000000186,17.506606999999804,0.8692999849302177,0.4505421931583112,1.2499999999999791,0.3807000150698031,0.799457806841668
Belgium,BE,2026-04,2026-04-01,belgium__standard_private_sector,Belgique · secteur privé standard,Belgium · standard private sector,2.37,5189.8497,0.1307,0.25,678.313356,1297.462425,389.238728,184.239664,59.683272,45.151692,459.820683,197.214289,121.961468,75.771806,51.898497,15.569549,375.226133,0.0,0.0,0.0,0.0,15569.5491,1297.462425,0.25,4511.536344,4511.54,54138.48,6070.0,48068.48,18884.77,15896.79,1324.73,3186.806344,6487.312125,1975.775781,3300.505781,1.4379385712642356,2.0356781756715705,21.89809999999943,19.036017999999785,9.876017999999931,27.37262499999997,8.336606999999958,17.49660700000004,0.8692999849302122,0.4509988537818435,1.250000000000031,0.38070001506980855,0.7990011462181876
Belgium,BE,2026-04,2026-04-01,belgium__standard_private_sector,Belgique · secteur privé standard,Belgium · standard private sector,2.38,5211.7478,0.1307,0.25,681.175437,1302.93695,390.881085,185.017047,59.9351,45.342206,461.760855,198.046416,122.476073,76.091518,52.117478,15.635243,376.809366,0.0,0.0,0.0,0.0,15635.2434,1302.93695,0.25,4530.572363,4530.57,54366.84,6070.0,48296.84,18994.73,16006.75,1333.9,3196.672363,6514.68475,1984.112387,3318.012387,1.4379385712642354,2.0379582300463177,21.89810000000034,19.036019000000124,9.866019000000051,27.37262499999997,8.336605999999847,17.506606000000374,0.8693000305962539,0.4505422388243682,1.2499999999999791,0.3806999694037253,0.7994577611756318
Belgium,BE,2026-04,2026-04-01,belgium__standard_private_sector,Belgique · secteur privé standard,Belgium · standard private sector,2.39,5233.6459,0.1307,0.25,684.037519,1308.411475,392.523443,185.794429,60.186928,45.532719,463.701027,198.878544,122.990679,76.41123,52.336459,15.700938,378.392599,0.0,0.0,0.0,0.0,15700.9377,1308.411475,0.25,4549.608381,4549.61,54595.32,6070.0,48525.32,19104.74,16116.76,1343.06,3206.548381,6542.057375,1992.448994,3335.508994,1.4379385712642354,2.0402178909974875,21.89810000000034,19.036017999999785,9.876017999999931,27.37262499999997,8.336607000000186,17.496606999999585,0.8692999849301761,0.4509988537818248,1.2499999999999791,0.3807000150698031,0.7990011462181337
Belgium,BE,2026-04,2026-04-01,belgium__standard_private_sector,Belgique · secteur privé standard,Belgium · standard private sector,2.4,5255.544,0.1307,0.25,686.899601,1313.886,394.1658,186.571812,60.438756,45.723233,465.641198,199.710672,123.505284,76.730942,52.55544,15.766632,379.975831,0.0,0.0,0.0,0.0,15766.632,1313.886,0.25,4568.644399,4568.64,54823.68,6070.0,48753.68,19214.7,16226.72,1352.23,3216.414399,6569.43,2000.785601,3353.015601,1.4379385712642359,2.04247002551474,21.89809999999943,19.036017999999785,9.866017999999713,27.37262499999997,8.336606999999958,17.50660700000026,0.8692999849302122,0.4505421931583091,1.250000000000031,0.38070001506980855,0.7994578068417221
Belgium,BE,2026-04,2026-04-01,belgium__standard_private_sector,Belgique · secteur privé standard,Belgium · standard private sector,2.41,5277.4421,0.1307,0.25,689.761682,1319.360525,395.808158,187.349195,60.690584,45.913746,467.58137,200.5428,124.019889,77.050655,52.774421,15.832326,381.559064,0.0,0.0,0.0,0.0,15832.3263,1319.360525,0.25,4587.680418,4587.68,55052.16,6070.0,48982.16,19324.71,16336.73,1361.39,3226.290418,6596.802625,2009.122207,3370.512207,1.4379385712642356,2.044702048258388,21.89810000000034,19.036019000000124,9.87601900000027,27.37262499999997,8.336605999999847,17.496606000000156,0.8693000305962539,0.4509988994479026,1.2499999999999791,0.3806999694037253,0.7990011005520974
Belgium,BE,2026-04,2026-04-01,belgium__standard_private_sector,Belgique · secteur privé standard,Belgium · standard private sector,2.42,5299.3402,0.1307,0.25,692.623764,1324.83505,397.450515,188.126577,60.942412,46.10426,469.521542,201.374928,124.534495,77.370367,52.993402,15.898021,383.142296,0.0,0.0,0.0,0.0,15898.0206,1324.83505,0.25,4606.716436,4606.72,55280.64,6070.0,49210.64,19434.72,16446.74,1370.56,3236.156436,6624.17525,2017.458814,3388.018814,1.4379385712642356,2.0469267729449685,21.89809999999943,19.036017999999785,9.866018000000167,27.37262499999997,8.336607000000186,17.506606999999804,0.8692999849302122,0.4505421931583299,1.250000000000031,0.38070001506981893,0.7994578068417013
Belgium,BE,2026-04,2026-04-01,belgium__standard_private_sector,Belgique · secteur privé standard,Belgium · standard private sector,2.43,5321.2383,0.1307,0.25,695.485846,1330.309575,399.092873,188.90396,61.19424,46.294773,471.461713,202.207055,125.0491,77.690079,53.212383,15.963715,384.725529,0.0,0.0,0.0,0.0,15963.7149,1330.309575,0.25,4625.752454,4625.75,55509.0,6070.0,49439.0,19544.68,16556.7,1379.73,3246.022454,6651.547875,2025.795421,3405.525421,1.4379385712642356,2.049137973896056,21.89810000000034,19.036018000000695,9.866017999999713,27.37262499999997,8.336606999999958,17.506606999999804,0.8692999849302177,0.4505421931582904,1.2499999999999791,0.38070001506979273,0.799457806841668
Belgium,BE,2026-04,2026-04-01,belgium__standard_private_sector,Belgique · secteur privé standard,Belgium · standard private sector,2.44,5343.1364,0.1307,0.25,698.347927,1335.7841,400.73523,189.681342,61.446069,46.485287,473.401885,203.039183,125.563705,78.009791,53.431364,16.029409,386.308762,0.0,0.0,0.0,0.0,16029.4092,1335.7841,0.25,4644.788473,4644.79,55737.48,6070.0,49667.48,19654.69,16666.71,1388.89,3255.898473,6678.9205,2034.132027,3423.022027,1.4379385712642356,2.0513294736830816,21.89810000000034,19.036018999999214,9.87601900000027,27.37262499999997,8.336606000000074,17.496606000000156,0.8693000305962124,0.4509988994479026,1.2499999999999791,0.3806999694037357,0.7990011005520974
Belgium,BE,2026-04,2026-04-01,belgium__standard_private_sector,Belgique · secteur privé standard,Belgium · standard private sector,2.45,5365.0345,0.1307,0.25,701.210009,1341.258625,402.377588,190.458725,61.697897,46.6758,475.342057,203.871311,126.078311,78.329504,53.650345,16.095104,387.891994,0.0,0.0,0.0,0.0,16095.1035,1341.258625,0.25,4663.824491,4663.82,55965.84,6070.0,49895.84,19764.65,16776.67,1398.06,3265.764491,6706.293125,2042.468634,3440.528634,1.4379385712642359,2.0535140068396402,21.89809999999943,19.036018000000695,9.866017999999713,27.37262499999997,8.336606999999958,17.506606999999804,0.8692999849302537,0.4505421931583091,1.250000000000031,0.38070001506980855,0.7994578068417013
Belgium,BE,2026-04,2026-04-01,belgium__standard_private_sector,Belgique · secteur privé standard,Belgium · standard private sector,2.46,5386.9326,0.1307,0.25,704.072091,1346.73315,404.019945,191.236107,61.949725,46.866314,477.282228,204.703439,126.592916,78.649216,53.869326,16.160798,389.475227,0.0,0.0,0.0,0.0,16160.7978,1346.73315,0.25,4682.860509,4682.86,56194.32,6070.0,50124.32,19874.66,16886.68,1407.22,3275.640509,6733.66575,2050.805241,3458.025241,1.4379385712642356,2.055679104935009,21.89810000000034,19.036017999999785,9.876017999999931,27.37262499999997,8.336606999999958,17.49660700000004,0.8692999849301761,0.4509988537818248,1.2499999999999791,0.38070001506979273,0.7990011462181544
Belgium,BE,2026-04,2026-04-01,belgium__standard_private_sector,Belgique · secteur privé standard,Belgium · standard private sector,2.47,5408.8307,0.1307,0.25,706.934172,1352.207675,405.662303,192.01349,62.201553,47.056827,479.2224,205.535567,127.107521,78.968928,54.088307,16.226492,391.05846,0.0,0.0,0.0,0.0,16226.4921,1352.207675,0.25,4701.896528,4701.9,56422.8,6070.0,50352.8,19984.67,16996.69,1416.39,3285.506528,6761.038375,2059.141847,3475.531847,1.4379385712642356,2.057837450143195,21.89810000000034,19.036019000000124,9.866019000000051,27.37262499999997,8.336605999999847,17.506606000000374,0.8693000305962539,0.4505422388243682,1.2499999999999791,0.3806999694037253,0.7994577611756318
Belgium,BE,2026-04,2026-04-01,belgium__standard_private_sector,Belgique · secteur privé standard,Belgium · standard private sector,2.48,5430.7288,0.1307,0.25,709.796254,1357.6822,407.30466,192.790872,62.453381,47.247341,481.162572,206.367694,127.622127,79.28864,54.307288,16.292186,392.641692,0.0,0.0,0.0,0.0,16292.1864,1357.6822,0.25,4720.932546,4720.93,56651.16,6070.0,50581.16,20094.63,17106.65,1425.55,3295.382546,6788.411,2067.478454,3493.028454,1.4379385712642356,2.0599766204896315,21.89809999999943,19.036017999999785,9.876017999999931,27.37262499999997,8.336607000000186,17.496606999999585,0.8692999849302122,0.4509988537818435,1.250000000000031,0.38070001506981893,0.7990011462181669
Belgium,BE,2026-04,2026-04-01,belgium__standard_private_sector,Belgique · secteur privé standard,Belgium · standard private sector,2.49,5452.6269,0.1307,0.25,712.658336,1363.156725,408.947018,193.568255,62.705209,47.437854,483.102743,207.199822,128.136732,79.608353,54.526269,16.357881,394.224925,0.0,0.0,0.0,0.0,16357.8807,1363.156725,0.25,4739.968564,4739.97,56879.64,6070.0,50809.64,20204.64,17216.66,1434.72,3305.248564,6815.783625,2075.815061,3510.535061,1.4379385712642356,2.0621092461503125,21.89810000000034,19.036017999999785,9.866018000000167,27.37262499999997,8.33660699999973,17.50660700000026,0.8692999849301761,0.4505421931583112,1.2499999999999791,0.38070001506978235,0.7994578068416889
Belgium,BE,2026-04,2026-04-01,belgium__standard_private_sector,Belgique · secteur privé standard,Belgium · standard private sector,2.5,5474.525,0.1307,0.25,715.520418,1368.63125,410.589375,194.345638,62.957038,47.628368,485.042915,208.03195,128.651338,79.928065,54.74525,16.423575,395.808158,0.0,0.0,0.0,0.0,16423.575,1368.63125,0.25,4759.004583,4759.01,57108.12,6070.0,51038.12,20314.65,17326.67,1443.89,3315.114583,6843.15625,2084.151668,3528.041668,1.4379385712642356,2.0642291781177073,21.89809999999943,19.036019000000124,9.866019000000051,27.37262499999997,8.336607000000186,17.506606999999804,0.86930003059629,0.45054223882438693,1.250000000000031,0.38070001506981893,0.7994578068417013
Belgium,BE,2026-04,2026-04-01,belgium__standard_private_sector,Belgique · secteur privé standard,Belgium · standard private sector,2.51,5496.4231,0.1307,0.25,718.382499,1374.105775,412.231733,195.12302,63.208866,47.818881,486.983087,208.864078,129.165943,80.247777,54.964231,16.489269,397.39139,0.0,0.0,0.0,0.0,16489.2693,1374.105775,0.25,4778.040601,4778.04,57336.48,6070.0,51266.48,20436.2,17448.22,1454.02,3324.020601,6870.528875,2092.488274,3546.508274,1.4379385712642359,2.06693330158196,21.89810000000034,19.036017999999785,8.906018000000131,27.37262499999997,8.336605999999847,18.466605999999956,0.8692999849301761,0.40670277329996635,1.2499999999999791,0.3806999694037253,0.8432971810339559
Belgium,BE,2026-04,2026-04-01,belgium__standard_private_sector,Belgique · secteur privé standard,Belgium · standard private sector,2.52,5518.3212,0.1307,0.25,721.244581,1379.5803,413.87409,195.900403,63.460694,48.009394,488.923258,209.696206,129.680548,80.56749,55.183212,16.554964,398.974623,0.0,0.0,0.0,0.0,16554.9636,1379.5803,0.25,4797.076619,4797.08,57564.96,6070.0,51494.96,20558.43,17570.45,1464.2,3332.876619,6897.9015,2100.824881,3565.024881,1.4379385712642354,2.069654022097736,21.89810000000034,19.036018000000695,8.856017999999949,27.37262499999997,8.336607000000186,18.516607000000022,0.8692999849302177,0.404419470182336,1.2499999999999791,0.3807000150698031,0.8455805298176433
Belgium,BE,2026-04,2026-04-01,belgium__standard_private_sector,Belgique · secteur privé standard,Belgium · standard private sector,2.53,5540.2193,0.1307,0.25,724.106663,1385.054825,415.516448,196.677785,63.712522,48.199908,490.86343,210.528333,130.195154,80.887202,55.402193,16.620658,400.557855,0.0,0.0,0.0,0.0,16620.6579,1385.054825,0.25,4816.112637,4816.11,57793.32,6070.0,51723.32,20680.61,17692.63,1474.39,3341.722637,6925.274125,2109.161488,3583.551488,1.4379385712642356,2.0723665235728963,21.89809999999943,19.036017999999785,8.84601799999973,27.37262499999997,8.336607000000186,18.52660700000024,0.8692999849302122,0.40396280955881836,1.250000000000031,0.38070001506981893,0.8460371904412127
Belgium,BE,2026-04,2026-04-01,belgium__standard_private_sector,Belgique · secteur privé standard,Belgium · standard private sector,2.54,5562.1174,0.1307,0.25,726.968744,1390.52935,417.158805,197.455168,63.96435,48.390421,492.803602,211.360461,130.709759,81.206914,55.621174,16.686352,402.141088,0.0,0.0,0.0,0.0,16686.3522,1390.52935,0.25,4835.148656,4835.15,58021.8,6070.0,51951.8,20802.84,17814.86,1484.57,3350.578656,6952.64675,2117.498094,3602.068094,1.4379385712642354,2.07505850904982,21.89810000000034,19.036019000000124,8.856019000000288,27.37262499999997,8.336605999999847,18.516606000000138,0.8693000305962539,0.4044195158484138,1.2499999999999791,0.3806999694037253,0.8455804841515863
Belgium,BE,2026-04,2026-04-01,belgium__standard_private_sector,Belgique · secteur privé standard,Belgium · standard private sector,2.55,5584.0155,0.1307,0.25,729.830826,1396.003875,418.801163,198.23255,64.216178,48.580935,494.743773,212.192589,131.224364,81.526626,55.840155,16.752047,403.724321,0.0,0.0,0.0,0.0,16752.0465,1396.003875,0.25,4854.184674,4854.19,58250.28,6070.0,52180.28,20925.08,17937.1,1494.76,3359.424674,6980.019375,2125.834701,3620.594701,1.4379385712642356,2.077742486298218,21.89810000000034,19.036017999999785,8.84601799999973,27.37262499999997,8.336607000000186,18.526606999999785,0.8692999849301761,0.4039628095588016,1.2499999999999791,0.3807000150698031,0.8460371904411569
Belgium,BE,2026-04,2026-04-01,belgium__standard_private_sector,Belgique · secteur privé standard,Belgium · standard private sector,2.56,5605.9136,0.1307,0.25,732.692908,1401.4784,420.44352,199.009933,64.468006,48.771448,496.683945,213.024717,131.73897,81.846339,56.059136,16.817741,405.307553,0.0,0.0,0.0,0.0,16817.7408,1401.4784,0.25,4873.220692,4873.22,58478.64,6070.0,52408.64,21047.25,18059.27,1504.94,3368.280692,7007.392,2134.171308,3639.111308,1.4379385712642359,2.0804061893192736,21.89809999999943,19.036017999999785,8.856017999999949,27.37262499999997,8.33660699999973,18.516607000000022,0.8692999849302122,0.40441947018235275,1.250000000000031,0.38070001506979817,0.8455805298176784
Belgium,BE,2026-04,2026-04-01,belgium__standard_private_sector,Belgique · secteur privé standard,Belgium · standard private sector,2.57,5627.8117,0.1307,0.25,735.554989,1406.952925,422.085878,199.787315,64.719835,48.961962,498.624117,213.856845,132.253575,82.166051,56.278117,16.883435,406.890786,0.0,0.0,0.0,0.0,16883.4351,1406.952925,0.25,4892.256711,4892.26,58707.12,6070.0,52637.12,21169.49,18181.51,1515.13,3377.126711,7034.764625,2142.507914,3657.637914,1.4379385712642356,2.083062090173312,21.89810000000034,19.036019000000124,8.84601900000007,27.37262499999997,8.336605999999847,18.5266059999999,0.8693000305962539,0.4039628552248794,1.2499999999999791,0.3806999694037253,0.8460371447750998
Belgium,BE,2026-04,2026-04-01,belgium__standard_private_sector,Belgique · secteur privé standard,Belgium · standard private sector,2.58,5649.7098,0.1307,0.25,738.417071,1412.42745,423.728235,200.564698,64.971663,49.152475,500.564288,214.688972,132.76818,82.485763,56.497098,16.949129,408.474019,0.0,0.0,0.0,0.0,16949.1294,1412.42745,0.25,4911.292729,4911.29,58935.48,6070.0,52865.48,21291.66,18303.68,1525.31,3385.982729,7062.13725,2150.844521,3676.154521,1.4379385712642359,2.0856979538680935,21.89809999999943,19.036017999999785,8.856017999999949,27.37262499999997,8.336607000000186,18.516607000000022,0.8692999849302122,0.40441947018235275,1.250000000000031,0.38070001506981893,0.8455805298176784
Belgium,BE,2026-04,2026-04-01,belgium__standard_private_sector,Belgique · secteur privé standard,Belgium · standard private sector,2.59,5671.6079,0.1307,0.25,741.279153,1417.901975,425.370593,201.34208,65.223491,49.342989,502.50446,215.5211,133.282786,82.805475,56.716079,17.014824,410.057251,0.0,0.0,0.0,0.0,17014.8237,1417.901975,0.25,4930.328747,4930.33,59163.96,6070.0,53093.96,21413.9,18425.92,1535.49,3394.838747,7089.509875,2159.181128,3694.671128,1.4379385712642356,2.088320065359054,21.89810000000034,19.036017999999785,8.856017999999949,27.37262499999997,8.336607000000186,18.516607000000022,0.8692999849301761,0.404419470182336,1.2499999999999791,0.3807000150698031,0.8455805298176433
Belgium,BE,2026-04,2026-04-01,belgium__standard_private_sector,Belgique · secteur privé standard,Belgium · standard private sector,2.6,5693.506,0.1307,0.25,744.141234,1423.3765,427.01295,202.119463,65.475319,49.533502,504.444632,216.353228,133.797391,83.125188,56.93506,17.080518,411.640484,0.0,0.0,0.0,0.0,17080.518,1423.3765,0.25,4949.364766,4949.37,59392.44,6070.0,53322.44,21536.14,18548.16,1545.68,3403.684766,7116.8825,2167.517734,3713.197734,1.4379385712642356,2.0909346751232567,21.89810000000034,19.036019000000124,8.84601900000007,27.37262499999997,8.336605999999847,18.5266059999999,0.8693000305962539,0.4039628552248794,1.2499999999999791,0.3806999694037253,0.8460371447750998
Belgium,BE,2026-04,2026-04-01,belgium__standard_private_sector,Belgique · secteur privé standard,Belgium · standard private sector,2.61,5715.4041,0.1307,0.25,747.003316,1428.851025,428.655308,202.896846,65.727147,49.724016,506.384803,217.185356,134.311996,83.4449,57.154041,17.146212,413.223716,0.0,0.0,0.0,0.0,17146.2123,1428.851025,0.25,4968.400784,4968.4,59620.8,6070.0,53550.8,21658.31,18670.33,1555.86,3412.540784,7144.255125,2175.854341,3731.714341,1.4379385712642356,2.0935295947888193,21.89809999999943,19.036018000000695,8.856017999999949,27.37262499999997,8.336607000000186,18.516607000000022,0.8692999849302537,0.40441947018235275,1.250000000000031,0.38070001506981893,0.8455805298176784
Belgium,BE,2026-04,2026-04-01,belgium__standard_private_sector,Belgique · secteur privé standard,Belgium · standard private sector,2.62,5737.3022,0.1307,0.25,749.865398,1434.32555,430.297665,203.674228,65.978975,49.914529,508.324975,218.017484,134.826602,83.764612,57.373022,17.211907,414.806949,0.0,0.0,0.0,0.0,17211.9066,1434.32555,0.25,4987.436802,4987.43,59849.16,6070.0,53779.16,21780.48,18792.5,1566.04,3421.396802,7171.62775,2184.190948,3750.230948,1.4379385712642356,2.0961110809607253,21.89810000000034,19.036017999999785,8.856018000000404,27.37262499999997,8.33660699999973,18.516607000000022,0.8692999849301761,0.40441947018235674,1.2499999999999791,0.38070001506978235,0.8455805298176433
Belgium,BE,2026-04,2026-04-01,belgium__standard_private_sector,Belgique · secteur privé standard,Belgium · standard private sector,2.63,5759.2003,0.1307,0.25,752.727479,1439.800075,431.940023,204.451611,66.230803,50.105043,510.265147,218.849611,135.341207,84.084324,57.592003,17.277601,416.390182,0.0,0.0,0.0,0.0,17277.6009,1439.800075,0.25,5006.472821,5006.47,60077.64,6070.0,54007.64,21902.72,18914.74,1576.23,3430.242821,7199.000375,2192.527554,3768.757554,1.4379385712642356,2.098685355849543,21.89810000000034,19.036019000000124,8.846018999999615,27.37262499999997,8.336605999999847,18.5266059999999,0.8693000305962539,0.40396285522485864,1.2499999999999791,0.3806999694037253,0.8460371447750998
Belgium,BE,2026-04,2026-04-01,belgium__standard_private_sector,Belgique · secteur privé standard,Belgium · standard private sector,2.64,5781.0984,0.1307,0.25,755.589561,1445.2746,433.58238,205.228993,66.482632,50.295556,512.205318,219.681739,135.855812,84.404037,57.810984,17.343295,417.973414,0.0,0.0,0.0,0.0,17343.2952,1445.2746,0.25,5025.508839,5025.51,60306.12,6070.0,54236.12,22024.95,19036.97,1586.41,3439.098839,7226.373,2200.864161,3787.274161,1.4379385712642356,2.101240277772619,21.89809999999943,19.036017999999785,8.856018000000404,27.37262499999997,8.336607000000186,18.516607000000022,0.8692999849302122,0.40441947018237356,1.250000000000031,0.38070001506981893,0.8455805298176784
Belgium,BE,2026-04,2026-04-01,belgium__standard_private_sector,Belgique · secteur privé standard,Belgium · standard private sector,2.65,5802.9965,0.1307,0.25,758.451643,1450.749125,435.224738,206.006376,66.73446,50.48607,514.14549,220.513867,136.370418,84.723749,58.029965,17.40899,419.556647,0.0,0.0,0.0,0.0,17408.9895,1450.749125,0.25,5044.544857,5044.55,60534.6,6070.0,54464.6,22147.19,19159.21,1596.6,3447.944857,7253.745625,2209.200768,3805.800768,1.4379385712642356,2.1037881766951054,21.89810000000034,19.036017999999785,8.84601799999973,27.37262499999997,8.336607000000186,18.52660700000024,0.8692999849301761,0.4039628095588016,1.2499999999999791,0.3807000150698031,0.8460371904411776
Belgium,BE,2026-04,2026-04-01,belgium__standard_private_sector,Belgique · secteur privé standard,Belgium · standard private sector,2.66,5824.8946,0.1307,0.25,761.313724,1456.22365,436.867095,206.783758,66.986288,50.676583,516.085662,221.345995,136.885023,85.043461,58.248946,17.474684,421.13988,0.0,0.0,0.0,0.0,17474.6838,1456.22365,0.25,5063.580876,5063.58,60762.96,6070.0,54692.96,22269.36,19281.38,1606.78,3456.800876,7281.11825,2217.537374,3824.317374,1.4379385712642356,2.1063169420648427,21.89809999999943,19.036019000000124,8.856018999999833,27.37262500000088,8.336605999999847,18.516606000000138,0.86930003059629,0.4044195158484098,1.2500000000000726,0.3806999694037411,0.8455804841516213
Belgium,BE,2026-04,2026-04-01,belgium__standard_private_sector,Belgique · secteur privé standard,Belgium · standard private sector,2.67,5846.7927,0.1307,0.25,764.175806,1461.698175,438.509453,207.561141,67.238116,50.867096,518.025833,222.178123,137.399628,85.363173,58.467927,17.540378,422.723112,0.0,0.0,0.0,0.0,17540.3781,1461.698175,0.25,5082.616894,5082.61,60991.32,6070.0,54921.32,22391.54,19403.56,1616.96,3465.656894,7308.490875,2225.873981,3842.833981,1.4379385712642356,2.108832783597541,21.89810000000034,19.036017999999785,8.856018000000404,27.37262499999997,8.336607000000186,18.516607000000022,0.8692999849301761,0.40441947018235674,1.2499999999999791,0.3807000150698031,0.8455805298176433
Belgium,BE,2026-04,2026-04-01,belgium__standard_private_sector,Belgique · secteur privé standard,Belgium · standard private sector,2.68,5868.6908,0.1307,0.25,767.037888,1467.1727,440.15181,208.338523,67.489944,51.05761,519.966005,223.01025,137.914234,85.682886,58.686908,17.606072,424.306345,0.0,0.0,0.0,0.0,17606.0724,1467.1727,0.25,5101.652912,5101.65,61219.8,6070.0,55149.8,22513.77,19525.79,1627.15,3474.502912,7335.8635,2234.210588,3861.360588,1.4379385712642356,2.1113418767717556,21.89810000000034,19.036017999999785,8.84601799999973,27.37262499999997,8.33660699999973,18.526606999999785,0.8692999849301761,0.4039628095588016,1.2499999999999791,0.38070001506978235,0.8460371904411569
Belgium,BE,2026-04,2026-04-01,belgium__standard_private_sector,Belgique · secteur privé standard,Belgium · standard private sector,2.69,5890.5889,0.1307,0.25,769.899969,1472.647225,441.794168,209.115906,67.741772,51.248123,521.906177,223.842378,138.428839,86.002598,58.905889,17.671767,425.889577,0.0,0.0,0.0,0.0,17671.7667,1472.647225,0.25,5120.688931,5120.69,61448.28,6070.0,55378.28,22636.01,19648.03,1637.34,3483.348931,7363.236125,2242.547194,3879.887194,1.4379385712642356,2.1138382261843476,21.89809999999943,19.036019000000124,8.84601900000007,27.37262499999997,8.336606000000302,18.5266059999999,0.86930003059629,0.40396285522489617,1.250000000000031,0.3806999694037619,0.8460371447751349
Belgium,BE,2026-04,2026-04-01,belgium__standard_private_sector,Belgique · secteur privé standard,Belgium · standard private sector,2.7,5912.487,0.1307,0.25,772.762051,1478.12175,443.436525,209.893289,67.993601,51.438637,523.846348,224.674506,138.943445,86.32231,59.12487,17.737461,427.47281,0.0,0.0,0.0,0.0,17737.461,1478.12175,0.25,5139.724949,5139.73,61676.76,6070.0,55606.76,22758.25,19770.27,1647.52,3492.204949,7390.60875,2250.883801,3898.403801,1.4379385712642356,2.116315868547373,21.89810000000034,19.036018000000695,8.856017999999949,27.37262499999997,8.33660699999973,18.516607000000022,0.8692999849302177,0.404419470182336,1.2499999999999791,0.38070001506978235,0.8455805298176433
Belgium,BE,2026-04,2026-04-01,belgium__standard_private_sector,Belgique · secteur privé standard,Belgium · standard private sector,2.71,5934.3851,0.1307,0.25,775.624133,1483.596275,445.078883,210.670671,68.245429,51.62915,525.78652,225.506634,139.45805,86.642022,59.343851,17.803155,429.056043,0.0,0.0,0.0,0.0,17803.1553,1483.596275,0.25,5158.760967,5158.77,61905.24,6070.0,55835.24,22880.48,19892.5,1657.71,3501.050967,7417.981375,2259.220408,3916.930408,1.4379385712642356,2.1187870282406323,21.89810000000034,19.036017999999785,8.846018000000186,27.37262499999997,8.336607000000186,18.52660700000024,0.8692999849301761,0.40396280955882236,1.2499999999999791,0.3807000150698031,0.8460371904411776
Belgium,BE,2026-04,2026-04-01,belgium__standard_private_sector,Belgique · secteur privé standard,Belgium · standard private sector,2.72,5956.2832,0.1307,0.25,778.486214,1489.0708,446.72124,211.448054,68.497257,51.819664,527.726692,226.338762,139.972655,86.961735,59.562832,17.86885,430.639275,0.0,0.0,0.0,0.0,17868.8496,1489.0708,0.25,5177.796986,5177.79,62133.48,6070.0,56063.48,23002.59,20014.61,1667.88,3509.916986,7445.354,2267.557014,3935.437014,1.4379385712642354,2.1212336446150624,21.89809999999943,19.036019000000124,8.866019000000051,27.37262499999997,8.336605999999847,18.50660599999992,0.86930003059629,0.40487617647194424,1.250000000000031,0.3806999694037411,0.8451238235280869
Belgium,BE,2026-04,2026-04-01,belgium__standard_private_sector,Belgique · secteur privé standard,Belgium · standard private sector,2.73,5978.1813,0.1307,0.25,781.348296,1494.545325,448.363598,212.225436,68.749085,52.010177,529.666863,227.170889,140.487261,87.281447,59.781813,17.934544,432.222508,0.0,0.0,0.0,0.0,17934.5439,1494.545325,0.25,5196.833004,5196.83,62361.96,6070.0,56291.96,23124.83,20136.85,1678.07,3518.763004,7472.726625,2275.893621,3953.963621,1.4379385712642356,2.1236800024082747,21.89810000000034,19.036017999999785,8.84601799999973,27.37262499999997,8.336607000000186,18.526606999999785,0.8692999849301761,0.4039628095588016,1.2499999999999791,0.3807000150698031,0.8460371904411569
Belgium,BE,2026-04,2026-04-01,belgium__standard_private_sector,Belgique · secteur privé standard,Belgium · standard private sector,2.74,6000.0794,0.1307,0.25,784.210378,1500.01985,450.005955,213.002819,69.000913,52.200691,531.607035,228.003017,141.001866,87.601159,60.000794,18.000238,433.805741,0.0,0.0,0.0,0.0,18000.2382,1500.01985,0.25,5215.869022,5215.87,62590.44,6070.0,56520.44,23247.07,20259.09,1688.26,3527.609022,7500.09925,2284.230228,3972.490228,1.4379385712642359,2.126114090969981,21.89809999999943,19.036017999999785,8.846018000000186,27.37262499999997,8.33660699999973,18.52660700000024,0.8692999849302122,0.4039628095588391,1.250000000000031,0.38070001506979817,0.8460371904412127
Belgium,BE,2026-04,2026-04-01,belgium__standard_private_sector,Belgique · secteur privé standard,Belgium · standard private sector,2.75,6021.9775,0.1307,0.25,787.072459,1505.494375,451.648313,213.780201,69.252741,52.391204,533.547207,228.835145,141.516471,87.920872,60.219775,18.065933,435.388973,0.0,0.0,0.0,0.0,18065.9325,1505.494375,0.25,5234.905041,5234.91,62818.92,6070.0,56748.92,23369.3,20381.32,1698.44,3536.465041,7527.471875,2292.566834,3991.006834,1.4379385712642356,2.1285299835463953,21.89810000000034,19.036019000000124,8.856018999999833,27.37262499999997,8.336606000000302,18.516605999999683,0.8693000305962539,0.40441951584839303,1.2499999999999791,0.38069996940374606,0.8455804841515654
Belgium,BE,2026-04,2026-04-01,belgium__standard_private_sector,Belgique · secteur privé standard,Belgium · standard private sector,2.76,6043.8756,0.1307,0.25,789.934541,1510.9689,453.29067,214.557584,69.504569,52.581718,535.487378,229.667273,142.031077,88.240584,60.438756,18.131627,436.972206,0.0,0.0,0.0,0.0,18131.6268,1510.9689,0.25,5253.941059,5253.95,63047.4,6070.0,56977.4,23491.54,20503.56,1708.63,3545.311059,7554.8445,2300.903441,4009.533441,1.4379385712642354,2.1309398171568237,21.89810000000034,19.036017999999785,8.846018000000186,27.37262499999997,8.33660699999973,18.52660700000024,0.8692999849301761,0.40396280955882236,1.2499999999999791,0.38070001506978235,0.8460371904411776
Belgium,BE,2026-04,2026-04-01,belgium__standard_private_sector,Belgique · secteur privé standard,Belgium · standard private sector,2.77,6065.7737,0.1307,0.25,792.796623,1516.443425,454.933028,215.334966,69.756398,52.772231,537.42755,230.499401,142.545682,88.560296,60.657737,18.197321,438.555439,0.0,0.0,0.0,0.0,18197.3211,1516.443425,0.25,5272.977077,5272.97,63275.64,6070.0,57205.64,23613.65,20625.67,1718.81,3554.167077,7582.217125,2309.240048,4028.050048,1.4379385712642354,2.1333316526372554,21.89809999999943,19.036017999999785,8.856017999999949,27.37262499999997,8.336607000000186,18.516607000000022,0.8692999849302122,0.40441947018235275,1.250000000000031,0.38070001506981893,0.8455805298176784
Belgium,BE,2026-04,2026-04-01,belgium__standard_private_sector,Belgique · secteur privé standard,Belgium · standard private sector,2.78,6087.6718,0.1307,0.25,795.658704,1521.91795,456.575385,216.112349,70.008226,52.962745,539.367721,231.331528,143.060287,88.880008,60.876718,18.263015,440.138671,0.0,0.0,0.0,0.0,18263.0154,1521.91795,0.25,5292.013096,5292.01,63504.12,6070.0,57434.12,23735.88,20747.9,1728.99,3563.023096,7609.58975,2317.576654,4046.566654,1.4379385712642354,2.135711598136462,21.89810000000034,19.036019000000124,8.856018999999833,27.37262499999997,8.336605999999847,18.516606000000138,0.8693000305962539,0.40441951584839303,1.2499999999999791,0.3806999694037253,0.8455804841515863
Belgium,BE,2026-04,2026-04-01,belgium__standard_private_sector,Belgique · secteur privé standard,Belgium · standard private sector,2.79,6109.5699,0.1307,0.25,798.520786,1527.392475,458.217743,216.889731,70.260054,53.153258,541.307893,232.163656,143.574893,89.199721,61.095699,18.32871,441.721904,0.0,0.0,0.0,0.0,18328.7097,1527.392475,0.25,5311.049114,5311.05,63732.6,6070.0,57662.6,23858.12,20870.14,1739.18,3571.869114,7636.962375,2325.913261,4065.093261,1.4379385712642356,2.138085727978423,21.89810000000034,19.036018000000695,8.846018000000186,27.37262499999997,8.336607000000186,18.526606999999785,0.8692999849302177,0.40396280955882236,1.2499999999999791,0.3807000150698031,0.8460371904411569
Belgium,BE,2026-04,2026-04-01,belgium__standard_private_sector,Belgique · secteur privé standard,Belgium · standard private sector,2.8,6131.468,0.1307,0.25,801.382868,1532.867,459.8601,217.667114,70.511882,53.343772,543.248065,232.995784,144.089498,89.519433,61.31468,18.394404,443.305136,0.0,0.0,0.0,0.0,18394.404,1532.867,0.25,5330.085132,5330.09,63961.08,6070.0,57891.08,23980.36,20992.38,1749.37,3580.715132,7664.335,2334.249868,4083.619868,1.4379385712642356,2.140448127428368,21.89809999999943,19.036017999999785,8.84601799999973,27.37262499999997,8.33660699999973,18.52660700000024,0.8692999849302122,0.40396280955881836,1.250000000000031,0.38070001506979817,0.8460371904412127
Belgium,BE,2026-04,2026-04-01,belgium__standard_private_sector,Belgique · secteur privé standard,Belgium · standard private sector,2.81,6153.3661,0.1307,0.25,804.244949,1538.341525,461.502458,218.444497,70.76371,53.534285,545.188236,233.827912,144.604103,89.839145,61.533661,18.460098,444.888369,0.0,0.0,0.0,0.0,18460.0983,1538.341525,0.25,5349.121151,5349.13,64189.56,6070.0,58119.56,24102.59,21114.61,1759.55,3589.571151,7691.707625,2342.586474,4102.136474,1.4379385712642354,2.142792913698273,21.89810000000034,19.036019000000124,8.856019000000288,27.37262499999997,8.336606000000302,18.516605999999683,0.8693000305962539,0.4044195158484138,1.2499999999999791,0.38069996940374606,0.8455804841515654
Belgium,BE,2026-04,2026-04-01,belgium__standard_private_sector,Belgique · secteur privé standard,Belgium · standard private sector,2.82,6175.2642,0.1307,0.25,807.107031,1543.81605,463.144815,219.221879,71.015538,53.724799,547.128408,234.66004,145.118709,90.158857,61.752642,18.525793,446.471602,0.0,0.0,0.0,0.0,18525.7926,1543.81605,0.25,5368.157169,5368.15,64417.8,6070.0,58347.8,24224.7,21236.72,1769.73,3598.427169,7719.08025,2350.923081,4120.653081,1.4379385712642356,2.145126158553438,21.89809999999943,19.036017999999785,8.856017999999949,27.37262499999997,8.33660699999973,18.516607000000477,0.8692999849302122,0.40441947018235275,1.250000000000031,0.38070001506979817,0.8455805298176992
Belgium,BE,2026-04,2026-04-01,belgium__standard_private_sector,Belgique · secteur privé standard,Belgium · standard private sector,2.83,6197.1623,0.1307,0.25,809.969113,1549.290575,464.787173,219.999262,71.267366,53.915312,549.06858,235.492167,145.633314,90.47857,61.971623,18.591487,448.054834,0.0,0.0,0.0,0.0,18591.4869,1549.290575,0.25,5387.193187,5387.19,64646.28,6070.0,58576.28,24346.94,21358.96,1779.91,3607.283187,7746.452875,2359.259688,4139.169688,1.4379385712642354,2.1474479469977066,21.89810000000034,19.036017999999785,8.856017999999949,27.37262499999997,8.336607000000186,18.516606999999567,0.8692999849301761,0.404419470182336,1.2499999999999791,0.3807000150698031,0.8455805298176224
Belgium,BE,2026-04,2026-04-01,belgium__standard_private_sector,Belgique · secteur privé standard,Belgium · standard private sector,2.84,6219.0604,0.1307,0.25,812.831194,1554.7651,466.42953,220.776644,71.519195,54.105825,551.008751,236.324295,146.147919,90.798282,62.190604,18.657181,449.638067,0.0,0.0,0.0,0.0,18657.1812,1554.7651,0.25,5406.229206,5406.23,64874.76,6070.0,58804.76,24469.18,21481.2,1790.1,3616.129206,7773.8255,2367.596294,4157.696294,1.4379385712642356,2.1497643081180144,21.89810000000034,19.036019000000124,8.84601900000007,27.37262499999997,8.336605999999847,18.526606000000356,0.8693000305962539,0.4039628552248794,1.2499999999999791,0.3806999694037253,0.8460371447751206
Belgium,BE,2026-04,2026-04-01,belgium__standard_private_sector,Belgique · secteur privé standard,Belgium · standard private sector,2.85,6240.9585,0.1307,0.25,815.693276,1560.239625,468.071888,221.554027,71.771023,54.296339,552.948923,237.156423,146.662525,91.117994,62.409585,18.722876,451.2213,0.0,0.0,0.0,0.0,18722.8755,1560.239625,0.25,5425.265224,5425.27,65103.24,6070.0,59033.24,24591.41,21603.43,1800.29,3624.975224,7801.198125,2375.932901,4176.222901,1.4379385712642359,2.1520693640173687,21.89809999999943,19.036017999999785,8.84601799999973,27.37262499999997,8.336607000000186,18.526606999999785,0.8692999849302122,0.40396280955881836,1.250000000000031,0.38070001506981893,0.846037190441192
Belgium,BE,2026-04,2026-04-01,belgium__standard_private_sector,Belgique · secteur privé standard,Belgium · standard private sector,2.86,6262.8566,0.1307,0.25,818.555358,1565.71415,469.714245,222.331409,72.022851,54.486852,554.889095,237.988551,147.17713,91.437706,62.628566,18.78857,452.804532,0.0,0.0,0.0,0.0,18788.5698,1565.71415,0.25,5444.301242,5444.3,65331.6,6070.0,59261.6,24713.59,21725.61,1810.47,3633.831242,7828.57075,2384.269508,4194.739508,1.4379385712642356,2.1543572686310637,21.89810000000034,19.036017999999785,8.856018000000404,27.37262499999997,8.33660699999973,18.516606999999567,0.8692999849301761,0.40441947018235674,1.2499999999999791,0.38070001506978235,0.8455805298176224
Belgium,BE,2026-04,2026-04-01,belgium__standard_private_sector,Belgique · secteur privé standard,Belgium · standard private sector,2.87,6284.7547,0.1307,0.25,821.417439,1571.188675,471.356603,223.108792,72.274679,54.677366,556.829266,238.820679,147.691735,91.757419,62.847547,18.854264,454.387765,0.0,0.0,0.0,0.0,18854.2641,1571.188675,0.25,5463.337261,5463.33,65559.96,6070.0,59489.96,24835.76,21847.78,1820.65,3642.687261,7855.943375,2392.606114,4213.256114,1.4379385712642356,2.156634048641549,21.89810000000034,19.036019000000124,8.856018999999833,27.37262499999997,8.336606000000302,18.516606000000138,0.8693000305962539,0.40441951584839303,1.2499999999999791,0.38069996940374606,0.8455804841515863
Belgium,BE,2026-04,2026-04-01,belgium__standard_private_sector,Belgique · secteur privé standard,Belgium · standard private sector,2.88,6306.6528,0.1307,0.25,824.279521,1576.6632,472.99896,223.886174,72.526507,54.867879,558.769438,239.652806,148.206341,92.077131,63.066528,18.919958,455.970997,0.0,0.0,0.0,0.0,18919.9584,1576.6632,0.25,5482.373279,5482.37,65788.44,6070.0,59718.44,24958.0,21970.02,1830.84,3651.533279,7883.316,2400.942721,4231.782721,1.4379385712642356,2.158905697299998,21.89809999999943,19.036018000000695,8.846018000000186,27.37262499999997,8.33660699999973,18.526606999999785,0.8692999849302537,0.4039628095588391,1.250000000000031,0.38070001506979817,0.846037190441192
Belgium,BE,2026-04,2026-04-01,belgium__standard_private_sector,Belgique · secteur privé standard,Belgium · standard private sector,2.89,6328.5509,0.1307,0.25,827.141603,1582.137725,474.641318,224.663557,72.778335,55.058393,560.70961,240.484934,148.720946,92.396843,63.285509,18.985653,457.55423,0.0,0.0,0.0,0.0,18985.6527,1582.137725,0.25,5501.409297,5501.41,66016.92,6070.0,59946.92,25080.23,22092.25,1841.02,3660.389297,7910.688625,2409.279328,4250.299328,1.4379385712642359,2.1611604619989064,21.89810000000034,19.036017999999785,8.856017999999949,27.37262499999997,8.336607000000186,18.516607000000477,0.8692999849301761,0.404419470182336,1.2499999999999791,0.3807000150698031,0.8455805298176641
Belgium,BE,2026-04,2026-04-01,belgium__standard_private_sector,Belgique · secteur privé standard,Belgium · standard private sector,2.9,6350.449,0.1307,0.25,830.003684,1587.61225,476.283675,225.44094,73.030164,55.248906,562.649781,241.317062,149.235552,92.716555,63.50449,19.051347,459.137463,0.0,0.0,0.0,0.0,19051.347,1587.61225,0.25,5520.445316,5520.45,66245.4,6070.0,60175.4,25202.47,22214.49,1851.21,3669.235316,7938.06125,2417.615934,4268.825934,1.4379385712642356,2.163410238649579,21.89809999999943,19.036019000000124,8.846018999999615,27.37262499999997,8.336605999999847,18.526606000000356,0.86930003059629,0.4039628552248754,1.250000000000031,0.3806999694037411,0.8460371447751557
Belgium,BE,2026-04,2026-04-01,belgium__standard_private_sector,Belgique · secteur privé standard,Belgium · standard private sector,2.91,6372.3471,0.1307,0.25,832.865766,1593.086775,477.926033,226.218322,73.281992,55.43942,564.589953,242.14919,149.750157,93.036268,63.723471,19.117041,460.720695,0.0,0.0,0.0,0.0,19117.0413,1593.086775,0.25,5539.481334,5539.48,66473.76,6070.0,60403.76,25324.64,22336.66,1861.39,3678.091334,7965.433875,2425.952541,4287.342541,1.4379385712642356,2.165643305619727,21.89810000000034,19.036017999999785,8.856018000000404,27.37262499999997,8.336607000000186,18.516606999999567,0.8692999849301761,0.40441947018235674,1.2499999999999791,0.3807000150698031,0.8455805298176224
Belgium,BE,2026-04,2026-04-01,belgium__standard_private_sector,Belgique · secteur privé standard,Belgium · standard private sector,2.92,6394.2452,0.1307,0.25,835.727848,1598.5613,479.56839,226.995705,73.53382,55.629933,566.530125,242.981318,150.264762,93.35598,63.942452,19.182736,462.303928,0.0,0.0,0.0,0.0,19182.7356,1598.5613,0.25,5558.517352,5558.52,66702.24,6070.0,60632.24,25446.88,22458.9,1871.58,3686.937352,7992.8065,2434.289148,4305.869148,1.4379385712642354,2.1678715248263773,21.89810000000034,19.036017999999785,8.84601799999973,27.37262499999997,8.33660699999973,18.526606999999785,0.8692999849301761,0.4039628095588016,1.2499999999999791,0.38070001506978235,0.8460371904411569
Belgium,BE,2026-04,2026-04-01,belgium__standard_private_sector,Belgique · secteur privé standard,Belgium · standard private sector,2.93,6416.1433,0.1307,0.25,838.589929,1604.035825,481.210748,227.773087,73.785648,55.820447,568.470296,243.813445,150.779368,93.675692,64.161433,19.24843,463.887161,0.0,0.0,0.0,0.0,19248.4299,1604.035825,0.25,5577.553371,5577.55,66930.6,6070.0,60860.6,25569.05,22581.07,1881.76,3695.793371,8020.179125,2442.625754,4324.385754,1.4379385712642356,2.170083205572351,21.89809999999943,19.036019000000124,8.856019000000288,27.37262499999997,8.336606000000302,18.516606000000138,0.86930003059629,0.40441951584843056,1.250000000000031,0.3806999694037619,0.8455804841516213
Belgium,BE,2026-04,2026-04-01,belgium__standard_private_sector,Belgique · secteur privé standard,Belgium · standard private sector,2.94,6438.0414,0.1307,0.25,841.452011,1609.51035,482.853105,228.55047,74.037476,56.01096,570.410468,244.645573,151.293973,93.995404,64.380414,19.314124,465.470393,0.0,0.0,0.0,0.0,19314.1242,1609.51035,0.25,5596.589389,5596.59,67159.08,6070.0,61089.08,25691.29,22703.31,1891.94,3704.649389,8047.55175,2450.962361,4342.902361,1.4379385712642356,2.172284312208243,21.89810000000034,19.036017999999785,8.856017999999949,27.37262499999997,8.33660699999973,18.516607000000477,0.8692999849301761,0.404419470182336,1.2499999999999791,0.38070001506978235,0.8455805298176641
Belgium,BE,2026-04,2026-04-01,belgium__standard_private_sector,Belgique · secteur privé standard,Belgium · standard private sector,2.95,6459.9395,0.1307,0.25,844.314093,1614.984875,484.495463,229.327852,74.289304,56.201474,572.35064,245.477701,151.808578,94.315117,64.599395,19.379819,467.053626,0.0,0.0,0.0,0.0,19379.8185,1614.984875,0.25,5615.625407,5615.63,67387.56,6070.0,61317.56,25813.52,22825.54,1902.13,3713.495407,8074.924375,2459.298968,4361.428968,1.4379385712642356,2.17448077598738,21.89810000000034,19.036018000000695,8.84601799999973,27.37262499999997,8.336607000000186,18.526606999999785,0.8692999849302177,0.4039628095588016,1.2499999999999791,0.3807000150698031,0.8460371904411569
Belgium,BE,2026-04,2026-04-01,belgium__standard_private_sector,Belgique · secteur privé standard,Belgium · standard private sector,2.96,6481.8376,0.1307,0.25,847.176174,1620.4594,486.13782,230.105235,74.541132,56.391987,574.290811,246.309829,152.323184,94.634829,64.818376,19.445513,468.636858,0.0,0.0,0.0,0.0,19445.5128,1620.4594,0.25,5634.661426,5634.66,67615.92,6070.0,61545.92,25935.7,22947.72,1912.31,3722.351426,8102.297,2467.635574,4379.945574,1.4379385712642356,2.1766609525643785,21.89809999999943,19.036018999999214,8.856019000000288,27.37262499999997,8.336605999999847,18.516606000000138,0.8693000305962485,0.40441951584843056,1.250000000000031,0.3806999694037411,0.8455804841516213
Belgium,BE,2026-04,2026-04-01,belgium__standard_private_sector,Belgique · secteur privé standard,Belgium · standard private sector,2.97,6503.7357,0.1307,0.25,850.038256,1625.933925,487.780178,230.882617,74.792961,56.582501,576.230983,247.141957,152.837789,94.954541,65.037357,19.511207,470.220091,0.0,0.0,0.0,0.0,19511.2071,1625.933925,0.25,5653.697444,5653.7,67844.4,6070.0,61774.4,26057.93,23069.95,1922.5,3731.197444,8129.669625,2475.972181,4398.472181,1.4379385712642356,2.178836619340858,21.89810000000034,19.036018000000695,8.84601799999973,27.37262500000088,8.336607000000186,18.526606999999785,0.8692999849302177,0.4039628095588016,1.2500000000000209,0.3807000150698031,0.8460371904411569
Belgium,BE,2026-04,2026-04-01,belgium__standard_private_sector,Belgique · secteur privé standard,Belgium · standard private sector,2.98,6525.6338,0.1307,0.25,852.900338,1631.40845,489.422535,231.66,75.044789,56.773014,578.171155,247.974084,153.352394,95.274253,65.256338,19.576901,471.803324,0.0,0.0,0.0,0.0,19576.9014,1631.40845,0.25,5672.733462,5672.73,68072.76,6070.0,62002.76,26180.11,23192.13,1932.68,3740.053462,8157.04225,2484.308788,4416.988788,1.4379385712642356,2.1809961627918737,21.89809999999943,19.036017999999785,8.856017999999949,27.37262499999997,8.33660699999973,18.516606999999567,0.8692999849302122,0.40441947018235275,1.250000000000031,0.38070001506979817,0.8455805298176576
Belgium,BE,2026-04,2026-04-01,belgium__standard_private_sector,Belgique · secteur privé standard,Belgium · standard private sector,2.99,6547.5319,0.1307,0.25,855.762419,1636.882975,491.064893,232.437382,75.296617,56.963528,580.111326,248.806212,153.867,95.593966,65.475319,19.642596,473.386556,0.0,0.0,0.0,0.0,19642.5957,1636.882975,0.25,5691.769481,5691.77,68301.24,6070.0,62231.24,26302.34,23314.36,1942.86,3748.909481,8184.414875,2492.645394,4435.505394,1.4379385712642356,2.18314550329908,21.89810000000034,19.036019000000124,8.856019000000288,27.37262499999997,8.336606000000302,18.516606000000138,0.8693000305962539,0.4044195158484138,1.2499999999999791,0.38069996940374606,0.8455804841515863
Belgium,BE,2026-04,2026-04-01,belgium__standard_private_sector,Belgique · secteur privé standard,Belgium · standard private sector,3.0,6569.43,0.1307,0.25,858.624501,1642.3575,492.70725,233.214765,75.548445,57.154041,582.051498,249.63834,154.381605,95.913678,65.6943,19.70829,474.969789,0.0,0.0,0.0,0.0,19708.29,1642.3575,0.25,5710.805499,5710.81,68529.72,6070.0,62459.72,26424.58,23436.6,1953.05,3757.755499,8211.7875,2500.982001,4454.032001,1.4379385712642356,2.185290528397947,21.89810000000034,19.036017999999785,8.84601799999973,27.37262499999997,8.33660699999973,18.526606999999785,0.8692999849301761,0.4039628095588016,1.2499999999999791,0.38070001506978235,0.8460371904411569
Belgium,BE,2026-04,2026-04-01,belgium__standard_private_sector,Belgique · secteur privé standard,Belgium · standard private sector,3.01,6591.3281,0.1307,0.25,861.486583,1647.832025,494.349608,233.992148,75.800273,57.344554,583.99167,250.470468,154.89621,96.23339,65.913281,19.773984,476.553022,0.0,0.0,0.0,0.0,19773.9843,1647.832025,0.25,5729.841517,5729.84,68758.08,6070.0,62688.08,26546.75,23558.77,1963.23,3766.611517,8239.160125,2509.318608,4472.548608,1.4379385712642356,2.1874196707284566,21.89809999999943,19.036017999999785,8.856017999999949,27.37262499999997,8.336607000000186,18.516607000000477,0.8692999849302122,0.40441947018235275,1.250000000000031,0.38070001506981893,0.8455805298176992
Belgium,BE,2026-04,2026-04-01,belgium__standard_private_sector,Belgique · secteur privé standard,Belgium · standard private sector,3.02,6613.2262,0.1307,0.25,864.348664,1653.30655,495.991965,234.76953,76.052101,57.535068,585.931841,251.302596,155.410816,96.553103,66.132262,19.839679,478.136254,0.0,0.0,0.0,0.0,19839.6786,1653.30655,0.25,5748.877536,5748.88,68986.56,6070.0,62916.56,26668.99,23681.01,1973.42,3775.457536,8266.53275,2517.655214,4491.075214,1.4379385712642356,2.1895446239087155,21.89810000000034,19.036019000000124,8.84601900000007,27.37262499999997,8.336605999999847,18.526606000000356,0.8693000305962539,0.4039628552248794,1.2499999999999791,0.3806999694037253,0.8460371447751206
Belgium,BE,2026-04,2026-04-01,belgium__standard_private_sector,Belgique · secteur privé standard,Belgium · standard private sector,3.03,6635.1243,0.1307,0.25,867.210746,1658.781075,497.634323,235.546913,76.303929,57.725581,587.872013,252.134723,155.925421,96.872815,66.351243,19.905373,479.719487,0.0,0.0,0.0,0.0,19905.3729,1658.781075,0.25,5767.913554,5767.91,69214.92,6070.0,63144.92,26791.16,23803.18,1983.6,3784.313554,8293.905375,2525.991821,4509.591821,1.4379385712642354,2.1916538512659183,21.89810000000034,19.036017999999785,8.856017999999949,27.37262499999997,8.336607000000186,18.516606999999567,0.8692999849301761,0.404419470182336,1.2499999999999791,0.3807000150698031,0.8455805298176224
Belgium,BE,2026-04,2026-04-01,belgium__standard_private_sector,Belgique · secteur privé standard,Belgium · standard private sector,3.04,6657.0224,0.1307,0.25,870.072828,1664.2556,499.27668,236.324295,76.555758,57.916095,589.812185,252.966851,156.440026,97.192527,66.570224,19.971067,481.30272,0.0,0.0,0.0,0.0,19971.0672,1664.2556,0.25,5786.949572,5786.95,69443.4,6070.0,63373.4,26913.4,23925.42,1993.79,3793.159572,8321.278,2534.328428,4528.118428,1.4379385712642356,2.1937590131254296,21.89809999999943,19.036018000000695,8.846018000000186,27.37262499999997,8.33660699999973,18.526606999999785,0.8692999849302537,0.4039628095588391,1.250000000000031,0.38070001506979817,0.846037190441192
Belgium,BE,2026-04,2026-04-01,belgium__standard_private_sector,Belgique · secteur privé standard,Belgium · standard private sector,3.05,6678.9205,0.1307,0.25,872.934909,1669.730125,500.919038,237.101678,76.807586,58.106608,591.752356,253.798979,156.954632,97.512239,66.789205,20.036762,482.885952,0.0,0.0,0.0,0.0,20036.7615,1669.730125,0.25,5805.985591,5805.99,69671.88,6070.0,63601.88,27035.64,24047.66,2003.97,3802.015591,8348.650625,2542.665034,4546.635034,1.4379385712642354,2.195848603443706,21.89810000000034,19.036018999999214,8.856018999999833,27.37262499999997,8.336606000000302,18.516606000000138,0.8693000305962124,0.40441951584839303,1.2499999999999791,0.38069996940374606,0.8455804841515863
Belgium,BE,2026-04,2026-04-01,belgium__standard_private_sector,Belgique · secteur privé standard,Belgium · standard private sector,3.06,6700.8186,0.1307,0.25,875.796991,1675.20465,502.561395,237.87906,77.059414,58.297122,593.692528,254.631107,157.469237,97.831952,67.008186,20.102456,484.469185,0.0,0.0,0.0,0.0,20102.4558,1675.20465,0.25,5825.021609,5825.02,69900.24,6070.0,63830.24,27157.81,24169.83,2014.15,3810.871609,8376.02325,2551.001641,4565.151641,1.4379385712642356,2.1979284818367018,21.89809999999943,19.036018000000695,8.856017999999949,27.37262499999997,8.33660699999973,18.516607000000477,0.8692999849302537,0.40441947018235275,1.250000000000031,0.38070001506979817,0.8455805298176992
Belgium,BE,2026-04,2026-04-01,belgium__standard_private_sector,Belgique · secteur privé standard,Belgium · standard private sector,3.07,6722.7167,0.1307,0.25,878.659073,1680.679175,504.203753,238.656443,77.311242,58.487635,595.6327,255.463235,157.983842,98.151664,67.227167,20.16815,486.052417,0.0,0.0,0.0,0.0,20168.1501,1680.679175,0.25,5844.057627,5844.06,70128.72,6070.0,64058.72,27280.05,24292.07,2024.34,3819.717627,8403.395875,2559.338248,4583.678248,1.4379385712642354,2.2000044754402466,21.89810000000034,19.036017999999785,8.846018000000186,27.37262499999997,8.336607000000186,18.526606999999785,0.8692999849301761,0.40396280955882236,1.2499999999999791,0.3807000150698031,0.8460371904411569
Belgium,BE,2026-04,2026-04-01,belgium__standard_private_sector,Belgique · secteur privé standard,Belgium · standard private sector,3.08,6744.6148,0.1307,0.25,881.521154,1686.1537,505.84611,239.433825,77.56307,58.678149,597.572871,256.295362,158.498448,98.471376,67.446148,20.233844,487.63565,0.0,0.0,0.0,0.0,20233.8444,1686.1537,0.25,5863.093646,5863.09,70357.08,6070.0,64287.08,27402.22,24414.24,2034.52,3828.573646,8430.7685,2567.674854,4602.194854,1.4379385712642354,2.2020651240706846,21.89810000000034,19.036019000000124,8.856018999999833,27.37262499999997,8.336605999999847,18.516606000000138,0.8693000305962539,0.40441951584839303,1.2499999999999791,0.3806999694037253,0.8455804841515863
Belgium,BE,2026-04,2026-04-01,belgium__standard_private_sector,Belgique · secteur privé standard,Belgium · standard private sector,3.09,6766.5129,0.1307,0.25,884.383236,1691.628225,507.488468,240.211208,77.814898,58.868662,599.513043,257.12749,159.013053,98.791088,67.665129,20.299539,489.218883,0.0,0.0,0.0,0.0,20299.5387,1691.628225,0.25,5882.129664,5882.13,70585.56,6070.0,64515.56,27524.45,24536.47,2044.71,3837.419664,8458.141125,2576.011461,4620.721461,1.4379385712642356,2.204122005318969,21.89809999999943,19.036017999999785,8.846018000000186,27.37262499999997,8.336607000000186,18.526606999999785,0.8692999849302122,0.4039628095588391,1.250000000000031,0.38070001506981893,0.846037190441192
Belgium,BE,2026-04,2026-04-01,belgium__standard_private_sector,Belgique · secteur privé standard,Belgium · standard private sector,3.1,6788.411,0.1307,0.25,887.245318,1697.10275,509.130825,240.988591,78.066727,59.059176,601.453215,257.959618,159.527659,99.110801,67.88411,20.365233,490.802115,0.0,0.0,0.0,0.0,20365.233,1697.10275,0.25,5901.165682,5901.16,70813.92,6070.0,64743.92,27646.63,24658.65,2054.89,3846.275682,8485.51375,2584.348068,4639.238068,1.4379385712642356,2.206163689474755,21.89810000000034,19.036017999999785,8.856017999999949,27.37262499999997,8.33660699999973,18.516606999999567,0.8692999849301761,0.404419470182336,1.2499999999999791,0.38070001506978235,0.8455805298176224
Belgium,BE,2026-04,2026-04-01,belgium__standard_private_sector,Belgique · secteur privé standard,Belgium · standard private sector,3.11,6810.3091,0.1307,0.25,890.107399,1702.577275,510.773183,241.765973,78.318555,59.249689,603.393386,258.791746,160.042264,99.430513,68.103091,20.430927,492.385348,0.0,0.0,0.0,0.0,20430.9273,1702.577275,0.25,5920.201701,5920.2,71042.4,6070.0,64972.4,27768.86,24780.88,2065.07,3855.131701,8512.886375,2592.684674,4657.754674,1.4379385712642359,2.2081959933064903,21.89810000000034,19.036019000000124,8.856018999999833,27.37262499999997,8.336606000000302,18.516606000000138,0.8693000305962539,0.40441951584839303,1.2499999999999791,0.38069996940374606,0.8455804841515863
Belgium,BE,2026-04,2026-04-01,belgium__standard_private_sector,Belgique · secteur privé standard,Belgium · standard private sector,3.12,6832.2072,0.1307,0.25,892.969481,1708.0518,512.41554,242.543356,78.570383,59.440203,605.333558,259.623874,160.556869,99.750225,68.322072,20.496622,493.968581,0.0,0.0,0.0,0.0,20496.6216,1708.0518,0.25,5939.237719,5939.24,71270.88,6070.0,65200.88,27891.1,24903.12,2075.26,3863.977719,8540.259,2601.021281,4676.281281,1.4379385712642356,2.2102247013729244,21.89809999999943,19.036017999999785,8.846018000000186,27.37262499999997,8.33660699999973,18.526606999999785,0.8692999849302122,0.4039628095588391,1.250000000000031,0.38070001506979817,0.846037190441192
Belgium,BE,2026-04,2026-04-01,belgium__standard_private_sector,Belgique · secteur privé standard,Belgium · standard private sector,3.13,6854.1053,0.1307,0.25,895.831563,1713.526325,514.057898,243.320738,78.822211,59.630716,607.27373,260.456001,161.071475,100.069937,68.541053,20.562316,495.551813,0.0,0.0,0.0,0.0,20562.3159,1713.526325,0.25,5958.273737,5958.28,71499.36,6070.0,65429.36,28013.34,25025.36,2085.45,3872.823737,8567.631625,2609.357888,4694.807888,1.4379385712642354,2.212244141788694,21.89810000000034,19.036018000000695,8.846018000000186,27.37262499999997,8.336607000000186,18.526607000000695,0.8692999849302177,0.40396280955882236,1.2499999999999791,0.3807000150698031,0.8460371904411984
Belgium,BE,2026-04,2026-04-01,belgium__standard_private_sector,Belgique · secteur privé standard,Belgium · standard private sector,3.14,6876.0034,0.1307,0.25,898.693644,1719.00085,515.700255,244.098121,79.074039,59.82123,609.213901,261.288129,161.58608,100.38965,68.760034,20.62801,497.135046,0.0,0.0,0.0,0.0,20628.0102,1719.00085,0.25,5977.309756,5977.31,71727.72,6070.0,65657.72,28135.51,25147.53,2095.63,3881.679756,8595.00425,2617.694494,4713.324494,1.4379385712642356,2.2142486735429223,21.89809999999943,19.036018999999214,8.856018999999833,27.37262499999997,8.336605999999847,18.516606000000138,0.8693000305962485,0.4044195158484098,1.250000000000031,0.3806999694037411,0.8455804841516213
Belgium,BE,2026-04,2026-04-01,belgium__standard_private_sector,Belgique · secteur privé standard,Belgium · standard private sector,3.15,6897.9015,0.1307,0.25,901.555726,1724.475375,517.342613,244.875503,79.325867,60.011743,611.154073,262.120257,162.100685,100.709362,68.979015,20.693705,498.718278,0.0,0.0,0.0,0.0,20693.7045,1724.475375,0.25,5996.345774,5996.34,71956.08,6070.0,65886.08,28257.68,25269.7,2105.81,3890.535774,8622.376875,2626.031101,4731.841101,1.4379385712642356,2.21624407947439,21.89810000000034,19.036018000000695,8.856017999999949,27.37262499999997,8.336607000000186,18.516606999999567,0.8692999849302177,0.404419470182336,1.2499999999999791,0.3807000150698031,0.8455805298176224
Belgium,BE,2026-04,2026-04-01,belgium__standard_private_sector,Belgique · secteur privé standard,Belgium · standard private sector,3.16,6919.7996,0.1307,0.25,904.417808,1729.9499,518.98497,245.652886,79.577695,60.202257,613.094245,262.952385,162.615291,101.029074,69.197996,20.759399,500.301511,0.0,0.0,0.0,0.0,20759.3988,1729.9499,0.25,6015.381792,6015.38,72184.56,6070.0,66114.56,28379.92,25391.94,2116.0,3899.381792,8649.7495,2634.367708,4750.367708,1.4379385712642356,2.218236110432885,21.89810000000034,19.036017999999785,8.846018000000186,27.37262499999997,8.336607000000186,18.526606999999785,0.8692999849301761,0.40396280955882236,1.2499999999999791,0.3807000150698031,0.8460371904411569
Belgium,BE,2026-04,2026-04-01,belgium__standard_private_sector,Belgique · secteur privé standard,Belgium · standard private sector,3.17,6941.6977,0.1307,0.25,907.279889,1735.424425,520.627328,246.430268,79.829524,60.39277,615.034416,263.784513,163.129896,101.348786,69.416977,20.825093,501.884744,0.0,0.0,0.0,0.0,20825.0931,1735.424425,0.25,6034.417811,6034.42,72413.04,6070.0,66343.04,28502.16,25514.18,2126.18,3908.237811,8677.122125,2642.704314,4768.884314,1.4379385712642356,2.220213442857427,21.89809999999943,19.036019000000124,8.856018999999833,27.37262499999997,8.336605999999847,18.516606000000138,0.86930003059629,0.4044195158484098,1.250000000000031,0.3806999694037411,0.8455804841516213
Belgium,BE,2026-04,2026-04-01,belgium__standard_private_sector,Belgique · secteur privé standard,Belgium · standard private sector,3.18,6963.5958,0.1307,0.25,910.141971,1740.89895,522.269685,247.207651,80.081352,60.583283,616.974588,264.61664,163.644501,101.668499,69.635958,20.890787,503.467976,0.0,0.0,0.0,0.0,20890.7874,1740.89895,0.25,6053.453829,6053.46,72641.52,6070.0,66571.52,28624.39,25636.41,2136.37,3917.083829,8704.49475,2651.040921,4787.410921,1.4379385712642356,2.2221875073721664,21.89810000000034,19.036017999999785,8.846018000000186,27.37262499999997,8.33660699999973,18.526606999999785,0.8692999849301761,0.40396280955882236,1.2499999999999791,0.38070001506978235,0.8460371904411569
Belgium,BE,2026-04,2026-04-01,belgium__standard_private_sector,Belgique · secteur privé standard,Belgium · standard private sector,3.19,6985.4939,0.1307,0.25,913.004053,1746.373475,523.912043,247.985033,80.33318,60.773797,618.91476,265.448768,164.159107,101.988211,69.854939,20.956482,505.051209,0.0,0.0,0.0,0.0,20956.4817,1746.373475,0.25,6072.489847,6072.49,72869.88,6070.0,66799.88,28746.57,25758.59,2146.55,3925.939847,8731.867375,2659.377528,4805.927528,1.4379385712642356,2.224147010574276,21.89810000000034,19.036017999999785,8.856017999999949,27.37262499999997,8.336607000000186,18.516607000000477,0.8692999849301761,0.404419470182336,1.2499999999999791,0.3807000150698031,0.8455805298176641
Belgium,BE,2026-04,2026-04-01,belgium__standard_private_sector,Belgique · secteur privé standard,Belgium · standard private sector,3.2,7007.392,0.1307,0.25,915.866134,1751.848,525.5544,248.762416,80.585008,60.96431,620.854931,266.280896,164.673712,102.307923,70.07392,21.022176,506.634442,0.0,0.0,0.0,0.0,21022.176,1751.848,0.25,6091.525866,6091.52,73098.24,6070.0,67028.24,28868.74,25880.76,2156.73,3934.795866,8759.24,2667.714134,4824.444134,1.4379385712642356,2.226097693295289,21.89809999999943,19.036019000000124,8.856018999999833,27.37262499999997,8.336605999999847,18.516606000000138,0.86930003059629,0.4044195158484098,1.250000000000031,0.3806999694037411,0.8455804841516213
Belgium,BE,2026-04,2026-04-01,belgium__standard_private_sector,Belgique · secteur privé standard,Belgium · standard private sector,3.21,7029.2901,0.1307,0.25,918.728216,1757.322525,527.196758,249.539799,80.836836,61.154824,622.795103,267.113024,165.188317,102.627635,70.292901,21.08787,508.217674,0.0,0.0,0.0,0.0,21087.8703,1757.322525,0.25,6110.561884,6110.56,73326.72,6070.0,67256.72,28990.98,26003.0,2166.92,3943.641884,8786.612625,2676.050741,4842.970741,1.4379385712642354,2.228045264658712,21.89810000000034,19.036017999999785,8.846018000000186,27.37262499999997,8.336607000000186,18.526606999999785,0.8692999849301761,0.40396280955882236,1.2499999999999791,0.3807000150698031,0.8460371904411569
Belgium,BE,2026-04,2026-04-01,belgium__standard_private_sector,Belgique · secteur privé standard,Belgium · standard private sector,3.22,7051.1882,0.1307,0.25,921.590298,1762.79705,528.839115,250.317181,81.088664,61.345337,624.735275,267.945152,165.702923,102.947348,70.511882,21.153565,509.800907,0.0,0.0,0.0,0.0,21153.5646,1762.79705,0.25,6129.597902,6129.6,73555.2,6070.0,67485.2,29113.21,26125.23,2177.1,3952.497902,8813.98525,2684.387348,4861.487348,1.4379385712642359,2.229978476385844,21.89809999999943,19.036018000000695,8.856017999999949,27.37262499999997,8.336607000000186,18.516606999999567,0.8692999849302537,0.40441947018235275,1.250000000000031,0.38070001506981893,0.8455805298176576
Belgium,BE,2026-04,2026-04-01,belgium__standard_private_sector,Belgique · secteur privé standard,Belgium · standard private sector,3.23,7073.0863,0.1307,0.25,924.452379,1768.271575,530.481473,251.094564,81.340492,61.535851,626.675446,268.777279,166.217528,103.26706,70.730863,21.219259,511.384139,0.0,0.0,0.0,0.0,21219.2589,1768.271575,0.25,6148.633921,6148.64,73783.68,6070.0,67713.68,29235.45,26247.47,2187.29,3961.343921,8841.357875,2692.723954,4880.013954,1.4379385712642354,2.231908678528264,21.89810000000034,19.036018999999214,8.84601900000007,27.37262499999997,8.336605999999847,18.526606000000356,0.8693000305962124,0.4039628552248794,1.2499999999999791,0.3806999694037253,0.8460371447751206
Belgium,BE,2026-04,2026-04-01,belgium__standard_private_sector,Belgique · secteur privé standard,Belgium · standard private sector,3.24,7094.9844,0.1307,0.25,927.314461,1773.7461,532.12383,251.871946,81.592321,61.726364,628.615618,269.609407,166.732133,103.586772,70.949844,21.284953,512.967372,0.0,0.0,0.0,0.0,21284.9532,1773.7461,0.25,6167.669939,6167.67,74012.04,6070.0,67942.04,29357.62,26369.64,2197.47,3970.199939,8868.7305,2701.060561,4898.530561,1.4379385712642354,2.233824652773666,21.89810000000034,19.036018000000695,8.856017999999949,27.37262499999997,8.33660699999973,18.516606999999567,0.8692999849302177,0.404419470182336,1.2499999999999791,0.38070001506978235,0.8455805298176224
Belgium,BE,2026-04,2026-04-01,belgium__standard_private_sector,Belgique · secteur privé standard,Belgium · standard private sector,3.25,7116.8825,0.1307,0.25,930.176543,1779.220625,533.766188,252.649329,81.844149,61.916878,630.55579,270.441535,167.246739,103.906485,71.168825,21.350648,514.550605,0.0,0.0,0.0,0.0,21350.6475,1779.220625,0.25,6186.705957,6186.7,74240.4,6070.0,68170.4,29479.79,26491.81,2207.65,3979.055957,8896.103125,2709.397168,4917.047168,1.4379385712642356,2.235732098411671,21.89809999999943,19.036017999999785,8.856017999999949,27.37262499999997,8.336607000000186,18.516607000000477,0.8692999849302122,0.40441947018235275,1.250000000000031,0.38070001506981893,0.8455805298176992
Belgium,BE,2026-04,2026-04-01,belgium__standard_private_sector,Belgique · secteur privé standard,Belgium · standard private sector,3.26,7138.7806,0.1307,0.25,933.038624,1784.69515,535.408545,253.426711,82.095977,62.107391,632.495961,271.273663,167.761344,104.226197,71.387806,21.416342,516.133837,0.0,0.0,0.0,0.0,21416.3418,1784.69515,0.25,6205.741976,6205.74,74468.88,6070.0,68398.88,29602.03,26614.05,2217.84,3987.901976,8923.47575,2717.733774,4935.573774,1.4379385712642356,2.2376366833094417,21.89810000000034,19.036019000000124,8.84601900000007,27.37262499999997,8.336605999999847,18.526606000000356,0.8693000305962539,0.4039628552248794,1.2499999999999791,0.3806999694037253,0.8460371447751206
Belgium,BE,2026-04,2026-04-01,belgium__standard_private_sector,Belgique · secteur privé standard,Belgium · standard private sector,3.27,7160.6787,0.1307,0.25,935.900706,1790.169675,537.050903,254.204094,82.347805,62.297905,634.436133,272.105791,168.275949,104.545909,71.606787,21.482036,517.71707,0.0,0.0,0.0,0.0,21482.0361,1790.169675,0.25,6224.777994,6224.78,74697.36,6070.0,68627.36,29724.27,26736.29,2228.02,3996.757994,8950.848375,2726.070381,4954.090381,1.4379385712642356,2.2395272339828236,21.89810000000034,19.036017999999785,8.856017999999949,27.37262499999997,8.336607000000186,18.516606999999567,0.8692999849301761,0.404419470182336,1.2499999999999791,0.3807000150698031,0.8455805298176224
Belgium,BE,2026-04,2026-04-01,belgium__standard_private_sector,Belgique · secteur privé standard,Belgium · standard private sector,3.28,7182.5768,0.1307,0.25,938.762788,1795.6442,538.69326,254.981476,82.599633,62.488418,636.376304,272.937918,168.790555,104.865621,71.825768,21.54773,519.300303,0.0,0.0,0.0,0.0,21547.7304,1795.6442,0.25,6243.814012,6243.82,74925.84,6070.0,68855.84,29846.5,26858.52,2238.21,4005.604012,8978.221,2734.406988,4972.616988,1.4379385712642354,2.241415020697273,21.89809999999943,19.036017999999785,8.84601799999973,27.37262499999997,8.336607000000186,18.526606999999785,0.8692999849302122,0.40396280955881836,1.250000000000031,0.38070001506981893,0.846037190441192
Belgium,BE,2026-04,2026-04-01,belgium__standard_private_sector,Belgique · secteur privé standard,Belgium · standard private sector,3.29,7204.4749,0.1307,0.25,941.624869,1801.118725,540.335618,255.758859,82.851461,62.678932,638.316476,273.770046,169.30516,105.185334,72.044749,21.613425,520.883535,0.0,0.0,0.0,0.0,21613.4247,1801.118725,0.25,6262.850031,6262.85,75154.2,6070.0,69084.2,29968.68,26980.7,2248.39,4014.460031,9005.593625,2742.743594,4991.133594,1.4379385712642356,2.243288899733129,21.89810000000034,19.036019000000124,8.856019000000288,27.37262499999997,8.336605999999847,18.516606000000138,0.8693000305962539,0.4044195158484138,1.2499999999999791,0.3806999694037253,0.8455804841515863
Belgium,BE,2026-04,2026-04-01,belgium__standard_private_sector,Belgique · secteur privé standard,Belgium · standard private sector,3.3,7226.373,0.1307,0.25,944.486951,1806.59325,541.977975,256.536242,83.10329,62.869445,640.256648,274.602174,169.819766,105.505046,72.26373,21.679119,522.466768,0.0,0.0,0.0,0.0,21679.119,1806.59325,0.25,6281.886049,6281.88,75382.56,6070.0,69312.56,30090.85,27102.87,2258.57,4023.316049,9032.96625,2751.080201,5009.650201,1.4379385712642356,2.2451545293016864,21.89809999999943,19.036017999999785,8.856017999999949,27.37262499999997,8.336607000000186,18.516607000000477,0.8692999849302122,0.40441947018235275,1.250000000000031,0.38070001506981893,0.8455805298176992
Belgium,BE,2026-04,2026-04-01,belgium__standard_private_sector,Belgique · secteur privé standard,Belgium · standard private sector,3.31,7248.2711,0.1307,0.25,947.349033,1812.067775,543.620333,257.313624,83.355118,63.059959,642.196819,275.434302,170.334371,105.824758,72.482711,21.744813,524.050001,0.0,0.0,0.0,0.0,21744.8133,1812.067775,0.25,6300.922067,6300.92,75611.04,6070.0,69541.04,30213.09,27225.11,2268.76,4032.162067,9060.338875,2759.416808,5028.176808,1.4379385712642356,2.247017536481176,21.89810000000034,19.036018000000695,8.846018000000186,27.37262499999997,8.33660699999973,18.526606999999785,0.8692999849302177,0.40396280955882236,1.2499999999999791,0.38070001506978235,0.8460371904411569
Belgium,BE,2026-04,2026-04-01,belgium__standard_private_sector,Belgique · secteur privé standard,Belgium · standard private sector,3.32,7270.1692,0.1307,0.25,950.211114,1817.5423,545.26269,258.091007,83.606946,63.250472,644.136991,276.26643,170.848976,106.14447,72.701692,21.810508,525.633233,0.0,0.0,0.0,0.0,21810.5076,1817.5423,0.25,6319.958086,6319.96,75839.52,6070.0,69769.52,30335.32,27347.34,2278.95,4041.008086,9087.7115,2767.753414,5046.703414,1.4379385712642356,2.248872387183217,21.89810000000034,19.036018999999214,8.846018999999615,27.37262499999997,8.336605999999847,18.526605999999447,0.8693000305962124,0.40396285522485864,1.2499999999999791,0.3806999694037253,0.8460371447750791
Belgium,BE,2026-04,2026-04-01,belgium__standard_private_sector,Belgique · secteur privé standard,Belgium · standard private sector,3.33,7292.0673,0.1307,0.25,953.073196,1823.016825,546.905048,258.868389,83.858774,63.440986,646.077163,277.098557,171.363582,106.464183,72.920673,21.876202,527.216466,0.0,0.0,0.0,0.0,21876.2019,1823.016825,0.25,6338.994104,6339.0,76068.0,6070.0,69998.0,30457.56,27469.58,2289.13,4049.864104,9115.084125,2776.090021,5065.220021,1.4379385712642356,2.250713577338243,21.89809999999943,19.036018000000695,8.856018000000404,27.37262499999997,8.336607000000186,18.516607000000477,0.8692999849302537,0.40441947018237356,1.250000000000031,0.38070001506981893,0.8455805298176992
Belgium,BE,2026-04,2026-04-01,belgium__standard_private_sector,Belgique · secteur privé standard,Belgium · standard private sector,3.34,7313.9654,0.1307,0.25,955.935278,1828.49135,548.547405,259.645772,84.110602,63.631499,648.017334,277.930685,171.878187,106.783895,73.139654,21.941896,528.799698,0.0,0.0,0.0,0.0,21941.8962,1828.49135,0.25,6358.030122,6358.03,76296.36,6070.0,70226.36,30579.73,27591.75,2299.31,4058.720122,9142.45675,2784.426628,5083.736628,1.4379385712642356,2.2525467326383044,21.89810000000034,19.036017999999785,8.856017999999949,27.37262499999997,8.336607000000186,18.516606999999567,0.8692999849301761,0.404419470182336,1.2499999999999791,0.3807000150698031,0.8455805298176224
Belgium,BE,2026-04,2026-04-01,belgium__standard_private_sector,Belgique · secteur privé standard,Belgium · standard private sector,3.35,7335.8635,0.1307,0.25,958.797359,1833.965875,550.189763,260.423154,84.36243,63.822012,649.957506,278.762813,172.392792,107.103607,73.358635,22.007591,530.382931,0.0,0.0,0.0,0.0,22007.5905,1833.965875,0.25,6377.066141,6377.06,76524.72,6070.0,70454.72,30701.91,27713.93,2309.49,4067.576141,9169.829375,2792.763234,5102.253234,1.4379385712642356,2.254371905564402,21.89810000000034,19.036019000000124,8.856018999999833,27.37262499999997,8.336605999999847,18.516606000000138,0.8693000305962539,0.40441951584839303,1.2499999999999791,0.3806999694037253,0.8455804841515863
Belgium,BE,2026-04,2026-04-01,belgium__standard_private_sector,Belgique · secteur privé standard,Belgium · standard private sector,3.36,7357.7616,0.1307,0.25,961.659441,1839.4404,551.83212,261.200537,84.614258,64.012526,651.897678,279.594941,172.907398,107.423319,73.577616,22.073285,531.966164,0.0,0.0,0.0,0.0,22073.2848,1839.4404,0.25,6396.102159,6396.1,76753.2,6070.0,70683.2,30824.14,27836.16,2319.68,4076.422159,9197.202,2801.099841,5120.779841,1.4379385712642356,2.2561946828703676,21.89809999999943,19.036017999999785,8.846018000000186,27.37262499999997,8.336607000000186,18.526606999999785,0.8692999849302122,0.4039628095588391,1.250000000000031,0.38070001506981893,0.846037190441192
Belgium,BE,2026-04,2026-04-01,belgium__standard_private_sector,Belgique · secteur privé standard,Belgium · standard private sector,3.37,7379.6597,0.1307,0.25,964.521523,1844.914925,553.474478,261.977919,84.866087,64.203039,653.837849,280.427069,173.422003,107.743032,73.796597,22.138979,533.549396,0.0,0.0,0.0,0.0,22138.9791,1844.914925,0.25,6415.138177,6415.14,76981.68,6070.0,70911.68,30946.38,27958.4,2329.87,4085.268177,9224.574625,2809.436448,5139.306448,1.4379385712642356,2.2580095662899287,21.89810000000034,19.036017999999785,8.84601799999973,27.37262499999997,8.33660699999973,18.526607000000695,0.8692999849301761,0.4039628095588016,1.2499999999999791,0.38070001506978235,0.8460371904411984
Belgium,BE,2026-04,2026-04-01,belgium__standard_private_sector,Belgique · secteur privé standard,Belgium · standard private sector,3.38,7401.5578,0.1307,0.25,967.383604,1850.38945,555.116835,262.755302,85.117915,64.393553,655.778021,281.259196,173.936608,108.062744,74.015578,22.204673,535.132629,0.0,0.0,0.0,0.0,22204.6734,1850.38945,0.25,6434.174196,6434.18,77210.16,6070.0,71140.16,31068.62,28080.64,2340.05,4094.124196,9251.94725,2817.773054,5157.823054,1.4379385712642356,2.2598110873331003,21.89809999999943,19.036019000000124,8.856019000000288,27.37262499999997,8.336605999999847,18.516606000000138,0.86930003059629,0.40441951584843056,1.250000000000031,0.3806999694037411,0.8455804841516213
Belgium,BE,2026-04,2026-04-01,belgium__standard_private_sector,Belgique · secteur privé standard,Belgium · standard private sector,3.39,7423.4559,0.1307,0.25,970.245686,1855.863975,556.759193,263.532684,85.369743,64.584066,657.718193,282.091324,174.451214,108.382456,74.234559,22.270368,536.715862,0.0,0.0,0.0,0.0,22270.3677,1855.863975,0.25,6453.210214,6453.21,77438.52,6070.0,71368.52,31190.79,28202.81,2350.23,4102.980214,9279.319875,2826.109661,5176.339661,1.4379385712642354,2.261604831442165,21.89810000000034,19.036017999999785,8.856017999999949,27.37262499999997,8.336607000000186,18.516606999999567,0.8692999849301761,0.404419470182336,1.2499999999999791,0.3807000150698031,0.8455805298176224
Belgium,BE,2026-04,2026-04-01,belgium__standard_private_sector,Belgique · secteur privé standard,Belgium · standard private sector,3.4,7445.354,0.1307,0.25,973.107768,1861.3385,558.40155,264.310067,85.621571,64.77458,659.658364,282.923452,174.965819,108.702168,74.45354,22.336062,538.299094,0.0,0.0,0.0,0.0,22336.062,1861.3385,0.25,6472.246232,6472.24,77666.88,6070.0,71596.88,31312.96,28324.98,2360.42,4111.826232,9306.6925,2834.446268,5194.866268,1.4379385712642356,2.2633963534544916,21.89810000000034,19.036018000000695,8.846018000000186,27.37262499999997,8.336607000000186,18.526606999999785,0.8692999849302177,0.40396280955882236,1.2499999999999791,0.3807000150698031,0.8460371904411569
Belgium,BE,2026-04,2026-04-01,belgium__standard_private_sector,Belgique · secteur privé standard,Belgium · standard private sector,3.41,7467.2521,0.1307,0.25,975.969849,1866.813025,560.043908,265.08745,85.873399,64.965093,661.598536,283.75558,175.480424,109.021881,74.672521,22.401756,539.882327,0.0,0.0,0.0,0.0,22401.7563,1866.813025,0.25,6491.282251,6491.28,77895.36,6070.0,71825.36,31435.2,28447.22,2370.6,4120.682251,9334.065125,2842.782874,5213.382874,1.4379385712642354,2.265174686497474,21.89809999999943,19.036018999999214,8.856018999999833,27.37262499999997,8.336605999999847,18.516606000000138,0.8693000305962485,0.4044195158484098,1.250000000000031,0.3806999694037411,0.8455804841516213
Belgium,BE,2026-04,2026-04-01,belgium__standard_private_sector,Belgique · secteur privé standard,Belgium · standard private sector,3.42,7489.1502,0.1307,0.25,978.831931,1872.28755,561.686265,265.864832,86.125227,65.155607,663.538708,284.587708,175.99503,109.341593,74.891502,22.467451,541.465559,0.0,0.0,0.0,0.0,22467.4506,1872.28755,0.25,6510.318269,6510.32,78123.84,6070.0,72053.84,31557.43,28569.45,2380.79,4129.528269,9361.43775,2851.119481,5231.909481,1.4379385712642356,2.26695088167645,21.89810000000034,19.036018000000695,8.846018000000186,27.37262499999997,8.336607000000186,18.526606999999785,0.8692999849302177,0.40396280955882236,1.2499999999999791,0.3807000150698031,0.8460371904411569
Belgium,BE,2026-04,2026-04-01,belgium__standard_private_sector,Belgique · secteur privé standard,Belgium · standard private sector,3.43,7511.0483,0.1307,0.25,981.694013,1877.762075,563.328623,266.642215,86.377055,65.34612,665.478879,285.419835,176.509635,109.661305,75.110483,22.533145,543.048792,0.0,0.0,0.0,0.0,22533.1449,1877.762075,0.25,6529.354287,6529.36,78352.32,6070.0,72282.32,31679.67,28691.69,2390.97,4138.384287,9388.810375,2859.456088,5250.426088,1.4379385712642359,2.268714001273934,21.89810000000034,19.036017999999785,8.856017999999494,27.37262499999997,8.33660699999973,18.516607000000477,0.8692999849301761,0.4044194701823152,1.2499999999999791,0.38070001506978235,0.8455805298176641
Belgium,BE,2026-04,2026-04-01,belgium__standard_private_sector,Belgique · secteur privé standard,Belgium · standard private sector,3.44,7532.9464,0.1307,0.25,984.556094,1883.2366,564.97098,267.419597,86.628884,65.536634,667.419051,286.251963,177.02424,109.981017,75.329464,22.598839,544.632025,0.0,0.0,0.0,0.0,22598.8392,1883.2366,0.25,6548.390306,6548.39,78580.68,6070.0,72510.68,31801.84,28813.86,2401.16,4147.230306,9416.183,2867.792694,5268.952694,1.4379385712642354,2.2704750656038986,21.89809999999943,19.036019000000124,8.846019000000524,27.37262500000179,8.336606000000302,18.526605999999447,0.86930003059629,0.40396285522491693,1.2500000000001141,0.3806999694037619,0.8460371447751142
Belgium,BE,2026-04,2026-04-01,belgium__standard_private_sector,Belgique · secteur privé standard,Belgium · standard private sector,3.45,7554.8445,0.1307,0.25,987.418176,1888.711125,566.613338,268.19698,86.880712,65.727147,669.359223,287.084091,177.538846,110.30073,75.548445,22.664534,546.215257,0.0,0.0,0.0,0.0,22664.5335,1888.711125,0.25,6567.426324,6567.42,78809.04,6070.0,72739.04,31924.02,28936.04,2411.34,4156.086324,9443.555625,2876.129301,5287.469301,1.4379385712642359,2.272223166012573,21.89810000000034,19.036017999999785,8.856017999999494,27.37262499999997,8.33660699999973,18.516607000000477,0.8692999849301761,0.4044194701823152,1.2499999999999791,0.38070001506978235,0.8455805298176641
Belgium,BE,2026-04,2026-04-01,belgium__standard_private_sector,Belgique · secteur privé standard,Belgium · standard private sector,3.46,7576.7426,0.1307,0.25,990.280258,1894.18565,568.255695,268.974362,87.13254,65.917661,671.299394,287.916219,178.053451,110.620442,75.767426,22.730228,547.79849,0.0,0.0,0.0,0.0,22730.2278,1894.18565,0.25,6586.462342,6586.46,79037.52,6070.0,72967.52,32046.25,29058.27,2421.52,4164.942342,9470.92825,2884.465908,5305.985908,1.4379385712642354,2.273963832364305,21.89809999999943,19.036017999999785,8.856018000000404,27.37262499999997,8.336607000000186,18.516606999999567,0.8692999849302122,0.40441947018237356,1.250000000000031,0.38070001506981893,0.8455805298176576
Belgium,BE,2026-04,2026-04-01,belgium__standard_private_sector,Belgique · secteur privé standard,Belgium · standard private sector,3.47,7598.6407,0.1307,0.25,993.142339,1899.660175,569.898053,269.751745,87.384368,66.108174,673.239566,288.748347,178.568056,110.940154,75.986407,22.795922,549.381723,0.0,0.0,0.0,0.0,22795.9221,1899.660175,0.25,6605.498361,6605.5,79266.0,6070.0,73196.0,32168.49,29180.51,2431.71,4173.788361,9498.300875,2892.802514,5324.512514,1.4379385712642359,2.2757025643339985,21.89810000000034,19.036019000000124,8.846018999999615,27.37262499999997,8.336605999999847,18.526606000000356,0.8693000305962539,0.40396285522485864,1.2499999999999791,0.3806999694037253,0.8460371447751206
Belgium,BE,2026-04,2026-04-01,belgium__standard_private_sector,Belgique · secteur privé standard,Belgium · standard private sector,3.48,7620.5388,0.1307,0.25,996.004421,1905.1347,571.54041,270.529127,87.636196,66.298688,675.179738,289.580474,179.082662,111.259866,76.205388,22.861616,550.964955,0.0,0.0,0.0,0.0,22861.6164,1905.1347,0.25,6624.534379,6624.54,79494.48,6070.0,73424.48,32290.73,29302.75,2441.9,4182.634379,9525.6735,2901.139121,5343.039121,1.4379385712642356,2.277433941678121,21.89810000000034,19.036017999999785,8.846018000000186,27.37262499999997,8.336607000000186,18.526606999999785,0.8692999849301761,0.40396280955882236,1.2499999999999791,0.3807000150698031,0.8460371904411569
Belgium,BE,2026-04,2026-04-01,belgium__standard_private_sector,Belgique · secteur privé standard,Belgium · standard private sector,3.49,7642.4369,0.1307,0.25,998.866503,1910.609225,573.182768,271.30651,87.888024,66.489201,677.119909,290.412602,179.597267,111.579579,76.424369,22.927311,552.548188,0.0,0.0,0.0,0.0,22927.3107,1910.609225,0.25,6643.570397,6643.57,79722.84,6070.0,73652.84,32412.9,29424.92,2452.08,4191.490397,9553.046125,2909.475728,5361.555728,1.4379385712642356,2.2791525733781954,21.89809999999943,19.036018000000695,8.856017999999494,27.37262499999997,8.33660699999973,18.516607000000477,0.8692999849302537,0.404419470182332,1.250000000000031,0.38070001506979817,0.8455805298176992
Belgium,BE,2026-04,2026-04-01,belgium__standard_private_sector,Belgique · secteur privé standard,Belgium · standard private sector,3.5,7664.335,0.1307,0.25,1001.728585,1916.08375,574.825125,272.083893,88.139853,66.679715,679.060081,291.24473,180.111873,111.899291,76.64335,22.993005,554.131421,0.0,0.0,0.0,0.0,22993.005,1916.08375,0.25,6662.606416,6662.61,79951.32,6070.0,73881.32,32535.14,29547.16,2462.26,4200.346416,9580.41875,2917.812335,5380.072335,1.4379385712642356,2.2808639579456136,21.89810000000034,19.036018999999214,8.856019000000742,27.37262499999997,8.336607000000186,18.516606999999567,0.8693000305962124,0.40441951584843455,1.2499999999999791,0.3807000150698031,0.8455805298176224
Belgium,BE,2026-04,2026-04-01,belgium__standard_private_sector,Belgique · secteur privé standard,Belgium · standard private sector,3.51,7686.2331,0.1307,0.25,1004.590666,1921.558275,576.467483,272.861275,88.391681,66.870228,681.000253,292.076858,180.626478,112.219003,76.862331,23.058699,555.714653,0.0,0.0,0.0,0.0,23058.6993,1921.558275,0.25,6681.642434,6681.64,80179.68,6070.0,74109.68,32657.31,29669.33,2472.44,4209.202434,9607.791375,2926.148941,5398.588941,1.4379385712642356,2.282568141123534,21.89810000000034,19.036018000000695,8.856017999999494,27.37262499999997,8.336605999999847,18.516606000000138,0.8692999849302177,0.4044194701823152,1.2499999999999791,0.3806999694037253,0.8455804841515863
Belgium,BE,2026-04,2026-04-01,belgium__standard_private_sector,Belgique · secteur privé standard,Belgium · standard private sector,3.52,7708.1312,0.1307,0.25,1007.452748,1927.0328,578.10984,273.638658,88.643509,67.060741,682.940424,292.908986,181.141083,112.538716,77.081312,23.124394,557.297886,0.0,0.0,0.0,0.0,23124.3936,1927.0328,0.25,6700.678452,6700.68,80408.16,6070.0,74338.16,32779.55,29791.57,2482.63,4218.048452,9635.164,2934.485548,5417.115548,1.4379385712642356,2.2842705837259825,21.89809999999943,19.036017999999785,8.846018000000186,27.37262499999997,8.336607000000186,18.526606999999785,0.8692999849302122,0.4039628095588391,1.250000000000031,0.38070001506981893,0.846037190441192
Belgium,BE,2026-04,2026-04-01,belgium__standard_private_sector,Belgique · secteur privé standard,Belgium · standard private sector,3.53,7730.0293,0.1307,0.25,1010.31483,1932.507325,579.752198,274.41604,88.895337,67.251255,684.880596,293.741113,181.655689,112.858428,77.300293,23.190088,558.881118,0.0,0.0,0.0,0.0,23190.0879,1932.507325,0.25,6719.71447,6719.72,80636.64,6070.0,74566.64,32901.78,29913.8,2492.82,4226.89447,9662.536625,2942.822155,5435.642155,1.4379385712642356,2.2859659006059543,21.89810000000034,19.036017999999785,8.846018000000186,27.37262499999997,8.33660699999973,18.526606999999785,0.8692999849301761,0.40396280955882236,1.2499999999999791,0.38070001506978235,0.8460371904411569
Belgium,BE,2026-04,2026-04-01,belgium__standard_private_sector,Belgique · secteur privé standard,Belgium · standard private sector,3.54,7751.9274,0.1307,0.25,1013.176911,1937.98185,581.394555,275.193423,89.147165,67.441768,686.820768,294.573241,182.170294,113.17814,77.519274,23.255782,560.464351,0.0,0.0,0.0,0.0,23255.7822,1937.98185,0.25,6738.750489,6738.75,80865.0,6070.0,74795.0,33023.96,30035.98,2503.0,4235.750489,9689.90925,2951.158761,5454.158761,1.4379385712642356,2.2876487355843818,21.89809999999943,19.036019000000124,8.856018999999833,27.37262499999997,8.336606000000302,18.516606000000138,0.86930003059629,0.4044195158484098,1.250000000000031,0.3806999694037619,0.8455804841516213
Belgium,BE,2026-04,2026-04-01,belgium__standard_private_sector,Belgique · secteur privé standard,Belgium · standard private sector,3.55,7773.8255,0.1307,0.25,1016.038993,1943.456375,583.036913,275.970805,89.398993,67.632282,688.760939,295.405369,182.684899,113.497852,77.738255,23.321477,562.047584,0.0,0.0,0.0,0.0,23321.4765,1943.456375,0.25,6757.786507,6757.79,81093.48,6070.0,75023.48,33146.19,30158.21,2513.18,4244.606507,9717.281875,2959.495368,5472.675368,1.4379385712642356,2.289324548372465,21.89810000000034,19.036017999999785,8.856018000000404,27.37262499999997,8.33660699999973,18.516607000000477,0.8692999849301761,0.40441947018235674,1.2499999999999791,0.38070001506978235,0.8455805298176641
Belgium,BE,2026-04,2026-04-01,belgium__standard_private_sector,Belgique · secteur privé standard,Belgium · standard private sector,3.56,7795.7236,0.1307,0.25,1018.901075,1948.9309,584.67927,276.748188,89.650821,67.822795,690.701111,296.237497,183.199505,113.817565,77.957236,23.387171,563.630816,0.0,0.0,0.0,0.0,23387.1708,1948.9309,0.25,6776.822525,6776.82,81321.84,6070.0,75251.84,33268.36,30280.38,2523.37,4253.452525,9744.6545,2967.831975,5491.201975,1.4379385712642356,2.290998769029477,21.89810000000034,19.036017999999785,8.846017999999276,27.37262499999997,8.336607000000186,18.526606999999785,0.8692999849301761,0.40396280955878083,1.2499999999999791,0.3807000150698031,0.8460371904411569
Belgium,BE,2026-04,2026-04-01,belgium__standard_private_sector,Belgique · secteur privé standard,Belgium · standard private sector,3.57,7817.6217,0.1307,0.25,1021.763156,1954.405425,586.321628,277.52557,89.90265,68.013309,692.641283,297.069625,183.71411,114.137277,78.176217,23.452865,565.214049,0.0,0.0,0.0,0.0,23452.8651,1954.405425,0.25,6795.858544,6795.86,81550.32,6070.0,75480.32,33390.6,30402.62,2533.55,4262.308544,9772.027125,2976.168581,5509.718581,1.4379385712642356,2.292660661366613,21.89809999999943,19.036019000000124,8.856019000000742,27.37262499999997,8.336605999999847,18.516606000000138,0.86930003059629,0.40441951584845137,1.250000000000031,0.3806999694037411,0.8455804841516213
Belgium,BE,2026-04,2026-04-01,belgium__standard_private_sector,Belgique · secteur privé standard,Belgium · standard private sector,3.58,7839.5198,0.1307,0.25,1024.625238,1959.87995,587.963985,278.302953,90.154478,68.203822,694.581454,297.901752,184.228715,114.456989,78.395198,23.518559,566.797282,0.0,0.0,0.0,0.0,23518.5594,1959.87995,0.25,6814.894562,6814.89,81778.68,6070.0,75708.68,33512.77,30524.79,2543.73,4271.164562,9799.39975,2984.505188,5528.235188,1.4379385712642356,2.2943156620240743,21.89810000000034,19.036018000000695,8.856017999999494,27.37262499999997,8.336607000000186,18.516606999999567,0.8692999849302177,0.4044194701823152,1.2499999999999791,0.3807000150698031,0.8455805298176224
Belgium,BE,2026-04,2026-04-01,belgium__standard_private_sector,Belgique · secteur privé standard,Belgium · standard private sector,3.59,7861.4179,0.1307,0.25,1027.48732,1965.354475,589.606343,279.080335,90.406306,68.394336,696.521626,298.73388,184.743321,114.776701,78.614179,23.584254,568.380514,0.0,0.0,0.0,0.0,23584.2537,1965.354475,0.25,6833.93058,6833.93,82007.16,6070.0,75937.16,33635.01,30647.03,2553.92,4280.01058,9826.772375,2992.841795,5546.761795,1.4379385712642354,2.295969178169857,21.89810000000034,19.036017999999785,8.846018000000186,27.37262499999997,8.33660699999973,18.526607000000695,0.8692999849301761,0.40396280955882236,1.2499999999999791,0.38070001506978235,0.8460371904411984
Belgium,BE,2026-04,2026-04-01,belgium__standard_private_sector,Belgique · secteur privé standard,Belgium · standard private sector,3.6,7883.316,0.1307,0.25,1030.349401,1970.829,591.2487,279.857718,90.658134,68.584849,698.461798,299.566008,185.257926,115.096414,78.83316,23.649948,569.963747,0.0,0.0,0.0,0.0,23649.948,1970.829,0.25,6852.966599,6852.97,82235.64,6070.0,76165.64,33757.25,30769.27,2564.11,4288.856599,9854.145,3001.178401,5565.288401,1.4379385712642356,2.297615873367541,21.89809999999943,19.036019000000124,8.846018999999615,27.37262499999997,8.336606000000302,18.526605999999447,0.86930003059629,0.4039628552248754,1.250000000000031,0.3806999694037619,0.8460371447751142
Belgium,BE,2026-04,2026-04-01,belgium__standard_private_sector,Belgique · secteur privé standard,Belgium · standard private sector,3.61,7905.2141,0.1307,0.25,1033.211483,1976.303525,592.891058,280.635101,90.909962,68.775363,700.401969,300.398136,185.772531,115.416126,79.052141,23.715642,571.546979,0.0,0.0,0.0,0.0,23715.6423,1976.303525,0.25,6872.002617,6872.0,82464.0,6070.0,76394.0,33879.42,30891.44,2574.29,4297.712617,9881.517625,3009.515008,5583.805008,1.4379385712642354,2.2992504397836746,21.89810000000034,19.036017999999785,8.856018000000404,27.37262499999997,8.33660699999973,18.516607000000477,0.8692999849301761,0.40441947018235674,1.2499999999999791,0.38070001506978235,0.8455805298176641
Belgium,BE,2026-04,2026-04-01,belgium__standard_private_sector,Belgique · secteur privé standard,Belgium · standard private sector,3.62,7927.1122,0.1307,0.25,1036.073565,1981.77805,594.533415,281.412483,91.16179,68.965876,702.342141,301.230264,186.287137,115.735838,79.271122,23.781337,573.130212,0.0,0.0,0.0,0.0,23781.3366,1981.77805,0.25,6891.038635,6891.04,82692.48,6070.0,76622.48,34001.66,31013.68,2584.47,4306.568635,9908.89025,3017.851615,5602.321615,1.4379385712642356,2.3008782835621977,21.89809999999943,19.036017999999785,8.856017999999494,27.37262499999997,8.336607000000186,18.516606999999567,0.8692999849302122,0.404419470182332,1.250000000000031,0.38070001506981893,0.8455805298176576
Belgium,BE,2026-04,2026-04-01,belgium__standard_private_sector,Belgique · secteur privé standard,Belgium · standard private sector,3.63,7949.0103,0.1307,0.25,1038.935646,1987.252575,596.175773,282.189866,91.413618,69.15639,704.282313,302.062391,186.801742,116.05555,79.490103,23.847031,574.713445,0.0,0.0,0.0,0.0,23847.0309,1987.252575,0.25,6910.074654,6910.07,82920.84,6070.0,76850.84,34123.83,31135.85,2594.65,4315.424654,9936.262875,3026.188221,5620.838221,1.4379385712642359,2.3024994460912502,21.89810000000034,19.036019000000124,8.856019000000742,27.37262499999997,8.336605999999847,18.516606000000138,0.8693000305962539,0.40441951584843455,1.2499999999999791,0.3806999694037253,0.8455804841515863
Belgium,BE,2026-04,2026-04-01,belgium__standard_private_sector,Belgique · secteur privé standard,Belgium · standard private sector,3.64,7970.9084,0.1307,0.25,1041.797728,1992.7271,597.81813,282.967248,91.665447,69.346903,706.222484,302.894519,187.316347,116.375263,79.709084,23.912725,576.296677,0.0,0.0,0.0,0.0,23912.7252,1992.7271,0.25,6929.110672,6929.11,83149.32,6070.0,77079.32,34246.07,31258.09,2604.84,4324.270672,9963.6355,3034.524828,5639.364828,1.4379385712642356,2.304119296749587,21.89810000000034,19.036017999999785,8.846017999999276,27.37262499999997,8.336607000000186,18.526606999999785,0.8692999849301761,0.40396280955878083,1.2499999999999791,0.3807000150698031,0.8460371904411569
Belgium,BE,2026-04,2026-04-01,belgium__standard_private_sector,Belgique · secteur privé standard,Belgium · standard private sector,3.65,7992.8065,0.1307,0.25,1044.65981,1998.201625,599.460488,283.744631,91.917275,69.537417,708.162656,303.726647,187.830953,116.694975,79.928065,23.97842,577.87991,0.0,0.0,0.0,0.0,23978.4195,1998.201625,0.25,6948.14669,6948.15,83377.8,6070.0,77307.8,34368.3,31380.32,2615.03,4333.11669,9991.008125,3042.861435,5657.891435,1.4379385712642359,2.3057325335871406,21.89809999999943,19.036017999999785,8.846018000000186,27.37262499999997,8.33660699999973,18.526606999999785,0.8692999849302122,0.4039628095588391,1.250000000000031,0.38070001506979817,0.846037190441192
Belgium,BE,2026-04,2026-04-01,belgium__standard_private_sector,Belgique · secteur privé standard,Belgium · standard private sector,3.66,8014.7046,0.1307,0.25,1047.521891,2003.67615,601.102845,284.522013,92.169103,69.72793,710.102828,304.558775,188.345558,117.014687,80.147046,24.044114,579.463143,0.0,0.0,0.0,0.0,24044.1138,2003.67615,0.25,6967.182709,6967.18,83606.16,6070.0,77536.16,34490.48,31502.5,2625.21,4341.972709,10018.38075,3051.198041,5676.408041,1.4379385712642356,2.307333882993232,21.89810000000034,19.036019000000124,8.856018999999833,27.37262499999997,8.336606000000302,18.516606000000138,0.8693000305962539,0.40441951584839303,1.2499999999999791,0.38069996940374606,0.8455804841515863
Belgium,BE,2026-04,2026-04-01,belgium__standard_private_sector,Belgique · secteur privé standard,Belgium · standard private sector,3.67,8036.6027,0.1307,0.25,1050.383973,2009.150675,602.745203,285.299396,92.420931,69.918443,712.042999,305.390903,188.860163,117.334399,80.366027,24.109808,581.046375,0.0,0.0,0.0,0.0,24109.8081,2009.150675,0.25,6986.218727,6986.22,83834.64,6070.0,77764.64,34612.71,31624.73,2635.39,4350.828727,10045.753375,3059.534648,5694.924648,1.4379385712642359,2.3089287133747516,21.89810000000034,19.036018000000695,8.856018000000404,27.37262499999997,8.33660699999973,18.516607000000477,0.8692999849302177,0.40441947018235674,1.2499999999999791,0.38070001506978235,0.8455805298176641
Belgium,BE,2026-04,2026-04-01,belgium__standard_private_sector,Belgique · secteur privé standard,Belgium · standard private sector,3.68,8058.5008,0.1307,0.25,1053.246055,2014.6252,604.38756,286.076778,92.672759,70.108957,713.983171,306.22303,189.374769,117.654112,80.585008,24.175502,582.629608,0.0,0.0,0.0,0.0,24175.5024,2014.6252,0.25,7005.254745,7005.25,84063.0,6070.0,77993.0,34734.89,31746.91,2645.58,4359.674745,10073.126,3067.871255,5713.451255,1.4379385712642356,2.3105223642052612,21.89809999999943,19.036017999999785,8.846018000000186,27.37262499999997,8.336607000000186,18.526606999999785,0.8692999849302122,0.4039628095588391,1.250000000000031,0.38070001506981893,0.846037190441192
Belgium,BE,2026-04,2026-04-01,belgium__standard_private_sector,Belgique · secteur privé standard,Belgium · standard private sector,3.69,8080.3989,0.1307,0.25,1056.108136,2020.099725,606.029918,286.854161,92.924587,70.29947,715.923343,307.055158,189.889374,117.973824,80.803989,24.241197,584.21284,0.0,0.0,0.0,0.0,24241.1967,2020.099725,0.25,7024.290764,7024.29,84291.48,6070.0,78221.48,34857.12,31869.14,2655.76,4368.530764,10100.498625,3076.207861,5731.967861,1.4379385712642356,2.312104268274253,21.89810000000034,19.036019000000124,8.856018999999833,27.37262499999997,8.336605999999847,18.516606000000138,0.8693000305962539,0.40441951584839303,1.2499999999999791,0.3806999694037253,0.8455804841515863
Belgium,BE,2026-04,2026-04-01,belgium__standard_private_sector,Belgique · secteur privé standard,Belgium · standard private sector,3.7,8102.297,0.1307,0.25,1058.970218,2025.57425,607.672275,287.631544,93.176416,70.489984,717.863514,307.887286,190.40398,118.293536,81.02297,24.306891,585.796073,0.0,0.0,0.0,0.0,24306.891,2025.57425,0.25,7043.326782,7043.33,84519.96,6070.0,78449.96,34979.36,31991.38,2665.95,4377.376782,10127.87125,3084.544468,5750.494468,1.4379385712642354,2.3136850570905754,21.89809999999943,19.036017999999785,8.846018000000186,27.37262499999997,8.336607000000186,18.526606999999785,0.8692999849302122,0.4039628095588391,1.250000000000031,0.38070001506981893,0.846037190441192
Belgium,BE,2026-04,2026-04-01,belgium__standard_private_sector,Belgique · secteur privé standard,Belgium · standard private sector,3.71,8124.1951,0.1307,0.25,1061.8323,2031.048775,609.314633,288.408926,93.428244,70.680497,719.803686,308.719414,190.918585,118.613248,81.241951,24.372585,587.379306,0.0,0.0,0.0,0.0,24372.5853,2031.048775,0.25,7062.3628,7062.37,84748.44,6070.0,78678.44,35101.6,32113.62,2676.14,4386.2228,10155.243875,3092.881075,5769.021075,1.4379385712642356,2.315259469720608,21.89810000000034,19.036017999999785,8.846017999999276,27.37262499999997,8.33660699999973,18.526606999999785,0.8692999849301761,0.40396280955878083,1.2499999999999791,0.38070001506978235,0.8460371904411569
Belgium,BE,2026-04,2026-04-01,belgium__standard_private_sector,Belgique · secteur privé standard,Belgium · standard private sector,3.72,8146.0932,0.1307,0.25,1064.694381,2036.5233,610.95699,289.186309,93.680072,70.871011,721.743858,309.551542,191.43319,118.932961,81.460932,24.43828,588.962538,0.0,0.0,0.0,0.0,24438.2796,2036.5233,0.25,7081.398819,7081.4,84976.8,6070.0,78906.8,35223.77,32235.79,2686.32,4395.078819,10182.6165,3101.217681,5787.537681,1.4379385712642356,2.3168222732517143,21.89810000000034,19.036019000000124,8.856019000000742,27.37262499999997,8.336606000000302,18.516606000000138,0.8693000305962539,0.40441951584843455,1.2499999999999791,0.38069996940374606,0.8455804841515863
Belgium,BE,2026-04,2026-04-01,belgium__standard_private_sector,Belgique · secteur privé standard,Belgium · standard private sector,3.73,8167.9913,0.1307,0.25,1067.556463,2041.997825,612.599348,289.963691,93.9319,71.061524,723.684029,310.383669,191.947796,119.252673,81.679913,24.503974,590.545771,0.0,0.0,0.0,0.0,24503.9739,2041.997825,0.25,7100.434837,7100.43,85205.16,6070.0,79135.16,35345.94,32357.96,2696.5,4403.934837,10209.989125,3109.554288,5806.054288,1.4379385712642356,2.3183787913961242,21.89809999999943,19.036017999999785,8.856017999999494,27.37262499999997,8.33660699999973,18.516607000000477,0.8692999849302122,0.404419470182332,1.250000000000031,0.38070001506979817,0.8455805298176992
Belgium,BE,2026-04,2026-04-01,belgium__standard_private_sector,Belgique · secteur privé standard,Belgium · standard private sector,3.74,8189.8894,0.1307,0.25,1070.418545,2047.47235,614.241705,290.741074,94.183728,71.252038,725.624201,311.215797,192.462401,119.572385,81.898894,24.569668,592.129004,0.0,0.0,0.0,0.0,24569.6682,2047.47235,0.25,7119.470855,7119.47,85433.64,6070.0,79363.64,35468.18,32480.2,2706.68,4412.790855,10237.36175,3117.890895,5824.570895,1.4379385712642356,2.319929061996216,21.89810000000034,19.036017999999785,8.856018000000404,27.37262499999997,8.336607000000186,18.516606999999567,0.8692999849301761,0.40441947018235674,1.2499999999999791,0.3807000150698031,0.8455805298176224
Belgium,BE,2026-04,2026-04-01,belgium__standard_private_sector,Belgique · secteur privé standard,Belgium · standard private sector,3.75,8211.7875,0.1307,0.25,1073.280626,2052.946875,615.884063,291.518456,94.435556,71.442551,727.564373,312.047925,192.977006,119.892098,82.117875,24.635363,593.712236,0.0,0.0,0.0,0.0,24635.3625,2052.946875,0.25,7138.506874,7138.51,85662.12,6070.0,79592.12,35590.41,32602.43,2716.87,4421.636874,10264.734375,3126.227501,5843.097501,1.4379385712642354,2.321478372848482,21.89810000000034,19.036019000000124,8.846018999999615,27.37262499999997,8.336605999999847,18.526606000000356,0.8693000305962539,0.40396285522485864,1.2499999999999791,0.3806999694037253,0.8460371447751206
Belgium,BE,2026-04,2026-04-01,belgium__standard_private_sector,Belgique · secteur privé standard,Belgium · standard private sector,3.76,8233.6856,0.1307,0.25,1076.142708,2058.4214,617.52642,292.295839,94.687384,71.633065,729.504544,312.880053,193.491612,120.21181,82.336856,24.701057,595.295469,0.0,0.0,0.0,0.0,24701.0568,2058.4214,0.25,7157.542892,7157.55,85890.6,6070.0,79820.6,35712.65,32724.67,2727.06,4430.482892,10292.107,3134.564108,5861.624108,1.4379385712642356,2.323021496911393,21.89810000000034,19.036018000000695,8.846018000000186,27.37262499999997,8.336607000000186,18.526606999999785,0.8692999849302177,0.40396280955882236,1.2499999999999791,0.3807000150698031,0.8460371904411569
Belgium,BE,2026-04,2026-04-01,belgium__standard_private_sector,Belgique · secteur privé standard,Belgium · standard private sector,3.77,8255.5837,0.1307,0.25,1079.00479,2063.895925,619.168778,293.073221,94.939213,71.823578,731.444716,313.712181,194.006217,120.531522,82.555837,24.766751,596.878702,0.0,0.0,0.0,0.0,24766.7511,2063.895925,0.25,7176.57891,7176.58,86118.96,6070.0,80048.96,35834.82,32846.84,2737.24,4439.33891,10319.479625,3142.900715,5880.140715,1.4379385712642356,2.324553234897521,21.89809999999852,19.036017999999785,8.856018000000404,27.37262499999997,8.336607000000186,18.516606999999567,0.8692999849302483,0.40441947018239033,1.250000000000083,0.38070001506983475,0.8455805298176927
Belgium,BE,2026-04,2026-04-01,belgium__standard_private_sector,Belgique · secteur privé standard,Belgium · standard private sector,3.78,8277.4818,0.1307,0.25,1081.866871,2069.37045,620.811135,293.850604,95.191041,72.014092,733.384887,314.544308,194.520822,120.851234,82.774818,24.832445,598.461934,0.0,0.0,0.0,0.0,24832.4454,2069.37045,0.25,7195.614929,7195.61,86347.32,6070.0,80277.32,35957.0,32969.02,2747.42,4448.194929,10346.85225,3151.237321,5898.657321,1.4379385712642356,2.326078873735612,21.89810000000034,19.036019000000124,8.856018999999833,27.37262499999997,8.336605999999847,18.516606000000138,0.8693000305962539,0.40441951584839303,1.2499999999999791,0.3806999694037253,0.8455804841515863
Belgium,BE,2026-04,2026-04-01,belgium__standard_private_sector,Belgique · secteur privé standard,Belgium · standard private sector,3.79,8299.3799,0.1307,0.25,1084.728953,2074.844975,622.453493,294.627986,95.442869,72.204605,735.325059,315.376436,195.035428,121.170947,82.993799,24.89814,600.045167,0.0,0.0,0.0,0.0,24898.1397,2074.844975,0.25,7214.650947,7214.65,86575.8,6070.0,80505.8,36079.23,33091.25,2757.6,4457.050947,10374.224875,3159.573928,5917.173928,1.4379385712642356,2.3275984497821063,21.89810000000034,19.036017999999785,8.856017999999494,27.37262499999997,8.33660699999973,18.516607000000477,0.8692999849301761,0.4044194701823152,1.2499999999999791,0.38070001506978235,0.8455805298176641
Belgium,BE,2026-04,2026-04-01,belgium__standard_private_sector,Belgique · secteur privé standard,Belgium · standard private sector,3.8,8321.278,0.1307,0.25,1087.591035,2080.3195,624.09585,295.405369,95.694697,72.395119,737.265231,316.208564,195.550033,121.490659,83.21278,24.963834,601.628399,0.0,0.0,0.0,0.0,24963.834,2080.3195,0.25,7233.686965,7233.69,86804.28,6070.0,80734.28,36201.47,33213.49,2767.79,4465.896965,10401.5975,3167.910535,5935.700535,1.4379385712642356,2.329117214433619,21.89810000000034,19.036017999999785,8.846018000000186,27.37262499999997,8.336607000000186,18.526606999999785,0.8692999849301761,0.40396280955882236,1.2499999999999791,0.3807000150698031,0.8460371904411569
Belgium,BE,2026-04,2026-04-01,belgium__standard_private_sector,Belgique · secteur privé standard,Belgium · standard private sector,3.81,8343.1761,0.1307,0.25,1090.453116,2085.794025,625.738208,296.182752,95.946525,72.585632,739.205402,317.040692,196.064638,121.810371,83.431761,25.029528,603.211632,0.0,0.0,0.0,0.0,25029.5283,2085.794025,0.25,7252.722984,7252.73,87032.76,6070.0,80962.76,36323.71,33335.73,2777.98,4474.742984,10428.970125,3176.247141,5954.227141,1.4379385712642356,2.3306299742620635,21.89810000000034,19.036019000000124,8.846019000000524,27.37262499999997,8.336605999999847,18.526606000000356,0.8693000305962539,0.40396285522490016,1.2499999999999791,0.3806999694037253,0.8460371447751206
Belgium,BE,2026-04,2026-04-01,belgium__standard_private_sector,Belgique · secteur privé standard,Belgium · standard private sector,3.82,8365.0742,0.1307,0.25,1093.315198,2091.26855,627.380565,296.960134,96.198353,72.776146,741.145574,317.87282,196.579244,122.130083,83.650742,25.095223,604.794865,0.0,0.0,0.0,0.0,25095.2226,2091.26855,0.25,7271.759002,7271.75,87261.0,6070.0,81191.0,36445.82,33457.84,2788.15,4483.609002,10456.34275,3184.583748,5972.733748,1.4379385712642356,2.3321263618651455,21.89809999999852,19.036017999999785,8.866017999999713,27.37262499999997,8.336607000000186,18.50660699999935,0.8692999849302483,0.4048761308058832,1.250000000000083,0.38070001506983475,0.8451238691941583
Belgium,BE,2026-04,2026-04-01,belgium__standard_private_sector,Belgique · secteur privé standard,Belgium · standard private sector,3.83,8386.9723,0.1307,0.25,1096.17728,2096.743075,629.022923,297.737517,96.450181,72.966659,743.085746,318.704947,197.093849,122.449796,83.869723,25.160917,606.378097,0.0,0.0,0.0,0.0,25160.9169,2096.743075,0.25,7290.79502,7290.79,87489.48,6070.0,81419.48,36568.05,33580.07,2798.34,4492.45502,10483.715375,3192.920355,5991.260355,1.4379385712642356,2.333627232196503,21.89810000000034,19.036017999999785,8.846018000000186,27.37262499999997,8.336607000000186,18.526607000000695,0.8692999849301761,0.40396280955882236,1.2499999999999791,0.3807000150698031,0.8460371904411984
Belgium,BE,2026-04,2026-04-01,belgium__standard_private_sector,Belgique · secteur privé standard,Belgium · standard private sector,3.84,8408.8704,0.1307,0.25,1099.039361,2102.2176,630.66528,298.514899,96.70201,73.157172,745.025917,319.537075,197.608454,122.769508,84.088704,25.226611,607.96133,0.0,0.0,0.0,0.0,25226.6112,2102.2176,0.25,7309.831039,7309.83,87717.96,6070.0,81647.96,36690.29,33702.31,2808.53,4501.301039,10511.088,3201.256961,6009.786961,1.4379385712642356,2.33512220346608,21.89810000000034,19.036019000000124,8.846018999999615,27.37262499999997,8.336605999999847,18.526605999999447,0.8693000305962539,0.40396285522485864,1.2499999999999791,0.3806999694037253,0.8460371447750791
Belgium,BE,2026-04,2026-04-01,belgium__standard_private_sector,Belgique · secteur privé standard,Belgium · standard private sector,3.85,8430.7685,0.1307,0.25,1101.901443,2107.692125,632.307638,299.292282,96.953838,73.347686,746.966089,320.369203,198.12306,123.08922,84.307685,25.292306,609.544563,0.0,0.0,0.0,0.0,25292.3055,2107.692125,0.25,7328.867057,7328.87,87946.44,6070.0,81876.44,36812.53,33824.55,2818.71,4510.157057,10538.460625,3209.593568,6028.303568,1.4379385712642356,2.336606129608486,21.89810000000034,19.036018000000695,8.856018000000404,27.37262499999997,8.33660699999973,18.516607000000477,0.8692999849302177,0.40441947018235674,1.2499999999999791,0.38070001506978235,0.8455805298176641
Belgium,BE,2026-04,2026-04-01,belgium__standard_private_sector,Belgique · secteur privé standard,Belgium · standard private sector,3.86,8452.6666,0.1307,0.25,1104.763525,2113.16665,633.949995,300.069664,97.205666,73.538199,748.906261,321.201331,198.637665,123.408932,84.526666,25.358,611.127795,0.0,0.0,0.0,0.0,25357.9998,2113.16665,0.25,7347.903075,7347.91,88174.92,6070.0,82104.92,36934.76,33946.78,2828.9,4519.003075,10565.83325,3217.930175,6046.830175,1.4379385712642354,2.3380894134734636,21.89810000000034,19.036017999999785,8.846017999999276,27.37262499999997,8.336607000000186,18.526606999999785,0.8692999849301761,0.40396280955878083,1.2499999999999791,0.3807000150698031,0.8460371904411569
Belgium,BE,2026-04,2026-04-01,belgium__standard_private_sector,Belgique · secteur privé standard,Belgium · standard private sector,3.87,8474.5647,0.1307,0.25,1107.625606,2118.641175,635.592353,300.847047,97.457494,73.728713,750.846432,322.033459,199.15227,123.728645,84.745647,25.423694,612.711028,0.0,0.0,0.0,0.0,25423.6941,2118.641175,0.25,7366.939094,7366.93,88403.16,6070.0,82333.16,37056.87,34068.89,2839.07,4527.869094,10593.205875,3226.266781,6065.336781,1.4379385712642356,2.339556567506736,21.89810000000034,19.036019000000124,8.866019000000051,27.37262499999997,8.336605999999847,18.50660599999992,0.8693000305962539,0.4048761764719274,1.2499999999999791,0.3806999694037253,0.8451238235280518
Belgium,BE,2026-04,2026-04-01,belgium__standard_private_sector,Belgique · secteur privé standard,Belgium · standard private sector,3.88,8496.4628,0.1307,0.25,1110.487688,2124.1157,637.23471,301.624429,97.709322,73.919226,752.786604,322.865586,199.666876,124.048357,84.964628,25.489388,614.29426,0.0,0.0,0.0,0.0,25489.3884,2124.1157,0.25,7385.975112,7385.97,88631.64,6070.0,82561.64,37179.11,34191.13,2849.26,4536.715112,10620.5785,3234.603388,6083.863388,1.4379385712642356,2.341028307423144,21.89809999999852,19.036017999999785,8.846018000000186,27.37262499999997,8.336607000000186,18.526606999999785,0.8692999849302483,0.40396280955885594,1.250000000000083,0.38070001506983475,0.8460371904412272
Belgium,BE,2026-04,2026-04-01,belgium__standard_private_sector,Belgique · secteur privé standard,Belgium · standard private sector,3.89,8518.3609,0.1307,0.25,1113.34977,2129.590225,638.877068,302.401812,97.96115,74.10974,754.726776,323.697714,200.181481,124.368069,85.183609,25.555083,615.877493,0.0,0.0,0.0,0.0,25555.0827,2129.590225,0.25,7405.01113,7405.01,88860.12,6070.0,82790.12,37301.34,34313.36,2859.45,4545.56113,10647.951125,3242.939995,6102.389995,1.4379385712642356,2.3424943190970304,21.89810000000034,19.036017999999785,8.846018000000186,27.37262499999997,8.336607000000186,18.526607000000695,0.8692999849301761,0.40396280955882236,1.2499999999999791,0.3807000150698031,0.8460371904411984
Belgium,BE,2026-04,2026-04-01,belgium__standard_private_sector,Belgique · secteur privé standard,Belgium · standard private sector,3.9,8540.259,0.1307,0.25,1116.211851,2135.06475,640.519425,303.179195,98.212979,74.300253,756.666947,324.529842,200.696087,124.687781,85.40259,25.620777,617.460726,0.0,0.0,0.0,0.0,25620.777,2135.06475,0.25,7424.047149,7424.05,89088.6,6070.0,83018.6,37423.58,34435.6,2869.63,4554.417149,10675.32375,3251.276601,6120.906601,1.4379385712642356,2.343949489353898,21.89810000000034,19.036019000000124,8.856018999999833,27.37262499999997,8.336605999999847,18.51660599999923,0.8693000305962539,0.40441951584839303,1.2499999999999791,0.3806999694037253,0.8455804841515446
Belgium,BE,2026-04,2026-04-01,belgium__standard_private_sector,Belgique · secteur privé standard,Belgium · standard private sector,3.91,8562.1571,0.1307,0.25,1119.073933,2140.539275,642.161783,303.956577,98.464807,74.490767,758.607119,325.36197,201.210692,125.007494,85.621571,25.686471,619.043958,0.0,0.0,0.0,0.0,25686.4713,2140.539275,0.25,7443.083167,7443.09,89317.08,6070.0,83247.08,37545.82,34557.84,2879.82,4563.263167,10702.696375,3259.613208,6139.433208,1.4379385712642354,2.345404151206526,21.89810000000034,19.036017999999785,8.846018000000186,27.37262499999997,8.336607000000186,18.526607000000695,0.8692999849301761,0.40396280955882236,1.2499999999999791,0.3807000150698031,0.8460371904411984
Belgium,BE,2026-04,2026-04-01,belgium__standard_private_sector,Belgique · secteur privé standard,Belgium · standard private sector,3.92,8584.0552,0.1307,0.25,1121.936015,2146.0138,643.80414,304.73396,98.716635,74.68128,760.547291,326.194098,201.725297,125.327206,85.840552,25.752166,620.627191,0.0,0.0,0.0,0.0,25752.1656,2146.0138,0.25,7462.119185,7462.12,89545.44,6070.0,83475.44,37667.99,34680.01,2890.0,4572.119185,10730.069,3267.949815,6157.949815,1.4379385712642356,2.3468480511964467,21.89810000000034,19.036017999999785,8.856017999999494,27.37262499999997,8.33660699999973,18.516606999999567,0.8692999849301761,0.4044194701823152,1.2499999999999791,0.38070001506978235,0.8455805298176224
Belgium,BE,2026-04,2026-04-01,belgium__standard_private_sector,Belgique · secteur privé standard,Belgium · standard private sector,3.93,8605.9533,0.1307,0.25,1124.798096,2151.488325,645.446498,305.511342,98.968463,74.871794,762.487462,327.026225,202.239903,125.646918,86.059533,25.81786,622.210424,0.0,0.0,0.0,0.0,25817.8599,2151.488325,0.25,7481.155204,7481.15,89773.8,6070.0,83703.8,37790.16,34802.18,2900.18,4580.975204,10757.441625,3276.286421,6176.466421,1.4379385712642356,2.348286368442864,21.89809999999852,19.036019000000124,8.856019000000742,27.37262499999997,8.336605999999847,18.516606000000138,0.8693000305963261,0.40441951584846814,1.250000000000083,0.38069996940375694,0.8455804841516564
Belgium,BE,2026-04,2026-04-01,belgium__standard_private_sector,Belgique · secteur privé standard,Belgium · standard private sector,3.94,8627.8514,0.1307,0.25,1127.660178,2156.96285,647.088855,306.288725,99.220291,75.062307,764.427634,327.858353,202.754508,125.96663,86.278514,25.883554,623.793656,0.0,0.0,0.0,0.0,25883.5542,2156.96285,0.25,7500.191222,7500.19,90002.28,6070.0,83932.28,37912.4,34924.42,2910.37,4589.821222,10784.81425,3284.623028,6194.993028,1.4379385712642356,2.3497242546744683,21.89810000000034,19.036018000000695,8.846017999999276,27.37262499999997,8.336607000000186,18.526606999999785,0.8692999849302177,0.40396280955878083,1.2499999999999791,0.3807000150698031,0.8460371904411569
Belgium,BE,2026-04,2026-04-01,belgium__standard_private_sector,Belgique · secteur privé standard,Belgium · standard private sector,3.95,8649.7495,0.1307,0.25,1130.52226,2162.437375,648.731213,307.066107,99.472119,75.252821,766.367806,328.690481,203.269113,126.286343,86.497495,25.949249,625.376889,0.0,0.0,0.0,0.0,25949.2485,2162.437375,0.25,7519.22724,7519.23,90230.76,6070.0,84160.76,38034.64,35046.66,2920.56,4598.66724,10812.186875,3292.959635,6213.519635,1.4379385712642354,2.351156609056387,21.89810000000034,19.036017999999785,8.846018000000186,27.37262499999997,8.336607000000186,18.526606999999785,0.8692999849301761,0.40396280955882236,1.2499999999999791,0.3807000150698031,0.8460371904411569
Belgium,BE,2026-04,2026-04-01,belgium__standard_private_sector,Belgique · secteur privé standard,Belgium · standard private sector,3.96,8671.6476,0.1307,0.25,1133.384341,2167.9119,650.37357,307.84349,99.723947,75.443334,768.307977,329.522609,203.783719,126.606055,86.716476,26.014943,626.960121,0.0,0.0,0.0,0.0,26014.9428,2167.9119,0.25,7538.263259,7538.27,90459.24,6070.0,84389.24,38156.87,35168.89,2930.74,4607.523259,10839.5595,3301.296241,6232.036241,1.4379385712642354,2.352578357489486,21.89810000000034,19.036019000000124,8.856018999999833,27.37262499999997,8.336605999999847,18.516606000000138,0.8693000305962539,0.40441951584839303,1.2499999999999791,0.3806999694037253,0.8455804841515863
Belgium,BE,2026-04,2026-04-01,belgium__standard_private_sector,Belgique · secteur privé standard,Belgium · standard private sector,3.97,8693.5457,0.1307,0.25,1136.246423,2173.386425,652.015928,308.620872,99.975776,75.633848,770.248149,330.354737,204.298324,126.925767,86.935457,26.080637,628.543354,0.0,0.0,0.0,0.0,26080.6371,2173.386425,0.25,7557.299277,7557.3,90687.6,6070.0,84617.6,38279.05,35291.07,2940.92,4616.379277,10866.932125,3309.632848,6250.552848,1.4379385712642356,2.3539946509850993,21.89810000000034,19.036017999999785,8.856018000000404,27.37262499999997,8.336607000000186,18.516607000000477,0.8692999849301761,0.40441947018235674,1.2499999999999791,0.3807000150698031,0.8455805298176641
Belgium,BE,2026-04,2026-04-01,belgium__standard_private_sector,Belgique · secteur privé standard,Belgium · standard private sector,3.98,8715.4438,0.1307,0.25,1139.108505,2178.86095,653.658285,309.398255,100.227604,75.824361,772.188321,331.186864,204.812929,127.245479,87.154438,26.146331,630.126587,0.0,0.0,0.0,0.0,26146.3314,2178.86095,0.25,7576.335295,7576.33,90915.96,6070.0,84845.96,38401.22,35413.24,2951.1,4625.235295,10894.30475,3317.969455,6269.069455,1.4379385712642356,2.355405520877217,21.89809999999852,19.036017999999785,8.856018000000404,27.37262499999997,8.33660699999973,18.516606999999567,0.8692999849302483,0.40441947018239033,1.250000000000083,0.380700015069814,0.8455805298176927
Belgium,BE,2026-04,2026-04-01,belgium__standard_private_sector,Belgique · secteur privé standard,Belgium · standard private sector,3.99,8737.3419,0.1307,0.25,1141.970586,2184.335475,655.300643,310.175637,100.479432,76.014875,774.128492,332.018992,205.327535,127.565192,87.373419,26.212026,631.709819,0.0,0.0,0.0,0.0,26212.0257,2184.335475,0.25,7595.371314,7595.37,91144.44,6070.0,85074.44,38523.46,35535.48,2961.29,4634.081314,10921.677375,3326.306061,6287.596061,1.4379385712642356,2.35681608408172,21.89810000000034,19.036019000000124,8.846018999999615,27.37262499999997,8.336606000000302,18.526606000000356,0.8693000305962539,0.40396285522485864,1.2499999999999791,0.38069996940374606,0.8460371447751206
Belgium,BE,2026-04,2026-04-01,belgium__standard_private_sector,Belgique · secteur privé standard,Belgium · standard private sector,4.0,8759.24,0.1307,0.25,1144.832668,2189.81,656.943,310.95302,100.73126,76.205388,776.068664,332.85112,205.84214,127.884904,87.5924,26.27772,633.293052,0.0,0.0,0.0,0.0,26277.72,2189.81,0.25,7614.407332,7614.41,91372.92,6070.0,85302.92,38645.69,35657.71,2971.48,4642.927332,10949.05,3334.642668,6306.122668,1.4379385712642356,2.358221272285896,21.89810000000034,19.036017999999785,8.846018000000186,27.37262499999997,8.33660699999973,18.526606999999785,0.8692999849301761,0.40396280955882236,1.2499999999999791,0.38070001506978235,0.8460371904411569
Belgium,BE,2026-04,2026-04-01,belgium__standard_private_sector,Belgique · secteur privé standard,Belgium · standard private sector,4.01,8781.1381,0.1307,0.25,1147.69475,2195.284525,658.585358,311.730403,100.983088,76.395901,778.008836,333.683248,206.356745,128.204616,87.811381,26.343414,634.876285,0.0,0.0,0.0,0.0,26343.4143,2195.284525,0.25,7633.44335,7633.45,91601.4,6070.0,85531.4,38767.93,35779.95,2981.66,4651.78335,10976.422625,3342.979275,6324.639275,1.4379385712642356,2.359616043645138,21.89810000000034,19.036017999999785,8.856017999999494,27.37262499999997,8.336607000000186,18.516607000000477,0.8692999849301761,0.4044194701823152,1.2499999999999791,0.3807000150698031,0.8455805298176641
Belgium,BE,2026-04,2026-04-01,belgium__standard_private_sector,Belgique · secteur privé standard,Belgium · standard private sector,4.02,8803.0362,0.1307,0.25,1150.556831,2200.75905,660.227715,312.507785,101.234916,76.586415,779.949007,334.515376,206.871351,128.524329,88.030362,26.409109,636.459517,0.0,0.0,0.0,0.0,26409.1086,2200.75905,0.25,7652.479369,7652.48,91829.76,6070.0,85759.76,38890.1,35902.12,2991.84,4660.639369,11003.79525,3351.315881,6343.155881,1.4379385712642356,2.3610055143922772,21.89810000000034,19.036019000000124,8.856019000000742,27.37262499999997,8.336605999999847,18.51660599999923,0.8693000305962539,0.40441951584843455,1.2499999999999791,0.3806999694037253,0.8455804841515446
Belgium,BE,2026-04,2026-04-01,belgium__standard_private_sector,Belgique · secteur privé standard,Belgium · standard private sector,4.03,8824.9343,0.1307,0.25,1153.418913,2206.233575,661.870073,313.285168,101.486744,76.776928,781.889179,335.347503,207.385956,128.844041,88.249343,26.474803,638.04275,0.0,0.0,0.0,0.0,26474.8029,2206.233575,0.25,7671.515387,7671.51,92058.12,6070.0,85988.12,39012.27,36024.29,3002.02,4669.495387,11031.167875,3359.652488,6361.672488,1.4379385712642356,2.362389714686236,21.89810000000034,19.036018000000695,8.856017999999494,27.37262499999997,8.336607000000186,18.516607000000477,0.8692999849302177,0.4044194701823152,1.2499999999999791,0.3807000150698031,0.8455805298176641
Belgium,BE,2026-04,2026-04-01,belgium__standard_private_sector,Belgique · secteur privé standard,Belgium · standard private sector,4.04,8846.8324,0.1307,0.25,1156.280995,2211.7081,663.51243,314.06255,101.738573,76.967442,783.829351,336.179631,207.900561,129.163753,88.468324,26.540497,639.625983,0.0,0.0,0.0,0.0,26540.4972,2211.7081,0.25,7690.551405,7690.55,92286.6,6070.0,86216.6,39134.51,36146.53,3012.21,4678.341405,11058.5405,3367.989095,6380.199095,1.4379385712642356,2.36377372703598,21.89809999999852,19.036017999999785,8.846018000000186,27.37262499999997,8.33660699999973,18.526606999999785,0.8692999849302483,0.40396280955885594,1.250000000000083,0.380700015069814,0.8460371904412272
Belgium,BE,2026-04,2026-04-01,belgium__standard_private_sector,Belgique · secteur privé standard,Belgium · standard private sector,4.05,8868.7305,0.1307,0.25,1159.143076,2217.182625,665.154788,314.839933,101.990401,77.157955,785.769522,337.011759,208.415167,129.483465,88.687305,26.606192,641.209215,0.0,0.0,0.0,0.0,26606.1915,2217.182625,0.25,7709.587424,7709.59,92515.08,6070.0,86445.08,39256.75,36268.77,3022.4,4687.187424,11085.913125,3376.325701,6398.725701,1.4379385712642356,2.365152515357962,21.89810000000034,19.036019000000124,8.846018999999615,27.37262499999997,8.336606000000302,18.526606000000356,0.8693000305962539,0.40396285522485864,1.2499999999999791,0.38069996940374606,0.8460371447751206
Belgium,BE,2026-04,2026-04-01,belgium__standard_private_sector,Belgique · secteur privé standard,Belgium · standard private sector,4.06,8890.6286,0.1307,0.25,1162.005158,2222.65715,666.797145,315.617315,102.242229,77.348469,787.709694,337.843887,208.929772,129.803178,88.906286,26.671886,642.792448,0.0,0.0,0.0,0.0,26671.8858,2222.65715,0.25,7728.623442,7728.62,92743.44,6070.0,86673.44,39378.92,36390.94,3032.58,4696.043442,11113.28575,3384.662308,6417.242308,1.4379385712642356,2.366521069769808,21.89810000000034,19.036017999999785,8.856018000000404,27.37262499999997,8.33660699999973,18.516606999999567,0.8692999849301761,0.40441947018235674,1.2499999999999791,0.38070001506978235,0.8455805298176224
Belgium,BE,2026-04,2026-04-01,belgium__standard_private_sector,Belgique · secteur privé standard,Belgium · standard private sector,4.07,8912.5267,0.1307,0.25,1164.86724,2228.131675,668.439503,316.394698,102.494057,77.538982,789.649866,338.676015,209.444377,130.12289,89.125267,26.73758,644.37568,0.0,0.0,0.0,0.0,26737.5801,2228.131675,0.25,7747.65946,7747.66,92971.92,6070.0,86901.92,39501.16,36513.18,3042.77,4704.88946,11140.658375,3392.998915,6435.768915,1.4379385712642356,2.367889504946192,21.89810000000034,19.036017999999785,8.846018000000186,27.37262500000179,8.336607000000186,18.526606999999785,0.8692999849301761,0.40396280955882236,1.2500000000000624,0.3807000150698031,0.8460371904411569
Belgium,BE,2026-04,2026-04-01,belgium__standard_private_sector,Belgique · secteur privé standard,Belgium · standard private sector,4.08,8934.4248,0.1307,0.25,1167.729321,2233.6062,670.08186,317.17208,102.745885,77.729496,791.590037,339.508142,209.958983,130.442602,89.344248,26.803274,645.958913,0.0,0.0,0.0,0.0,26803.2744,2233.6062,0.25,7766.695479,7766.69,93200.28,6070.0,87130.28,39623.33,36635.35,3052.95,4713.745479,11168.031,3401.335521,6454.285521,1.4379385712642356,2.3692477777188294,21.89810000000034,19.036019000000124,8.856018999999833,27.37262499999997,8.336605999999847,18.516606000000138,0.8693000305962539,0.40441951584839303,1.2499999999999791,0.3806999694037253,0.8455804841515863
Belgium,BE,2026-04,2026-04-01,belgium__standard_private_sector,Belgique · secteur privé standard,Belgium · standard private sector,4.09,8956.3229,0.1307,0.25,1170.591403,2239.080725,671.724218,317.949463,102.997713,77.920009,793.530209,340.34027,210.473588,130.762314,89.563229,26.868969,647.542146,0.0,0.0,0.0,0.0,26868.9687,2239.080725,0.25,7785.731497,7785.73,93428.76,6070.0,87358.76,39745.57,36757.59,3063.13,4722.601497,11195.403625,3409.672128,6472.802128,1.4379385712642356,2.370600956312516,21.89809999999852,19.036017999999785,8.856017999999494,27.37262499999997,8.336607000000186,18.516607000000477,0.8692999849302483,0.4044194701823488,1.250000000000083,0.38070001506983475,0.8455805298177342
Belgium,BE,2026-04,2026-04-01,belgium__standard_private_sector,Belgique · secteur privé standard,Belgium · standard private sector,4.1,8978.221,0.1307,0.25,1173.453485,2244.55525,673.366575,318.726846,103.249542,78.110523,795.470381,341.172398,210.988194,131.082027,89.78221,26.934663,649.125378,0.0,0.0,0.0,0.0,26934.663,2244.55525,0.25,7804.767515,7804.77,93657.24,6070.0,87587.24,39867.8,36879.82,3073.32,4731.447515,11222.77625,3418.008735,6491.328735,1.4379385712642354,2.3719540824893652,21.89810000000034,19.036017999999785,8.846018000000186,27.37262499999997,8.33660699999973,18.526606999999785,0.8692999849301761,0.40396280955882236,1.2499999999999791,0.38070001506978235,0.8460371904411569
Belgium,BE,2026-04,2026-04-01,belgium__standard_private_sector,Belgique · secteur privé standard,Belgium · standard private sector,4.11,9000.1191,0.1307,0.25,1176.315566,2250.029775,675.008933,319.504228,103.50137,78.301036,797.410552,342.004526,211.502799,131.401739,90.001191,27.000357,650.708611,0.0,0.0,0.0,0.0,27000.3573,2250.029775,0.25,7823.803534,7823.8,93885.6,6070.0,87815.6,39989.98,37002.0,3083.5,4740.303534,11250.148875,3426.345341,6509.845341,1.4379385712642354,2.373297151793343,21.89810000000034,19.036019000000124,8.856018999999833,27.37262499999997,8.336606000000302,18.516606000000138,0.8693000305962539,0.40441951584839303,1.2499999999999791,0.38069996940374606,0.8455804841515863
Belgium,BE,2026-04,2026-04-01,belgium__standard_private_sector,Belgique · secteur privé standard,Belgium · standard private sector,4.12,9022.0172,0.1307,0.25,1179.177648,2255.5043,676.65129,320.281611,103.753198,78.49155,799.350724,342.836654,212.017404,131.721451,90.220172,27.066052,652.291844,0.0,0.0,0.0,0.0,27066.0516,2255.5043,0.25,7842.839552,7842.84,94114.08,6070.0,88044.08,40112.21,37124.23,3093.69,4749.149552,11277.5215,3434.681948,6528.371948,1.4379385712642356,2.374640212234569,21.89810000000034,19.036018000000695,8.846018000000186,27.37262499999997,8.33660699999973,18.526606999999785,0.8692999849302177,0.40396280955882236,1.2499999999999791,0.38070001506978235,0.8460371904411569
Belgium,BE,2026-04,2026-04-01,belgium__standard_private_sector,Belgique · secteur privé standard,Belgium · standard private sector,4.13,9043.9153,0.1307,0.25,1182.03973,2260.978825,678.293648,321.058993,104.005026,78.682063,801.290896,343.668781,212.53201,132.041163,90.439153,27.131746,653.875076,0.0,0.0,0.0,0.0,27131.7459,2260.978825,0.25,7861.87557,7861.88,94342.56,6070.0,88272.56,40234.45,37246.47,3103.87,4758.00557,11304.894125,3443.018555,6546.888555,1.4379385712642356,2.375973285023071,21.89810000000034,19.036017999999785,8.856018000000404,27.37262499999997,8.336607000000186,18.516607000000477,0.8692999849301761,0.40441947018235674,1.2499999999999791,0.3807000150698031,0.8455805298176641
Belgium,BE,2026-04,2026-04-01,belgium__standard_private_sector,Belgique · secteur privé standard,Belgium · standard private sector,4.14,9065.8134,0.1307,0.25,1184.901811,2266.45335,679.936005,321.836376,104.256854,78.872577,803.231067,344.500909,213.046615,132.360876,90.658134,27.19744,655.458309,0.0,0.0,0.0,0.0,27197.4402,2266.45335,0.25,7880.911589,7880.91,94570.92,6070.0,88500.92,40356.62,37368.64,3114.05,4766.861589,11332.26675,3451.355161,6565.405161,1.4379385712642356,2.3773014045664116,21.89809999999852,19.036019000000124,8.856018999999833,27.37262499999997,8.336605999999847,18.51660599999923,0.8693000305963261,0.4044195158484266,1.250000000000083,0.38069996940375694,0.8455804841516149
Belgium,BE,2026-04,2026-04-01,belgium__standard_private_sector,Belgique · secteur privé standard,Belgium · standard private sector,4.15,9087.7115,0.1307,0.25,1187.763893,2271.927875,681.578363,322.613758,104.508682,79.06309,805.171239,345.333037,213.56122,132.680588,90.877115,27.263135,657.041541,0.0,0.0,0.0,0.0,27263.1345,2271.927875,0.25,7899.947607,7899.95,94799.4,6070.0,88729.4,40478.86,37490.88,3124.24,4775.707607,11359.639375,3459.691768,6583.931768,1.4379385712642356,2.3786295790949437,21.89810000000034,19.036017999999785,8.846018000000186,27.37262499999997,8.336607000000186,18.526607000000695,0.8692999849301761,0.40396280955882236,1.2499999999999791,0.3807000150698031,0.8460371904411984
Belgium,BE,2026-04,2026-04-01,belgium__standard_private_sector,Belgique · secteur privé standard,Belgium · standard private sector,4.16,9109.6096,0.1307,0.25,1190.625975,2277.4024,683.22072,323.391141,104.76051,79.253604,807.111411,346.165165,214.075826,133.0003,91.096096,27.328829,658.624774,0.0,0.0,0.0,0.0,27328.8288,2277.4024,0.25,7918.983625,7918.98,95027.76,6070.0,88957.76,40601.03,37613.05,3134.42,4784.563625,11387.012,3468.028375,6602.448375,1.4379385712642354,2.379947868147247,21.89810000000034,19.036017999999785,8.856017999999494,27.37262499999997,8.33660699999973,18.516606999999567,0.8692999849301761,0.4044194701823152,1.2499999999999791,0.38070001506978235,0.8455805298176224
Belgium,BE,2026-04,2026-04-01,belgium__standard_private_sector,Belgique · secteur privé standard,Belgium · standard private sector,4.17,9131.5077,0.1307,0.25,1193.488056,2282.876925,684.863078,324.168523,105.012339,79.444117,809.051582,346.997293,214.590431,133.320012,91.315077,27.394523,660.208007,0.0,0.0,0.0,0.0,27394.5231,2282.876925,0.25,7938.019644,7938.02,95256.24,6070.0,89186.24,40723.27,37735.29,3144.61,4793.409644,11414.384625,3476.364981,6620.974981,1.4379385712642359,2.381266253806681,21.89810000000034,19.036019000000124,8.846019000000524,27.37262499999997,8.336606000000302,18.526606000000356,0.8693000305962539,0.40396285522490016,1.2499999999999791,0.38069996940374606,0.8460371447751206
Belgium,BE,2026-04,2026-04-01,belgium__standard_private_sector,Belgique · secteur privé standard,Belgium · standard private sector,4.18,9153.4058,0.1307,0.25,1196.350138,2288.35145,686.505435,324.945906,105.264167,79.63463,810.991754,347.82942,215.105036,133.639725,91.534058,27.460217,661.791239,0.0,0.0,0.0,0.0,27460.2174,2288.35145,0.25,7957.055662,7957.06,95484.72,6070.0,89414.72,40845.51,37857.53,3154.79,4802.265662,11441.75725,3484.701588,6639.491588,1.4379385712642356,2.3825748210226685,21.89810000000034,19.036017999999785,8.856017999999494,27.37262499999997,8.33660699999973,18.516606999999567,0.8692999849301761,0.4044194701823152,1.2499999999999791,0.38070001506978235,0.8455805298176224
Belgium,BE,2026-04,2026-04-01,belgium__standard_private_sector,Belgique · secteur privé standard,Belgium · standard private sector,4.19,9175.3039,0.1307,0.25,1199.21222,2293.825975,688.147793,325.723288,105.515995,79.825144,812.931926,348.661548,215.619642,133.959437,91.753039,27.525912,663.374472,0.0,0.0,0.0,0.0,27525.9117,2293.825975,0.25,7976.09168,7976.09,95713.08,6070.0,89643.08,40967.68,37979.7,3164.98,4811.11168,11469.129875,3493.038195,6658.018195,1.4379385712642356,2.3838835257210973,21.89810000000034,19.036018000000695,8.846018000000186,27.37262499999997,8.336607000000186,18.526606999999785,0.8692999849302177,0.40396280955882236,1.2499999999999791,0.3807000150698031,0.8460371904411569
Belgium,BE,2026-04,2026-04-01,belgium__standard_private_sector,Belgique · secteur privé standard,Belgium · standard private sector,4.2,9197.202,0.1307,0.25,1202.074301,2299.3005,689.79015,326.500671,105.767823,80.015657,814.872097,349.493676,216.134247,134.279149,91.97202,27.591606,664.957705,0.0,0.0,0.0,0.0,27591.606,2299.3005,0.25,7995.127699,7995.13,95941.56,6070.0,89871.56,41089.91,38101.93,3175.16,4819.967699,11496.5025,3501.374801,6676.534801,1.4379385712642356,2.3851824781604356,21.89809999999852,19.036018999999214,8.856018999999833,27.37262499999997,8.336605999999847,18.516606000000138,0.8693000305962846,0.4044195158484266,1.250000000000083,0.38069996940375694,0.8455804841516564
Belgium,BE,2026-04,2026-04-01,belgium__standard_private_sector,Belgique · secteur privé standard,Belgium · standard private sector,4.21,9219.1001,0.1307,0.25,1204.936383,2304.775025,691.432508,327.278054,106.019651,80.206171,816.812269,350.325804,216.648852,134.598861,92.191001,27.6573,666.540937,0.0,0.0,0.0,0.0,27657.3003,2304.775025,0.25,8014.163717,8014.16,96169.92,6070.0,90099.92,41212.09,38224.11,3185.34,4828.823717,11523.875125,3509.711408,6695.051408,1.4379385712642356,2.386476666066096,21.89810000000034,19.036018000000695,8.856018000000404,27.37262499999997,8.336607000000186,18.516607000000477,0.8692999849302177,0.40441947018235674,1.2499999999999791,0.3807000150698031,0.8455805298176641
Belgium,BE,2026-04,2026-04-01,belgium__standard_private_sector,Belgique · secteur privé standard,Belgium · standard private sector,4.22,9240.9982,0.1307,0.25,1207.798465,2310.24955,693.074865,328.055436,106.271479,80.396684,818.752441,351.157932,217.163458,134.918574,92.409982,27.722995,668.12417,0.0,0.0,0.0,0.0,27722.9946,2310.24955,0.25,8033.199735,8033.2,96398.4,6070.0,90328.4,41334.32,38346.34,3195.53,4837.669735,11551.24775,3518.048015,6713.578015,1.4379385712642356,2.3877710513818653,21.89810000000034,19.036017999999785,8.846018000000186,27.37262499999997,8.33660699999973,18.526606999999785,0.8692999849301761,0.40396280955882236,1.2499999999999791,0.38070001506978235,0.8460371904411569
Belgium,BE,2026-04,2026-04-01,belgium__standard_private_sector,Belgique · secteur privé standard,Belgium · standard private sector,4.23,9262.8963,0.1307,0.25,1210.660546,2315.724075,694.717223,328.832819,106.523307,80.587198,820.692612,351.990059,217.678063,135.238286,92.628963,27.788689,669.707402,0.0,0.0,0.0,0.0,27788.6889,2315.724075,0.25,8052.235754,8052.24,96626.88,6070.0,90556.88,41456.56,38468.58,3205.72,4846.515754,11578.620375,3526.384621,6732.104621,1.4379385712642356,2.3890607115892015,21.89810000000034,19.036019000000124,8.846018999999615,27.37262499999997,8.336606000000302,18.526606000000356,0.8693000305962539,0.40396285522485864,1.2499999999999791,0.38069996940374606,0.8460371447751206
Belgium,BE,2026-04,2026-04-01,belgium__standard_private_sector,Belgique · secteur privé standard,Belgium · standard private sector,4.24,9284.7944,0.1307,0.25,1213.522628,2321.1986,696.35958,329.610201,106.775136,80.777711,822.632784,352.822187,218.192668,135.557998,92.847944,27.854383,671.290635,0.0,0.0,0.0,0.0,27854.3832,2321.1986,0.25,8071.271772,8071.27,96855.24,6070.0,90785.24,41578.73,38590.75,3215.9,4855.371772,11605.993,3534.721228,6750.621228,1.4379385712642354,2.3903407494191824,21.89810000000034,19.036017999999785,8.856018000000404,27.37262499999997,8.33660699999973,18.516606999999567,0.8692999849301761,0.40441947018235674,1.2499999999999791,0.38070001506978235,0.8455805298176224
Belgium,BE,2026-04,2026-04-01,belgium__standard_private_sector,Belgique · secteur privé standard,Belgium · standard private sector,4.25,9306.6925,0.1307,0.25,1216.38471,2326.673125,698.001938,330.387584,107.026964,80.968225,824.572956,353.654315,218.707274,135.877711,93.066925,27.920078,672.873868,0.0,0.0,0.0,0.0,27920.0775,2326.673125,0.25,8090.30779,8090.31,97083.72,6070.0,91013.72,41700.97,38712.99,3226.08,4864.22779,11633.365625,3543.057835,6769.137835,1.4379385712642356,2.3916161262674125,21.89809999999852,19.036017999999785,8.856017999999494,27.37262499999997,8.336607000000186,18.516607000000477,0.8692999849302483,0.4044194701823488,1.250000000000083,0.38070001506983475,0.8455805298177342
Belgium,BE,2026-04,2026-04-01,belgium__standard_private_sector,Belgique · secteur privé standard,Belgium · standard private sector,4.26,9328.5906,0.1307,0.25,1219.246791,2332.14765,699.644295,331.164966,107.278792,81.158738,826.513127,354.486443,219.221879,136.197423,93.285906,27.985772,674.4571,0.0,0.0,0.0,0.0,27985.7718,2332.14765,0.25,8109.343809,8109.34,97312.08,6070.0,91242.08,41823.14,38835.16,3236.26,4873.083809,11660.73825,3551.394441,6787.654441,1.4379385712642356,2.3928868675455637,21.89810000000034,19.036019000000124,8.856018999999833,27.37262499999997,8.336605999999847,18.51660599999923,0.8693000305962539,0.40441951584839303,1.2499999999999791,0.3806999694037253,0.8455804841515446
Belgium,BE,2026-04,2026-04-01,belgium__standard_private_sector,Belgique · secteur privé standard,Belgium · standard private sector,4.27,9350.4887,0.1307,0.25,1222.108873,2337.622175,701.286653,331.942349,107.53062,81.349252,828.453299,355.318571,219.736484,136.517135,93.504887,28.051466,676.040333,0.0,0.0,0.0,0.0,28051.4661,2337.622175,0.25,8128.379827,8128.38,97540.56,6070.0,91470.56,41945.38,38957.4,3246.45,4881.929827,11688.110875,3559.731048,6806.181048,1.4379385712642359,2.394157902592785,21.89810000000034,19.036017999999785,8.846018000000186,27.37262499999997,8.336607000000186,18.526607000000695,0.8692999849301761,0.40396280955882236,1.2499999999999791,0.3807000150698031,0.8460371904411984
Belgium,BE,2026-04,2026-04-01,belgium__standard_private_sector,Belgique · secteur privé standard,Belgium · standard private sector,4.28,9372.3868,0.1307,0.25,1224.970955,2343.0967,702.92901,332.719731,107.782448,81.539765,830.39347,356.150698,220.25109,136.836847,93.723868,28.11716,677.623566,0.0,0.0,0.0,0.0,28117.1604,2343.0967,0.25,8147.415845,8147.42,97769.04,6070.0,91699.04,42067.62,39079.64,3256.64,4890.775845,11715.4835,3568.067655,6824.707655,1.4379385712642354,2.395424339760371,21.89810000000034,19.036018000000695,8.846018000000186,27.37262499999997,8.33660699999973,18.526606999999785,0.8692999849302177,0.40396280955882236,1.2499999999999791,0.38070001506978235,0.8460371904411569
Belgium,BE,2026-04,2026-04-01,belgium__standard_private_sector,Belgique · secteur privé standard,Belgium · standard private sector,4.29,9394.2849,0.1307,0.25,1227.833036,2348.571225,704.571368,333.497114,108.034276,81.730279,832.333642,356.982826,220.765695,137.15656,93.942849,28.182855,679.206798,0.0,0.0,0.0,0.0,28182.8547,2348.571225,0.25,8166.451864,8166.45,97997.4,6070.0,91927.4,42189.79,39201.81,3266.82,4899.631864,11742.856125,3576.404261,6843.224261,1.4379385712642356,2.3966813123882016,21.89810000000034,19.036018999999214,8.856018999999833,27.37262499999997,8.336606000000302,18.516606000000138,0.8693000305962124,0.40441951584839303,1.2499999999999791,0.38069996940374606,0.8455804841515863
Belgium,BE,2026-04,2026-04-01,belgium__standard_private_sector,Belgique · secteur privé standard,Belgium · standard private sector,4.3,9416.183,0.1307,0.25,1230.695118,2354.04575,706.213725,334.274497,108.286105,81.920792,834.273814,357.814954,221.280301,137.476272,94.16183,28.248549,680.790031,0.0,0.0,0.0,0.0,28248.549,2354.04575,0.25,8185.487882,8185.48,98225.76,6070.0,92155.76,42311.96,39323.98,3277.0,4908.487882,11770.22875,3584.740868,6861.740868,1.4379385712642356,2.3979337492922417,21.89810000000034,19.036018000000695,8.856018000000404,27.37262499999997,8.33660699999973,18.516606999999567,0.8692999849302177,0.40441947018235674,1.2499999999999791,0.38070001506978235,0.8455805298176224
Belgium,BE,2026-04,2026-04-01,belgium__standard_private_sector,Belgique · secteur privé standard,Belgium · standard private sector,4.31,9438.0811,0.1307,0.25,1233.5572,2359.520275,707.856083,335.051879,108.537933,82.111306,836.213985,358.647082,221.794906,137.795984,94.380811,28.314243,682.373264,0.0,0.0,0.0,0.0,28314.2433,2359.520275,0.25,8204.5239,8204.52,98454.24,6070.0,92384.24,42434.2,39446.22,3287.19,4917.3339,11797.601375,3593.077475,6880.267475,1.4379385712642356,2.3991865540080957,21.89809999999852,19.036017999999785,8.846017999999276,27.37262499999997,8.336607000000186,18.526606999999785,0.8692999849302483,0.40396280955881436,1.250000000000083,0.38070001506983475,0.8460371904412272
Belgium,BE,2026-04,2026-04-01,belgium__standard_private_sector,Belgique · secteur privé standard,Belgium · standard private sector,4.32,9459.9792,0.1307,0.25,1236.419281,2364.9948,709.49844,335.829262,108.789761,82.301819,838.154157,359.47921,222.309511,138.115696,94.599792,28.379938,683.956496,0.0,0.0,0.0,0.0,28379.9376,2364.9948,0.25,8223.559919,8223.56,98682.72,6070.0,92612.72,42556.44,39568.46,3297.37,4926.189919,11824.974,3601.414081,6898.784081,1.4379385712642356,2.400429986559799,21.89810000000034,19.036018999999214,8.856019000000742,27.37262499999997,8.336605999999847,18.516606000000138,0.8693000305962124,0.40441951584843455,1.2499999999999791,0.3806999694037253,0.8455804841515863
Belgium,BE,2026-04,2026-04-01,belgium__standard_private_sector,Belgique · secteur privé standard,Belgium · standard private sector,4.33,9481.8773,0.1307,0.25,1239.281363,2370.469325,711.140798,336.606644,109.041589,82.492333,840.094329,360.311337,222.824117,138.435409,94.818773,28.445632,685.539729,0.0,0.0,0.0,0.0,28445.6319,2370.469325,0.25,8242.595937,8242.6,98911.2,6070.0,92841.2,42678.67,39690.69,3307.56,4935.035937,11852.346625,3609.750688,6917.310688,1.4379385712642356,2.401673822960893,21.89810000000034,19.036018000000695,8.846017999999276,27.37262499999997,8.336607000000186,18.526606999999785,0.8692999849302177,0.40396280955878083,1.2499999999999791,0.3807000150698031,0.8460371904411569
Belgium,BE,2026-04,2026-04-01,belgium__standard_private_sector,Belgique · secteur privé standard,Belgium · standard private sector,4.34,9503.7754,0.1307,0.25,1242.143445,2375.94385,712.783155,337.384027,109.293417,82.682846,842.0345,361.143465,223.338722,138.755121,95.037754,28.511326,687.122961,0.0,0.0,0.0,0.0,28511.3262,2375.94385,0.25,8261.631955,8261.64,99139.68,6070.0,93069.68,42800.91,39812.93,3317.74,4943.891955,11879.71925,3618.087295,6935.827295,1.4379385712642356,2.40290834783653,21.89810000000034,19.036018000000695,8.856018000000404,27.37262499999997,8.33660699999973,18.516607000000477,0.8692999849302177,0.40441947018235674,1.2499999999999791,0.38070001506978235,0.8455805298176641
Belgium,BE,2026-04,2026-04-01,belgium__standard_private_sector,Belgique · secteur privé standard,Belgium · standard private sector,4.35,9525.6735,0.1307,0.25,1245.005526,2381.418375,714.425513,338.161409,109.545245,82.873359,843.974672,361.975593,223.853327,139.074833,95.256735,28.577021,688.706194,0.0,0.0,0.0,0.0,28577.0205,2381.418375,0.25,8280.667974,8280.66,99367.92,6070.0,93297.92,42923.02,39935.04,3327.92,4952.747974,11907.091875,3626.423901,6954.343901,1.4379385712642356,2.404138457799481,21.89810000000034,19.036018999999214,8.856018999999833,27.37262499999997,8.336606000000302,18.516606000000138,0.8693000305962124,0.40441951584839303,1.2499999999999791,0.38069996940374606,0.8455804841515863
Belgium,BE,2026-04,2026-04-01,belgium__standard_private_sector,Belgique · secteur privé standard,Belgium · standard private sector,4.36,9547.5716,0.1307,0.25,1247.867608,2386.8929,716.06787,338.938792,109.797073,83.063873,845.914844,362.807721,224.367933,139.394545,95.475716,28.642715,690.289427,0.0,0.0,0.0,0.0,28642.7148,2386.8929,0.25,8299.703992,8299.7,99596.4,6070.0,93526.4,43045.25,40057.27,3338.11,4961.593992,11934.4645,3634.760508,6972.870508,1.4379385712642359,2.405369024456979,21.89809999999852,19.036018000000695,8.846018000000186,27.37262499999997,8.33660699999973,18.526606999999785,0.8692999849302898,0.40396280955885594,1.250000000000083,0.380700015069814,0.8460371904412272
Belgium,BE,2026-04,2026-04-01,belgium__standard_private_sector,Belgique · secteur privé standard,Belgium · standard private sector,4.37,9569.4697,0.1307,0.25,1250.72969,2392.367425,717.710228,339.716174,110.048902,83.254386,847.855015,363.639849,224.882538,139.714258,95.694697,28.708409,691.872659,0.0,0.0,0.0,0.0,28708.4091,2392.367425,0.25,8318.74001,8318.74,99824.88,6070.0,93754.88,43167.49,40179.51,3348.29,4970.45001,11961.837125,3643.097115,6991.387115,1.4379385712642356,2.4065903691675223,21.89810000000034,19.036017999998876,8.856017999999494,27.37262499999997,8.336607000000186,18.516607000000477,0.8692999849301346,0.4044194701823152,1.2499999999999791,0.3807000150698031,0.8455805298176641
Belgium,BE,2026-04,2026-04-01,belgium__standard_private_sector,Belgique · secteur privé standard,Belgium · standard private sector,4.38,9591.3678,0.1307,0.25,1253.591771,2397.84195,719.352585,340.493557,110.30073,83.4449,849.795187,364.471976,225.397143,140.03397,95.913678,28.774103,693.455892,0.0,0.0,0.0,0.0,28774.1034,2397.84195,0.25,8337.776029,8337.78,100053.36,6070.0,93983.36,43289.73,40301.75,3358.48,4979.296029,11989.20975,3651.433721,7009.913721,1.4379385712642356,2.407812205034816,21.89810000000034,19.036019000001033,8.846019000000524,27.37262499999997,8.336605999999847,18.526605999999447,0.8693000305962955,0.40396285522490016,1.2499999999999791,0.3806999694037253,0.8460371447750791
Belgium,BE,2026-04,2026-04-01,belgium__standard_private_sector,Belgique · secteur privé standard,Belgium · standard private sector,4.39,9613.2659,0.1307,0.25,1256.453853,2403.316475,720.994943,341.270939,110.552558,83.635413,851.735359,365.304104,225.911749,140.353682,96.132659,28.839798,695.039125,0.0,0.0,0.0,0.0,28839.7977,2403.316475,0.25,8356.812047,8356.82,100281.84,6070.0,94211.84,43411.96,40423.98,3368.67,4988.142047,12016.582375,3659.770328,7028.440328,1.4379385712642356,2.409029707271521,21.89810000000034,19.036017999998876,8.846018000000186,27.37262499999997,8.336607000000186,18.526606999999785,0.8692999849301346,0.40396280955882236,1.2499999999999791,0.3807000150698031,0.8460371904411569
Belgium,BE,2026-04,2026-04-01,belgium__standard_private_sector,Belgique · secteur privé standard,Belgium · standard private sector,4.4,9635.164,0.1307,0.25,1259.315935,2408.791,722.6373,342.048322,110.804386,83.825927,853.67553,366.136232,226.426354,140.673394,96.35164,28.905492,696.622357,0.0,0.0,0.0,0.0,28905.492,2408.791,0.25,8375.848065,8375.84,100510.08,6070.0,94440.08,43534.07,40546.09,3378.84,4997.008065,12043.955,3668.106935,7046.946935,1.4379385712642359,2.4102332521486445,21.89810000000034,19.036018000000695,8.866017999999713,27.37262499999997,8.33660699999973,18.50660700000026,0.8692999849302177,0.4048761308058496,1.2499999999999791,0.38070001506978235,0.8451238691941296
Belgium,BE,2026-04,2026-04-01,belgium__standard_private_sector,Belgique · secteur privé standard,Belgium · standard private sector,4.41,9657.0621,0.1307,0.25,1262.178016,2414.265525,724.279658,342.825705,111.056214,84.01644,855.615702,366.96836,226.940959,140.993107,96.570621,28.971186,698.20559,0.0,0.0,0.0,0.0,28971.1863,2414.265525,0.25,8394.884084,8394.88,100738.56,6070.0,94668.56,43656.31,40668.33,3389.03,5005.854084,12071.327625,3676.443541,7065.473541,1.4379385712642354,2.4114421682238905,21.89809999999852,19.036018999999214,8.846018999999615,27.37262499999997,8.336606000000302,18.526606000000356,0.8693000305962846,0.4039628552248922,1.250000000000083,0.3806999694037777,0.8460371447751909
Belgium,BE,2026-04,2026-04-01,belgium__standard_private_sector,Belgique · secteur privé standard,Belgium · standard private sector,4.42,9678.9602,0.1307,0.25,1265.040098,2419.74005,725.922015,343.603087,111.308042,84.206954,857.555874,367.800488,227.455565,141.312819,96.789602,29.036881,699.788822,0.0,0.0,0.0,0.0,29036.8806,2419.74005,0.25,8413.920102,8413.92,100967.04,6070.0,94897.04,43778.55,40790.57,3399.21,5014.710102,12098.70025,3684.780148,7083.990148,1.4379385712642356,2.412642008061939,21.89810000000034,19.036018000000695,8.856018000000404,27.37262499999997,8.33660699999973,18.516606999999567,0.8692999849302177,0.40441947018235674,1.2499999999999791,0.38070001506978235,0.8455805298176224
Belgium,BE,2026-04,2026-04-01,belgium__standard_private_sector,Belgique · secteur privé standard,Belgium · standard private sector,4.43,9700.8583,0.1307,0.25,1267.90218,2425.214575,727.564373,344.38047,111.55987,84.397467,859.496045,368.632615,227.97017,141.632531,97.008583,29.102575,701.372055,0.0,0.0,0.0,0.0,29102.5749,2425.214575,0.25,8432.95612,8432.96,101195.52,6070.0,95125.52,43900.78,40912.8,3409.4,5023.55612,12126.072875,3693.116755,7102.516755,1.4379385712642356,2.413842422554915,21.89810000000034,19.036018000000695,8.846018000000186,27.37262499999997,8.336607000000186,18.526606999999785,0.8692999849302177,0.40396280955882236,1.2499999999999791,0.3807000150698031,0.8460371904411569
Belgium,BE,2026-04,2026-04-01,belgium__standard_private_sector,Belgique · secteur privé standard,Belgium · standard private sector,4.44,9722.7564,0.1307,0.25,1270.764261,2430.6891,729.20673,345.157852,111.811699,84.587981,861.436217,369.464743,228.484775,141.952243,97.227564,29.168269,702.955288,0.0,0.0,0.0,0.0,29168.2692,2430.6891,0.25,8451.992139,8452.0,101424.0,6070.0,95354.0,44023.02,41035.04,3419.59,5032.402139,12153.4455,3701.453361,7121.043361,1.4379385712642356,2.415038616841193,21.89810000000034,19.036018999999214,8.846018999999615,27.37262499999997,8.336605999999847,18.526606000000356,0.8693000305962124,0.40396285522485864,1.2499999999999791,0.3806999694037253,0.8460371447751206
Belgium,BE,2026-04,2026-04-01,belgium__standard_private_sector,Belgique · secteur privé standard,Belgium · standard private sector,4.45,9744.6545,0.1307,0.25,1273.626343,2436.163625,730.849088,345.935235,112.063527,84.778494,863.376389,370.296871,228.999381,142.271956,97.446545,29.233964,704.53852,0.0,0.0,0.0,0.0,29233.9635,2436.163625,0.25,8471.028157,8471.02,101652.24,6070.0,95582.24,44145.13,41157.15,3429.76,5041.268157,12180.818125,3709.789968,7139.549968,1.4379385712642359,2.41622102733196,21.89810000000034,19.036018000000695,8.866018000000622,27.37262499999997,8.336607000000186,18.50660700000026,0.8692999849302177,0.40487613080589113,1.2499999999999791,0.3807000150698031,0.8451238691941296
Belgium,BE,2026-04,2026-04-01,belgium__standard_private_sector,Belgique · secteur privé standard,Belgium · standard private sector,4.46,9766.5526,0.1307,0.25,1276.488425,2441.63815,732.491445,346.712617,112.315355,84.969008,865.31656,371.128999,229.513986,142.591668,97.665526,29.299658,706.121753,0.0,0.0,0.0,0.0,29299.6578,2441.63815,0.25,8490.064175,8490.06,101880.72,6070.0,95810.72,44267.37,41279.39,3439.95,5050.114175,12208.19075,3718.126575,7158.076575,1.4379385712642354,2.4174088597838215,21.89810000000034,19.036017999998876,8.846017999999276,27.37262499999997,8.33660699999973,18.526606999999785,0.8692999849301346,0.40396280955878083,1.2499999999999791,0.38070001506978235,0.8460371904411569
Belgium,BE,2026-04,2026-04-01,belgium__standard_private_sector,Belgique · secteur privé standard,Belgium · standard private sector,4.47,9788.4507,0.1307,0.25,1279.350506,2447.112675,734.133803,347.49,112.567183,85.159521,867.256732,371.961127,230.028591,142.91138,97.884507,29.365352,707.704986,0.0,0.0,0.0,0.0,29365.3521,2447.112675,0.25,8509.100194,8509.1,102109.2,6070.0,96039.2,44389.6,41401.62,3450.14,5058.960194,12235.563375,3726.463181,7176.603181,1.4379385712642356,2.41859253818535,21.89809999999852,19.036019000001033,8.846019000000524,27.37262499999997,8.336606000000302,18.526606000000356,0.8693000305963676,0.40396285522493375,1.250000000000083,0.3806999694037777,0.8460371447751909
Belgium,BE,2026-04,2026-04-01,belgium__standard_private_sector,Belgique · secteur privé standard,Belgium · standard private sector,4.48,9810.3488,0.1307,0.25,1282.212588,2452.5872,735.77616,348.267382,112.819011,85.350035,869.196904,372.793254,230.543197,143.231092,98.103488,29.431046,709.288218,0.0,0.0,0.0,0.0,29431.0464,2452.5872,0.25,8528.136212,8528.14,102337.68,6070.0,96267.68,44511.84,41523.86,3460.32,5067.816212,12262.936,3734.799788,7195.119788,1.4379385712642356,2.419767309506993,21.89810000000034,19.036017999998876,8.856017999999494,27.37262499999997,8.33660699999973,18.516606999999567,0.8692999849301346,0.4044194701823152,1.2499999999999791,0.38070001506978235,0.8455805298176224
Belgium,BE,2026-04,2026-04-01,belgium__standard_private_sector,Belgique · secteur privé standard,Belgium · standard private sector,4.49,9832.2469,0.1307,0.25,1285.07467,2458.061725,737.418518,349.044765,113.070839,85.540548,871.137075,373.625382,231.057802,143.550805,98.322469,29.496741,710.871451,0.0,0.0,0.0,0.0,29496.7407,2458.061725,0.25,8547.17223,8547.18,102566.16,6070.0,96496.16,44634.08,41646.1,3470.51,5076.66223,12290.308625,3743.136395,7213.646395,1.4379385712642356,2.4209427509201142,21.89810000000034,19.036018000000695,8.846018000000186,27.37262499999997,8.336607000000186,18.526606999999785,0.8692999849302177,0.40396280955882236,1.2499999999999791,0.3807000150698031,0.8460371904411569
Belgium,BE,2026-04,2026-04-01,belgium__standard_private_sector,Belgique · secteur privé standard,Belgium · standard private sector,4.5,9854.145,0.1307,0.25,1287.936752,2463.53625,739.060875,349.822148,113.322668,85.731062,873.077247,374.45751,231.572408,143.870517,98.54145,29.562435,712.454684,0.0,0.0,0.0,0.0,29562.435,2463.53625,0.25,8566.208249,8566.21,102794.52,6070.0,96724.52,44756.25,41768.27,3480.69,5085.518249,12317.68125,3751.473002,7232.163002,1.4379385712642356,2.4221093403082694,21.89810000000034,19.036018999999214,8.856018999999833,27.37262499999997,8.336607000000186,18.516607000000477,0.8693000305962124,0.40441951584839303,1.2499999999999791,0.3807000150698031,0.8455805298176641
Belgium,BE,2026-04,2026-04-01,belgium__standard_private_sector,Belgique · secteur privé standard,Belgium · standard private sector,4.51,9876.0431,0.1307,0.25,1290.798833,2469.010775,740.703233,350.59953,113.574496,85.921575,875.017419,375.289638,232.087013,144.190229,98.760431,29.628129,714.037916,0.0,0.0,0.0,0.0,29628.1293,2469.010775,0.25,8585.244267,8585.24,103022.88,6070.0,96952.88,44878.42,41890.44,3490.87,5094.374267,12345.053875,3759.809608,7250.679608,1.4379385712642354,2.4232718737176278,21.89810000000034,19.036018000000695,8.856018000000404,27.37262499999997,8.336605999999847,18.516606000000138,0.8692999849302177,0.40441947018235674,1.2499999999999791,0.3806999694037253,0.8455804841515863
Belgium,BE,2026-04,2026-04-01,belgium__standard_private_sector,Belgique · secteur privé standard,Belgium · standard private sector,4.52,9897.9412,0.1307,0.25,1293.660915,2474.4853,742.34559,351.376913,113.826324,86.112088,876.95759,376.121766,232.601618,144.509942,98.979412,29.693824,715.621149,0.0,0.0,0.0,0.0,29693.8236,2474.4853,0.25,8604.280285,8604.28,103251.36,6070.0,97181.36,45000.66,42012.68,3501.06,5103.220285,12372.4265,3768.146215,7269.206215,1.4379385712642356,2.424435123049385,21.89809999999852,19.036018000000695,8.846018000000186,27.37262499999997,8.336607000000186,18.526606999999785,0.8692999849302898,0.40396280955885594,1.250000000000083,0.38070001506983475,0.8460371904412272
Belgium,BE,2026-04,2026-04-01,belgium__standard_private_sector,Belgique · secteur privé standard,Belgium · standard private sector,4.53,9919.8393,0.1307,0.25,1296.522997,2479.959825,743.987948,352.154295,114.078152,86.302602,878.897762,376.953893,233.116224,144.829654,99.198393,29.759518,717.204381,0.0,0.0,0.0,0.0,29759.5179,2479.959825,0.25,8623.316303,8623.32,103479.84,6070.0,97409.84,45122.89,42134.91,3511.24,5112.076303,12399.799125,3776.482822,7287.722822,1.4379385712642356,2.4255896017308456,21.89810000000034,19.036017999998876,8.856017999999494,27.37262499999997,8.33660699999973,18.516606999999567,0.8692999849301346,0.4044194701823152,1.2499999999999791,0.38070001506978235,0.8455805298176224
Belgium,BE,2026-04,2026-04-01,belgium__standard_private_sector,Belgique · secteur privé standard,Belgium · standard private sector,4.54,9941.7374,0.1307,0.25,1299.385078,2485.43435,745.630305,352.931678,114.32998,86.493115,880.837934,377.786021,233.630829,145.149366,99.417374,29.825212,718.787614,0.0,0.0,0.0,0.0,29825.2122,2485.43435,0.25,8642.352322,8642.35,103708.2,6070.0,97638.2,45245.07,42257.09,3521.42,5120.932322,12427.17175,3784.819428,7306.239428,1.4379385712642356,2.426740087356463,21.89810000000034,19.036019000001033,8.856018999999833,27.37262499999997,8.336605999999847,18.516606000000138,0.8693000305962955,0.40441951584839303,1.2499999999999791,0.3806999694037253,0.8455804841515863
Belgium,BE,2026-04,2026-04-01,belgium__standard_private_sector,Belgique · secteur privé standard,Belgium · standard private sector,4.55,9963.6355,0.1307,0.25,1302.24716,2490.908875,747.272663,353.70906,114.581808,86.683629,882.778105,378.618149,234.145434,145.469078,99.636355,29.890907,720.370847,0.0,0.0,0.0,0.0,29890.9065,2490.908875,0.25,8661.38834,8661.39,103936.68,6070.0,97866.68,45367.3,42379.32,3531.61,5129.77834,12454.544375,3793.156035,7324.766035,1.4379385712642354,2.4278913335338808,21.89810000000034,19.036017999998876,8.846018000000186,27.37262499999997,8.336607000000186,18.526606999999785,0.8692999849301346,0.40396280955882236,1.2499999999999791,0.3807000150698031,0.8460371904411569
Belgium,BE,2026-04,2026-04-01,belgium__standard_private_sector,Belgique · secteur privé standard,Belgium · standard private sector,4.56,9985.5336,0.1307,0.25,1305.109242,2496.3834,748.91502,354.486443,114.833636,86.874142,884.718277,379.450277,234.66004,145.788791,99.855336,29.956601,721.954079,0.0,0.0,0.0,0.0,29956.6008,2496.3834,0.25,8680.424358,8680.42,104165.04,6070.0,98095.04,45489.48,42501.5,3541.79,5138.634358,12481.917,3801.492642,7343.282642,1.4379385712642356,2.4290338890140712,21.89810000000034,19.036018000000695,8.856018000000404,27.37262499999997,8.336607000000186,18.516607000000477,0.8692999849302177,0.40441947018235674,1.2499999999999791,0.3807000150698031,0.8455805298176641
Belgium,BE,2026-04,2026-04-01,belgium__standard_private_sector,Belgique · secteur privé standard,Belgium · standard private sector,4.57,10007.4317,0.1307,0.25,1307.971323,2501.857925,750.557378,355.263825,115.085465,87.064656,886.658449,380.282405,235.174645,146.108503,100.074317,30.022295,723.537312,0.0,0.0,0.0,0.0,30022.2951,2501.857925,0.25,8699.460377,8699.46,104393.52,6070.0,98323.52,45611.71,42623.73,3551.98,5147.480377,12509.289625,3809.829248,7361.809248,1.4379385712642356,2.4301772341582515,21.89809999999852,19.036018999999214,8.846018999999615,27.37262499999997,8.336605999999847,18.526605999999447,0.8693000305962846,0.4039628552248922,1.250000000000083,0.38069996940375694,0.8460371447751494
Belgium,BE,2026-04,2026-04-01,belgium__standard_private_sector,Belgique · secteur privé standard,Belgium · standard private sector,4.58,10029.3298,0.1307,0.25,1310.833405,2507.33245,752.199735,356.041208,115.337293,87.255169,888.59862,381.114532,235.68925,146.428215,100.293298,30.087989,725.120545,0.0,0.0,0.0,0.0,30087.9894,2507.33245,0.25,8718.496395,8718.5,104622.0,6070.0,98552.0,45733.95,42745.97,3562.16,5156.336395,12536.66225,3818.165855,7380.325855,1.4379385712642359,2.431311941132502,21.89810000000034,19.036018000000695,8.856018000000404,27.37262499999997,8.336607000000186,18.516607000000477,0.8692999849302177,0.40441947018235674,1.2499999999999791,0.3807000150698031,0.8455805298176641
Belgium,BE,2026-04,2026-04-01,belgium__standard_private_sector,Belgique · secteur privé standard,Belgium · standard private sector,4.59,10051.2279,0.1307,0.25,1313.695487,2512.806975,753.842093,356.81859,115.589121,87.445683,890.538792,381.94666,236.203856,146.747927,100.512279,30.153684,726.703777,0.0,0.0,0.0,0.0,30153.6837,2512.806975,0.25,8737.532413,8737.53,104850.36,6070.0,98780.36,45856.12,42868.14,3572.35,5165.182413,12564.034875,3826.502462,7398.852462,1.4379385712642354,2.432447466373101,21.89810000000034,19.036018000000695,8.846018000000186,27.37262499999997,8.33660699999973,18.526606999999785,0.8692999849302177,0.40396280955882236,1.2499999999999791,0.38070001506978235,0.8460371904411569
Belgium,BE,2026-04,2026-04-01,belgium__standard_private_sector,Belgique · secteur privé standard,Belgium · standard private sector,4.6,10073.126,0.1307,0.25,1316.557568,2518.2815,755.48445,357.595973,115.840949,87.636196,892.478964,382.778788,236.718461,147.06764,100.73126,30.219378,728.28701,0.0,0.0,0.0,0.0,30219.378,2518.2815,0.25,8756.568432,8756.57,105078.84,6070.0,99008.84,45978.36,42990.38,3582.53,5174.038432,12591.4075,3834.839068,7417.369068,1.4379385712642356,2.4335744053643547,21.89810000000034,19.036018999999214,8.856018999999833,27.37262499999997,8.336606000000302,18.516606000000138,0.8693000305962124,0.40441951584839303,1.2499999999999791,0.38069996940374606,0.8455804841515863
Belgium,BE,2026-04,2026-04-01,belgium__standard_private_sector,Belgique · secteur privé standard,Belgium · standard private sector,4.61,10095.0241,0.1307,0.25,1319.41965,2523.756025,757.126808,358.373356,116.092777,87.82671,894.419135,383.610916,237.233066,147.387352,100.950241,30.285072,729.870242,0.0,0.0,0.0,0.0,30285.0723,2523.756025,0.25,8775.60445,8775.6,105307.2,6070.0,99237.2,46100.53,43112.55,3592.71,5182.89445,12618.780125,3843.175675,7435.885675,1.4379385712642356,2.434697493151436,21.89810000000034,19.036018000000695,8.856017999999494,27.37262499999997,8.33660699999973,18.516607000000477,0.8692999849302177,0.4044194701823152,1.2499999999999791,0.38070001506978235,0.8455805298176641
Belgium,BE,2026-04,2026-04-01,belgium__standard_private_sector,Belgique · secteur privé standard,Belgium · standard private sector,4.62,10116.9222,0.1307,0.25,1322.281732,2529.23055,758.769165,359.150738,116.344605,88.017223,896.359307,384.443044,237.747672,147.707064,101.169222,30.350767,731.453475,0.0,0.0,0.0,0.0,30350.7666,2529.23055,0.25,8794.640468,8794.64,105535.68,6070.0,99465.68,46222.77,43234.79,3602.9,5191.740468,12646.15275,3851.512282,7454.412282,1.4379385712642356,2.4358214411575094,21.89810000000034,19.036017999998876,8.846018000000186,27.37262499999997,8.336607000000186,18.526606999999785,0.8692999849301346,0.40396280955882236,1.2499999999999791,0.3807000150698031,0.8460371904411569
Belgium,BE,2026-04,2026-04-01,belgium__standard_private_sector,Belgique · secteur privé standard,Belgium · standard private sector,4.63,10138.8203,0.1307,0.25,1325.143813,2534.705075,760.411523,359.928121,116.596433,88.207737,898.299479,385.275171,238.262277,148.026776,101.388203,30.416461,733.036708,0.0,0.0,0.0,0.0,30416.4609,2534.705075,0.25,8813.676487,8813.68,105764.16,6070.0,99694.16,46345.01,43357.03,3613.09,5200.586487,12673.525375,3859.848888,7472.938888,1.4379385712642354,2.4369415655699598,21.89809999999852,19.036019000001033,8.846018999999615,27.37262499999997,8.336605999999847,18.526605999999447,0.8693000305963676,0.4039628552248922,1.250000000000083,0.38069996940375694,0.8460371447751494
Belgium,BE,2026-04,2026-04-01,belgium__standard_private_sector,Belgique · secteur privé standard,Belgium · standard private sector,4.64,10160.7184,0.1307,0.25,1328.005895,2540.1796,762.05388,360.705503,116.848262,88.39825,900.23965,386.107299,238.776882,148.346489,101.607184,30.482155,734.61994,0.0,0.0,0.0,0.0,30482.1552,2540.1796,0.25,8832.712505,8832.71,105992.52,6070.0,99922.52,46467.18,43479.2,3623.27,5209.442505,12700.898,3868.185495,7491.455495,1.4379385712642354,2.4380532057925905,21.89810000000034,19.036017999998876,8.856018000000404,27.37262499999997,8.336607000000186,18.516607000000477,0.8692999849301346,0.40441947018235674,1.2499999999999791,0.3807000150698031,0.8455805298176641
Belgium,BE,2026-04,2026-04-01,belgium__standard_private_sector,Belgique · secteur privé standard,Belgium · standard private sector,4.65,10182.6165,0.1307,0.25,1330.867977,2545.654125,763.696238,361.482886,117.10009,88.588764,902.179822,386.939427,239.291488,148.666201,101.826165,30.54785,736.203173,0.0,0.0,0.0,0.0,30547.8495,2545.654125,0.25,8851.748523,8851.75,106221.0,6070.0,100151.0,46589.42,43601.44,3633.45,5218.298523,12728.270625,3876.522102,7509.972102,1.4379385712642356,2.4391610728672717,21.89810000000034,19.036018000000695,8.856018000000404,27.37262499999997,8.33660699999973,18.516606999999567,0.8692999849302177,0.40441947018235674,1.2499999999999791,0.38070001506978235,0.8455805298176224
Belgium,BE,2026-04,2026-04-01,belgium__standard_private_sector,Belgique · secteur privé standard,Belgium · standard private sector,4.66,10204.5146,0.1307,0.25,1333.730058,2551.12865,765.338595,362.260268,117.351918,88.779277,904.119994,387.771555,239.806093,148.985913,102.045146,30.613544,737.786406,0.0,0.0,0.0,0.0,30613.5438,2551.12865,0.25,8870.784542,8870.78,106449.36,6070.0,100379.36,46711.59,43723.61,3643.63,5227.154542,12755.64325,3884.858708,7528.488708,1.4379385712642356,2.440265185971779,21.89810000000034,19.036018999999214,8.856018999999833,27.37262499999997,8.336606000000302,18.516606000000138,0.8693000305962124,0.40441951584839303,1.2499999999999791,0.38069996940374606,0.8455804841515863
Belgium,BE,2026-04,2026-04-01,belgium__standard_private_sector,Belgique · secteur privé standard,Belgium · standard private sector,4.67,10226.4127,0.1307,0.25,1336.59214,2556.603175,766.980953,363.037651,117.603746,88.96979,906.060165,388.603683,240.320698,149.305625,102.264127,30.679238,739.369638,0.0,0.0,0.0,0.0,30679.2381,2556.603175,0.25,8889.82056,8889.82,106677.84,6070.0,100607.84,46833.82,43845.84,3653.82,5236.00056,12783.015875,3893.195315,7547.015315,1.4379385712642359,2.4413702268075106,21.89810000000034,19.036018000000695,8.846018000000186,27.37262499999997,8.33660699999973,18.526606999999785,0.8692999849302177,0.40396280955882236,1.2499999999999791,0.38070001506978235,0.8460371904411569
Belgium,BE,2026-04,2026-04-01,belgium__standard_private_sector,Belgique · secteur privé standard,Belgium · standard private sector,4.68,10248.3108,0.1307,0.25,1339.454222,2562.0777,768.62331,363.815033,117.855574,89.160304,908.000337,389.43581,240.835304,149.625338,102.483108,30.744932,740.952871,0.0,0.0,0.0,0.0,30744.9324,2562.0777,0.25,8908.856578,8908.86,106906.32,6070.0,100836.32,46956.06,43968.08,3664.01,5244.846578,12810.3885,3901.531922,7565.541922,1.4379385712642356,2.4424715400941728,21.89809999999852,19.036018000000695,8.846017999999276,27.37262499999997,8.336607000000186,18.526607000000695,0.8692999849302898,0.40396280955881436,1.250000000000083,0.38070001506983475,0.8460371904412687
Belgium,BE,2026-04,2026-04-01,belgium__standard_private_sector,Belgique · secteur privé standard,Belgium · standard private sector,4.69,10270.2089,0.1307,0.25,1342.316303,2567.552225,770.265668,364.592416,118.107402,89.350817,909.940509,390.267938,241.349909,149.94505,102.702089,30.810627,742.536103,0.0,0.0,0.0,0.0,30810.6267,2567.552225,0.25,8927.892597,8927.89,107134.68,6070.0,101064.68,47078.23,44090.25,3674.19,5253.702597,12837.761125,3909.868528,7584.058528,1.4379385712642354,2.4435644935236174,21.89810000000034,19.036018999999214,8.856019000000742,27.37262500000179,8.336605999999847,18.51660599999923,0.8693000305962124,0.40441951584843455,1.2500000000000624,0.3806999694037253,0.8455804841515446
Belgium,BE,2026-04,2026-04-01,belgium__standard_private_sector,Belgique · secteur privé standard,Belgium · standard private sector,4.7,10292.107,0.1307,0.25,1345.178385,2573.02675,771.908025,365.369799,118.359231,89.541331,911.88068,391.100066,241.864515,150.264762,102.92107,30.876321,744.119336,0.0,0.0,0.0,0.0,30876.321,2573.02675,0.25,8946.928615,8946.93,107363.16,6070.0,101293.16,47200.47,44212.49,3684.37,5262.558615,12865.13375,3918.205135,7602.575135,1.4379385712642359,2.444653768432285,21.89810000000034,19.036018000000695,8.856017999999494,27.37262499999997,8.336607000000186,18.516607000000477,0.8692999849302177,0.4044194701823152,1.2499999999999791,0.3807000150698031,0.8455805298176641
Belgium,BE,2026-04,2026-04-01,belgium__standard_private_sector,Belgique · secteur privé standard,Belgium · standard private sector,4.71,10314.0051,0.1307,0.25,1348.040467,2578.501275,773.550383,366.147181,118.611059,89.731844,913.820852,391.932194,242.37912,150.584474,103.140051,30.942015,745.702569,0.0,0.0,0.0,0.0,30942.0153,2578.501275,0.25,8965.964633,8965.97,107591.64,6070.0,101521.64,47322.71,44334.73,3694.56,5271.404633,12892.506375,3926.541742,7621.101742,1.4379385712642359,2.4457440229950813,21.89810000000034,19.036017999998876,8.846018000000186,27.37262499999997,8.33660699999973,18.526606999999785,0.8692999849301346,0.40396280955882236,1.2499999999999791,0.38070001506978235,0.8460371904411569
Belgium,BE,2026-04,2026-04-01,belgium__standard_private_sector,Belgique · secteur privé standard,Belgium · standard private sector,4.72,10335.9032,0.1307,0.25,1350.902548,2583.9758,775.19274,366.924564,118.862887,89.922358,915.761024,392.764322,242.893725,150.904187,103.359032,31.00771,747.285801,0.0,0.0,0.0,0.0,31007.7096,2583.9758,0.25,8985.000652,8985.0,107820.0,6070.0,101750.0,47444.88,44456.9,3704.74,5280.260652,12919.879,3934.878348,7639.618348,1.4379385712642356,2.446825990624835,21.89810000000034,19.036019000001033,8.856018999999833,27.37262499999997,8.336606000000302,18.516606000000138,0.8693000305962955,0.40441951584839303,1.2499999999999791,0.38069996940374606,0.8455804841515863
Belgium,BE,2026-04,2026-04-01,belgium__standard_private_sector,Belgique · secteur privé standard,Belgium · standard private sector,4.73,10357.8013,0.1307,0.25,1353.76463,2589.450325,776.835098,367.701946,119.114715,90.112871,917.701195,393.596449,243.408331,151.223899,103.578013,31.073404,748.869034,0.0,0.0,0.0,0.0,31073.4039,2589.450325,0.25,9004.03667,9004.04,108048.48,6070.0,101978.48,47567.12,44579.14,3714.93,5289.10667,12947.251625,3943.214955,7658.144955,1.4379385712642354,2.4479089631935307,21.89809999999852,19.036017999998876,8.846018000000186,27.37262499999997,8.33660699999973,18.526606999999785,0.8692999849302068,0.40396280955885594,1.250000000000083,0.380700015069814,0.8460371904412272
Belgium,BE,2026-04,2026-04-01,belgium__standard_private_sector,Belgique · secteur privé standard,Belgium · standard private sector,4.74,10379.6994,0.1307,0.25,1356.626712,2594.92485,778.477455,368.479329,119.366543,90.303385,919.641367,394.428577,243.922936,151.543611,103.796994,31.139098,750.452267,0.0,0.0,0.0,0.0,31139.0982,2594.92485,0.25,9023.072688,9023.07,108276.84,6070.0,102206.84,47689.29,44701.31,3725.11,5297.962688,12974.62425,3951.551562,7676.661562,1.4379385712642356,2.448983696763141,21.89810000000034,19.036018000000695,8.856017999999494,27.37262499999997,8.336607000000186,18.516607000000477,0.8692999849302177,0.4044194701823152,1.2499999999999791,0.3807000150698031,0.8455805298176641
Belgium,BE,2026-04,2026-04-01,belgium__standard_private_sector,Belgique · secteur privé standard,Belgium · standard private sector,4.75,10401.5975,0.1307,0.25,1359.488793,2600.399375,780.119813,369.256711,119.618371,90.493898,921.581539,395.260705,244.437541,151.863324,104.015975,31.204793,752.035499,0.0,0.0,0.0,0.0,31204.7925,2600.399375,0.25,9042.108707,9042.11,108505.32,6070.0,102435.32,47811.53,44823.55,3735.3,5306.808707,13001.996875,3959.888168,7695.188168,1.4379385712642359,2.4500594601162278,21.89810000000034,19.036018999999214,8.846019000000524,27.37262499999997,8.336605999999847,18.526605999999447,0.8693000305962124,0.40396285522490016,1.2499999999999791,0.3806999694037253,0.8460371447750791
Belgium,BE,2026-04,2026-04-01,belgium__standard_private_sector,Belgique · secteur privé standard,Belgium · standard private sector,4.76,10423.4956,0.1307,0.25,1362.350875,2605.8739,781.76217,370.034094,119.870199,90.684412,923.52171,396.092833,244.952147,152.183036,104.234956,31.270487,753.618732,0.0,0.0,0.0,0.0,31270.4868,2605.8739,0.25,9061.144725,9061.15,108733.8,6070.0,102663.8,47933.76,44945.78,3745.48,5315.664725,13029.3695,3968.224775,7713.704775,1.4379385712642354,2.4511270318697362,21.89810000000034,19.036018000000695,8.856017999999494,27.37262499999997,8.336607000000186,18.516607000000477,0.8692999849302177,0.4044194701823152,1.2499999999999791,0.3807000150698031,0.8455805298176641
Belgium,BE,2026-04,2026-04-01,belgium__standard_private_sector,Belgique · secteur privé standard,Belgium · standard private sector,4.77,10445.3937,0.1307,0.25,1365.212957,2611.348425,783.404528,370.811476,120.122028,90.874925,925.461882,396.924961,245.466752,152.502748,104.453937,31.336181,755.201965,0.0,0.0,0.0,0.0,31336.1811,2611.348425,0.25,9080.180743,9080.18,108962.16,6070.0,102892.16,48055.94,45067.96,3755.66,5324.520743,13056.742125,3976.561382,7732.221382,1.4379385712642356,2.4521910523421173,21.89810000000034,19.036018000000695,8.856018000000404,27.37262499999997,8.33660699999973,18.516606999999567,0.8692999849302177,0.40441947018235674,1.2499999999999791,0.38070001506978235,0.8455805298176224
Belgium,BE,2026-04,2026-04-01,belgium__standard_private_sector,Belgique · secteur privé standard,Belgium · standard private sector,4.78,10467.2918,0.1307,0.25,1368.075038,2616.82295,785.046885,371.588859,120.373856,91.065439,927.402053,397.757088,245.981357,152.82246,104.672918,31.401875,756.785197,0.0,0.0,0.0,0.0,31401.8754,2616.82295,0.25,9099.216762,9099.21,109190.52,6070.0,103120.52,48178.11,45190.13,3765.84,5333.376762,13084.11475,3984.897988,7750.737988,1.4379385712642354,2.4532515392239684,21.89810000000034,19.036018999999214,8.856018999999833,27.37262499999997,8.336606000000302,18.516606000000138,0.8693000305962124,0.40441951584839303,1.2499999999999791,0.38069996940374606,0.8455804841515863
Belgium,BE,2026-04,2026-04-01,belgium__standard_private_sector,Belgique · secteur privé standard,Belgium · standard private sector,4.79,10489.1899,0.1307,0.25,1370.93712,2622.297475,786.689243,372.366241,120.625684,91.255952,929.342225,398.589216,246.495963,153.142173,104.891899,31.46757,758.36843,0.0,0.0,0.0,0.0,31467.5697,2622.297475,0.25,9118.25278,9118.25,109419.0,6070.0,103349.0,48300.35,45312.37,3776.03,5342.22278,13111.487375,3993.234595,7769.264595,1.4379385712642356,2.4543131042596094,21.89809999999852,19.036018000000695,8.846018000000186,27.37262499999997,8.33660699999973,18.526606999999785,0.8692999849302898,0.40396280955885594,1.250000000000083,0.380700015069814,0.8460371904412272
Belgium,BE,2026-04,2026-04-01,belgium__standard_private_sector,Belgique · secteur privé standard,Belgium · standard private sector,4.8,10511.088,0.1307,0.25,1373.799202,2627.772,788.3316,373.143624,120.877512,91.446466,931.282397,399.421344,247.010568,153.461885,105.11088,31.533264,759.951662,0.0,0.0,0.0,0.0,31533.264,2627.772,0.25,9137.288798,9137.29,109647.48,6070.0,103577.48,48422.58,45434.6,3786.22,5351.068798,13138.86,4001.571202,7787.791202,1.4379385712642359,2.4553711594828673,21.89810000000034,19.036017999998876,8.846018000000186,27.37262499999997,8.336607000000186,18.526607000000695,0.8692999849301346,0.40396280955882236,1.2499999999999791,0.3807000150698031,0.8460371904411984
Belgium,BE,2026-04,2026-04-01,belgium__standard_private_sector,Belgique · secteur privé standard,Belgium · standard private sector,4.81,10532.9861,0.1307,0.25,1376.661283,2633.246525,789.973958,373.921007,121.12934,91.636979,933.222568,400.253472,247.525173,153.781597,105.329861,31.598958,761.534895,0.0,0.0,0.0,0.0,31598.9583,2633.246525,0.25,9156.324817,9156.33,109875.96,6070.0,103805.96,48544.82,45556.84,3796.4,5359.924817,13166.232625,4009.907808,7806.307808,1.4379385712642354,2.456421139323461,21.89810000000034,19.036019000001033,8.856018999999833,27.37262499999997,8.336605999999847,18.51660599999923,0.8693000305962955,0.40441951584839303,1.2499999999999791,0.3806999694037253,0.8455804841515446
Belgium,BE,2026-04,2026-04-01,belgium__standard_private_sector,Belgique · secteur privé standard,Belgium · standard private sector,4.82,10554.8842,0.1307,0.25,1379.523365,2638.72105,791.616315,374.698389,121.381168,91.827493,935.16274,401.0856,248.039779,154.101309,105.548842,31.664653,763.118128,0.0,0.0,0.0,0.0,31664.6526,2638.72105,0.25,9175.360835,9175.36,110104.32,6070.0,104034.32,48666.99,45679.01,3806.58,5368.780835,13193.60525,4018.244415,7824.824415,1.4379385712642356,2.457467655196722,21.89810000000034,19.036017999998876,8.856017999999494,27.37262499999997,8.336607000000186,18.516607000000477,0.8692999849301346,0.4044194701823152,1.2499999999999791,0.3807000150698031,0.8455805298176641
Belgium,BE,2026-04,2026-04-01,belgium__standard_private_sector,Belgique · secteur privé standard,Belgium · standard private sector,4.83,10576.7823,0.1307,0.25,1382.385447,2644.195575,793.258673,375.475772,121.632996,92.018006,937.102912,401.917727,248.554384,154.421022,105.767823,31.730347,764.70136,0.0,0.0,0.0,0.0,31730.3469,2644.195575,0.25,9194.396853,9194.39,110332.68,6070.0,104262.68,48789.16,45801.18,3816.77,5377.626853,13220.977875,4026.581022,7843.351022,1.4379385712642356,2.4585152959554333,21.89810000000034,19.036018000000695,8.846018000000186,27.37262499999997,8.33660699999973,18.526606999999785,0.8692999849302177,0.40396280955882236,1.2499999999999791,0.38070001506978235,0.8460371904411569
Belgium,BE,2026-04,2026-04-01,belgium__standard_private_sector,Belgique · secteur privé standard,Belgium · standard private sector,4.84,10598.6804,0.1307,0.25,1385.247528,2649.6701,794.90103,376.253154,121.884825,92.208519,939.043083,402.749855,249.068989,154.740734,105.986804,31.796041,766.284593,0.0,0.0,0.0,0.0,31796.0412,2649.6701,0.25,9213.432872,9213.43,110561.16,6070.0,104491.16,48911.4,45923.42,3826.95,5386.482872,13248.3505,4034.917628,7861.867628,1.4379385712642356,2.4595549295359715,21.89809999999852,19.036018999999214,8.856018999999833,27.37262499999997,8.336606000000302,18.516606000000138,0.8693000305962846,0.4044195158484266,1.250000000000083,0.3806999694037777,0.8455804841516564
Belgium,BE,2026-04,2026-04-01,belgium__standard_private_sector,Belgique · secteur privé standard,Belgium · standard private sector,4.85,10620.5785,0.1307,0.25,1388.10961,2655.144625,796.543388,377.030537,122.136653,92.399033,940.983255,403.581983,249.583595,155.060446,106.205785,31.861736,767.867826,0.0,0.0,0.0,0.0,31861.7355,2655.144625,0.25,9232.46889,9232.47,110789.64,6070.0,104719.64,49033.64,46045.66,3837.14,5395.32889,13275.723125,4043.254235,7880.394235,1.4379385712642356,2.4605957107606407,21.89810000000034,19.036018000000695,8.846018000000186,27.37262499999997,8.33660699999973,18.526606999999785,0.8692999849302177,0.40396280955882236,1.2499999999999791,0.38070001506978235,0.8460371904411569
Belgium,BE,2026-04,2026-04-01,belgium__standard_private_sector,Belgique · secteur privé standard,Belgium · standard private sector,4.86,10642.4766,0.1307,0.25,1390.971692,2660.61915,798.185745,377.807919,122.388481,92.589546,942.923427,404.414111,250.0982,155.380158,106.424766,31.92743,769.451058,0.0,0.0,0.0,0.0,31927.4298,2660.61915,0.25,9251.504908,9251.51,111018.12,6070.0,104948.12,49155.87,46167.89,3847.32,5404.184908,13303.09575,4051.590842,7898.910842,1.4379385712642356,2.461628529655148,21.89810000000034,19.036018000000695,8.856018000000404,27.37262499999997,8.336607000000186,18.516607000000477,0.8692999849302177,0.40441947018235674,1.2499999999999791,0.3807000150698031,0.8455805298176641
Belgium,BE,2026-04,2026-04-01,belgium__standard_private_sector,Belgique · secteur privé standard,Belgium · standard private sector,4.87,10664.3747,0.1307,0.25,1393.833773,2666.093675,799.828103,378.585302,122.640309,92.78006,944.863598,405.246239,250.612805,155.699871,106.643747,31.993124,771.034291,0.0,0.0,0.0,0.0,31993.1241,2666.093675,0.25,9270.540927,9270.54,111246.48,6070.0,105176.48,49278.05,46290.07,3857.51,5413.030927,13330.468375,4059.927448,7917.437448,1.4379385712642356,2.4626625185572624,21.89810000000034,19.036018999999214,8.846018999999615,27.37262499999997,8.336605999999847,18.526605999999447,0.8693000305962124,0.40396285522485864,1.2499999999999791,0.3806999694037253,0.8460371447750791
Belgium,BE,2026-04,2026-04-01,belgium__standard_private_sector,Belgique · secteur privé standard,Belgium · standard private sector,4.88,10686.2728,0.1307,0.25,1396.695855,2671.5682,801.47046,379.362684,122.892137,92.970573,946.80377,406.078366,251.127411,156.019583,106.862728,32.058818,772.617523,0.0,0.0,0.0,0.0,32058.8184,2671.5682,0.25,9289.576945,9289.57,111474.84,6070.0,105404.84,49400.22,46412.24,3867.69,5421.886945,13357.841,4068.264055,7935.954055,1.4379385712642356,2.4636885894900296,21.89810000000034,19.036018000000695,8.856018000000404,27.37262499999997,8.336607000000186,18.516607000000477,0.8692999849302177,0.40441947018235674,1.2499999999999791,0.3807000150698031,0.8455805298176641
Belgium,BE,2026-04,2026-04-01,belgium__standard_private_sector,Belgique · secteur privé standard,Belgium · standard private sector,4.89,10708.1709,0.1307,0.25,1399.557937,2677.042725,803.112818,380.140067,123.143965,93.161087,948.743942,406.910494,251.642016,156.339295,107.081709,32.124513,774.200756,0.0,0.0,0.0,0.0,32124.5127,2677.042725,0.25,9308.612963,9308.61,111703.32,6070.0,105633.32,49522.46,46534.48,3877.87,5430.742963,13385.213625,4076.600662,7954.470662,1.4379385712642356,2.4647113139550845,21.89809999999852,19.036017999998876,8.856017999999494,27.37262499999997,8.33660699999973,18.516606999999567,0.8692999849302068,0.4044194701823488,1.250000000000083,0.380700015069814,0.8455805298176927
Belgium,BE,2026-04,2026-04-01,belgium__standard_private_sector,Belgique · secteur privé standard,Belgium · standard private sector,4.9,10730.069,0.1307,0.25,1402.420018,2682.51725,804.755175,380.91745,123.395794,93.3516,950.684113,407.742622,252.156622,156.659007,107.30069,32.190207,775.783989,0.0,0.0,0.0,0.0,32190.207,2682.51725,0.25,9327.648982,9327.65,111931.8,6070.0,105861.8,49644.69,46656.71,3888.06,5439.588982,13412.58625,4084.937268,7972.997268,1.4379385712642359,2.465735241232923,21.89810000000034,19.036019000001033,8.846019000000524,27.37262499999997,8.336606000000302,18.526606000000356,0.8693000305962955,0.40396285522490016,1.2499999999999791,0.38069996940374606,0.8460371447751206
Belgium,BE,2026-04,2026-04-01,belgium__standard_private_sector,Belgique · secteur privé standard,Belgium · standard private sector,4.91,10751.9671,0.1307,0.25,1405.2821,2687.991775,806.397533,381.694832,123.647622,93.542114,952.624285,408.57475,252.671227,156.97872,107.519671,32.255901,777.367221,0.0,0.0,0.0,0.0,32255.9013,2687.991775,0.25,9346.685,9346.69,112160.28,6070.0,106090.28,49766.93,46778.95,3898.25,5448.435,13439.958875,4093.273875,7991.523875,1.4379385712642356,2.4667558436369337,21.89810000000034,19.036017999998876,8.846018000000186,27.37262499999997,8.33660699999973,18.526606999999785,0.8692999849301346,0.40396280955882236,1.2499999999999791,0.38070001506978235,0.8460371904411569
Belgium,BE,2026-04,2026-04-01,belgium__standard_private_sector,Belgique · secteur privé standard,Belgium · standard private sector,4.92,10773.8652,0.1307,0.25,1408.144182,2693.4663,808.03989,382.472215,123.89945,93.732627,954.564457,409.406878,253.185832,157.298432,107.738652,32.321596,778.950454,0.0,0.0,0.0,0.0,32321.5956,2693.4663,0.25,9365.721018,9365.73,112388.76,6070.0,106318.76,49889.17,46901.19,3908.43,5457.291018,13467.3315,4101.610482,8010.040482,1.4379385712642356,2.4677686153609493,21.89810000000034,19.036018000000695,8.856017999999494,27.37262499999997,8.336607000000186,18.516607000000477,0.8692999849302177,0.4044194701823152,1.2499999999999791,0.3807000150698031,0.8455805298176641
Belgium,BE,2026-04,2026-04-01,belgium__standard_private_sector,Belgique · secteur privé standard,Belgium · standard private sector,4.93,10795.7633,0.1307,0.25,1411.006263,2698.940825,809.682248,383.249597,124.151278,93.923141,956.504628,410.239005,253.700438,157.618144,107.957633,32.38729,780.533687,0.0,0.0,0.0,0.0,32387.2899,2698.940825,0.25,9384.757037,9384.75,112617.0,6070.0,106547.0,50011.28,47023.3,3918.61,5466.147037,13494.704125,4109.947088,8028.557088,1.4379385712642356,2.468778105385848,21.89810000000034,19.036018999999214,8.856018999999833,27.37262499999997,8.336605999999847,18.51660599999923,0.8693000305962124,0.40441951584839303,1.2499999999999791,0.3806999694037253,0.8455804841515446
Belgium,BE,2026-04,2026-04-01,belgium__standard_private_sector,Belgique · secteur privé standard,Belgium · standard private sector,4.94,10817.6614,0.1307,0.25,1413.868345,2704.41535,811.324605,384.02698,124.403106,94.113654,958.4448,411.071133,254.215043,157.937856,108.176614,32.452984,782.116919,0.0,0.0,0.0,0.0,32452.9842,2704.41535,0.25,9403.793055,9403.79,112845.48,6070.0,106775.48,50133.51,47145.53,3928.79,5475.003055,13522.07675,4118.283695,8047.073695,1.4379385712642356,2.4697843296364344,21.89810000000034,19.036018000000695,8.856018000000404,27.37262499999997,8.336607000000186,18.516607000000477,0.8692999849302177,0.40441947018235674,1.2499999999999791,0.3807000150698031,0.8455805298176641
Belgium,BE,2026-04,2026-04-01,belgium__standard_private_sector,Belgique · secteur privé standard,Belgium · standard private sector,4.95,10839.5595,0.1307,0.25,1416.730427,2709.889875,812.966963,384.804362,124.654934,94.304168,960.384972,411.903261,254.729648,158.257569,108.395595,32.518679,783.700152,0.0,0.0,0.0,0.0,32518.6785,2709.889875,0.25,9422.829073,9422.83,113073.96,6070.0,107003.96,50255.75,47267.77,3938.98,5483.849073,13549.449375,4126.620302,8065.600302,1.4379385712642356,2.470791809505955,21.89809999999852,19.036018000000695,8.846018000000186,27.37262499999997,8.336607000000186,18.526606999999785,0.8692999849302898,0.40396280955885594,1.250000000000083,0.38070001506983475,0.8460371904412272
Belgium,BE,2026-04,2026-04-01,belgium__standard_private_sector,Belgique · secteur privé standard,Belgium · standard private sector,4.96,10861.4576,0.1307,0.25,1419.592508,2715.3644,814.60932,385.581745,124.906762,94.494681,962.325143,412.735389,255.244254,158.577281,108.614576,32.584373,785.283384,0.0,0.0,0.0,0.0,32584.3728,2715.3644,0.25,9441.865092,9441.87,113302.44,6070.0,107232.44,50377.99,47390.01,3949.17,5492.695092,13576.822,4134.956908,8084.126908,1.4379385712642356,2.4717960442707523,21.89810000000034,19.036018999999214,8.846018999999615,27.37262499999997,8.336605999999847,18.526606000000356,0.8693000305962124,0.40396285522485864,1.2499999999999791,0.3806999694037253,0.8460371447751206
Belgium,BE,2026-04,2026-04-01,belgium__standard_private_sector,Belgique · secteur privé standard,Belgium · standard private sector,4.97,10883.3557,0.1307,0.25,1422.45459,2720.838925,816.251678,386.359127,125.158591,94.685195,964.265315,413.567517,255.758859,158.896993,108.833557,32.650067,786.866617,0.0,0.0,0.0,0.0,32650.0671,2720.838925,0.25,9460.90111,9460.91,113530.92,6070.0,107460.92,50500.22,47512.24,3959.35,5501.55111,13604.194625,4143.293515,8102.643515,1.4379385712642356,2.4727925548573655,21.89810000000034,19.036018000000695,8.856018000000404,27.37262499999997,8.336607000000186,18.516606999999567,0.8692999849302177,0.40441947018235674,1.2499999999999791,0.3807000150698031,0.8455805298176224
Belgium,BE,2026-04,2026-04-01,belgium__standard_private_sector,Belgique · secteur privé standard,Belgium · standard private sector,4.98,10905.2538,0.1307,0.25,1425.316672,2726.31345,817.894035,387.13651,125.410419,94.875708,966.205487,414.399644,256.273464,159.216705,109.052538,32.715761,788.44985,0.0,0.0,0.0,0.0,32715.7614,2726.31345,0.25,9479.937128,9479.93,113759.16,6070.0,107689.16,50622.33,47634.35,3969.53,5510.407128,13631.56725,4151.630122,8121.160122,1.4379385712642356,2.4737858623717495,21.89810000000034,19.036017999998876,8.856017999999494,27.37262499999997,8.336606999999276,18.516607000000477,0.8692999849301346,0.4044194701823152,1.2499999999999791,0.3807000150697616,0.8455805298176641
Belgium,BE,2026-04,2026-04-01,belgium__standard_private_sector,Belgique · secteur privé standard,Belgium · standard private sector,4.99,10927.1519,0.1307,0.25,1428.178753,2731.787975,819.536393,387.913892,125.662247,95.066222,968.145658,415.231772,256.78807,159.536418,109.271519,32.781456,790.033082,0.0,0.0,0.0,0.0,32781.4557,2731.787975,0.25,9498.973147,9498.97,113987.64,6070.0,107917.64,50744.57,47756.59,3979.72,5519.253147,13658.939875,4159.966728,8139.686728,1.4379385712642356,2.4747804661290123,21.89810000000034,19.036019000001033,8.846019000000524,27.37262499999997,8.336606000000756,18.526605999999447,0.8693000305962955,0.40396285522490016,1.2499999999999791,0.3806999694037668,0.8460371447750791
Belgium,BE,2026-04,2026-04-01,belgium__standard_private_sector,Belgique · secteur privé standard,Belgium · standard private sector,5.0,10949.05,0.1307,0.25,1431.040835,2737.2625,821.17875,388.691275,125.914075,95.256735,970.08583,416.0639,257.302675,159.85613,109.4905,32.84715,791.616315,0.0,0.0,0.0,0.0,32847.15,2737.2625,0.25,9518.009165,9518.01,114216.12,6070.0,108146.12,50866.8,47878.82,3989.9,5528.109165,13686.3125,4168.303335,8158.203335,1.4379385712642356,2.4757674082581183,21.89809999999852,19.036017999998876,8.856017999999494,27.37262499999997,8.336606999999276,18.516607000000477,0.8692999849302068,0.4044194701823488,1.250000000000083,0.38070001506979323,0.8455805298177342
Belgium,BE,2026-04,2026-04-01,belgium__standard_private_sector,Belgique · secteur privé standard,Belgium · standard private sector,5.01,10970.9481,0.1307,0.25,1433.902917,2742.737025,822.821108,389.468658,126.165903,95.447248,972.026002,416.896028,257.81728,160.175842,109.709481,32.912844,793.199548,0.0,0.0,0.0,0.0,32912.8443,2742.737025,0.25,9537.045183,9537.05,114444.6,6070.0,108374.6,50989.04,48001.06,4000.09,5536.955183,13713.685125,4176.639942,8176.729942,1.4379385712642356,2.4767556664152743,21.89810000000034,19.036018000000695,8.846018000000186,27.37262499999997,8.336607000000186,18.526606999999785,0.8692999849302177,0.40396280955882236,1.2499999999999791,0.3807000150698031,0.8460371904411569
Belgium,BE,2026-04,2026-04-01,belgium__standard_private_sector,Belgique · secteur privé standard,Belgium · standard private sector,5.02,10992.8462,0.1307,0.25,1436.764998,2748.21155,824.463465,390.24604,126.417731,95.637762,973.966173,417.728156,258.331886,160.495555,109.928462,32.978539,794.78278,0.0,0.0,0.0,0.0,32978.5386,2748.21155,0.25,9556.081202,9556.09,114673.08,6070.0,108603.08,51111.28,48123.3,4010.28,5545.801202,13741.05775,4184.976548,8195.256548,1.4379385712642359,2.477740771863037,21.89810000000034,19.036018999999214,8.846018999999615,27.37262499999997,8.336605999999847,18.526605999999447,0.8693000305962124,0.40396285522485864,1.2499999999999791,0.3806999694037253,0.8460371447750791
Belgium,BE,2026-04,2026-04-01,belgium__standard_private_sector,Belgique · secteur privé standard,Belgium · standard private sector,5.03,11014.7443,0.1307,0.25,1439.62708,2753.686075,826.105823,391.023423,126.669559,95.828275,975.906345,418.560283,258.846491,160.815267,110.147443,33.044233,796.366013,0.0,0.0,0.0,0.0,33044.2329,2753.686075,0.25,9575.11722,9575.11,114901.32,6070.0,108831.32,51233.39,48245.41,4020.45,5554.66722,13768.430375,4193.313155,8213.763155,1.4379385712642356,2.4787138148349395,21.89810000000034,19.036018000000695,8.866018000000622,27.37262499999997,8.336607000000186,18.506607000001168,0.8692999849302177,0.40487613080589113,1.2499999999999791,0.3807000150698031,0.8451238691941712
Belgium,BE,2026-04,2026-04-01,belgium__standard_private_sector,Belgique · secteur privé standard,Belgium · standard private sector,5.04,11036.6424,0.1307,0.25,1442.489162,2759.1606,827.74818,391.800805,126.921388,96.018789,977.846517,419.392411,259.361096,161.134979,110.366424,33.109927,797.949246,0.0,0.0,0.0,0.0,33109.9272,2759.1606,0.25,9594.153238,9594.15,115129.8,6070.0,109059.8,51355.62,48367.64,4030.64,5563.513238,13795.803,4201.649762,8232.289762,1.4379385712642354,2.479692670627289,21.89810000000034,19.036018000000695,8.846017999999276,27.37262499999997,8.336607000000186,18.526606999999785,0.8692999849302177,0.40396280955878083,1.2499999999999791,0.3807000150698031,0.8460371904411569
Belgium,BE,2026-04,2026-04-01,belgium__standard_private_sector,Belgique · secteur privé standard,Belgium · standard private sector,5.05,11058.5405,0.1307,0.25,1445.351243,2764.635125,829.390538,392.578188,127.173216,96.209302,979.786688,420.224539,259.875702,161.454691,110.585405,33.175622,799.532478,0.0,0.0,0.0,0.0,33175.6215,2764.635125,0.25,9613.189257,9613.19,115358.28,6070.0,109288.28,51477.86,48489.88,4040.82,5572.369257,13823.175625,4209.986368,8250.806368,1.4379385712642356,2.480663966858188,21.89809999999852,19.036018999999214,8.856019000000742,27.37262499999997,8.336605999999847,18.51660599999923,0.8693000305962846,0.40441951584846814,1.250000000000083,0.38069996940375694,0.8455804841516149
Belgium,BE,2026-04,2026-04-01,belgium__standard_private_sector,Belgique · secteur privé standard,Belgium · standard private sector,5.06,11080.4386,0.1307,0.25,1448.213325,2770.10965,831.032895,393.35557,127.425044,96.399816,981.72686,421.056667,260.390307,161.774404,110.804386,33.241316,801.115711,0.0,0.0,0.0,0.0,33241.3158,2770.10965,0.25,9632.225275,9632.23,115586.76,6070.0,109516.76,51600.1,48612.12,4051.01,5581.215275,13850.54825,4218.322975,8269.332975,1.4379385712642356,2.481636627078434,21.89810000000034,19.036018000000695,8.846017999999276,27.37262499999997,8.336607000000186,18.526606999999785,0.8692999849302177,0.40396280955878083,1.2499999999999791,0.3807000150698031,0.8460371904411569
Belgium,BE,2026-04,2026-04-01,belgium__standard_private_sector,Belgique · secteur privé standard,Belgium · standard private sector,5.07,11102.3367,0.1307,0.25,1451.075407,2775.584175,832.675253,394.132953,127.676872,96.590329,983.667032,421.888795,260.904912,162.094116,111.023367,33.30701,802.698943,0.0,0.0,0.0,0.0,33307.0101,2775.584175,0.25,9651.261293,9651.26,115815.12,6070.0,109745.12,51722.27,48734.29,4061.19,5590.071293,13877.920875,4226.659582,8287.849582,1.4379385712642356,2.48260176781799,21.89810000000034,19.036017999998876,8.856018000000404,27.37262499999997,8.336607000000186,18.516607000001386,0.8692999849301346,0.40441947018235674,1.2499999999999791,0.3807000150698031,0.8455805298177056
Belgium,BE,2026-04,2026-04-01,belgium__standard_private_sector,Belgique · secteur privé standard,Belgium · standard private sector,5.08,11124.2348,0.1307,0.25,1453.937488,2781.0587,834.31761,394.910335,127.9287,96.780843,985.607203,422.720922,261.419518,162.413828,111.242348,33.372704,804.282176,0.0,0.0,0.0,0.0,33372.7044,2781.0587,0.25,9670.297312,9670.29,116043.48,6070.0,109973.48,51844.44,48856.46,4071.37,5598.927312,13905.2935,4234.996188,8306.366188,1.4379385712642354,2.4835638553641006,21.89810000000034,19.036019000001033,8.856018999999833,27.37262499999997,8.336605999999847,18.51660599999923,0.8693000305962955,0.40441951584839303,1.2499999999999791,0.3806999694037253,0.8455804841515446
Belgium,BE,2026-04,2026-04-01,belgium__standard_private_sector,Belgique · secteur privé standard,Belgium · standard private sector,5.09,11146.1329,0.1307,0.25,1456.79957,2786.533225,835.959968,395.687718,128.180528,96.971356,987.547375,423.55305,261.934123,162.73354,111.461329,33.438399,805.865409,0.0,0.0,0.0,0.0,33438.3987,2786.533225,0.25,9689.33333,9689.33,116271.96,6070.0,110201.96,51966.68,48978.7,4081.56,5607.77333,13932.666125,4243.332795,8324.892795,1.4379385712642356,2.4845273346800085,21.89810000000034,19.036017999998876,8.846018000000186,27.37262499999997,8.336607000000186,18.526606999999785,0.8692999849301346,0.40396280955882236,1.2499999999999791,0.3807000150698031,0.8460371904411569
Belgium,BE,2026-04,2026-04-01,belgium__standard_private_sector,Belgique · secteur privé standard,Belgium · standard private sector,5.1,11168.031,0.1307,0.25,1459.661652,2792.00775,837.602325,396.465101,128.432357,97.16187,989.487547,424.385178,262.448729,163.053253,111.68031,33.504093,807.448641,0.0,0.0,0.0,0.0,33504.093,2792.00775,0.25,9708.369348,9708.37,116500.44,6070.0,110430.44,52088.92,49100.94,4091.75,5616.619348,13960.03875,4251.669402,8343.419402,1.4379385712642356,2.4854877790899845,21.89810000000034,19.036018000000695,8.846018000000186,27.37262499999997,8.336607000000186,18.526606999999785,0.8692999849302177,0.40396280955882236,1.2499999999999791,0.3807000150698031,0.8460371904411569
Belgium,BE,2026-04,2026-04-01,belgium__standard_private_sector,Belgique · secteur privé standard,Belgium · standard private sector,5.11,11189.9291,0.1307,0.25,1462.523733,2797.482275,839.244683,397.242483,128.684185,97.352383,991.427718,425.217306,262.963334,163.372965,111.899291,33.569787,809.031874,0.0,0.0,0.0,0.0,33569.7873,2797.482275,0.25,9727.405367,9727.41,116728.92,6070.0,110658.92,52211.15,49223.17,4101.93,5625.475367,13987.411375,4260.006008,8361.936008,1.4379385712642356,2.486440782937657,21.89809999999852,19.036018999999214,8.856018999999833,27.37262499999997,8.336605999999847,18.516606000001048,0.8693000305962846,0.4044195158484266,1.250000000000083,0.38069996940375694,0.845580484151698
Belgium,BE,2026-04,2026-04-01,belgium__standard_private_sector,Belgique · secteur privé standard,Belgium · standard private sector,5.12,11211.8272,0.1307,0.25,1465.385815,2802.9568,840.88704,398.019866,128.936013,97.542897,993.36789,426.049434,263.477939,163.692677,112.118272,33.635482,810.615107,0.0,0.0,0.0,0.0,33635.4816,2802.9568,0.25,9746.441385,9746.44,116957.28,6070.0,110887.28,52333.32,49345.34,4112.11,5634.331385,14014.784,4268.342615,8380.452615,1.4379385712642359,2.487390790930466,21.89810000000034,19.036018000000695,8.856018000000404,27.37262499999997,8.336606999999276,18.516606999999567,0.8692999849302177,0.40441947018235674,1.2499999999999791,0.3807000150697616,0.8455805298176224
Belgium,BE,2026-04,2026-04-01,belgium__standard_private_sector,Belgique · secteur privé standard,Belgium · standard private sector,5.13,11233.7253,0.1307,0.25,1468.247897,2808.431325,842.529398,398.797248,129.187841,97.73341,995.308062,426.881561,263.992545,164.012389,112.337253,33.701176,812.198339,0.0,0.0,0.0,0.0,33701.1759,2808.431325,0.25,9765.477403,9765.48,117185.76,6070.0,111115.76,52455.56,49467.58,4122.3,5643.177403,14042.156625,4276.679222,8398.979222,1.4379385712642354,2.4883422266351847,21.89810000000034,19.036018000000695,8.846017999999276,27.37262499999997,8.336607000000186,18.526606999999785,0.8692999849302177,0.40396280955878083,1.2499999999999791,0.3807000150698031,0.8460371904411569
Belgium,BE,2026-04,2026-04-01,belgium__standard_private_sector,Belgique · secteur privé standard,Belgium · standard private sector,5.14,11255.6234,0.1307,0.25,1471.109978,2813.90585,844.171755,399.574631,129.439669,97.923924,997.248233,427.713689,264.50715,164.332102,112.556234,33.76687,813.781572,0.0,0.0,0.0,0.0,33766.8702,2813.90585,0.25,9784.513422,9784.51,117414.12,6070.0,111344.12,52577.73,49589.75,4132.48,5652.033422,14069.52925,4285.015828,8417.495828,1.4379385712642356,2.4892862799044377,21.89810000000034,19.036018999999214,8.856019000000742,27.37262499999997,8.336605999999847,18.51660599999923,0.8693000305962124,0.40441951584843455,1.2499999999999791,0.3806999694037253,0.8455804841515446
Belgium,BE,2026-04,2026-04-01,belgium__standard_private_sector,Belgique · secteur privé standard,Belgium · standard private sector,5.15,11277.5215,0.1307,0.25,1473.97206,2819.380375,845.814113,400.352013,129.691497,98.114437,999.188405,428.545817,265.021755,164.651814,112.775215,33.832565,815.364804,0.0,0.0,0.0,0.0,33832.5645,2819.380375,0.25,9803.54944,9803.55,117642.6,6070.0,111572.6,52699.97,49711.99,4142.67,5660.87944,14096.901875,4293.352435,8436.022435,1.4379385712642356,2.4902317783903403,21.89810000000034,19.036018000000695,8.846017999999276,27.37262499999997,8.336607000000186,18.526607000001604,0.8692999849302177,0.40396280955878083,1.2499999999999791,0.3807000150698031,0.8460371904412399
Belgium,BE,2026-04,2026-04-01,belgium__standard_private_sector,Belgique · secteur privé standard,Belgium · standard private sector,5.16,11299.4196,0.1307,0.25,1476.834142,2824.8549,847.45647,401.129396,129.943325,98.304951,1001.128577,429.377945,265.536361,164.971526,112.994196,33.898259,816.948037,0.0,0.0,0.0,0.0,33898.2588,2824.8549,0.25,9822.585458,9822.59,117871.08,6070.0,111801.08,52822.21,49834.23,4152.85,5669.735458,14124.2745,4301.689042,8454.539042,1.4379385712642359,2.491169932694676,21.89809999999852,19.036017999998876,8.856018000000404,27.37262499999997,8.336607000000186,18.516606999999567,0.8692999849302068,0.40441947018239033,1.250000000000083,0.38070001506983475,0.8455805298176927
Belgium,BE,2026-04,2026-04-01,belgium__standard_private_sector,Belgique · secteur privé standard,Belgium · standard private sector,5.17,11321.3177,0.1307,0.25,1479.696223,2830.329425,849.098828,401.906778,130.195154,98.495464,1003.068748,430.210073,266.050966,165.291238,113.213177,33.963953,818.53127,0.0,0.0,0.0,0.0,33963.9531,2830.329425,0.25,9841.621477,9841.62,118099.44,6070.0,112029.44,52944.38,49956.4,4163.03,5678.591477,14151.647125,4310.025648,8473.055648,1.4379385712642354,2.4921051608115037,21.89810000000034,19.036019000001033,8.856018999999833,27.37262499999997,8.336605999999847,18.51660599999923,0.8693000305962955,0.40441951584839303,1.2499999999999791,0.3806999694037253,0.8455804841515446
Belgium,BE,2026-04,2026-04-01,belgium__standard_private_sector,Belgique · secteur privé standard,Belgium · standard private sector,5.18,11343.2158,0.1307,0.25,1482.558305,2835.80395,850.741185,402.684161,130.446982,98.685977,1005.00892,431.0422,266.565571,165.610951,113.432158,34.029647,820.114502,0.0,0.0,0.0,0.0,34029.6474,2835.80395,0.25,9860.657495,9860.66,118327.92,6070.0,112257.92,53066.62,50078.64,4173.22,5687.437495,14179.01975,4318.362255,8491.582255,1.4379385712642356,2.4930418598208406,21.89810000000034,19.036017999998876,8.846018000000186,27.37262499999997,8.336607000000186,18.526606999999785,0.8692999849301346,0.40396280955882236,1.2499999999999791,0.3807000150698031,0.8460371904411569
Belgium,BE,2026-04,2026-04-01,belgium__standard_private_sector,Belgique · secteur privé standard,Belgium · standard private sector,5.19,11365.1139,0.1307,0.25,1485.420387,2841.278475,852.383543,403.461543,130.69881,98.876491,1006.949092,431.874328,267.080177,165.930663,113.651139,34.095342,821.697735,0.0,0.0,0.0,0.0,34095.3417,2841.278475,0.25,9879.693513,9879.69,118556.28,6070.0,112486.28,53188.79,50200.81,4183.4,5696.293513,14206.392375,4326.698862,8510.098862,1.4379385712642356,2.4939712713021196,21.89810000000034,19.036018000000695,8.856017999999494,27.37262499999997,8.336607000000186,18.516607000001386,0.8692999849302177,0.4044194701823152,1.2499999999999791,0.3807000150698031,0.8455805298177056
Belgium,BE,2026-04,2026-04-01,belgium__standard_private_sector,Belgique · secteur privé standard,Belgium · standard private sector,5.2,11387.012,0.1307,0.25,1488.282468,2846.753,854.0259,404.238926,130.950638,99.067004,1008.889263,432.706456,267.594782,166.250375,113.87012,34.161036,823.280968,0.0,0.0,0.0,0.0,34161.036,2846.753,0.25,9898.729532,9898.73,118784.76,6070.0,112714.76,53311.03,50323.05,4193.59,5705.139532,14233.765,4335.035468,8528.625468,1.4379385712642356,2.494902170430906,21.89810000000034,19.036018999999214,8.846019000000524,27.37262499999997,8.336605999999847,18.526605999999447,0.8693000305962124,0.40396285522490016,1.2499999999999791,0.3806999694037253,0.8460371447750791
Belgium,BE,2026-04,2026-04-01,belgium__standard_private_sector,Belgique · secteur privé standard,Belgium · standard private sector,5.21,11408.9101,0.1307,0.25,1491.14455,2852.227525,855.668258,405.016309,131.202466,99.257518,1010.829435,433.538584,268.109387,166.570087,114.089101,34.22673,824.8642,0.0,0.0,0.0,0.0,34226.7303,2852.227525,0.25,9917.76555,9917.77,119013.24,6070.0,112943.24,53433.26,50445.28,4203.77,5713.99555,14261.137625,4343.372075,8547.142075,1.4379385712642356,2.495825819320897,21.89809999999852,19.036018000000695,8.856017999999494,27.37262499999997,8.336607000000186,18.516606999999567,0.8692999849302898,0.4044194701823488,1.250000000000083,0.38070001506983475,0.8455805298176927
Belgium,BE,2026-04,2026-04-01,belgium__standard_private_sector,Belgique · secteur privé standard,Belgium · standard private sector,5.22,11430.8082,0.1307,0.25,1494.006632,2857.70205,857.310615,405.793691,131.454294,99.448031,1012.769607,434.370712,268.623993,166.8898,114.308082,34.292425,826.447433,0.0,0.0,0.0,0.0,34292.4246,2857.70205,0.25,9936.801568,9936.8,119241.6,6070.0,113171.6,53555.44,50567.46,4213.96,5722.841568,14288.51025,4351.708682,8565.668682,1.4379385712642356,2.4967509723223644,21.89810000000034,19.036018000000695,8.846018000000186,27.37262499999997,8.336607000000186,18.526606999999785,0.8692999849302177,0.40396280955882236,1.2499999999999791,0.3807000150698031,0.8460371904411569
Belgium,BE,2026-04,2026-04-01,belgium__standard_private_sector,Belgique · secteur privé standard,Belgium · standard private sector,5.23,11452.7063,0.1307,0.25,1496.868713,2863.176575,858.952973,406.571074,131.706122,99.638545,1014.709778,435.202839,269.138598,167.209512,114.527063,34.358119,828.030665,0.0,0.0,0.0,0.0,34358.1189,2863.176575,0.25,9955.837587,9955.84,119470.08,6070.0,113400.08,53677.67,50689.69,4224.14,5731.697587,14315.882875,4360.045288,8584.185288,1.4379385712642356,2.4976689119980335,21.89810000000034,19.036018999999214,8.856018999999833,27.37262499999997,8.336605999999847,18.516606000001048,0.8693000305962124,0.40441951584839303,1.2499999999999791,0.3806999694037253,0.8455804841516278
Belgium,BE,2026-04,2026-04-01,belgium__standard_private_sector,Belgique · secteur privé standard,Belgium · standard private sector,5.24,11474.6044,0.1307,0.25,1499.730795,2868.6511,860.59533,407.348456,131.957951,99.829058,1016.64995,436.034967,269.653203,167.529224,114.746044,34.423813,829.613898,0.0,0.0,0.0,0.0,34423.8132,2868.6511,0.25,9974.873605,9974.87,119698.44,6070.0,113628.44,53799.85,50811.87,4234.32,5740.553605,14343.2555,4368.381895,8602.701895,1.4379385712642356,2.498584019441429,21.89810000000034,19.036018000000695,8.856018000000404,27.37262499999997,8.336607000000186,18.516606999999567,0.8692999849302177,0.40441947018235674,1.2499999999999791,0.3807000150698031,0.8455805298176224
Belgium,BE,2026-04,2026-04-01,belgium__standard_private_sector,Belgique · secteur privé standard,Belgium · standard private sector,5.25,11496.5025,0.1307,0.25,1502.592877,2874.125625,862.237688,408.125839,132.209779,100.019572,1018.590122,436.867095,270.167809,167.848937,114.965025,34.489508,831.197131,0.0,0.0,0.0,0.0,34489.5075,2874.125625,0.25,9993.909623,9993.91,119926.92,6070.0,113856.92,53922.08,50934.1,4244.51,5749.399623,14370.628125,4376.718502,8621.228502,1.4379385712642359,2.499500655144341,21.89810000000034,19.036017999998876,8.846018000000186,27.37262499999997,8.336606999999276,18.526606999999785,0.8692999849301346,0.40396280955882236,1.2499999999999791,0.3807000150697616,0.8460371904411569
Belgium,BE,2026-04,2026-04-01,belgium__standard_private_sector,Belgique · secteur privé standard,Belgium · standard private sector,5.26,11518.4006,0.1307,0.25,1505.454958,2879.60015,863.880045,408.903221,132.461607,100.210085,1020.530293,437.699223,270.682414,168.168649,115.184006,34.555202,832.780363,0.0,0.0,0.0,0.0,34555.2018,2879.60015,0.25,10012.945642,10012.95,120155.4,6070.0,114085.4,54044.32,51056.34,4254.7,5758.245642,14398.00075,4385.055108,8639.755108,1.4379385712642356,2.5004144745116057,21.89810000000034,19.036019000001033,8.846018999999615,27.37262499999997,8.336605999999847,18.526605999999447,0.8693000305962955,0.40396285522485864,1.2499999999999791,0.3806999694037253,0.8460371447750791
Belgium,BE,2026-04,2026-04-01,belgium__standard_private_sector,Belgique · secteur privé standard,Belgium · standard private sector,5.27,11540.2987,0.1307,0.25,1508.31704,2885.074675,865.522403,409.680604,132.713435,100.400599,1022.470465,438.531351,271.197019,168.488361,115.402987,34.620896,834.363596,0.0,0.0,0.0,0.0,34620.8961,2885.074675,0.25,10031.98166,10031.98,120383.76,6070.0,114313.76,54166.49,51178.51,4264.88,5767.10166,14425.373375,4393.391715,8658.271715,1.4379385712642356,2.501321153271489,21.89809999999852,19.036017999998876,8.856018000000404,27.37262499999997,8.336607000000186,18.516607000001386,0.8692999849302068,0.40441947018239033,1.250000000000083,0.38070001506983475,0.8455805298177758
Belgium,BE,2026-04,2026-04-01,belgium__standard_private_sector,Belgique · secteur privé standard,Belgium · standard private sector,5.28,11562.1968,0.1307,0.25,1511.179122,2890.5492,867.16476,410.457986,132.965263,100.591112,1024.410636,439.363478,271.711625,168.808073,115.621968,34.68659,835.946829,0.0,0.0,0.0,0.0,34686.5904,2890.5492,0.25,10051.017678,10051.02,120612.24,6070.0,114542.24,54288.73,51300.75,4275.06,5775.957678,14452.746,4401.728322,8676.788322,1.4379385712642356,2.502225051691154,21.89810000000034,19.036018000000695,8.856017999999494,27.37262499999997,8.336607000000186,18.516606999999567,0.8692999849302177,0.4044194701823152,1.2499999999999791,0.3807000150698031,0.8455805298176224
Belgium,BE,2026-04,2026-04-01,belgium__standard_private_sector,Belgique · secteur privé standard,Belgium · standard private sector,5.29,11584.0949,0.1307,0.25,1514.041203,2896.023725,868.807118,411.235369,133.217091,100.781626,1026.350808,440.195606,272.22623,169.127786,115.840949,34.752285,837.530061,0.0,0.0,0.0,0.0,34752.2847,2896.023725,0.25,10070.053697,10070.05,120840.6,6070.0,114770.6,54410.9,51422.92,4285.24,5784.813697,14480.118625,4410.064928,8695.304928,1.4379385712642356,2.503126182539936,21.89810000000034,19.036018999999214,8.856018999999833,27.37262499999997,8.336605999999847,18.51660599999923,0.8693000305962124,0.40441951584839303,1.2499999999999791,0.3806999694037253,0.8455804841515446
Belgium,BE,2026-04,2026-04-01,belgium__standard_private_sector,Belgique · secteur privé standard,Belgium · standard private sector,5.3,11605.993,0.1307,0.25,1516.903285,2901.49825,870.449475,412.012752,133.46892,100.972139,1028.29098,441.027734,272.740836,169.447498,116.05993,34.817979,839.113294,0.0,0.0,0.0,0.0,34817.979,2901.49825,0.25,10089.089715,10089.09,121069.08,6070.0,114999.08,54533.14,51545.16,4295.43,5793.659715,14507.49125,4418.401535,8713.831535,1.4379385712642356,2.504028880517434,21.89810000000034,19.036018000000695,8.846018000000186,27.37262499999997,8.336607000000186,18.526606999999785,0.8692999849302177,0.40396280955882236,1.2499999999999791,0.3807000150698031,0.8460371904411569
Belgium,BE,2026-04,2026-04-01,belgium__standard_private_sector,Belgique · secteur privé standard,Belgium · standard private sector,5.31,11627.8911,0.1307,0.25,1519.765367,2906.972775,872.091833,412.790134,133.720748,101.162653,1030.231151,441.859862,273.255441,169.76721,116.278911,34.883673,840.696527,0.0,0.0,0.0,0.0,34883.6733,2906.972775,0.25,10108.125733,10108.12,121297.44,6070.0,115227.44,54655.31,51667.33,4305.61,5802.515733,14534.863875,4426.738142,8732.348142,1.4379385712642356,2.50492450916787,21.89810000000034,19.036018000000695,8.856018000000404,27.37262499999997,8.336607000000186,18.516607000001386,0.8692999849302177,0.40441947018235674,1.2499999999999791,0.3807000150698031,0.8455805298177056
Belgium,BE,2026-04,2026-04-01,belgium__standard_private_sector,Belgique · secteur privé standard,Belgium · standard private sector,5.32,11649.7892,0.1307,0.25,1522.627448,2912.4473,873.73419,413.567517,133.972576,101.353166,1032.171323,442.69199,273.770046,170.086922,116.497892,34.949368,842.279759,0.0,0.0,0.0,0.0,34949.3676,2912.4473,0.25,10127.161752,10127.16,121525.92,6070.0,115455.92,54777.55,51789.57,4315.8,5811.361752,14562.2365,4435.074748,8750.874748,1.4379385712642356,2.50582172002817,21.89809999999852,19.036018999999214,8.846018999999615,27.37262500000179,8.336605999999847,18.526605999999447,0.8693000305962846,0.4039628552248922,1.250000000000166,0.38069996940375694,0.8460371447751494
Belgium,BE,2026-04,2026-04-01,belgium__standard_private_sector,Belgique · secteur privé standard,Belgium · standard private sector,5.33,11671.6873,0.1307,0.25,1525.48953,2917.921825,875.376548,414.344899,134.224404,101.54368,1034.111495,443.524117,274.284652,170.406635,116.716873,35.015062,843.862992,0.0,0.0,0.0,0.0,35015.0619,2917.921825,0.25,10146.19777,10146.2,121754.4,6070.0,115684.4,54899.78,51911.8,4325.98,5820.21777,14589.609125,4443.411355,8769.391355,1.4379385712642356,2.506711896671134,21.89810000000034,19.036018000000695,8.856018000000404,27.37262499999997,8.336607000000186,18.516606999999567,0.8692999849302177,0.40441947018235674,1.2499999999999791,0.3807000150698031,0.8455805298176224
Belgium,BE,2026-04,2026-04-01,belgium__standard_private_sector,Belgique · secteur privé standard,Belgium · standard private sector,5.34,11693.5854,0.1307,0.25,1528.351612,2923.39635,877.018905,415.122282,134.476232,101.734193,1036.051666,444.356245,274.799257,170.726347,116.935854,35.080756,845.446224,0.0,0.0,0.0,0.0,35080.7562,2923.39635,0.25,10165.233788,10165.24,121982.88,6070.0,115912.88,55022.02,52034.04,4336.17,5829.063788,14616.98175,4451.747962,8787.917962,1.4379385712642356,2.507603670342324,21.89810000000034,19.036017999998876,8.846018000000186,27.37262499999997,8.336607000000186,18.526606999999785,0.8692999849301346,0.40396280955882236,1.2499999999999791,0.3807000150698031,0.8460371904411569
Belgium,BE,2026-04,2026-04-01,belgium__standard_private_sector,Belgique · secteur privé standard,Belgium · standard private sector,5.35,11715.4835,0.1307,0.25,1531.213693,2928.870875,878.661263,415.899664,134.72806,101.924706,1037.991838,445.188373,275.313862,171.046059,117.154835,35.146451,847.029457,0.0,0.0,0.0,0.0,35146.4505,2928.870875,0.25,10184.269807,10184.27,122211.24,6070.0,116141.24,55144.19,52156.21,4346.35,5837.919807,14644.354375,4460.084568,8806.434568,1.4379385712642356,2.508488444560236,21.89810000000034,19.036019000001033,8.856018999999833,27.37262499999997,8.336605999999847,18.516606000001048,0.8693000305962955,0.40441951584839303,1.2499999999999791,0.3806999694037253,0.8455804841516278
Belgium,BE,2026-04,2026-04-01,belgium__standard_private_sector,Belgique · secteur privé standard,Belgium · standard private sector,5.36,11737.3816,0.1307,0.25,1534.075775,2934.3454,880.30362,416.677047,134.979888,102.11522,1039.93201,446.020501,275.828468,171.365771,117.373816,35.212145,848.61269,0.0,0.0,0.0,0.0,35212.1448,2934.3454,0.25,10203.305825,10203.3,122439.6,6070.0,116369.6,55266.37,52278.39,4356.53,5846.775825,14671.727,4468.421175,8824.951175,1.4379385712642356,2.509370538471282,21.89810000000034,19.036017999998876,8.856017999999494,27.37262499999997,8.336607000000186,18.516606999999567,0.8692999849301346,0.4044194701823152,1.2499999999999791,0.3807000150698031,0.8455805298176224
Belgium,BE,2026-04,2026-04-01,belgium__standard_private_sector,Belgique · secteur privé standard,Belgium · standard private sector,5.37,11759.2797,0.1307,0.25,1536.937857,2939.819925,881.945978,417.454429,135.231717,102.305733,1041.872181,446.852629,276.343073,171.685484,117.592797,35.277839,850.195922,0.0,0.0,0.0,0.0,35277.8391,2939.819925,0.25,10222.341843,10222.34,122668.08,6070.0,116598.08,55388.6,52400.62,4366.72,5855.621843,14699.099625,4476.757782,8843.477782,1.4379385712642356,2.5102542511423667,21.89809999999852,19.036018000000695,8.846018000000186,27.37262499999997,8.336606999999276,18.526606999999785,0.8692999849302898,0.40396280955885594,1.250000000000083,0.38070001506979323,0.8460371904412272
Belgium,BE,2026-04,2026-04-01,belgium__standard_private_sector,Belgique · secteur privé standard,Belgium · standard private sector,5.38,11781.1778,0.1307,0.25,1539.799938,2945.29445,883.588335,418.231812,135.483545,102.496247,1043.812353,447.684756,276.857678,172.005196,117.811778,35.343533,851.779155,0.0,0.0,0.0,0.0,35343.5334,2945.29445,0.25,10241.377862,10241.38,122896.56,6070.0,116826.56,55510.84,52522.86,4376.91,5864.467862,14726.47225,4485.094388,8862.004388,1.4379385712642356,2.511135297812486,21.89810000000034,19.036018999999214,8.846019000000524,27.37262499999997,8.336606000000756,18.526605999999447,0.8693000305962124,0.40396285522490016,1.2499999999999791,0.3806999694037668,0.8460371447750791
Belgium,BE,2026-04,2026-04-01,belgium__standard_private_sector,Belgique · secteur privé standard,Belgium · standard private sector,5.39,11803.0759,0.1307,0.25,1542.66202,2950.768975,885.230693,419.009194,135.735373,102.68676,1045.752525,448.516884,277.372284,172.324908,118.030759,35.409228,853.362388,0.0,0.0,0.0,0.0,35409.2277,2950.768975,0.25,10260.41388,10260.42,123125.04,6070.0,117055.04,55633.08,52645.1,4387.09,5873.32388,14753.844875,4493.430995,8880.520995,1.4379385712642354,2.512009413539537,21.89810000000034,19.036018000000695,8.856017999999494,27.37262499999997,8.336606999999276,18.516607000001386,0.8692999849302177,0.4044194701823152,1.2499999999999791,0.3807000150697616,0.8455805298177056
Belgium,BE,2026-04,2026-04-01,belgium__standard_private_sector,Belgique · secteur privé standard,Belgium · standard private sector,5.4,11824.974,0.1307,0.25,1545.524102,2956.2435,886.87305,419.786577,135.987201,102.877274,1047.692696,449.349012,277.886889,172.64462,118.24974,35.474922,854.94562,0.0,0.0,0.0,0.0,35474.922,2956.2435,0.25,10279.449898,10279.45,123353.4,6070.0,117283.4,55755.25,52767.27,4397.27,5882.179898,14781.2175,4501.767602,8899.037602,1.4379385712642356,2.512880897186294,21.89810000000034,19.036018000000695,8.856018000000404,27.37262499999997,8.336607000000186,18.516606999999567,0.8692999849302177,0.40441947018235674,1.2499999999999791,0.3807000150698031,0.8455805298176224
Belgium,BE,2026-04,2026-04-01,belgium__standard_private_sector,Belgique · secteur privé standard,Belgium · standard private sector,5.41,11846.8721,0.1307,0.25,1548.386183,2961.718025,888.515408,420.56396,136.239029,103.067787,1049.632868,450.18114,278.401494,172.964333,118.468721,35.540616,856.528853,0.0,0.0,0.0,0.0,35540.6163,2961.718025,0.25,10298.485917,10298.48,123581.76,6070.0,117511.76,55877.42,52889.44,4407.45,5891.035917,14808.590125,4510.104208,8917.554208,1.4379385712642356,2.5137497606232064,21.89810000000034,19.036018999999214,8.856018999999833,27.37262499999997,8.336605999999847,18.51660599999923,0.8693000305962124,0.40441951584839303,1.2499999999999791,0.3806999694037253,0.8455804841515446
Belgium,BE,2026-04,2026-04-01,belgium__standard_private_sector,Belgique · secteur privé standard,Belgium · standard private sector,5.42,11868.7702,0.1307,0.25,1551.248265,2967.19255,890.157765,421.341342,136.490857,103.258301,1051.57304,451.013268,278.9161,173.284045,118.687702,35.606311,858.112085,0.0,0.0,0.0,0.0,35606.3106,2967.19255,0.25,10317.521935,10317.52,123810.24,6070.0,117740.24,55999.66,53011.68,4417.64,5899.881935,14835.96275,4518.440815,8936.080815,1.4379385712642356,2.514620277795788,21.89810000000034,19.036018000000695,8.846018000000186,27.37262499999997,8.336607000000186,18.526606999999785,0.8692999849302177,0.40396280955882236,1.2499999999999791,0.3807000150698031,0.8460371904411569
Belgium,BE,2026-04,2026-04-01,belgium__standard_private_sector,Belgique · secteur privé standard,Belgium · standard private sector,5.43,11890.6683,0.1307,0.25,1554.110347,2972.667075,891.800123,422.118725,136.742685,103.448814,1053.513211,451.845395,279.430705,173.603757,118.906683,35.672005,859.695318,0.0,0.0,0.0,0.0,35672.0049,2972.667075,0.25,10336.557953,10336.56,124038.72,6070.0,117968.72,56121.9,53133.92,4427.83,5908.727953,14863.335375,4526.777422,8954.607422,1.4379385712642354,2.515488188447666,21.89809999999852,19.036017999998876,8.846017999999276,27.37262499999997,8.336607000000186,18.526606999999785,0.8692999849302068,0.40396280955881436,1.250000000000083,0.38070001506983475,0.8460371904412272
Belgium,BE,2026-04,2026-04-01,belgium__standard_private_sector,Belgique · secteur privé standard,Belgium · standard private sector,5.44,11912.5664,0.1307,0.25,1556.972428,2978.1416,893.44248,422.896107,136.994514,103.639328,1055.453383,452.677523,279.94531,173.923469,119.125664,35.737699,861.278551,0.0,0.0,0.0,0.0,35737.6992,2978.1416,0.25,10355.593972,10355.6,124267.2,6070.0,118197.2,56244.13,53256.15,4438.01,5917.583972,14890.708,4535.114028,8973.124028,1.4379385712642354,2.516349251935524,21.89810000000034,19.036019000001033,8.856019000000742,27.37262499999997,8.336605999999847,18.516606000001048,0.8693000305962955,0.40441951584843455,1.2499999999999791,0.3806999694037253,0.8455804841516278
Belgium,BE,2026-04,2026-04-01,belgium__standard_private_sector,Belgique · secteur privé standard,Belgium · standard private sector,5.45,11934.4645,0.1307,0.25,1559.83451,2983.616125,895.084838,423.67349,137.246342,103.829841,1057.393555,453.509651,280.459916,174.243182,119.344645,35.803394,862.861783,0.0,0.0,0.0,0.0,35803.3935,2983.616125,0.25,10374.62999,10374.63,124495.56,6070.0,118425.56,56366.3,53378.32,4448.19,5926.43999,14918.080625,4543.450635,8991.640635,1.4379385712642356,2.5172077420086354,21.89810000000034,19.036017999998876,8.856017999999494,27.37262499999997,8.336607000000186,18.516606999999567,0.8692999849301346,0.4044194701823152,1.2499999999999791,0.3807000150698031,0.8455805298176224
Belgium,BE,2026-04,2026-04-01,belgium__standard_private_sector,Belgique · secteur privé standard,Belgium · standard private sector,5.46,11956.3626,0.1307,0.25,1562.696592,2989.09065,896.727195,424.450872,137.49817,104.020355,1059.333726,454.341779,280.974521,174.562894,119.563626,35.869088,864.445016,0.0,0.0,0.0,0.0,35869.0878,2989.09065,0.25,10393.666008,10393.66,124723.92,6070.0,118653.92,56488.48,53500.5,4458.38,5935.286008,14945.45325,4551.787242,9010.167242,1.4379385712642356,2.5180679127176355,21.89810000000034,19.036018000000695,8.846018000000186,27.37262499999997,8.336607000000186,18.526606999999785,0.8692999849302177,0.40396280955882236,1.2499999999999791,0.3807000150698031,0.8460371904411569
Belgium,BE,2026-04,2026-04-01,belgium__standard_private_sector,Belgique · secteur privé standard,Belgium · standard private sector,5.47,11978.2607,0.1307,0.25,1565.558673,2994.565175,898.369553,425.228255,137.749998,104.210868,1061.273898,455.173907,281.489126,174.882606,119.782607,35.934782,866.028249,0.0,0.0,0.0,0.0,35934.7821,2994.565175,0.25,10412.702027,10412.7,124952.4,6070.0,118882.4,56610.71,53622.73,4468.56,5944.142027,14972.825875,4560.123848,9028.683848,1.4379385712642356,2.518921285565419,21.89810000000034,19.036018999999214,8.856018999999833,27.37262499999997,8.336605999999847,18.516606000001048,0.8693000305962124,0.40441951584839303,1.2499999999999791,0.3806999694037253,0.8455804841516278
Belgium,BE,2026-04,2026-04-01,belgium__standard_private_sector,Belgique · secteur privé standard,Belgium · standard private sector,5.48,12000.1588,0.1307,0.25,1568.420755,3000.0397,900.01191,426.005637,138.001826,104.401382,1063.21407,456.006034,282.003732,175.202318,120.001588,36.000476,867.611481,0.0,0.0,0.0,0.0,36000.4764,3000.0397,0.25,10431.738045,10431.74,125180.88,6070.0,119110.88,56732.95,53744.97,4478.75,5952.988045,15000.1985,4568.460455,9047.210455,1.4379385712642359,2.5197763521467254,21.89809999999852,19.036018000000695,8.846018000000186,27.37262499999997,8.336607000000186,18.526606999999785,0.8692999849302898,0.40396280955885594,1.250000000000083,0.38070001506983475,0.8460371904412272
Belgium,BE,2026-04,2026-04-01,belgium__standard_private_sector,Belgique · secteur privé standard,Belgium · standard private sector,5.49,12022.0569,0.1307,0.25,1571.282837,3005.514225,901.654268,426.78302,138.253654,104.591895,1065.154241,456.838162,282.518337,175.522031,120.220569,36.066171,869.194714,0.0,0.0,0.0,0.0,36066.1707,3005.514225,0.25,10450.774063,10450.78,125409.36,6070.0,119339.36,56855.19,53867.21,4488.93,5961.844063,15027.571125,4576.797062,9065.727062,1.4379385712642354,2.5206246533408354,21.89810000000034,19.036018000000695,8.856017999999494,27.37262499999997,8.336606999999276,18.516606999999567,0.8692999849302177,0.4044194701823152,1.2499999999999791,0.3807000150697616,0.8455805298176224
Belgium,BE,2026-04,2026-04-01,belgium__standard_private_sector,Belgique · secteur privé standard,Belgium · standard private sector,5.5,12043.955,0.1307,0.25,1574.144919,3010.98875,903.296625,427.560403,138.505483,104.782409,1067.094413,457.67029,283.032943,175.841743,120.43955,36.131865,870.777947,0.0,0.0,0.0,0.0,36131.865,3010.98875,0.25,10469.810082,10469.82,125637.84,6070.0,119567.84,56977.42,53989.44,4499.12,5970.690082,15054.94375,4585.133669,9084.253669,1.4379385712642356,2.5214746611362866,21.89810000000034,19.036018999999214,8.846019000000524,27.37262499999997,8.336607000000186,18.526606999999785,0.8693000305962124,0.40396285522490016,1.2499999999999791,0.3807000150698031,0.8460371904411569
Belgium,BE,2026-04,2026-04-01,belgium__standard_private_sector,Belgique · secteur privé standard,Belgium · standard private sector,5.51,12065.8531,0.1307,0.25,1577.007,3016.463275,904.938983,428.337785,138.757311,104.972922,1069.034585,458.502418,283.547548,176.161455,120.658531,36.197559,872.361179,0.0,0.0,0.0,0.0,36197.5593,3016.463275,0.25,10488.8461,10488.84,125866.08,6070.0,119796.08,57099.53,54111.55,4509.3,5979.5461,15082.316375,4593.470275,9102.770275,1.4379385712642356,2.5223179357089993,21.89810000000034,19.036018000000695,8.856017999999494,27.37262499999997,8.336605999999847,18.516606000001048,0.8692999849302177,0.4044194701823152,1.2499999999999791,0.3806999694037253,0.8455804841516278
Belgium,BE,2026-04,2026-04-01,belgium__standard_private_sector,Belgique · secteur privé standard,Belgium · standard private sector,5.52,12087.7512,0.1307,0.25,1579.869082,3021.9378,906.58134,429.115168,139.009139,105.163435,1070.974756,459.334546,284.062153,176.481168,120.877512,36.263254,873.944412,0.0,0.0,0.0,0.0,36263.2536,3021.9378,0.25,10507.882118,10507.88,126094.56,6070.0,120024.56,57221.77,54233.79,4519.48,5988.402118,15109.689,4601.806882,9121.286882,1.4379385712642354,2.5231587161088322,21.89810000000034,19.036017999998876,8.856018000000404,27.37262499999997,8.336607000000186,18.516606999999567,0.8692999849301346,0.40441947018235674,1.2499999999999791,0.3807000150698031,0.8455805298176224
Belgium,BE,2026-04,2026-04-01,belgium__standard_private_sector,Belgique · secteur privé standard,Belgium · standard private sector,5.53,12109.6493,0.1307,0.25,1582.731164,3027.412325,908.223698,429.89255,139.260967,105.353949,1072.914928,460.166673,284.576759,176.80088,121.096493,36.328948,875.527644,0.0,0.0,0.0,0.0,36328.9479,3027.412325,0.25,10526.918136,10526.92,126323.04,6070.0,120253.04,57344.01,54356.03,4529.67,5997.248136,15137.061625,4610.143489,9139.813489,1.4379385712642356,2.524001221976992,21.89809999999852,19.036018000000695,8.846018000000186,27.37262499999997,8.336607000000186,18.526606999999785,0.8692999849302898,0.40396280955885594,1.250000000000083,0.38070001506983475,0.8460371904412272
Belgium,BE,2026-04,2026-04-01,belgium__standard_private_sector,Belgique · secteur privé standard,Belgium · standard private sector,5.54,12131.5474,0.1307,0.25,1585.593245,3032.88685,909.866055,430.669933,139.512795,105.544462,1074.8551,460.998801,285.091364,177.120592,121.315474,36.394642,877.110877,0.0,0.0,0.0,0.0,36394.6422,3032.88685,0.25,10545.954155,10545.96,126551.52,6070.0,120481.52,57466.24,54478.26,4539.86,6006.094155,15164.43425,4618.480095,9158.340095,1.4379385712642354,2.524841246091732,21.89810000000034,19.036018999999214,8.846018999999615,27.37262499999997,8.336605999999847,18.526605999999447,0.8693000305962124,0.40396285522485864,1.2499999999999791,0.3806999694037253,0.8460371447750791
Belgium,BE,2026-04,2026-04-01,belgium__standard_private_sector,Belgique · secteur privé standard,Belgium · standard private sector,5.55,12153.4455,0.1307,0.25,1588.455327,3038.361375,911.508413,431.447315,139.764623,105.734976,1076.795271,461.830929,285.605969,177.440304,121.534455,36.460337,878.69411,0.0,0.0,0.0,0.0,36460.3365,3038.361375,0.25,10564.990173,10564.99,126779.88,6070.0,120709.88,57588.42,54600.44,4550.04,6014.950173,15191.806875,4626.816702,9176.856702,1.4379385712642356,2.525674600400576,21.89810000000034,19.036018000000695,8.856018000000404,27.37262499999997,8.336607000000186,18.516606999999567,0.8692999849302177,0.40441947018235674,1.2499999999999791,0.3807000150698031,0.8455805298176224
Belgium,BE,2026-04,2026-04-01,belgium__standard_private_sector,Belgique · secteur privé standard,Belgium · standard private sector,5.56,12175.3436,0.1307,0.25,1591.317409,3043.8359,913.15077,432.224698,140.016451,105.925489,1078.735443,462.663057,286.120575,177.760017,121.753436,36.526031,880.277342,0.0,0.0,0.0,0.0,36526.0308,3043.8359,0.25,10584.026191,10584.02,127008.24,6070.0,120938.24,57710.59,54722.61,4560.22,6023.806191,15219.1795,4635.153309,9195.373309,1.4379385712642354,2.526505504364637,21.89810000000034,19.036018000000695,8.856017999999494,27.37262499999997,8.336607000000186,18.516607000001386,0.8692999849302177,0.4044194701823152,1.2499999999999791,0.3807000150698031,0.8455805298177056
Belgium,BE,2026-04,2026-04-01,belgium__standard_private_sector,Belgique · secteur privé standard,Belgium · standard private sector,5.57,12197.2417,0.1307,0.25,1594.17949,3049.310425,914.793128,433.00208,140.26828,106.116003,1080.675615,463.495185,286.63518,178.079729,121.972417,36.591725,881.860575,0.0,0.0,0.0,0.0,36591.7251,3049.310425,0.25,10603.06221,10603.06,127236.72,6070.0,121166.72,57832.83,54844.85,4570.4,6032.66221,15246.552125,4643.489915,9213.889915,1.4379385712642356,2.5273339687753205,21.89810000000034,19.036018999999214,8.856019000000742,27.37262499999997,8.336605999999847,18.51660599999923,0.8693000305962124,0.40441951584843455,1.2499999999999791,0.3806999694037253,0.8455804841515446
Belgium,BE,2026-04,2026-04-01,belgium__standard_private_sector,Belgique · secteur privé standard,Belgium · standard private sector,5.58,12219.1398,0.1307,0.25,1597.041572,3054.78495,916.435485,433.779463,140.520108,106.306516,1082.615786,464.327312,287.149785,178.399441,122.191398,36.657419,883.443808,0.0,0.0,0.0,0.0,36657.4194,3054.78495,0.25,10622.098228,10622.1,127465.2,6070.0,121395.2,57955.06,54967.08,4580.59,6041.508228,15273.92475,4651.826522,9232.416522,1.4379385712642356,2.528164189011191,21.89810000000034,19.036018000000695,8.846017999999276,27.37262499999997,8.336607000000186,18.526606999999785,0.8692999849302177,0.40396280955878083,1.2499999999999791,0.3807000150698031,0.8460371904411569
Belgium,BE,2026-04,2026-04-01,belgium__standard_private_sector,Belgique · secteur privé standard,Belgium · standard private sector,5.59,12241.0379,0.1307,0.25,1599.903654,3060.259475,918.077843,434.556845,140.771936,106.49703,1084.555958,465.15944,287.664391,178.719153,122.410379,36.723114,885.02704,0.0,0.0,0.0,0.0,36723.1137,3060.259475,0.25,10641.134246,10641.14,127693.68,6070.0,121623.68,58077.3,55089.32,4590.78,6050.354246,15301.297375,4660.163129,9250.943129,1.4379385712642356,2.5289919815732014,21.89809999999852,19.036017999998876,8.846018000000186,27.37262499999997,8.336606999999276,18.526606999999785,0.8692999849302068,0.40396280955885594,1.250000000000083,0.38070001506979323,0.8460371904412272
Belgium,BE,2026-04,2026-04-01,belgium__standard_private_sector,Belgique · secteur privé standard,Belgium · standard private sector,5.6,12262.936,0.1307,0.25,1602.765735,3065.734,919.7202,435.334228,141.023764,106.687543,1086.49613,465.991568,288.178996,179.038866,122.62936,36.788808,886.610273,0.0,0.0,0.0,0.0,36788.808,3065.734,0.25,10660.170265,10660.17,127922.04,6070.0,121852.04,58199.47,55211.49,4600.96,6059.210265,15328.67,4668.499735,9269.459735,1.4379385712642356,2.529813181933861,21.89810000000034,19.036019000001033,8.856018999999833,27.37262499999997,8.336606000000756,18.516606000001048,0.8693000305962955,0.40441951584839303,1.2499999999999791,0.3806999694037668,0.8455804841516278
Belgium,BE,2026-04,2026-04-01,belgium__standard_private_sector,Belgique · secteur privé standard,Belgium · standard private sector,5.61,12284.8341,0.1307,0.25,1605.627817,3071.208525,921.362558,436.111611,141.275592,106.878057,1088.436301,466.823696,288.693601,179.358578,122.848341,36.854502,888.193505,0.0,0.0,0.0,0.0,36854.5023,3071.208525,0.25,10679.206283,10679.2,128150.4,6070.0,122080.4,58321.64,55333.66,4611.14,6068.066283,15356.042625,4676.836342,9287.976342,1.4379385712642356,2.530631985298474,21.89810000000034,19.036017999998876,8.856018000000404,27.37262499999997,8.336606999999276,18.516606999999567,0.8692999849301346,0.40441947018235674,1.2499999999999791,0.3807000150697616,0.8455805298176224
Belgium,BE,2026-04,2026-04-01,belgium__standard_private_sector,Belgique · secteur privé standard,Belgium · standard private sector,5.62,12306.7322,0.1307,0.25,1608.489899,3076.68305,923.004915,436.888993,141.52742,107.06857,1090.376473,467.655824,289.208207,179.67829,123.067322,36.920197,889.776738,0.0,0.0,0.0,0.0,36920.1966,3076.68305,0.25,10698.242301,10698.24,128378.88,6070.0,122308.88,58443.88,55455.9,4621.33,6076.912301,15383.41525,4685.172949,9306.502949,1.4379385712642354,2.531452567828579,21.89810000000034,19.036018000000695,8.846018000000186,27.37262499999997,8.336607000000186,18.526606999999785,0.8692999849302177,0.40396280955882236,1.2499999999999791,0.3807000150698031,0.8460371904411569
Belgium,BE,2026-04,2026-04-01,belgium__standard_private_sector,Belgique · secteur privé standard,Belgium · standard private sector,5.63,12328.6303,0.1307,0.25,1611.35198,3082.157575,924.647273,437.666376,141.779248,107.259084,1092.316645,468.487951,289.722812,179.998002,123.286303,36.985891,891.359971,0.0,0.0,0.0,0.0,36985.8909,3082.157575,0.25,10717.27832,10717.28,128607.36,6070.0,122537.36,58566.12,55578.14,4631.51,6085.76832,15410.787875,4693.509555,9325.019555,1.4379385712642356,2.5322666038545116,21.89810000000034,19.036018999999214,8.856018999999833,27.37262499999997,8.336605999999847,18.516606000001048,0.8693000305962124,0.40441951584839303,1.2499999999999791,0.3806999694037253,0.8455804841516278
Belgium,BE,2026-04,2026-04-01,belgium__standard_private_sector,Belgique · secteur privé standard,Belgium · standard private sector,5.64,12350.5284,0.1307,0.25,1614.214062,3087.6321,926.28963,438.443758,142.031077,107.449597,1094.256816,469.320079,290.237417,180.317715,123.505284,37.051585,892.943203,0.0,0.0,0.0,0.0,37051.5852,3087.6321,0.25,10736.314338,10736.32,128835.84,6070.0,122765.84,58688.35,55700.37,4641.7,6094.614338,15438.1605,4701.846162,9343.546162,1.4379385712642356,2.533082430407269,21.89809999999852,19.036018000000695,8.846018000000186,27.37262499999997,8.336607000000186,18.526606999999785,0.8692999849302898,0.40396280955885594,1.250000000000083,0.38070001506983475,0.8460371904412272
Belgium,BE,2026-04,2026-04-01,belgium__standard_private_sector,Belgique · secteur privé standard,Belgium · standard private sector,5.65,12372.4265,0.1307,0.25,1617.076144,3093.106625,927.931988,439.221141,142.282905,107.640111,1096.196988,470.152207,290.752023,180.637427,123.724265,37.11728,894.526436,0.0,0.0,0.0,0.0,37117.2795,3093.106625,0.25,10755.350356,10755.35,129064.2,6070.0,122994.2,58810.53,55822.55,4651.88,6103.470356,15465.533125,4710.182769,9362.062769,1.4379385712642359,2.533891740566316,21.89810000000034,19.036018000000695,8.856017999999494,27.37262499999997,8.336607000000186,18.516606999999567,0.8692999849302177,0.4044194701823152,1.2499999999999791,0.3807000150698031,0.8455805298176224
Belgium,BE,2026-04,2026-04-01,belgium__standard_private_sector,Belgique · secteur privé standard,Belgium · standard private sector,5.66,12394.3246,0.1307,0.25,1619.938225,3098.58115,929.574345,439.998523,142.534733,107.830624,1098.13716,470.984335,291.266628,180.957139,123.943246,37.182974,896.109669,0.0,0.0,0.0,0.0,37182.9738,3098.58115,0.25,10774.386375,10774.38,129292.56,6070.0,123222.56,58932.7,55944.72,4662.06,6112.326375,15492.90575,4718.519375,9380.579375,1.4379385712642354,2.534698705541167,21.89810000000034,19.036018999999214,8.856018999999833,27.37262499999997,8.336605999999847,18.51660599999923,0.8693000305962124,0.40441951584839303,1.2499999999999791,0.3806999694037253,0.8455804841515446
Belgium,BE,2026-04,2026-04-01,belgium__standard_private_sector,Belgique · secteur privé standard,Belgium · standard private sector,5.67,12416.2227,0.1307,0.25,1622.800307,3104.055675,931.216703,440.775906,142.786561,108.021137,1100.077331,471.816463,291.781233,181.276851,124.162227,37.248668,897.692901,0.0,0.0,0.0,0.0,37248.6681,3104.055675,0.25,10793.422393,10793.42,129521.04,6070.0,123451.04,59054.94,56066.96,4672.25,6121.172393,15520.278375,4726.855982,9399.105982,1.4379385712642354,2.5355074776965347,21.89810000000034,19.036018000000695,8.846018000000186,27.37262499999997,8.336607000000186,18.526606999999785,0.8692999849302177,0.40396280955882236,1.2499999999999791,0.3807000150698031,0.8460371904411569
Belgium,BE,2026-04,2026-04-01,belgium__standard_private_sector,Belgique · secteur privé standard,Belgium · standard private sector,5.68,12438.1208,0.1307,0.25,1625.662389,3109.5302,932.85906,441.553288,143.038389,108.211651,1102.017503,472.64859,292.295839,181.596564,124.381208,37.314362,899.276134,0.0,0.0,0.0,0.0,37314.3624,3109.5302,0.25,10812.458411,10812.46,129749.52,6070.0,123679.52,59177.17,56189.19,4682.43,6130.028411,15547.651,4735.192589,9417.622589,1.4379385712642356,2.5363097781055335,21.89810000000034,19.036017999998876,8.856018000000404,27.37262499999997,8.336607000000186,18.516607000001386,0.8692999849301346,0.40441947018235674,1.2499999999999791,0.3807000150698031,0.8455805298177056
Belgium,BE,2026-04,2026-04-01,belgium__standard_private_sector,Belgique · secteur privé standard,Belgium · standard private sector,5.69,12460.0189,0.1307,0.25,1628.52447,3115.004725,934.501418,442.330671,143.290217,108.402164,1103.957675,473.480718,292.810444,181.916276,124.600189,37.380057,900.859366,0.0,0.0,0.0,0.0,37380.0567,3115.004725,0.25,10831.49443,10831.5,129978.0,6070.0,123908.0,59299.41,56311.43,4692.62,6138.87443,15575.023625,4743.529195,9436.149195,1.4379385712642356,2.5371138965589717,21.89809999999852,19.036019000001033,8.846018999999615,27.37262499999997,8.336605999999847,18.526605999999447,0.8693000305963676,0.4039628552248922,1.250000000000083,0.38069996940375694,0.8460371447751494
Belgium,BE,2026-04,2026-04-01,belgium__standard_private_sector,Belgique · secteur privé standard,Belgium · standard private sector,5.7,12481.917,0.1307,0.25,1631.386552,3120.47925,936.143775,443.108054,143.542046,108.592678,1105.897846,474.312846,293.32505,182.235988,124.81917,37.445751,902.442599,0.0,0.0,0.0,0.0,37445.751,3120.47925,0.25,10850.530448,10850.53,130206.36,6070.0,124136.36,59421.58,56433.6,4702.8,6147.730448,15602.39625,4751.865802,9454.665802,1.4379385712642359,2.5379115726881025,21.89810000000034,19.036017999998876,8.856018000000404,27.37262499999997,8.336607000000186,18.516606999999567,0.8692999849301346,0.40441947018235674,1.2499999999999791,0.3807000150698031,0.8455805298176224
Belgium,BE,2026-04,2026-04-01,belgium__standard_private_sector,Belgique · secteur privé standard,Belgium · standard private sector,5.71,12503.8151,0.1307,0.25,1634.248634,3125.953775,937.786133,443.885436,143.793874,108.783191,1107.838018,475.144974,293.839655,182.5557,125.038151,37.511445,904.025832,0.0,0.0,0.0,0.0,37511.4453,3125.953775,0.25,10869.566466,10869.57,130434.84,6070.0,124364.84,59543.82,56555.84,4712.99,6156.576466,15629.768875,4760.202409,9473.192409,1.4379385712642356,2.5387110775322177,21.89810000000034,19.036018000000695,8.846018000000186,27.37262499999997,8.336607000000186,18.526606999999785,0.8692999849302177,0.40396280955882236,1.2499999999999791,0.3807000150698031,0.8460371904411569
Belgium,BE,2026-04,2026-04-01,belgium__standard_private_sector,Belgique · secteur privé standard,Belgium · standard private sector,5.72,12525.7132,0.1307,0.25,1637.110715,3131.4283,939.42849,444.662819,144.045702,108.973705,1109.77819,475.977102,294.35426,182.875413,125.257132,37.57714,905.609064,0.0,0.0,0.0,0.0,37577.1396,3131.4283,0.25,10888.602485,10888.6,130663.2,6070.0,124593.2,59665.99,56678.01,4723.17,6165.432485,15657.1415,4768.539015,9491.709015,1.4379385712642356,2.5395041692050064,21.89810000000034,19.036018999999214,8.856018999999833,27.37262499999997,8.336605999999847,18.516606000001048,0.8693000305962124,0.40441951584839303,1.2499999999999791,0.3806999694037253,0.8455804841516278
Belgium,BE,2026-04,2026-04-01,belgium__standard_private_sector,Belgique · secteur privé standard,Belgium · standard private sector,5.73,12547.6113,0.1307,0.25,1639.972797,3136.902825,941.070848,445.440201,144.29753,109.164218,1111.718361,476.809229,294.868866,183.195125,125.476113,37.642834,907.192297,0.0,0.0,0.0,0.0,37642.8339,3136.902825,0.25,10907.638503,10907.64,130891.68,6070.0,124821.68,59788.23,56800.25,4733.35,6174.288503,15684.514125,4776.875622,9510.225622,1.4379385712642356,2.5402949857543087,21.89810000000034,19.036018000000695,8.856017999999494,27.37262499999997,8.336606999999276,18.516606999999567,0.8692999849302177,0.4044194701823152,1.2499999999999791,0.3807000150697616,0.8455805298176224
Belgium,BE,2026-04,2026-04-01,belgium__standard_private_sector,Belgique · secteur privé standard,Belgium · standard private sector,5.74,12569.5094,0.1307,0.25,1642.834879,3142.37735,942.713205,446.217584,144.549358,109.354732,1113.658533,477.641357,295.383471,183.514837,125.695094,37.708528,908.77553,0.0,0.0,0.0,0.0,37708.5282,3142.37735,0.25,10926.674521,10926.68,131120.16,6070.0,125050.16,59910.47,56922.49,4743.54,6183.134521,15711.88675,4785.212229,9528.752229,1.4379385712642356,2.5410876466571937,21.89810000000034,19.036018000000695,8.846018000000186,27.37262499999997,8.336607000000186,18.526606999999785,0.8692999849302177,0.40396280955882236,1.2499999999999791,0.3807000150698031,0.8460371904411569
Belgium,BE,2026-04,2026-04-01,belgium__standard_private_sector,Belgique · secteur privé standard,Belgium · standard private sector,5.75,12591.4075,0.1307,0.25,1645.69696,3147.851875,944.355563,446.994966,144.801186,109.545245,1115.598705,478.473485,295.898076,183.83455,125.914075,37.774223,910.358762,0.0,0.0,0.0,0.0,37774.2225,3147.851875,0.25,10945.71054,10945.71,131348.52,6070.0,125278.52,60032.64,57044.66,4753.72,6191.99054,15739.259375,4793.548835,9547.268835,1.4379385712642356,2.5418739376232105,21.89809999999852,19.036018999999214,8.856018999999833,27.37262499999997,8.336605999999847,18.516606000001048,0.8693000305962846,0.4044195158484266,1.250000000000083,0.38069996940375694,0.845580484151698
Belgium,BE,2026-04,2026-04-01,belgium__standard_private_sector,Belgique · secteur privé standard,Belgium · standard private sector,5.76,12613.3056,0.1307,0.25,1648.559042,3153.3264,945.99792,447.772349,145.053014,109.735759,1117.538876,479.305613,296.412682,184.154262,126.133056,37.839917,911.941995,0.0,0.0,0.0,0.0,37839.9168,3153.3264,0.25,10964.746558,10964.75,131577.0,6070.0,125507.0,60154.88,57166.9,4763.91,6200.836558,15766.632,4801.885442,9565.795442,1.4379385712642356,2.54266208314349,21.89810000000034,19.036018000000695,8.846018000000186,27.37262499999997,8.336607000000186,18.526606999999785,0.8692999849302177,0.40396280955882236,1.2499999999999791,0.3807000150698031,0.8460371904411569
Belgium,BE,2026-04,2026-04-01,belgium__standard_private_sector,Belgique · secteur privé standard,Belgium · standard private sector,5.77,12635.2037,0.1307,0.25,1651.421124,3158.800925,947.640278,448.549731,145.304843,109.926272,1119.479048,480.137741,296.927287,184.473974,126.352037,37.905611,913.525228,0.0,0.0,0.0,0.0,37905.6111,3158.800925,0.25,10983.782576,10983.78,131805.36,6070.0,125735.36,60277.05,57289.07,4774.09,6209.692576,15794.004625,4810.222049,9584.312049,1.4379385712642356,2.5434438872223475,21.89810000000034,19.036017999998876,8.856018000000404,27.37262499999997,8.336607000000186,18.516606999999567,0.8692999849301346,0.40441947018235674,1.2499999999999791,0.3807000150698031,0.8455805298176224
Belgium,BE,2026-04,2026-04-01,belgium__standard_private_sector,Belgique · secteur privé standard,Belgium · standard private sector,5.78,12657.1018,0.1307,0.25,1654.283205,3164.27545,949.282635,449.327114,145.556671,110.116786,1121.419219,480.969868,297.441892,184.793686,126.571018,37.971305,915.10846,0.0,0.0,0.0,0.0,37971.3054,3164.27545,0.25,11002.818595,11002.82,132033.84,6070.0,125963.84,60399.28,57411.3,4784.28,6218.538595,15821.37725,4818.558655,9602.838655,1.4379385712642359,2.544227555873439,21.89810000000034,19.036019000001033,8.846018999999615,27.37262499999997,8.336605999999847,18.526605999999447,0.8693000305962955,0.40396285522485864,1.2499999999999791,0.3806999694037253,0.8460371447750791
Belgium,BE,2026-04,2026-04-01,belgium__standard_private_sector,Belgique · secteur privé standard,Belgium · standard private sector,5.79,12678.9999,0.1307,0.25,1657.145287,3169.749975,950.924993,450.104496,145.808499,110.307299,1123.359391,481.801996,297.956498,185.113399,126.789999,38.037,916.691693,0.0,0.0,0.0,0.0,38036.9997,3169.749975,0.25,11021.854613,11021.85,132262.2,6070.0,126192.2,60521.46,57533.48,4794.46,6227.394613,15848.749875,4826.895262,9621.355262,1.4379385712642354,2.5450049113214672,21.89810000000034,19.036017999998876,8.856018000000404,27.37262499999997,8.336607000000186,18.516606999999567,0.8692999849301346,0.40441947018235674,1.2499999999999791,0.3807000150698031,0.8455805298176224
Belgium,BE,2026-04,2026-04-01,belgium__standard_private_sector,Belgique · secteur privé standard,Belgium · standard private sector,5.8,12700.898,0.1307,0.25,1660.007369,3175.2245,952.56735,450.881879,146.060327,110.497813,1125.299563,482.634124,298.471103,185.433111,127.00898,38.102694,918.274925,0.0,0.0,0.0,0.0,38102.694,3175.2245,0.25,11040.890631,11040.89,132490.68,6070.0,126420.68,60643.69,57655.71,4804.64,6236.250631,15876.1225,4835.231869,9639.871869,1.4379385712642356,2.545780058944794,21.89809999999852,19.036018000000695,8.856017999999494,27.37262499999997,8.336607000000186,18.516607000001386,0.8692999849302898,0.4044194701823488,1.250000000000083,0.38070001506983475,0.8455805298177758
Belgium,BE,2026-04,2026-04-01,belgium__standard_private_sector,Belgique · secteur privé standard,Belgium · standard private sector,5.81,12722.7961,0.1307,0.25,1662.86945,3180.699025,954.209708,451.659262,146.312155,110.688326,1127.239734,483.466252,298.985708,185.752823,127.227961,38.168388,919.858158,0.0,0.0,0.0,0.0,38168.3883,3180.699025,0.25,11059.92665,11059.93,132719.16,6070.0,126649.16,60765.93,57777.95,4814.83,6245.09665,15903.495125,4843.568475,9658.398475,1.4379385712642356,2.546557085819892,21.89810000000034,19.036018999999214,8.846019000000524,27.37262499999997,8.336605999999847,18.526605999999447,0.8693000305962124,0.40396285522490016,1.2499999999999791,0.3806999694037253,0.8460371447750791
Belgium,BE,2026-04,2026-04-01,belgium__standard_private_sector,Belgique · secteur privé standard,Belgium · standard private sector,5.82,12744.6942,0.1307,0.25,1665.731532,3186.17355,955.852065,452.436644,146.563983,110.87884,1129.179906,484.29838,299.500314,186.072535,127.446942,38.234083,921.441391,0.0,0.0,0.0,0.0,38234.0826,3186.17355,0.25,11078.962668,11078.96,132947.52,6070.0,126877.52,60888.1,57900.12,4825.01,6253.952668,15930.86775,4851.905082,9676.915082,1.4379385712642356,2.547327841376487,21.89810000000034,19.036018000000695,8.856017999999494,27.37262499999997,8.336607000000186,18.516606999999567,0.8692999849302177,0.4044194701823152,1.2499999999999791,0.3807000150698031,0.8455805298176224
Belgium,BE,2026-04,2026-04-01,belgium__standard_private_sector,Belgique · secteur privé standard,Belgium · standard private sector,5.83,12766.5923,0.1307,0.25,1668.593614,3191.648075,957.494423,453.214027,146.815811,111.069353,1131.120078,485.130507,300.014919,186.392248,127.665923,38.299777,923.024623,0.0,0.0,0.0,0.0,38299.7769,3191.648075,0.25,11097.998686,11098.0,133176.0,6070.0,127106.0,61010.34,58022.36,4835.2,6262.798686,15958.240375,4860.241689,9695.441689,1.4379385712642359,2.5481004857588108,21.89810000000034,19.036018000000695,8.846018000000186,27.37262499999997,8.336607000000186,18.526606999999785,0.8692999849302177,0.40396280955882236,1.2499999999999791,0.3807000150698031,0.8460371904411569
Belgium,BE,2026-04,2026-04-01,belgium__standard_private_sector,Belgique · secteur privé standard,Belgium · standard private sector,5.84,12788.4904,0.1307,0.25,1671.455695,3197.1226,959.13678,453.991409,147.06764,111.259866,1133.060249,485.962635,300.529524,186.71196,127.884904,38.365471,924.607856,0.0,0.0,0.0,0.0,38365.4712,3197.1226,0.25,11117.034705,11117.03,133404.36,6070.0,127334.36,61132.51,58144.53,4845.38,6271.654705,15985.613,4868.578295,9713.958295,1.4379385712642354,2.5488668864325947,21.89810000000034,19.036018999999214,8.856018999999833,27.37262499999997,8.336605999999847,18.516606000001048,0.8693000305962124,0.40441951584839303,1.2499999999999791,0.3806999694037253,0.8455804841516278
Belgium,BE,2026-04,2026-04-01,belgium__standard_private_sector,Belgique · secteur privé standard,Belgium · standard private sector,5.85,12810.3885,0.1307,0.25,1674.317777,3202.597125,960.779138,454.768792,147.319468,111.45038,1135.000421,486.794763,301.04413,187.031672,128.103885,38.431166,926.191089,0.0,0.0,0.0,0.0,38431.1655,3202.597125,0.25,11136.070723,11136.07,133632.84,6070.0,127562.84,61254.75,58266.77,4855.56,6280.510723,16012.985625,4876.914902,9732.474902,1.4379385712642356,2.549631125734887,21.89809999999852,19.036018000000695,8.856018000000404,27.37262499999997,8.336607000000186,18.516606999999567,0.8692999849302898,0.40441947018239033,1.250000000000083,0.38070001506983475,0.8455805298176927
Belgium,BE,2026-04,2026-04-01,belgium__standard_private_sector,Belgique · secteur privé standard,Belgium · standard private sector,5.86,12832.2866,0.1307,0.25,1677.179859,3208.07165,962.421495,455.546174,147.571296,111.640893,1136.940593,487.626891,301.558735,187.351384,128.322866,38.49686,927.774321,0.0,0.0,0.0,0.0,38496.8598,3208.07165,0.25,11155.106741,11155.11,133861.32,6070.0,127791.32,61376.99,58389.01,4865.75,6289.356741,16040.35825,4885.251509,9751.001509,1.4379385712642356,2.550397267889824,21.89810000000034,19.036017999998876,8.846017999999276,27.37262499999997,8.336606999999276,18.526606999999785,0.8692999849301346,0.40396280955878083,1.2499999999999791,0.3807000150697616,0.8460371904411569
Belgium,BE,2026-04,2026-04-01,belgium__standard_private_sector,Belgique · secteur privé standard,Belgium · standard private sector,5.87,12854.1847,0.1307,0.25,1680.04194,3213.546175,964.063853,456.323557,147.823124,111.831407,1138.880764,488.459019,302.07334,187.671097,128.541847,38.562554,929.357554,0.0,0.0,0.0,0.0,38562.5541,3213.546175,0.25,11174.14276,11174.14,134089.68,6070.0,128019.68,61499.16,58511.18,4875.93,6298.21276,16067.730875,4893.588115,9769.518115,1.4379385712642356,2.5511572072931745,21.89810000000034,19.036019000001033,8.856019000000742,27.37262499999997,8.336605999999847,18.516606000001048,0.8693000305962955,0.40441951584843455,1.2499999999999791,0.3806999694037253,0.8455804841516278
Belgium,BE,2026-04,2026-04-01,belgium__standard_private_sector,Belgique · secteur privé standard,Belgium · standard private sector,5.88,12876.0828,0.1307,0.25,1682.904022,3219.0207,965.70621,457.100939,148.074952,112.02192,1140.820936,489.291146,302.587946,187.990809,128.760828,38.628248,930.940786,0.0,0.0,0.0,0.0,38628.2484,3219.0207,0.25,11193.178778,11193.18,134318.16,6070.0,128248.16,61621.4,58633.42,4886.12,6307.058778,16095.1035,4901.924722,9788.044722,1.4379385712642356,2.551919058696605,21.89810000000034,19.036017999998876,8.846017999999276,27.37262499999997,8.336607000000186,18.526606999999785,0.8692999849301346,0.40396280955878083,1.2499999999999791,0.3807000150698031,0.8460371904411569
Belgium,BE,2026-04,2026-04-01,belgium__standard_private_sector,Belgique · secteur privé standard,Belgium · standard private sector,5.89,12897.9809,0.1307,0.25,1685.766104,3224.495225,967.348568,457.878322,148.32678,112.212434,1142.761108,490.123274,303.102551,188.310521,128.979809,38.693943,932.524019,0.0,0.0,0.0,0.0,38693.9427,3224.495225,0.25,11212.214796,11212.21,134546.52,6070.0,128476.52,61743.57,58755.59,4896.3,6315.914796,16122.476125,4910.261329,9806.561329,1.4379385712642354,2.552674734349838,21.89810000000034,19.036018000000695,8.856018000000404,27.37262499999997,8.336607000000186,18.516606999999567,0.8692999849302177,0.40441947018235674,1.2499999999999791,0.3807000150698031,0.8455805298176224
Belgium,BE,2026-04,2026-04-01,belgium__standard_private_sector,Belgique · secteur privé standard,Belgium · standard private sector,5.9,12919.879,0.1307,0.25,1688.628185,3229.96975,968.990925,458.655705,148.578609,112.402947,1144.701279,490.955402,303.617157,188.630233,129.19879,38.759637,934.107252,0.0,0.0,0.0,0.0,38759.637,3229.96975,0.25,11231.250815,11231.25,134775.0,6070.0,128705.0,61865.81,58877.83,4906.49,6324.760815,16149.84875,4918.597935,9825.087935,1.4379385712642356,2.5534323309846823,21.89810000000034,19.036018999999214,8.846018999999615,27.37262499999997,8.336605999999847,18.526605999999447,0.8693000305962124,0.40396285522485864,1.2499999999999791,0.3806999694037253,0.8460371447750791
Belgium,BE,2026-04,2026-04-01,belgium__standard_private_sector,Belgique · secteur privé standard,Belgium · standard private sector,5.91,12941.7771,0.1307,0.25,1691.490267,3235.444275,970.633283,459.433087,148.830437,112.593461,1146.641451,491.78753,304.131762,188.949946,129.417771,38.825331,935.690484,0.0,0.0,0.0,0.0,38825.3313,3235.444275,0.25,11250.286833,11250.29,135003.48,6070.0,128933.48,61988.04,59000.06,4916.67,6333.616833,16177.221375,4926.934542,9843.604542,1.4379385712642356,2.5541837786326624,21.89809999999852,19.036018000000695,8.856018000000404,27.37262499999997,8.336607000000186,18.516606999999567,0.8692999849302898,0.40441947018239033,1.250000000000083,0.38070001506983475,0.8455805298176927
Belgium,BE,2026-04,2026-04-01,belgium__standard_private_sector,Belgique · secteur privé standard,Belgium · standard private sector,5.92,12963.6752,0.1307,0.25,1694.352349,3240.9188,972.27564,460.21047,149.082265,112.783974,1148.581623,492.619658,304.646367,189.269658,129.636752,38.891026,937.273717,0.0,0.0,0.0,0.0,38891.0256,3240.9188,0.25,11269.322851,11269.33,135231.96,6070.0,129161.96,62110.28,59122.3,4926.86,6342.462851,16204.594,4935.271149,9862.131149,1.4379385712642356,2.55493715608051,21.89810000000034,19.036018000000695,8.846018000000186,27.37262499999997,8.336607000000186,18.526607000001604,0.8692999849302177,0.40396280955882236,1.2499999999999791,0.3807000150698031,0.8460371904412399
Belgium,BE,2026-04,2026-04-01,belgium__standard_private_sector,Belgique · secteur privé standard,Belgium · standard private sector,5.93,12985.5733,0.1307,0.25,1697.21443,3246.393325,973.917998,460.987852,149.334093,112.974488,1150.521794,493.451785,305.160973,189.58937,129.855733,38.95672,938.85695,0.0,0.0,0.0,0.0,38956.7199,3246.393325,0.25,11288.35887,11288.36,135460.32,6070.0,129390.32,62232.45,59244.47,4937.04,6351.31887,16231.966625,4943.607755,9880.647755,1.4379385712642354,2.555684411069769,21.89810000000034,19.036018999999214,8.856018999999833,27.37262499999997,8.336605999999847,18.51660599999923,0.8693000305962124,0.40441951584839303,1.2499999999999791,0.3806999694037253,0.8455804841515446
Belgium,BE,2026-04,2026-04-01,belgium__standard_private_sector,Belgique · secteur privé standard,Belgium · standard private sector,5.94,13007.4714,0.1307,0.25,1700.076512,3251.86785,975.560355,461.765235,149.585921,113.165001,1152.461966,494.283913,305.675578,189.909082,130.074714,39.022414,940.440182,0.0,0.0,0.0,0.0,39022.4142,3251.86785,0.25,11307.394888,11307.39,135688.68,6070.0,129618.68,62354.62,59366.64,4947.22,6360.174888,16259.33925,4951.944362,9899.164362,1.4379385712642356,2.556429585077295,21.89810000000034,19.036018000000695,8.856017999999494,27.37262500000179,8.336607000000186,18.516606999999567,0.8692999849302177,0.4044194701823152,1.2500000000000624,0.3807000150698031,0.8455805298176224
Belgium,BE,2026-04,2026-04-01,belgium__standard_private_sector,Belgique · secteur privé standard,Belgium · standard private sector,5.95,13029.3695,0.1307,0.25,1702.938594,3257.342375,977.202713,462.542617,149.837749,113.355515,1154.402138,495.116041,306.190183,190.228795,130.293695,39.088109,942.023415,0.0,0.0,0.0,0.0,39088.1085,3257.342375,0.25,11326.430906,11326.43,135917.16,6070.0,129847.16,62476.86,59488.88,4957.41,6369.020906,16286.711875,4960.280969,9917.690969,1.4379385712642356,2.5571767018007314,21.89810000000034,19.036017999998876,8.846018000000186,27.37262499999997,8.336607000000186,18.526606999999785,0.8692999849301346,0.40396280955882236,1.2499999999999791,0.3807000150698031,0.8460371904411569
Belgium,BE,2026-04,2026-04-01,belgium__standard_private_sector,Belgique · secteur privé standard,Belgium · standard private sector,5.96,13051.2676,0.1307,0.25,1705.800675,3262.8169,978.84507,463.32,150.089577,113.546028,1156.342309,495.948169,306.704789,190.548507,130.512676,39.153803,943.606647,0.0,0.0,0.0,0.0,39153.8028,3262.8169,0.25,11345.466925,11345.47,136145.64,6070.0,130075.64,62599.1,59611.12,4967.59,6377.876925,16314.0845,4968.617575,9936.207575,1.4379385712642356,2.5579177354254976,21.89809999999852,19.036019000001033,8.856018999999833,27.37262499999997,8.336605999999847,18.516606000001048,0.8693000305963676,0.4044195158484266,1.250000000000083,0.38069996940375694,0.845580484151698
Belgium,BE,2026-04,2026-04-01,belgium__standard_private_sector,Belgique · secteur privé standard,Belgium · standard private sector,5.97,13073.1657,0.1307,0.25,1708.662757,3268.291425,980.487428,464.097382,150.341406,113.736542,1158.282481,496.780297,307.219394,190.868219,130.731657,39.219497,945.18988,0.0,0.0,0.0,0.0,39219.4971,3268.291425,0.25,11364.502943,11364.51,136374.12,6070.0,130304.12,62721.33,59733.35,4977.78,6386.722943,16341.457125,4976.954182,9954.734182,1.4379385712642354,2.5586607201875,21.89810000000034,19.036017999998876,8.846018000000186,27.37262499999997,8.336607000000186,18.526606999999785,0.8692999849301346,0.40396280955882236,1.2499999999999791,0.3807000150698031,0.8460371904411569
Belgium,BE,2026-04,2026-04-01,belgium__standard_private_sector,Belgique · secteur privé standard,Belgium · standard private sector,5.98,13095.0638,0.1307,0.25,1711.524839,3273.76595,982.129785,464.874765,150.593234,113.927055,1160.222653,497.612424,307.733999,191.187931,130.950638,39.285191,946.773113,0.0,0.0,0.0,0.0,39285.1914,3273.76595,0.25,11383.538961,11383.54,136602.48,6070.0,130532.48,62843.51,59855.53,4987.96,6395.578961,16368.82975,4985.290789,9973.250789,1.4379385712642356,2.559397647804259,21.89810000000034,19.036018000000695,8.856018000000404,27.37262499999997,8.336606999999276,18.516606999999567,0.8692999849302177,0.40441947018235674,1.2499999999999791,0.3807000150697616,0.8455805298176224
Belgium,BE,2026-04,2026-04-01,belgium__standard_private_sector,Belgique · secteur privé standard,Belgium · standard private sector,5.99,13116.9619,0.1307,0.25,1714.38692,3279.240475,983.772143,465.652147,150.845062,114.117569,1162.162824,498.444552,308.248605,191.507644,131.169619,39.350886,948.356345,0.0,0.0,0.0,0.0,39350.8857,3279.240475,0.25,11402.57498,11402.57,136830.84,6070.0,130760.84,62965.68,59977.7,4998.14,6404.43498,16396.202375,4993.627395,9991.767395,1.4379385712642356,2.5601325373819073,21.89810000000034,19.036018999999214,8.856018999999833,27.37262499999997,8.336606000000756,18.516606000001048,0.8693000305962124,0.40441951584839303,1.2499999999999791,0.3806999694037668,0.8455804841516278
Belgium,BE,2026-04,2026-04-01,belgium__standard_private_sector,Belgique · secteur privé standard,Belgium · standard private sector,6.0,13138.86,0.1307,0.25,1717.249002,3284.715,985.4145,466.42953,151.09689,114.308082,1164.102996,499.27668,308.76321,191.827356,131.3886,39.41658,949.939578,0.0,0.0,0.0,0.0,39416.58,3284.715,0.25,11421.610998,11421.61,137059.32,6070.0,130989.32,63087.92,60099.94,5008.33,6413.280998,16423.575,5001.964002,10010.294002,1.4379385712642356,2.5608693904292887,21.89810000000034,19.036018000000695,8.846018000000186,27.37262499999997,8.336606999999276,18.526606999999785,0.8692999849302177,0.40396280955882236,1.2499999999999791,0.3807000150697616,0.8460371904411569
