country,country_code,version,effective_from,profile_id,profile_label_fr,profile_label_en,smic_multiple,gross_monthly_gbp,employee_ni_monthly_gbp,employer_ni_monthly_gbp,employee_pension_monthly_gbp,employer_pension_monthly_gbp,employee_contributions_monthly_gbp,employer_contributions_monthly_gbp,employee_contribution_rate,employer_contribution_rate,net_before_income_tax_monthly_gbp,personal_allowance_annual_gbp,annual_taxable_income_gbp,income_tax_monthly_gbp,net_after_income_tax_monthly_gbp,employer_cost_monthly_gbp,social_wedge_monthly_gbp,total_wedge_after_income_tax_monthly_gbp,cost_to_net_ratio,cost_to_net_after_income_tax_ratio,delta_gross_monthly_gbp,delta_net_before_income_tax_monthly_gbp,delta_net_after_income_tax_monthly_gbp,delta_employer_cost_monthly_gbp,delta_social_wedge_monthly_gbp,delta_total_wedge_after_income_tax_monthly_gbp,marginal_net_before_income_tax_rate,marginal_net_after_income_tax_rate,marginal_employer_cost_rate,marginal_social_wedge_rate,marginal_total_wedge_after_income_tax_rate
United Kingdom,UK,2026-04,2026-04-06,uk__standard_employee_ruk,"Royaume-Uni · salarié standard, hors Écosse","United Kingdom · standard employee, outside Scotland",0.8,1652.304,48.38,185.35,56.62,33.97,105.0,219.32,0.06354762803939226,0.132735864586662,1547.304,12570.0,6578.22,109.64,1437.664,1871.624,324.32,433.96,1.2096032841639393,1.3018507801544728,,,,,,,,,,,
United Kingdom,UK,2026-04,2026-04-06,uk__standard_employee_ruk,"Royaume-Uni · salarié standard, hors Écosse","United Kingdom · standard employee, outside Scotland",0.81,1672.9578,50.04,188.44,57.65,34.59,107.69,223.03,0.06437101999823307,0.13331477936861288,1565.2678,12570.0,6813.74,113.56,1451.7078,1895.9878,330.72,444.28,1.2112865287332941,1.3060395487301233,20.65379999999982,17.963799999999992,14.04379999999992,24.363800000000083,6.400000000000034,10.319999999999993,0.8697576232945099,0.6799620408835199,1.1796279619246965,0.3098703386301838,0.49966592104116836
United Kingdom,UK,2026-04,2026-04-06,uk__standard_employee_ruk,"Royaume-Uni · salarié standard, hors Écosse","United Kingdom · standard employee, outside Scotland",0.82,1693.6116,51.69,191.54,58.68,35.21,110.37,226.75,0.06516842468485691,0.1338854788193468,1583.2416,12570.0,7049.15,117.49,1465.7516,1920.3616,337.12,454.61,1.2129302312420291,1.3101548720806446,20.653800000000047,17.973799999999983,14.043800000000147,24.373799999999846,6.399999999999977,10.330000000000041,0.8702417956986096,0.6799620408835234,1.1801121343287817,0.30987033863017766,0.5001500934452748
United Kingdom,UK,2026-04,2026-04-06,uk__standard_employee_ruk,"Royaume-Uni · salarié standard, hors Écosse","United Kingdom · standard employee, outside Scotland",0.83,1714.2654,53.34,194.64,59.71,35.83,113.05,230.47,0.06594661480071873,0.13444242647608706,1601.2154,12570.0,7284.68,121.41,1479.8054,1944.7354,343.52,464.93,1.2145370323068339,1.314183202737333,20.653800000000047,17.973799999999983,14.05379999999991,24.373800000000074,6.399999999999977,10.319999999999993,0.8702417956986096,0.6804462132876216,1.1801121343287928,0.30987033863017766,0.49966592104116286
United Kingdom,UK,2026-04,2026-04-06,uk__standard_employee_ruk,"Royaume-Uni · salarié standard, hors Écosse","United Kingdom · standard employee, outside Scotland",0.84,1734.9192,54.99,197.74,60.75,36.45,115.74,234.19,0.06671204053768037,0.13498611347433356,1619.1792,12570.0,7520.09,125.34,1493.8392,1969.1092,349.93,475.27,1.2161156714463723,1.318153386254692,20.653800000000047,17.963799999999992,14.033799999999928,24.373800000000074,6.410000000000025,10.339999999999975,0.8697576232945003,0.6794778684794032,1.1801121343287928,0.3103545110342896,0.5006342658493813
United Kingdom,UK,2026-04,2026-04-06,uk__standard_employee_ruk,"Royaume-Uni · salarié standard, hors Écosse","United Kingdom · standard employee, outside Scotland",0.85,1755.573,56.65,200.84,61.78,37.07,118.43,237.91,0.06745945625730175,0.13551700783732717,1637.143,12570.0,7755.5,129.26,1507.883,1993.483,356.34,485.6,1.2176596668708843,1.3220409010513416,20.653800000000047,17.963799999999992,14.043800000000147,24.373799999999846,6.409999999999968,10.330000000000041,0.8697576232945003,0.6799620408835234,1.1801121343287817,0.31035451103428685,0.5001500934452748
United Kingdom,UK,2026-04,2026-04-06,uk__standard_employee_ruk,"Royaume-Uni · salarié standard, hors Écosse","United Kingdom · standard employee, outside Scotland",0.86,1776.2268,58.3,203.93,62.81,37.69,121.11,241.62,0.068183860304326,0.1360299259081104,1655.1168,12570.0,7991.02,133.18,1521.9368,2017.8468,362.73,495.91,1.2191567386664193,1.325841388420334,20.65379999999982,17.973799999999983,14.05379999999991,24.363800000000083,6.390000000000043,10.310000000000002,0.8702417956986191,0.6804462132876291,1.1796279619246965,0.30938616622607457,0.49918174863705916
United Kingdom,UK,2026-04,2026-04-06,uk__standard_employee_ruk,"Royaume-Uni · salarié standard, hors Écosse","United Kingdom · standard employee, outside Scotland",0.87,1796.8806,59.95,207.03,63.84,38.31,123.79,245.34,0.068891611384752,0.1365366179589228,1673.0906,12570.0,8226.43,137.11,1535.9806,2042.2206,369.13,506.24,1.2206276217199474,1.3295874960920728,20.653800000000047,17.973799999999983,14.043800000000147,24.373800000000074,6.399999999999977,10.329999999999984,0.8702417956986096,0.6799620408835234,1.1801121343287928,0.30987033863017766,0.5001500934452721
United Kingdom,UK,2026-04,2026-04-06,uk__standard_employee_ruk,"Royaume-Uni · salarié standard, hors Écosse","United Kingdom · standard employee, outside Scotland",0.88,1817.5344,61.6,210.13,64.88,38.93,126.48,249.06,0.06958877917248774,0.13703179428130768,1691.0544,12570.0,8461.84,141.03,1550.0244,2066.5944,375.54,516.57,1.2220744643105508,1.3332657214944488,20.653800000000047,17.963799999999992,14.04379999999992,24.373799999999846,6.410000000000025,10.330000000000041,0.8697576232945003,0.6799620408835123,1.1801121343287817,0.3103545110342896,0.5001500934452748
United Kingdom,UK,2026-04,2026-04-06,uk__standard_employee_ruk,"Royaume-Uni · salarié standard, hors Écosse","United Kingdom · standard employee, outside Scotland",0.89,1838.1882,63.26,213.23,65.91,39.55,129.17,252.78,0.07027028026836424,0.13751584304588615,1709.0182,12570.0,8697.37,144.96,1564.0582,2090.9682,381.95,526.91,1.2234908908518354,1.336886440670814,20.653800000000047,17.963799999999992,14.033799999999928,24.373799999999846,6.409999999999968,10.339999999999918,0.8697576232945003,0.6794778684794032,1.1801121343287817,0.31035451103428685,0.5006342658493785
United Kingdom,UK,2026-04,2026-04-06,uk__standard_employee_ruk,"Royaume-Uni · salarié standard, hors Écosse","United Kingdom · standard employee, outside Scotland",0.9,1858.842,64.91,216.33,66.94,40.17,131.85,256.5,0.0709312572020645,0.13798913517125178,1726.992,12570.0,8932.78,148.88,1578.112,2115.342,388.35,537.23,1.2248707579421327,1.3404257745964798,20.653800000000047,17.973799999999983,14.053800000000138,24.3738000000003,6.400000000000034,10.32000000000005,0.8702417956986096,0.6804462132876326,1.1801121343288037,0.3098703386301804,0.49966592104116564
United Kingdom,UK,2026-04,2026-04-06,uk__standard_employee_ruk,"Royaume-Uni · salarié standard, hors Écosse","United Kingdom · standard employee, outside Scotland",0.91,1879.4958,66.56,219.43,67.98,40.79,134.54,260.22,0.07158302774605828,0.1384520252718841,1744.9558,12570.0,9168.3,152.81,1592.1458,2139.7158,394.76,547.57,1.226229225978102,1.3439195078742159,20.65379999999982,17.963799999999992,14.033799999999928,24.373799999999846,6.409999999999968,10.340000000000032,0.8697576232945099,0.6794778684794106,1.1801121343287948,0.3103545110342903,0.5006342658493895
United Kingdom,UK,2026-04,2026-04-06,uk__standard_employee_ruk,"Royaume-Uni · salarié standard, hors Écosse","United Kingdom · standard employee, outside Scotland",0.92,1900.1496,68.21,222.52,69.01,41.4,137.22,263.92,0.07221536662165967,0.1388943270571959,1762.9296,12570.0,9403.71,156.73,1606.1996,2164.0696,401.14,557.87,1.2275417010412668,1.3473229603593477,20.653800000000047,17.973799999999983,14.05379999999991,24.353799999999865,6.3799999999999955,10.299999999999955,0.8702417956986096,0.6804462132876216,1.1791437895205632,0.3089019938219592,0.4986975762329417
United Kingdom,UK,2026-04,2026-04-06,uk__standard_employee_ruk,"Royaume-Uni · salarié standard, hors Écosse","United Kingdom · standard employee, outside Scotland",0.93,1920.8034,69.86,225.62,70.04,42.02,139.9,267.64,0.07283410681176428,0.13933752928592272,1780.9034,12570.0,9639.12,160.65,1620.2534,2188.4434,407.54,568.19,1.2288389140028595,1.3506797146668539,20.653800000000047,17.973799999999983,14.053800000000138,24.3738000000003,6.400000000000034,10.32000000000005,0.8702417956986096,0.6804462132876326,1.1801121343288037,0.3098703386301804,0.49966592104116564
United Kingdom,UK,2026-04,2026-04-06,uk__standard_employee_ruk,"Royaume-Uni · salarié standard, hors Écosse","United Kingdom · standard employee, outside Scotland",0.94,1941.4572,71.52,228.72,71.07,42.64,142.59,271.36,0.07344483308722952,0.13977130167999582,1798.8672,12570.0,9874.64,164.58,1634.2872,2212.8172,413.95,578.53,1.2301170425476655,1.3539953075567133,20.653800000000047,17.963799999999992,14.033799999999928,24.373799999999846,6.409999999999968,10.339999999999918,0.8697576232945003,0.6794778684794032,1.1801121343287817,0.31035451103428685,0.5006342658493785
United Kingdom,UK,2026-04,2026-04-06,uk__standard_employee_ruk,"Royaume-Uni · salarié standard, hors Écosse","United Kingdom · standard employee, outside Scotland",0.95,1962.111,73.17,231.82,72.11,43.26,145.28,275.08,0.07404270196742183,0.14019594202366736,1816.831,12570.0,10110.05,168.5,1648.331,2237.191,420.36,588.86,1.2313698962644297,1.3572462084375043,20.653800000000047,17.963799999999992,14.04379999999992,24.373799999999846,6.410000000000025,10.330000000000041,0.8697576232945003,0.6799620408835123,1.1801121343287817,0.3103545110342896,0.5001500934452748
United Kingdom,UK,2026-04,2026-04-06,uk__standard_employee_ruk,"Royaume-Uni · salarié standard, hors Écosse","United Kingdom · standard employee, outside Scotland",0.96,1982.7648,74.82,234.91,73.14,43.88,147.96,278.79,0.07462307178340062,0.1406066922309696,1834.8048,12570.0,10345.46,172.42,1662.3848,2261.5548,426.75,599.17,1.232586049480577,1.3604279827390144,20.65379999999982,17.973799999999983,14.053800000000138,24.363800000000083,6.389999999999986,10.309999999999945,0.8702417956986191,0.6804462132876401,1.1796279619246965,0.30938616622607185,0.4991817486370564
United Kingdom,UK,2026-04,2026-04-06,uk__standard_employee_ruk,"Royaume-Uni · salarié standard, hors Écosse","United Kingdom · standard employee, outside Scotland",0.97,2003.4186,76.47,238.01,74.17,44.5,150.64,282.51,0.07519147521142111,0.1410139648299162,1852.7786,12570.0,10580.99,176.35,1676.4286,2285.9286,433.15,609.5,1.2337840041978032,1.3635705093554238,20.653800000000047,17.97380000000021,14.04379999999992,24.3738000000003,6.399999999999977,10.330000000000041,0.8702417956986206,0.6799620408835123,1.1801121343288037,0.30987033863017766,0.5001500934452748
United Kingdom,UK,2026-04,2026-04-06,uk__standard_employee_ruk,"Royaume-Uni · salarié standard, hors Écosse","United Kingdom · standard employee, outside Scotland",0.98,2024.0724,78.13,241.11,75.2,45.12,153.33,286.23,0.07575321910421781,0.14141292574317008,1870.7424,12570.0,10816.4,180.27,1690.4724,2310.3024,439.56,619.83,1.234965540953153,1.3666608221465195,20.653800000000047,17.963799999999992,14.043800000000147,24.373799999999846,6.410000000000025,10.330000000000041,0.8697576232945003,0.6799620408835234,1.1801121343287817,0.3103545110342896,0.5001500934452748
United Kingdom,UK,2026-04,2026-04-06,uk__standard_employee_ruk,"Royaume-Uni · salarié standard, hors Écosse","United Kingdom · standard employee, outside Scotland",0.99,2044.7262,79.78,244.21,76.24,45.74,156.02,289.95,0.07630361463554386,0.1418038268399945,1888.7062,12570.0,11051.92,184.2,1704.5062,2334.6762,445.97,630.17,1.2361246021218122,1.3697082474678002,20.653800000000047,17.963799999999992,14.033799999999928,24.373799999999846,6.410000000000025,10.339999999999918,0.8697576232945003,0.6794778684794032,1.1801121343287817,0.3103545110342896,0.5006342658493785
United Kingdom,UK,2026-04,2026-04-06,uk__standard_employee_ruk,"Royaume-Uni · salarié standard, hors Écosse","United Kingdom · standard employee, outside Scotland",1.0,2065.38,81.43,247.31,77.27,46.36,158.7,293.67,0.0768381605322023,0.1421869099148825,1906.68,12570.0,11287.33,188.12,1718.56,2359.05,452.37,640.49,1.2372553338787842,1.3726899264500514,20.653800000000047,17.973799999999983,14.05379999999991,24.3738000000003,6.399999999999977,10.32000000000005,0.8702417956986096,0.6804462132876216,1.1801121343288037,0.30987033863017766,0.49966592104116564
United Kingdom,UK,2026-04,2026-04-06,uk__standard_employee_ruk,"Royaume-Uni · salarié standard, hors Écosse","United Kingdom · standard employee, outside Scotland",1.01,2086.0338,83.08,250.4,78.3,46.98,161.38,297.38,0.07736212136160017,0.142557613400128,1924.6538,12570.0,11522.74,192.05,1732.6038,2383.4138,458.76,650.81,1.2383597507250397,1.3756254026454289,20.653800000000047,17.973799999999983,14.043800000000147,24.363799999999628,6.389999999999986,10.319999999999936,0.8702417956986096,0.6799620408835234,1.1796279619246615,0.3093861662260684,0.49966592104116014
United Kingdom,UK,2026-04,2026-04-06,uk__standard_employee_ruk,"Royaume-Uni · salarié standard, hors Écosse","United Kingdom · standard employee, outside Scotland",1.02,2106.6876,84.74,253.5,79.33,47.6,164.07,301.1,0.07788055523752073,0.14292579497786004,1942.6176,12570.0,11758.27,195.97,1746.6476,2407.7876,465.17,661.14,1.2394552587189573,1.378519399104891,20.653800000000047,17.963799999999992,14.04379999999992,24.3738000000003,6.410000000000025,10.330000000000041,0.8697576232945003,0.6799620408835123,1.1801121343288037,0.3103545110342896,0.5001500934452748
United Kingdom,UK,2026-04,2026-04-06,uk__standard_employee_ruk,"Royaume-Uni · salarié standard, hors Écosse","United Kingdom · standard employee, outside Scotland",1.03,2127.3414,86.39,256.6,80.37,48.22,166.76,304.82,0.07838892243623895,0.14328682739874288,1960.5814,12570.0,11993.68,199.9,1760.6814,2432.1614,471.58,671.48,1.2405306915591467,1.3813750744456097,20.653799999999592,17.963799999999992,14.033799999999928,24.373799999999846,6.409999999999968,10.340000000000032,0.8697576232945196,0.6794778684794182,1.1801121343288077,0.3103545110342937,0.5006342658493951
United Kingdom,UK,2026-04,2026-04-06,uk__standard_employee_ruk,"Royaume-Uni · salarié standard, hors Écosse","United Kingdom · standard employee, outside Scotland",1.04,2147.9952,88.04,259.7,81.4,48.84,169.44,308.54,0.07888285783878846,0.14364091688845484,1978.5552,12570.0,12229.2,203.82,1774.7352,2456.5352,477.98,681.8,1.24158032083209,1.3841699877254927,20.653800000000047,17.973799999999983,14.053800000000138,24.373799999999846,6.400000000000034,10.319999999999936,0.8702417956986096,0.6804462132876326,1.1801121343287817,0.3098703386301804,0.49966592104116014
United Kingdom,UK,2026-04,2026-04-06,uk__standard_employee_ruk,"Royaume-Uni · salarié standard, hors Écosse","United Kingdom · standard employee, outside Scotland",1.05,2168.649,89.69,262.8,82.43,49.46,172.12,312.26,0.07936738494795607,0.14398826181645805,1996.529,12570.0,12464.61,207.74,1788.789,2480.909,484.38,692.12,1.2426110514798432,1.386920983972956,20.653800000000047,17.973799999999983,14.05379999999991,24.3738000000003,6.399999999999977,10.32000000000005,0.8702417956986096,0.6804462132876216,1.1801121343288037,0.30987033863017766,0.49966592104116564
United Kingdom,UK,2026-04,2026-04-06,uk__standard_employee_ruk,"Royaume-Uni · salarié standard, hors Écosse","United Kingdom · standard employee, outside Scotland",1.06,2189.3028,91.34,265.9,83.47,50.08,174.81,315.98,0.0798473377003857,0.1443290530665744,2014.4928,12570.0,12700.02,211.67,1802.8228,2505.2828,490.79,702.46,1.2436295627365854,1.3896445063818805,20.653800000000047,17.963799999999992,14.033799999999928,24.373799999999846,6.410000000000025,10.340000000000032,0.8697576232945003,0.6794778684794032,1.1801121343287817,0.3103545110342896,0.5006342658493841
United Kingdom,UK,2026-04,2026-04-06,uk__standard_employee_ruk,"Royaume-Uni · salarié standard, hors Écosse","United Kingdom · standard employee, outside Scotland",1.07,2209.9566,93.0,268.99,84.5,50.7,177.5,319.69,0.08031831937333066,0.1446589494110427,2032.4566,12570.0,12935.54,215.59,1816.8666,2529.6466,497.19,712.78,1.2446251496833929,1.3923127873009498,20.653800000000047,17.963799999999992,14.043800000000147,24.363800000000083,6.399999999999977,10.319999999999936,0.8697576232945003,0.6799620408835234,1.1796279619246834,0.30987033863017766,0.49966592104116014
United Kingdom,UK,2026-04,2026-04-06,uk__standard_employee_ruk,"Royaume-Uni · salarié standard, hors Écosse","United Kingdom · standard employee, outside Scotland",1.08,2230.6104,94.65,272.09,85.53,51.32,180.18,323.41,0.08077609608562748,0.1449872196417626,2050.4304,12570.0,13170.95,219.52,1830.9104,2554.0204,503.59,723.11,1.2456020940774188,1.3949455964639228,20.653800000000047,17.97380000000021,14.04379999999992,24.373799999999846,6.399999999999977,10.330000000000041,0.8702417956986206,0.6799620408835123,1.1801121343287817,0.30987033863017766,0.5001500934452748
United Kingdom,UK,2026-04,2026-04-06,uk__standard_employee_ruk,"Royaume-Uni · salarié standard, hors Écosse","United Kingdom · standard employee, outside Scotland",1.09,2251.2642,96.3,275.19,86.56,51.94,182.86,327.13,0.08122547322522164,0.14530946656549684,2068.4042,12570.0,13406.36,223.44,1844.9642,2578.3942,509.99,733.43,1.2465620597753573,1.3975307488351267,20.653800000000047,17.973799999999756,14.05379999999991,24.3738000000003,6.400000000000034,10.319999999999936,0.8702417956985986,0.6804462132876216,1.1801121343288037,0.3098703386301804,0.49966592104116014
United Kingdom,UK,2026-04,2026-04-06,uk__standard_employee_ruk,"Royaume-Uni · salarié standard, hors Écosse","United Kingdom · standard employee, outside Scotland",1.1,2271.918,97.95,278.29,87.6,52.56,185.55,330.85,0.08167108143867868,0.14562585445425408,2086.368,12570.0,13641.89,227.37,1858.998,2602.768,516.4,743.77,1.2475114648997685,1.400091877452262,20.653800000000047,17.963799999999992,14.033800000000156,24.373799999999846,6.409999999999968,10.340000000000032,0.8697576232945003,0.6794778684794142,1.1801121343287817,0.31035451103428685,0.5006342658493841
United Kingdom,UK,2026-04,2026-04-06,uk__standard_employee_ruk,"Royaume-Uni · salarié standard, hors Écosse","United Kingdom · standard employee, outside Scotland",1.11,2292.5718,99.61,281.39,88.63,53.18,188.24,334.57,0.08210866067531669,0.145936541660331,2104.3318,12570.0,13877.3,231.29,1873.0418,2627.1418,522.81,754.1,1.2484446606756598,1.4026071388262666,20.653800000000047,17.963799999999992,14.04379999999992,24.373799999999846,6.409999999999968,10.330000000000041,0.8697576232945003,0.6799620408835123,1.1801121343287817,0.31035451103428685,0.5001500934452748
United Kingdom,UK,2026-04,2026-04-06,uk__standard_employee_ruk,"Royaume-Uni · salarié standard, hors Écosse","United Kingdom · standard employee, outside Scotland",1.12,2313.2256,101.26,284.48,89.66,53.8,190.92,338.28,0.0825341030291209,0.14623735791269127,2122.3056,12570.0,14112.82,235.21,1887.0956,2651.5056,529.2,764.41,1.249351460034785,1.4050722178569015,20.653800000000047,17.97380000000021,14.053800000000138,24.363800000000083,6.3900000000001,10.309999999999945,0.8702417956986206,0.6804462132876326,1.1796279619246834,0.3093861662260739,0.4991817486370509
United Kingdom,UK,2026-04,2026-04-06,uk__standard_employee_ruk,"Royaume-Uni · salarié standard, hors Écosse","United Kingdom · standard employee, outside Scotland",1.13,2333.8794,102.91,287.58,90.69,54.42,193.6,342.0,0.08295201542976043,0.14653713469513466,2140.2794,12570.0,14348.23,239.14,1901.1394,2675.8794,535.6,774.74,1.2502477013047921,1.407513515316131,20.653799999999592,17.973799999999756,14.04379999999992,24.373799999999846,6.399999999999977,10.330000000000041,0.8702417956986177,0.6799620408835273,1.1801121343288077,0.3098703386301845,0.5001500934452858
United Kingdom,UK,2026-04,2026-04-06,uk__standard_employee_ruk,"Royaume-Uni · salarié standard, hors Écosse","United Kingdom · standard employee, outside Scotland",1.14,2354.5332,104.56,290.68,91.73,55.04,196.29,345.72,0.08336684316024935,0.14683165223578076,2158.2432,12570.0,14583.64,243.06,1915.1832,2700.2532,542.01,785.07,1.2511348118692094,1.409919009314618,20.653800000000047,17.963799999999992,14.04379999999992,24.3738000000003,6.409999999999968,10.330000000000041,0.8697576232945003,0.6799620408835123,1.1801121343288037,0.31035451103428685,0.5001500934452748
United Kingdom,UK,2026-04,2026-04-06,uk__standard_employee_ruk,"Royaume-Uni · salarié standard, hors Écosse","United Kingdom · standard employee, outside Scotland",1.15,2375.187,106.22,293.78,92.76,55.66,198.98,349.44,0.08377445649542542,0.1471210477322417,2176.207,12570.0,14819.17,246.99,1929.217,2724.627,548.42,795.41,1.2520072768812893,1.4122968022778153,20.653800000000047,17.963799999999992,14.033800000000156,24.373799999999846,6.409999999999968,10.339999999999918,0.8697576232945003,0.6794778684794142,1.1801121343287817,0.31035451103428685,0.5006342658493785
United Kingdom,UK,2026-04,2026-04-06,uk__standard_employee_ruk,"Royaume-Uni · salarié standard, hors Écosse","United Kingdom · standard employee, outside Scotland",1.16,2395.8408,107.87,296.88,93.79,56.28,201.66,353.16,0.08417086811444234,0.1474054536511775,2194.1808,12570.0,15054.58,250.91,1943.2708,2749.0008,554.82,805.73,1.2528597461066107,1.4146256919004803,20.653800000000047,17.97380000000021,14.05379999999991,24.373799999999846,6.400000000000091,10.32000000000005,0.8702417956986206,0.6804462132876216,1.1801121343287817,0.30987033863018315,0.49966592104116564
United Kingdom,UK,2026-04,2026-04-06,uk__standard_employee_ruk,"Royaume-Uni · salarié standard, hors Écosse","United Kingdom · standard employee, outside Scotland",1.17,2416.4946,109.52,299.97,94.82,56.9,204.34,356.87,0.0845605034664675,0.1476808597047972,2212.1546,12570.0,15289.99,254.83,1957.3246,2773.3646,561.21,816.04,1.2536938421934887,1.4169160291553071,20.653800000000047,17.973799999999756,14.05379999999991,24.363800000000083,6.389999999999986,10.309999999999945,0.8702417956985986,0.6804462132876216,1.1796279619246834,0.3093861662260684,0.4991817486370509
United Kingdom,UK,2026-04,2026-04-06,uk__standard_employee_ruk,"Royaume-Uni · salarié standard, hors Écosse","United Kingdom · standard employee, outside Scotland",1.18,2437.1484,111.17,303.07,95.86,57.51,207.03,360.58,0.08494763798544233,0.14795159785920298,2230.1184,12570.0,15525.51,258.76,1971.3584,2797.7284,567.61,826.37,1.2545201187524395,1.4191881090724041,20.653800000000047,17.963799999999992,14.033800000000156,24.363800000000083,6.399999999999977,10.330000000000041,0.8697576232945003,0.6794778684794142,1.1796279619246834,0.30987033863017766,0.5001500934452748
United Kingdom,UK,2026-04,2026-04-06,uk__standard_employee_ruk,"Royaume-Uni · salarié standard, hors Écosse","United Kingdom · standard employee, outside Scotland",1.19,2457.8022,112.82,306.17,96.89,58.13,209.71,364.3,0.08532419736624858,0.14822185446819114,2248.0922,12570.0,15760.92,262.68,1985.4122,2822.1022,574.01,836.69,1.2553320544415394,1.4214187864867558,20.653800000000047,17.97380000000021,14.05379999999991,24.373799999999846,6.399999999999977,10.32000000000005,0.8702417956986206,0.6804462132876216,1.1801121343287817,0.30987033863017766,0.49966592104116564
United Kingdom,UK,2026-04,2026-04-06,uk__standard_employee_ruk,"Royaume-Uni · salarié standard, hors Écosse","United Kingdom · standard employee, outside Scotland",1.2,2478.456,114.48,309.27,97.92,58.75,212.4,368.02,0.085698515527409,0.1484876068003628,2266.056,12570.0,15996.44,266.61,1999.446,2846.476,580.42,847.03,1.2561366532865914,1.4236323461598863,20.653800000000047,17.963799999999992,14.033799999999928,24.3738000000003,6.409999999999968,10.339999999999918,0.8697576232945003,0.6794778684794032,1.1801121343288037,0.31035451103428685,0.5006342658493785
United Kingdom,UK,2026-04,2026-04-06,uk__standard_employee_ruk,"Royaume-Uni · salarié standard, hors Écosse","United Kingdom · standard employee, outside Scotland",1.21,2499.1098,116.13,312.37,98.96,59.37,215.09,371.74,0.08606664661152541,0.1487489665320027,2284.0198,12570.0,16231.85,270.53,2013.4898,2870.8498,586.83,857.36,1.256928595802891,1.4258079678377311,20.653800000000047,17.963799999999992,14.043800000000147,24.373799999999846,6.410000000000082,10.330000000000041,0.8697576232945003,0.6799620408835234,1.1801121343287817,0.31035451103429235,0.5001500934452748
United Kingdom,UK,2026-04,2026-04-06,uk__standard_employee_ruk,"Royaume-Uni · salarié standard, hors Écosse","United Kingdom · standard employee, outside Scotland",1.22,2519.7636,117.78,315.46,99.99,59.99,217.77,375.45,0.08642477413357347,0.14900207305161484,2301.9936,12570.0,16467.26,274.45,2027.5436,2895.2136,593.22,867.67,1.2576983706644536,1.4279414755865174,20.653800000000047,17.973799999999756,14.05379999999991,24.363800000000083,6.389999999999986,10.309999999999945,0.8702417956985986,0.6804462132876216,1.1796279619246834,0.3093861662260684,0.4991817486370509
United Kingdom,UK,2026-04,2026-04-06,uk__standard_employee_ruk,"Royaume-Uni · salarié standard, hors Écosse","United Kingdom · standard employee, outside Scotland",1.23,2540.4174,119.43,318.56,101.02,60.61,220.45,379.17,0.0867770784438809,0.14925500037907155,2319.9674,12570.0,16702.79,278.38,2041.5874,2919.5874,599.62,878.0,1.2584605283677692,1.4300575130900592,20.653799999999592,17.97380000000021,14.04379999999992,24.373799999999846,6.399999999999977,10.330000000000041,0.8702417956986397,0.6799620408835273,1.1801121343288077,0.3098703386301845,0.5001500934452858
United Kingdom,UK,2026-04,2026-04-06,uk__standard_employee_ruk,"Royaume-Uni · salarié standard, hors Écosse","United Kingdom · standard employee, outside Scotland",1.24,2561.0712,121.09,321.66,102.05,61.23,223.14,382.89,0.0871276050427649,0.1495038482335048,2337.9312,12570.0,16938.2,282.3,2055.6312,2943.9612,606.03,888.33,1.2592163533298155,1.4321446376178761,20.653800000000047,17.963799999999992,14.04379999999992,24.3738000000003,6.409999999999968,10.330000000000041,0.8697576232945003,0.6799620408835123,1.1801121343288037,0.31035451103428685,0.5001500934452748
United Kingdom,UK,2026-04,2026-04-06,uk__standard_employee_ruk,"Royaume-Uni · salarié standard, hors Écosse","United Kingdom · standard employee, outside Scotland",1.25,2581.725,122.74,324.76,103.09,61.85,225.83,386.61,0.08747252321606676,0.14974871452226707,2355.895,12570.0,17173.72,286.23,2069.665,2968.335,612.44,898.67,1.2599606518966253,1.4342103673782955,20.653800000000047,17.963799999999992,14.033800000000156,24.373799999999846,6.410000000000082,10.339999999999918,0.8697576232945003,0.6794778684794142,1.1801121343287817,0.31035451103429235,0.5006342658493785
United Kingdom,UK,2026-04,2026-04-06,uk__standard_employee_ruk,"Royaume-Uni · salarié standard, hors Écosse","United Kingdom · standard employee, outside Scotland",1.26,2602.3788,124.39,327.86,104.12,62.47,228.51,390.33,0.08780812385960107,0.1499896940445411,2373.8688,12570.0,17409.13,290.15,2083.7188,2992.7088,618.84,908.99,1.260688375027297,1.4362344861504344,20.653800000000047,17.97380000000021,14.053800000000138,24.373799999999846,6.399999999999977,10.32000000000005,0.8702417956986206,0.6804462132876326,1.1801121343287817,0.30987033863017766,0.49966592104116564
United Kingdom,UK,2026-04,2026-04-06,uk__standard_employee_ruk,"Royaume-Uni · salarié standard, hors Écosse","United Kingdom · standard employee, outside Scotland",1.27,2623.0326,126.04,330.95,105.15,63.09,231.19,394.04,0.08813843945363088,0.1502230662325737,2391.8426,12570.0,17644.54,294.08,2097.7626,3017.0726,625.23,919.31,1.2614009801481085,1.438233573236552,20.653800000000047,17.973799999999756,14.04379999999992,24.363800000000083,6.389999999999986,10.319999999999936,0.8702417956985986,0.6799620408835123,1.1796279619246834,0.3093861662260684,0.49966592104116014
United Kingdom,UK,2026-04,2026-04-06,uk__standard_employee_ruk,"Royaume-Uni · salarié standard, hors Écosse","United Kingdom · standard employee, outside Scotland",1.28,2643.6864,127.7,334.05,106.18,63.71,233.88,397.76,0.08846737646341109,0.1504565745770754,2409.8064,12570.0,17880.07,298.0,2111.8064,3041.4464,631.64,929.64,1.2621123423026845,1.4402108072027815,20.653800000000047,17.963799999999992,14.04379999999992,24.373799999999846,6.409999999999968,10.330000000000041,0.8697576232945003,0.6799620408835123,1.1801121343287817,0.31035451103428685,0.5001500934452748
United Kingdom,UK,2026-04,2026-04-06,uk__standard_employee_ruk,"Royaume-Uni · salarié standard, hors Écosse","United Kingdom · standard employee, outside Scotland",1.29,2664.3402,129.35,337.15,107.22,64.33,236.57,401.48,0.08879121367459004,0.1506864626371662,2427.7702,12570.0,18115.48,301.93,2125.8402,3065.8202,638.05,939.98,1.262813177293304,1.4421687011093307,20.653800000000047,17.963799999999992,14.033800000000156,24.3738000000003,6.409999999999968,10.340000000000032,0.8697576232945003,0.6794778684794142,1.1801121343288037,0.31035451103428685,0.5006342658493841
United Kingdom,UK,2026-04,2026-04-06,uk__standard_employee_ruk,"Royaume-Uni · salarié standard, hors Écosse","United Kingdom · standard employee, outside Scotland",1.3,2684.994,131.0,340.25,108.25,64.95,239.25,405.2,0.08910634437171926,0.15091281395787104,2445.744,12570.0,18350.89,305.85,2139.894,3090.194,644.45,950.3,1.2634985509521846,1.4440874174141334,20.653800000000047,17.97380000000021,14.053799999999683,24.373799999999846,6.400000000000091,10.319999999999936,0.8702417956986206,0.6804462132876106,1.1801121343287817,0.30987033863018315,0.49966592104116014
United Kingdom,UK,2026-04,2026-04-06,uk__standard_employee_ruk,"Royaume-Uni · salarié standard, hors Écosse","United Kingdom · standard employee, outside Scotland",1.31,2705.6478,132.65,343.35,109.28,65.57,241.93,408.92,0.08941666391316712,0.15113570953322158,2463.7178,12570.0,18586.41,309.77,2153.9478,3114.5678,650.85,960.62,1.264173924464888,1.4459810957350032,20.653800000000047,17.973799999999756,14.053800000000138,24.373799999999846,6.399999999999977,10.32000000000005,0.8702417956985986,0.6804462132876326,1.1801121343287817,0.30987033863017766,0.49966592104116564
United Kingdom,UK,2026-04,2026-04-06,uk__standard_employee_ruk,"Royaume-Uni · salarié standard, hors Écosse","United Kingdom · standard employee, outside Scotland",1.32,2726.3016,134.3,346.45,110.32,66.19,244.62,412.64,0.0897259496161393,0.15135522790288497,2481.6816,12570.0,18821.82,313.7,2167.9816,3138.9416,657.26,970.96,1.2648446118148273,1.4478635796539967,20.653799999999592,17.963799999999992,14.033800000000156,24.3738000000003,6.409999999999968,10.340000000000032,0.8697576232945196,0.6794778684794291,1.1801121343288297,0.3103545110342937,0.5006342658493951
United Kingdom,UK,2026-04,2026-04-06,uk__standard_employee_ruk,"Royaume-Uni · salarié standard, hors Écosse","United Kingdom · standard employee, outside Scotland",1.33,2746.9554,135.96,349.54,111.35,66.81,247.31,416.35,0.09003058440628485,0.1515678048504173,2499.6454,12570.0,19057.34,317.62,2182.0254,3163.3054,663.66,981.28,1.2655016587552776,1.4497106220670024,20.653800000000047,17.963799999999992,14.04379999999992,24.363800000000083,6.399999999999977,10.319999999999936,0.8697576232945003,0.6799620408835123,1.1796279619246834,0.30987033863017766,0.49966592104116014
United Kingdom,UK,2026-04,2026-04-06,uk__standard_employee_ruk,"Royaume-Uni · salarié standard, hors Écosse","United Kingdom · standard employee, outside Scotland",1.34,2767.6092,137.61,352.64,112.38,67.43,249.99,420.07,0.09032705918162144,0.15178082223458425,2517.6192,12570.0,19292.75,321.55,2196.0692,3187.6792,670.06,991.61,1.2661482721453667,1.4515385945033064,20.653800000000047,17.97380000000021,14.04379999999992,24.373799999999846,6.399999999999977,10.330000000000041,0.8702417956986206,0.6799620408835123,1.1801121343287817,0.30987033863017766,0.5001500934452748
United Kingdom,UK,2026-04,2026-04-06,uk__standard_employee_ruk,"Royaume-Uni · salarié standard, hors Écosse","United Kingdom · standard employee, outside Scotland",1.35,2788.263,139.26,355.74,113.41,68.05,252.67,423.79,0.09061914173806415,0.15199068380565248,2535.593,12570.0,19528.16,325.47,2210.123,3212.053,676.46,1001.93,1.2667857183704168,1.453336759990281,20.653800000000047,17.973799999999756,14.053800000000138,24.373799999999846,6.400000000000091,10.319999999999936,0.8702417956985986,0.6804462132876326,1.1801121343287817,0.30987033863018315,0.49966592104116014
United Kingdom,UK,2026-04,2026-04-06,uk__standard_employee_ruk,"Royaume-Uni · salarié standard, hors Écosse","United Kingdom · standard employee, outside Scotland",1.36,2808.9168,140.91,358.84,114.45,68.67,255.36,427.51,0.09091048905400116,0.15219745917714614,2553.5568,12570.0,19763.69,329.4,2224.1568,3236.4268,682.87,1012.27,1.2674191543340645,1.4551252861309059,20.653800000000047,17.963799999999992,14.033800000000156,24.3738000000003,6.409999999999968,10.340000000000032,0.8697576232945003,0.6794778684794142,1.1801121343288037,0.31035451103428685,0.5006342658493841
United Kingdom,UK,2026-04,2026-04-06,uk__standard_employee_ruk,"Royaume-Uni · salarié standard, hors Écosse","United Kingdom · standard employee, outside Scotland",1.37,2829.5706,142.57,361.94,115.48,69.29,258.05,431.23,0.09119758312445003,0.15240121593007785,2571.5206,12570.0,19999.1,333.32,2238.2006,3260.8006,689.28,1022.6,1.2680437403456928,1.4568848743941898,20.653800000000047,17.963799999999992,14.04379999999992,24.373799999999846,6.409999999999968,10.330000000000041,0.8697576232945003,0.6799620408835123,1.1801121343287817,0.31035451103428685,0.5001500934452748
United Kingdom,UK,2026-04,2026-04-06,uk__standard_employee_ruk,"Royaume-Uni · salarié standard, hors Écosse","United Kingdom · standard employee, outside Scotland",1.38,2850.2244,144.22,365.03,116.51,69.91,260.73,434.94,0.09147700791558729,0.1525985111909083,2589.4944,12570.0,20234.51,337.24,2252.2544,3285.1644,695.67,1032.91,1.2686508995732912,1.4586116026679758,20.653800000000047,17.97380000000021,14.053799999999683,24.363800000000083,6.389999999999986,10.31000000000006,0.8702417956986206,0.6804462132876106,1.1796279619246834,0.3093861662260684,0.49918174863705644
United Kingdom,UK,2026-04,2026-04-06,uk__standard_employee_ruk,"Royaume-Uni · salarié standard, hors Écosse","United Kingdom · standard employee, outside Scotland",1.39,2870.8782,145.87,368.13,117.54,70.53,263.41,438.66,0.09175241220613262,0.15279645092571323,2607.4682,12570.0,20470.03,341.17,2266.2982,3309.5382,702.07,1043.24,1.2692535233986746,1.4603277715174463,20.653800000000047,17.973799999999756,14.043800000000374,24.373799999999846,6.400000000000091,10.329999999999927,0.8702417956985986,0.6799620408835344,1.1801121343287817,0.30987033863018315,0.5001500934452694
United Kingdom,UK,2026-04,2026-04-06,uk__standard_employee_ruk,"Royaume-Uni · salarié standard, hors Écosse","United Kingdom · standard employee, outside Scotland",1.4,2891.532,147.52,371.23,118.58,71.15,266.1,442.38,0.09202734052398522,0.15299156295002095,2625.432,12570.0,20705.44,345.09,2280.342,3333.912,708.48,1053.57,1.2698527328074007,1.4620228018428816,20.653800000000047,17.963799999999992,14.04379999999992,24.373799999999846,6.409999999999968,10.329999999999927,0.8697576232945003,0.6799620408835123,1.1801121343287817,0.31035451103428685,0.5001500934452694
United Kingdom,UK,2026-04,2026-04-06,uk__standard_employee_ruk,"Royaume-Uni · salarié standard, hors Écosse","United Kingdom · standard employee, outside Scotland",1.41,2912.1858,149.18,374.33,119.61,71.77,268.79,446.1,0.09229836914938601,0.15318390742788457,2643.3958,12570.0,20940.97,349.02,2294.3758,3358.2858,714.89,1063.91,1.2704437980872936,1.4637034613074282,20.653800000000047,17.963799999999992,14.033799999999701,24.3738000000003,6.409999999999968,10.340000000000146,0.8697576232945003,0.6794778684793922,1.1801121343288037,0.31035451103428685,0.5006342658493895
United Kingdom,UK,2026-04,2026-04-06,uk__standard_employee_ruk,"Royaume-Uni · salarié standard, hors Écosse","United Kingdom · standard employee, outside Scotland",1.42,2932.8396,150.83,377.43,120.64,72.39,271.47,449.82,0.09256217080538603,0.1533735428285952,2661.3696,12570.0,21176.38,352.94,2308.4296,3382.6596,721.29,1074.23,1.2710221083159587,1.465350990127661,20.653799999999592,17.97380000000021,14.053800000000138,24.373799999999846,6.399999999999977,10.319999999999936,0.8702417956986397,0.6804462132876475,1.1801121343288077,0.3098703386301845,0.49966592104117113
United Kingdom,UK,2026-04,2026-04-06,uk__standard_employee_ruk,"Royaume-Uni · salarié standard, hors Écosse","United Kingdom · standard employee, outside Scotland",1.43,2953.4934,152.48,380.52,121.67,73.01,274.15,453.53,0.09282228292773567,0.15355714016493147,2679.3434,12570.0,21411.79,356.86,2322.4834,3407.0234,727.68,1084.54,1.2715889273469017,1.466974274175652,20.653800000000047,17.97380000000021,14.053800000000138,24.363800000000083,6.389999999999986,10.309999999999945,0.8702417956986206,0.6804462132876326,1.1796279619246834,0.3093861662260684,0.4991817486370509
United Kingdom,UK,2026-04,2026-04-06,uk__standard_employee_ruk,"Royaume-Uni · salarié standard, hors Écosse","United Kingdom · standard employee, outside Scotland",1.44,2974.1472,154.13,383.62,122.71,73.62,276.84,457.24,0.09308214469008123,0.15373818753826307,2697.3072,12570.0,21647.31,360.79,2336.5172,3431.3872,734.08,1094.87,1.272152908649041,1.4685906014301973,20.653800000000047,17.963799999999992,14.033799999999701,24.363800000000083,6.400000000000091,10.329999999999927,0.8697576232945003,0.6794778684793922,1.1796279619246834,0.30987033863018315,0.5001500934452694
United Kingdom,UK,2026-04,2026-04-06,uk__standard_employee_ruk,"Royaume-Uni · salarié standard, hors Écosse","United Kingdom · standard employee, outside Scotland",1.45,2994.801,155.78,386.72,123.74,74.24,279.52,460.96,0.09333508303222818,0.15392007682647363,2715.281,12570.0,21882.72,364.71,2350.571,3455.761,740.48,1105.19,1.272708423179774,1.4701793734373478,20.653800000000047,17.973799999999756,14.053800000000138,24.373799999999846,6.399999999999977,10.320000000000164,0.8702417956985986,0.6804462132876326,1.1801121343287817,0.30987033863017766,0.49966592104117113
United Kingdom,UK,2026-04,2026-04-06,uk__standard_employee_ruk,"Royaume-Uni · salarié standard, hors Écosse","United Kingdom · standard employee, outside Scotland",1.46,3015.4548,157.44,389.82,124.77,74.86,282.21,464.68,0.0935878727149218,0.15409947448059907,2733.2448,12570.0,22118.13,368.64,2364.6048,3480.1348,746.89,1115.53,1.2732612900242233,1.4717617083412837,20.653800000000047,17.963799999999992,14.033800000000156,24.373799999999846,6.409999999999968,10.339999999999918,0.8697576232945003,0.6794778684794142,1.1801121343287817,0.31035451103428685,0.5006342658493785
United Kingdom,UK,2026-04,2026-04-06,uk__standard_employee_ruk,"Royaume-Uni · salarié standard, hors Écosse","United Kingdom · standard employee, outside Scotland",1.47,3036.1086,159.09,392.92,125.81,75.48,284.9,468.4,0.09383722308220463,0.15427643135031469,2751.2086,12570.0,22353.65,372.56,2378.6486,3504.5086,753.3,1125.86,1.2738069370675855,1.473319177956761,20.653800000000047,17.963799999999992,14.04379999999992,24.3738000000003,6.409999999999968,10.329999999999927,0.8697576232945003,0.6799620408835123,1.1801121343288037,0.31035451103428685,0.5001500934452694
United Kingdom,UK,2026-04,2026-04-06,uk__standard_employee_ruk,"Royaume-Uni · salarié standard, hors Écosse","United Kingdom · standard employee, outside Scotland",1.48,3056.7624,160.74,396.01,126.84,76.1,287.58,472.11,0.0940799324147667,0.15444772547581717,2769.1824,12570.0,22589.06,376.48,2392.7024,3528.8724,759.69,1136.17,1.2743372917580293,1.4748480212165123,20.653800000000047,17.97380000000021,14.053800000000138,24.363800000000083,6.3900000000001,10.310000000000173,0.8702417956986206,0.6804462132876326,1.1796279619246834,0.3093861662260739,0.49918174863706194
United Kingdom,UK,2026-04,2026-04-06,uk__standard_employee_ruk,"Royaume-Uni · salarié standard, hors Écosse","United Kingdom · standard employee, outside Scotland",1.49,3077.4162,162.39,399.11,127.87,76.72,290.26,475.83,0.09431938390393863,0.1546199698305351,2787.1562,12570.0,22824.59,380.41,2406.7462,3553.2462,766.09,1146.5,1.2748643940371909,1.4763692989314783,20.653800000000047,17.973799999999756,14.04379999999992,24.373799999999846,6.399999999999977,10.329999999999927,0.8702417956985986,0.6799620408835123,1.1801121343287817,0.30987033863017766,0.5001500934452694
United Kingdom,UK,2026-04,2026-04-06,uk__standard_employee_ruk,"Royaume-Uni · salarié standard, hors Écosse","United Kingdom · standard employee, outside Scotland",1.5,3098.07,164.05,402.21,128.9,77.34,292.95,479.55,0.0945588705226157,0.1547899175938568,2805.12,12570.0,23060.0,384.33,2420.79,3577.62,772.5,1156.83,1.2753892881587954,1.477872925780427,20.653800000000047,17.963799999999992,14.04379999999992,24.373799999999846,6.409999999999968,10.329999999999927,0.8697576232945003,0.6799620408835123,1.1801121343287817,0.31035451103428685,0.5001500934452694
United Kingdom,UK,2026-04,2026-04-06,uk__standard_employee_ruk,"Royaume-Uni · salarié standard, hors Écosse","United Kingdom · standard employee, outside Scotland",1.51,3118.7238,165.7,405.31,129.94,77.96,295.64,483.27,0.09479518513309834,0.1549576143934259,2823.0838,12570.0,23295.41,388.26,2434.8238,3601.9938,778.91,1167.17,1.2759075022852668,1.4793652830237654,20.653800000000047,17.963799999999992,14.033800000000156,24.3738000000003,6.409999999999968,10.340000000000146,0.8697576232945003,0.6794778684794142,1.1801121343288037,0.31035451103428685,0.5006342658493895
United Kingdom,UK,2026-04,2026-04-06,uk__standard_employee_ruk,"Royaume-Uni · salarié standard, hors Écosse","United Kingdom · standard employee, outside Scotland",1.52,3139.3776,167.35,408.41,130.97,78.58,298.32,486.99,0.09502520499604761,0.15512310465615858,2841.0576,12570.0,23530.93,392.18,2448.8776,3626.3676,785.31,1177.49,1.2764146703678236,1.4808284415684965,20.653799999999592,17.97380000000021,14.053799999999683,24.373799999999846,6.399999999999977,10.319999999999936,0.8702417956986397,0.6804462132876256,1.1801121343288077,0.3098703386301845,0.49966592104117113
United Kingdom,UK,2026-04,2026-04-06,uk__standard_employee_ruk,"Royaume-Uni · salarié standard, hors Écosse","United Kingdom · standard employee, outside Scotland",1.53,3160.0314,169.0,411.5,132.0,79.2,301.0,490.7,0.09525221806340278,0.1552832671219659,2859.0314,12570.0,23766.34,396.11,2462.9214,3650.7314,791.7,1187.81,1.2769119639609414,1.4822768603171825,20.653800000000047,17.973799999999756,14.043800000000374,24.363800000000083,6.3900000000001,10.319999999999936,0.8702417956985986,0.6799620408835344,1.1796279619246834,0.3093861662260739,0.49966592104116014
United Kingdom,UK,2026-04,2026-04-06,uk__standard_employee_ruk,"Royaume-Uni · salarié standard, hors Écosse","United Kingdom · standard employee, outside Scotland",1.54,3180.6852,170.66,414.6,133.03,79.82,303.69,494.42,0.09547942688575405,0.15544449353239986,2876.9952,12570.0,24001.87,400.03,2476.9652,3675.1052,798.11,1198.14,1.2774109598792518,1.4837128918888323,20.653800000000047,17.963799999999992,14.04379999999992,24.373799999999846,6.409999999999968,10.330000000000155,0.8697576232945003,0.6799620408835123,1.1801121343287817,0.31035451103428685,0.5001500934452804
United Kingdom,UK,2026-04,2026-04-06,uk__standard_employee_ruk,"Royaume-Uni · salarié standard, hors Écosse","United Kingdom · standard employee, outside Scotland",1.55,3201.339,172.31,417.7,134.07,80.44,306.38,498.14,0.09570370398136528,0.155603639602054,2894.959,12570.0,24237.28,403.96,2490.999,3699.479,804.52,1208.48,1.277903763058475,1.485138693351543,20.653800000000047,17.963799999999992,14.033799999999701,24.373799999999846,6.409999999999968,10.339999999999918,0.8697576232945003,0.6794778684793922,1.1801121343287817,0.31035451103428685,0.5006342658493785
United Kingdom,UK,2026-04,2026-04-06,uk__standard_employee_ruk,"Royaume-Uni · salarié standard, hors Écosse","United Kingdom · standard employee, outside Scotland",1.56,3221.9928,173.96,420.8,135.1,81.06,309.06,501.86,0.09592200206033978,0.1557607453374818,2912.9328,12570.0,24472.69,407.88,2505.0528,3723.8528,810.92,1218.8,1.2783860993978302,1.4865366510438422,20.653800000000047,17.97380000000021,14.053800000000138,24.3738000000003,6.399999999999977,10.319999999999936,0.8702417956986206,0.6804462132876326,1.1801121343288037,0.30987033863017766,0.49966592104116014
United Kingdom,UK,2026-04,2026-04-06,uk__standard_employee_ruk,"Royaume-Uni · salarié standard, hors Écosse","United Kingdom · standard employee, outside Scotland",1.57,3242.6466,175.61,423.9,136.13,81.68,311.74,505.58,0.09613751927206621,0.15591584972596148,2930.9066,12570.0,24708.21,411.8,2519.1066,3748.2266,817.32,1229.12,1.2788625198769554,1.4879190106524274,20.653800000000047,17.973799999999756,14.053800000000138,24.373799999999846,6.400000000000091,10.319999999999936,0.8702417956985986,0.6804462132876326,1.1801121343287817,0.30987033863018315,0.49966592104116014
United Kingdom,UK,2026-04,2026-04-06,uk__standard_employee_ruk,"Royaume-Uni · salarié standard, hors Écosse","United Kingdom · standard employee, outside Scotland",1.58,3263.3004,177.26,427.0,137.17,82.3,314.43,509.3,0.09635337280012587,0.15606899076775155,2948.8704,12570.0,24943.62,415.73,2533.1404,3772.6004,823.73,1239.46,1.2793374710533225,1.4892977902053908,20.653800000000047,17.963799999999992,14.033800000000156,24.373799999999846,6.409999999999968,10.340000000000146,0.8697576232945003,0.6794778684794142,1.1801121343287817,0.31035451103428685,0.5006342658493895
United Kingdom,UK,2026-04,2026-04-06,uk__standard_employee_ruk,"Royaume-Uni · salarié standard, hors Écosse","United Kingdom · standard employee, outside Scotland",1.59,3283.9542,178.92,430.09,138.2,82.92,317.12,513.01,0.09656651118946787,0.15621716039766936,2966.8342,12570.0,25179.03,419.65,2547.1842,3796.9642,830.13,1249.78,1.2798033000967832,1.490651598734006,20.653800000000047,17.963799999999992,14.04379999999992,24.363800000000083,6.399999999999977,10.319999999999936,0.8697576232945003,0.6799620408835123,1.1796279619246834,0.30987033863017766,0.49966592104116014
United Kingdom,UK,2026-04,2026-04-06,uk__standard_employee_ruk,"Royaume-Uni · salarié standard, hors Écosse","United Kingdom · standard employee, outside Scotland",1.6,3304.608,180.57,433.19,139.23,83.54,319.8,516.73,0.09677395927141735,0.1563665039847389,2984.808,12570.0,25414.55,423.58,2561.228,3821.338,836.53,1260.11,1.2802625830539185,1.491994465154996,20.653800000000047,17.97380000000021,14.04379999999992,24.3738000000003,6.399999999999977,10.329999999999927,0.8702417956986206,0.6799620408835123,1.1801121343288037,0.30987033863017766,0.5001500934452694
United Kingdom,UK,2026-04,2026-04-06,uk__standard_employee_ruk,"Royaume-Uni · salarié standard, hors Écosse","United Kingdom · standard employee, outside Scotland",1.61,3325.2618,182.22,436.29,140.26,84.16,322.48,520.45,0.09697883035856004,0.15651399237196903,3002.7818,12570.0,25649.96,427.5,2575.2818,3845.7118,842.93,1270.43,1.280716367736077,1.4933168867189601,20.653800000000047,17.97380000000021,14.053800000000138,24.373799999999846,6.399999999999977,10.320000000000164,0.8702417956986206,0.6804462132876326,1.1801121343287817,0.30987033863017766,0.49966592104117113
United Kingdom,UK,2026-04,2026-04-06,uk__standard_employee_ruk,"Royaume-Uni · salarié standard, hors Écosse","United Kingdom · standard employee, outside Scotland",1.62,3345.9156,183.87,439.39,141.3,84.78,325.17,524.17,0.09718416089156583,0.15665965991491235,3020.7456,12570.0,25885.49,431.43,2589.3156,3870.0856,849.34,1280.77,1.281168993509417,1.4946364977679816,20.653799999999592,17.963799999999992,14.033799999999701,24.373799999999846,6.410000000000082,10.339999999999918,0.8697576232945196,0.679477868479407,1.1801121343288077,0.3103545110342992,0.5006342658493895
United Kingdom,UK,2026-04,2026-04-06,uk__standard_employee_ruk,"Royaume-Uni · salarié standard, hors Écosse","United Kingdom · standard employee, outside Scotland",1.63,3366.5694,185.53,442.49,142.33,85.4,327.86,527.89,0.0973869720315286,0.15680354012604047,3038.7094,12570.0,26120.9,435.35,2603.3594,3894.4594,855.75,1291.1,1.2816162677484066,1.495936135441,20.653800000000047,17.963799999999992,14.04379999999992,24.3738000000003,6.409999999999968,10.329999999999927,0.8697576232945003,0.6799620408835123,1.1801121343288037,0.31035451103428685,0.5001500934452694
United Kingdom,UK,2026-04,2026-04-06,uk__standard_employee_ruk,"Royaume-Uni · salarié standard, hors Écosse","United Kingdom · standard employee, outside Scotland",1.64,3387.2232,187.18,445.58,143.36,86.02,330.54,531.6,0.0975843575941497,0.15694271342969074,3056.6832,12570.0,26356.31,439.27,2617.4132,3918.8232,862.14,1301.41,1.2820508190053845,1.4972122857789514,20.653800000000047,17.973799999999756,14.053800000000138,24.363799999999628,6.389999999999986,10.310000000000173,0.8702417956985986,0.6804462132876326,1.1796279619246615,0.3093861662260684,0.49918174863706194
United Kingdom,UK,2026-04,2026-04-06,uk__standard_employee_ruk,"Royaume-Uni · salarié standard, hors Écosse","United Kingdom · standard employee, outside Scotland",1.65,3407.877,188.83,448.68,144.39,86.64,333.22,535.32,0.09777935060449659,0.15708313416241257,3074.657,12570.0,26591.83,443.2,2631.457,3943.197,868.54,1311.74,1.2824835420666436,1.4984842997624508,20.653800000000047,17.97380000000021,14.04379999999992,24.3738000000003,6.399999999999977,10.329999999999927,0.8702417956986206,0.6799620408835123,1.1801121343288037,0.30987033863017766,0.5001500934452694
United Kingdom,UK,2026-04,2026-04-06,uk__standard_employee_ruk,"Royaume-Uni · salarié standard, hors Écosse","United Kingdom · standard employee, outside Scotland",1.66,3428.5308,190.48,451.78,145.43,87.26,335.91,539.04,0.09797491100269537,0.15722186307907748,3092.6208,12570.0,26827.24,447.12,2645.5008,3967.5708,874.95,1322.07,1.282915383612501,1.499742808620583,20.653800000000047,17.963799999999992,14.04379999999992,24.373799999999846,6.410000000000082,10.329999999999927,0.8697576232945003,0.6799620408835123,1.1801121343287817,0.31035451103429235,0.5001500934452694
United Kingdom,UK,2026-04,2026-04-06,uk__standard_employee_ruk,"Royaume-Uni · salarié standard, hors Écosse","United Kingdom · standard employee, outside Scotland",1.67,3449.1846,192.13,454.88,146.46,87.88,338.59,542.76,0.09816523012424444,0.15735893057159075,3110.5946,12570.0,27062.65,451.04,2659.5546,3991.9446,881.35,1332.39,1.2833381116266325,1.5009823825387905,20.653800000000047,17.973799999999756,14.053800000000138,24.373799999999846,6.399999999999977,10.320000000000164,0.8702417956985986,0.6804462132876326,1.1801121343287817,0.30987033863017766,0.49966592104117113
United Kingdom,UK,2026-04,2026-04-06,uk__standard_employee_ruk,"Royaume-Uni · salarié standard, hors Écosse","United Kingdom · standard employee, outside Scotland",1.68,3469.8384,193.79,457.98,147.49,88.5,341.28,546.48,0.09835616552056141,0.15749436630824076,3128.5584,12570.0,27298.18,454.97,2673.5884,4016.3184,887.76,1342.73,1.2837600857954259,1.5022201622358926,20.653800000000047,17.963799999999992,14.033800000000156,24.3738000000003,6.409999999999968,10.339999999999918,0.8697576232945003,0.6794778684794142,1.1801121343288037,0.31035451103428685,0.5006342658493785
United Kingdom,UK,2026-04,2026-04-06,uk__standard_employee_ruk,"Royaume-Uni · salarié standard, hors Écosse","United Kingdom · standard employee, outside Scotland",1.69,3490.4922,195.44,461.07,148.52,89.12,343.96,550.19,0.09854197640092134,0.15762533432963982,3146.5322,12570.0,27533.59,458.89,2687.6422,4040.6822,894.15,1353.04,1.2841699824333594,1.5034301068795541,20.653800000000047,17.97380000000021,14.053799999999683,24.363800000000083,6.389999999999986,10.309999999999945,0.8702417956986206,0.6804462132876106,1.1796279619246834,0.3093861662260684,0.4991817486370509
United Kingdom,UK,2026-04,2026-04-06,uk__standard_employee_ruk,"Royaume-Uni · salarié standard, hors Écosse","United Kingdom · standard employee, outside Scotland",1.7,3511.146,197.09,464.17,149.56,89.73,346.65,553.9,0.09872844934388941,0.1577547615507871,3164.496,12570.0,27769.11,462.82,2701.676,4065.046,900.55,1363.37,1.284579282135291,1.5046386021121705,20.653800000000047,17.963799999999992,14.033800000000156,24.363799999999628,6.399999999999977,10.329999999999927,0.8697576232945003,0.6794778684794142,1.1796279619246615,0.30987033863017766,0.5001500934452694
United Kingdom,UK,2026-04,2026-04-06,uk__standard_employee_ruk,"Royaume-Uni · salarié standard, hors Écosse","United Kingdom · standard employee, outside Scotland",1.71,3531.7998,198.74,467.27,150.59,90.35,349.33,557.62,0.09890990989919644,0.15788550642083393,3182.4698,12570.0,28004.52,466.74,2715.7298,4089.4198,906.95,1373.69,1.2849830656680543,1.5058271997457184,20.653799999999592,17.973799999999756,14.053800000000138,24.3738000000003,6.400000000000091,10.320000000000164,0.8702417956986177,0.6804462132876475,1.1801121343288297,0.30987033863019,0.4996659210411821
United Kingdom,UK,2026-04,2026-04-06,uk__standard_employee_ruk,"Royaume-Uni · salarié standard, hors Écosse","United Kingdom · standard employee, outside Scotland",1.72,3552.4536,200.4,470.37,151.62,90.97,352.02,561.34,0.09909207540388422,0.15801473100169414,3200.4336,12570.0,28239.93,470.67,2729.7636,4113.7936,913.36,1384.03,1.2853863301522643,1.5070146000921103,20.653800000000047,17.963799999999992,14.033800000000156,24.373799999999846,6.409999999999968,10.339999999999918,0.8697576232945003,0.6794778684794142,1.1801121343287817,0.31035451103428685,0.5006342658493785
United Kingdom,UK,2026-04,2026-04-06,uk__standard_employee_ruk,"Royaume-Uni · salarié standard, hors Écosse","United Kingdom · standard employee, outside Scotland",1.73,3573.1074,202.05,473.47,152.66,91.59,354.71,565.06,0.09927213494898027,0.15814246165676407,3218.3974,12570.0,28475.45,474.59,2743.8074,4138.1674,919.77,1394.36,1.2857850929161203,1.5081843572548133,20.653800000000047,17.963799999999992,14.04379999999992,24.3738000000003,6.409999999999968,10.329999999999927,0.8697576232945003,0.6799620408835123,1.1801121343288037,0.31035451103428685,0.5001500934452694
United Kingdom,UK,2026-04,2026-04-06,uk__standard_employee_ruk,"Royaume-Uni · salarié standard, hors Écosse","United Kingdom · standard employee, outside Scotland",1.74,3593.7612,203.7,476.56,153.69,92.21,357.39,568.77,0.09944734224410903,0.1582659415433613,3236.3712,12570.0,28710.86,478.51,2757.8612,4162.5312,926.16,1404.67,1.2861723649005403,1.509333102042989,20.653800000000047,17.97380000000021,14.053799999999683,24.363800000000083,6.389999999999986,10.310000000000173,0.8702417956986206,0.6804462132876106,1.1796279619246834,0.3093861662260684,0.49918174863706194
United Kingdom,UK,2026-04,2026-04-06,uk__standard_employee_ruk,"Royaume-Uni · salarié standard, hors Écosse","United Kingdom · standard employee, outside Scotland",1.75,3614.415,205.35,479.66,154.72,92.83,360.07,572.49,0.09962054717015063,0.15839077693070663,3254.345,12570.0,28946.39,482.44,2771.905,4186.905,932.56,1415.0,1.2865584318810697,1.5104792552414315,20.653800000000047,17.973799999999756,14.043800000000374,24.37379999999939,6.399999999999977,10.329999999999927,0.8702417956985986,0.6799620408835344,1.1801121343287597,0.30987033863017766,0.5001500934452694
United Kingdom,UK,2026-04,2026-04-06,uk__standard_employee_ruk,"Royaume-Uni · salarié standard, hors Écosse","United Kingdom · standard employee, outside Scotland",1.76,3635.0688,207.01,482.76,155.75,93.45,362.76,576.21,0.0997945348379651,0.15851419373410486,3272.3088,12570.0,29181.8,486.36,2785.9488,4211.2788,938.97,1425.33,1.286944190597171,1.5116138530614778,20.653800000000047,17.963799999999992,14.04379999999992,24.3738000000003,6.410000000000082,10.329999999999927,0.8697576232945003,0.6799620408835123,1.1801121343288037,0.31035451103429235,0.5001500934452694
United Kingdom,UK,2026-04,2026-04-06,uk__standard_employee_ruk,"Royaume-Uni · salarié standard, hors Écosse","United Kingdom · standard employee, outside Scotland",1.77,3655.7226,208.66,485.86,156.79,94.07,365.45,579.93,0.09996655654343138,0.15863621599735167,3290.2726,12570.0,29417.21,490.29,2799.9826,4235.6526,945.38,1435.67,1.2873257370833042,1.512742472042505,20.653800000000047,17.963799999999992,14.033799999999701,24.3738000000003,6.409999999999968,10.340000000000146,0.8697576232945003,0.6794778684793922,1.1801121343288037,0.31035451103428685,0.5006342658493895
United Kingdom,UK,2026-04,2026-04-06,uk__standard_employee_ruk,"Royaume-Uni · salarié standard, hors Écosse","United Kingdom · standard employee, outside Scotland",1.78,3676.3764,210.31,488.96,157.82,94.69,368.13,583.65,0.10013392535106035,0.15875686722393278,3308.2464,12570.0,29652.73,494.21,2814.0364,4260.0264,951.78,1445.99,1.2876992475530238,1.513849074589085,20.653800000000047,17.97380000000021,14.053800000000138,24.37379999999939,6.399999999999977,10.319999999999936,0.8702417956986206,0.6804462132876326,1.1801121343287597,0.30987033863017766,0.49966592104116014
United Kingdom,UK,2026-04,2026-04-06,uk__standard_employee_ruk,"Royaume-Uni · salarié standard, hors Écosse","United Kingdom · standard employee, outside Scotland",1.79,3697.0302,211.96,492.05,158.85,95.31,370.81,587.36,0.10029942411614598,0.15887346551835038,3326.2202,12570.0,29888.14,498.14,2828.0802,4284.3902,958.17,1456.31,1.288065714951764,1.5149464997491935,20.653800000000047,17.97380000000021,14.04379999999992,24.363800000000083,6.389999999999986,10.319999999999936,0.8702417956986206,0.6799620408835123,1.1796279619246834,0.3093861662260684,0.49966592104116014
United Kingdom,UK,2026-04,2026-04-06,uk__standard_employee_ruk,"Royaume-Uni · salarié standard, hors Écosse","United Kingdom · standard employee, outside Scotland",1.8,3717.684,213.61,495.15,159.88,95.93,373.49,591.08,0.10046308400606399,0.1589914581228528,3344.194,12570.0,30123.55,502.06,2842.134,4308.764,964.57,1466.63,1.288431233355481,1.516031263832036,20.653800000000047,17.973799999999756,14.053800000000138,24.3738000000003,6.400000000000091,10.320000000000164,0.8702417956985986,0.6804462132876326,1.1801121343288037,0.30987033863018315,0.49966592104117113
United Kingdom,UK,2026-04,2026-04-06,uk__standard_employee_ruk,"Royaume-Uni · salarié standard, hors Écosse","United Kingdom · standard employee, outside Scotland",1.81,3738.3378,215.27,498.25,160.92,96.55,376.19,594.8,0.10063028547072445,0.15910814694167014,3362.1478,12570.0,30359.08,505.99,2856.1578,4333.1378,970.99,1476.98,1.2888005101976778,1.5171212879064317,20.653799999999592,17.95380000000023,14.023799999999937,24.3738000000003,6.419999999999959,10.349999999999909,0.8692734508904213,0.6789936960753089,1.1801121343288297,0.31083868343840293,0.5011184382534988
United Kingdom,UK,2026-04,2026-04-06,uk__standard_employee_ruk,"Royaume-Uni · salarié standard, hors Écosse","United Kingdom · standard employee, outside Scotland",1.82,3758.9916,216.92,501.35,161.95,97.17,378.87,598.52,0.10079032898078304,0.1592235534657752,3380.1216,12570.0,30594.49,509.91,2870.2116,4357.5116,977.39,1487.3,1.289158236200733,1.5181847916718052,20.653800000000047,17.973799999999756,14.053800000000138,24.37379999999939,6.399999999999977,10.319999999999936,0.8702417956985986,0.6804462132876326,1.1801121343287597,0.30987033863017766,0.49966592104116014
United Kingdom,UK,2026-04,2026-04-06,uk__standard_employee_ruk,"Royaume-Uni · salarié standard, hors Écosse","United Kingdom · standard employee, outside Scotland",1.83,3779.6454,218.57,504.45,162.98,97.79,381.55,602.24,0.10094862338144206,0.1593376987163928,3398.0954,12570.0,30830.01,513.83,2884.2654,4381.8854,983.79,1497.62,1.2895121779100138,1.5192379314330782,20.653800000000047,17.97380000000021,14.053800000000138,24.3738000000003,6.399999999999977,10.319999999999936,0.8702417956986206,0.6804462132876326,1.1801121343288037,0.30987033863017766,0.49966592104116014
United Kingdom,UK,2026-04,2026-04-06,uk__standard_employee_ruk,"Royaume-Uni · salarié standard, hors Écosse","United Kingdom · standard employee, outside Scotland",1.84,3800.2992,220.22,507.55,164.02,98.41,384.24,605.96,0.10110782856255107,0.15945060325776453,3416.0592,12570.0,31065.42,517.76,2898.2992,4406.2592,990.2,1507.96,1.2898661709375527,1.5202913488020835,20.653800000000047,17.963799999999992,14.033799999999701,24.3738000000003,6.410000000000082,10.340000000000146,0.8697576232945003,0.6794778684793922,1.1801121343288037,0.31035451103429235,0.5006342658493895
United Kingdom,UK,2026-04,2026-04-06,uk__standard_employee_ruk,"Royaume-Uni · salarié standard, hors Écosse","United Kingdom · standard employee, outside Scotland",1.85,3820.953,221.88,510.64,165.05,99.03,386.93,609.67,0.10126531260656699,0.15955967006136948,3434.023,12570.0,31300.83,521.68,2912.343,4430.623,996.6,1518.28,1.290213548365867,1.5213259564549915,20.653800000000047,17.963799999999992,14.04379999999992,24.363799999999173,6.399999999999977,10.319999999999936,0.8697576232945003,0.6799620408835123,1.1796279619246395,0.30987033863017766,0.49966592104116014
United Kingdom,UK,2026-04,2026-04-06,uk__standard_employee_ruk,"Royaume-Uni · salarié standard, hors Écosse","United Kingdom · standard employee, outside Scotland",1.86,3841.6068,223.53,513.74,166.08,99.65,389.61,613.39,0.10141850019632409,0.15967016718108681,3451.9968,12570.0,31536.35,525.61,2926.3868,4454.9968,1003.0,1528.61,1.2905564686502606,1.5223540510775952,20.653800000000047,17.973799999999756,14.043800000000374,24.3738000000003,6.399999999999977,10.329999999999927,0.8702417956985986,0.6799620408835344,1.1801121343288037,0.30987033863017766,0.5001500934452694
United Kingdom,UK,2026-04,2026-04-06,uk__standard_employee_ruk,"Royaume-Uni · salarié standard, hors Écosse","United Kingdom · standard employee, outside Scotland",1.87,3862.2606,225.18,516.84,167.11,100.27,392.29,617.11,0.10157004941613727,0.15977948251342747,3469.9706,12570.0,31771.76,529.53,2940.4406,4479.3706,1009.4,1538.93,1.2908958364085275,1.5233671443660515,20.653800000000047,17.97380000000021,14.053799999999683,24.3738000000003,6.399999999999977,10.320000000000164,0.8702417956986206,0.6804462132876106,1.1801121343288037,0.30987033863017766,0.49966592104117113
United Kingdom,UK,2026-04,2026-04-06,uk__standard_employee_ruk,"Royaume-Uni · salarié standard, hors Écosse","United Kingdom · standard employee, outside Scotland",1.88,3882.9144,226.83,519.94,168.15,100.89,394.98,620.83,0.101722561795336,0.15988763491670072,3487.9344,12570.0,32007.17,533.45,2954.4844,4503.7444,1015.81,1549.26,1.291235408555849,1.524375759100302,20.653800000000047,17.963799999999992,14.04379999999992,24.37379999999939,6.409999999999968,10.329999999999927,0.8697576232945003,0.6799620408835123,1.1801121343287597,0.31035451103428685,0.5001500934452694
United Kingdom,UK,2026-04,2026-04-06,uk__standard_employee_ruk,"Royaume-Uni · salarié standard, hors Écosse","United Kingdom · standard employee, outside Scotland",1.89,3903.5682,228.49,523.04,169.18,101.51,397.67,624.55,0.10187346028692415,0.159994642850098,3505.8982,12570.0,32242.7,537.38,2968.5182,4528.1182,1022.22,1559.6,1.2915715008496254,1.5253799690364034,20.653800000000047,17.963799999999992,14.033800000000156,24.3738000000003,6.410000000000082,10.339999999999918,0.8697576232945003,0.6794778684794142,1.1801121343288037,0.31035451103429235,0.5006342658493785
United Kingdom,UK,2026-04,2026-04-06,uk__standard_employee_ruk,"Royaume-Uni · salarié standard, hors Écosse","United Kingdom · standard employee, outside Scotland",1.9,3924.222,230.14,526.13,170.21,102.13,400.35,628.26,0.10202022209752659,0.1600979761083853,3523.872,12570.0,32478.11,541.3,2982.572,4552.482,1028.61,1569.91,1.2918976625711716,1.5263611406531006,20.653800000000047,17.973799999999756,14.053800000000138,24.363800000000083,6.389999999999873,10.310000000000173,0.8702417956985986,0.6804462132876326,1.1796279619246834,0.3093861662260629,0.49918174863706194
United Kingdom,UK,2026-04,2026-04-06,uk__standard_employee_ruk,"Royaume-Uni · salarié standard, hors Écosse","United Kingdom · standard employee, outside Scotland",1.91,3944.8758,231.79,529.23,171.24,102.75,403.03,631.98,0.10216544713524313,0.16020276227707853,3541.8458,12570.0,32713.63,545.23,2996.6158,4576.8558,1035.01,1580.24,1.2922233373344487,1.5273415430833677,20.653799999999592,17.97380000000021,14.04379999999992,24.3738000000003,6.400000000000091,10.329999999999927,0.8702417956986397,0.6799620408835273,1.1801121343288297,0.30987033863019,0.5001500934452804
United Kingdom,UK,2026-04,2026-04-06,uk__standard_employee_ruk,"Royaume-Uni · salarié standard, hors Écosse","United Kingdom · standard employee, outside Scotland",1.92,3965.5296,233.44,532.33,172.28,103.37,405.72,635.7,0.10231168114342155,0.1603064569231812,3559.8096,12570.0,32949.04,549.15,3010.6596,4601.2296,1041.42,1590.57,1.292549354325018,1.5283127989627259,20.653800000000047,17.963799999999992,14.04379999999992,24.37379999999939,6.410000000000082,10.329999999999927,0.8697576232945003,0.6799620408835123,1.1801121343287597,0.31035451103429235,0.5001500934452694
United Kingdom,UK,2026-04,2026-04-06,uk__standard_employee_ruk,"Royaume-Uni · salarié standard, hors Écosse","United Kingdom · standard employee, outside Scotland",1.93,3986.1834,235.09,535.43,173.31,103.99,408.4,639.42,0.1024538911079706,0.1604090770133657,3577.7834,12570.0,33184.45,553.07,3024.7134,4625.6034,1047.82,1600.89,1.2928684838774758,1.5292699797607272,20.653800000000047,17.973799999999756,14.053800000000138,24.3738000000003,6.399999999999864,10.320000000000164,0.8702417956985986,0.6804462132876326,1.1801121343288037,0.3098703386301721,0.49966592104117113
United Kingdom,UK,2026-04,2026-04-06,uk__standard_employee_ruk,"Royaume-Uni · salarié standard, hors Écosse","United Kingdom · standard employee, outside Scotland",1.94,4006.8372,236.75,538.53,174.34,104.61,411.09,643.14,0.1025971307244527,0.16051063916447617,3595.7472,12570.0,33419.98,557.0,3038.7472,4649.9772,1054.23,1611.23,1.2931880194469736,1.5302283783264368,20.653800000000047,17.963799999999992,14.033799999999701,24.3738000000003,6.410000000000082,10.339999999999918,0.8697576232945003,0.6794778684793922,1.1801121343288037,0.31035451103429235,0.5006342658493785
United Kingdom,UK,2026-04,2026-04-06,uk__standard_employee_ruk,"Royaume-Uni · salarié standard, hors Écosse","United Kingdom · standard employee, outside Scotland",1.95,4027.491,238.4,541.62,175.37,105.23,413.77,646.85,0.10273641828125749,0.1606086767170926,3613.721,12570.0,33655.39,560.92,3052.801,4674.341,1060.62,1621.54,1.293498031530381,1.5311646582924994,20.653800000000047,17.97380000000021,14.053800000000138,24.363800000000083,6.389999999999873,10.309999999999945,0.8702417956986206,0.6804462132876326,1.1796279619246834,0.3093861662260629,0.4991817486370509
United Kingdom,UK,2026-04,2026-04-06,uk__standard_employee_ruk,"Royaume-Uni · salarié standard, hors Écosse","United Kingdom · standard employee, outside Scotland",1.96,4048.1448,240.05,544.72,176.41,105.84,416.46,650.56,0.10287675480383014,0.16070571388651908,3631.6848,12570.0,33890.8,564.85,3066.8348,4698.7048,1067.02,1631.87,1.2938085375691195,1.5321023486494938,20.653800000000047,17.963799999999992,14.033800000000156,24.363800000000083,6.400000000000091,10.329999999999927,0.8697576232945003,0.6794778684794142,1.1796279619246834,0.30987033863018315,0.5001500934452694
United Kingdom,UK,2026-04,2026-04-06,uk__standard_employee_ruk,"Royaume-Uni · salarié standard, hors Écosse","United Kingdom · standard employee, outside Scotland",1.97,4068.7986,241.7,547.82,177.44,106.46,419.14,654.28,0.10301320886219337,0.16080422363495703,3649.6586,12570.0,34126.32,568.77,3080.8886,4723.0786,1073.42,1642.19,1.2941151810747449,1.5330247903153653,20.653800000000047,17.97380000000021,14.053800000000138,24.37379999999939,6.400000000000091,10.320000000000164,0.8702417956986206,0.6804462132876326,1.1801121343287597,0.30987033863018315,0.49966592104117113
United Kingdom,UK,2026-04,2026-04-06,uk__standard_employee_ruk,"Royaume-Uni · salarié standard, hors Écosse","United Kingdom · standard employee, outside Scotland",1.98,4089.4524,243.36,550.92,178.47,107.08,421.83,658.0,0.10315072991190703,0.16090173833543092,3667.6224,12570.0,34361.73,572.7,3094.9224,4747.4524,1079.83,1652.53,1.2944223483857007,1.5339487671807215,20.653800000000047,17.963799999999992,14.033799999999701,24.3738000000003,6.4099999999998545,10.339999999999918,0.8697576232945003,0.6794778684793922,1.1801121343288037,0.31035451103428136,0.5006342658493785
United Kingdom,UK,2026-04,2026-04-06,uk__standard_employee_ruk,"Royaume-Uni · salarié standard, hors Écosse","United Kingdom · standard employee, outside Scotland",1.99,4110.1062,245.01,554.02,179.51,107.7,424.52,661.72,0.10328686884051803,0.1609982729886639,3685.5862,12570.0,34597.25,576.62,3108.9662,4771.8262,1086.24,1662.86,1.2947265213875612,1.534859465503356,20.653800000000047,17.963799999999992,14.04379999999992,24.3738000000003,6.410000000000082,10.329999999999927,0.8697576232945003,0.6799620408835123,1.1801121343288037,0.31035451103429235,0.5001500934452694
United Kingdom,UK,2026-04,2026-04-06,uk__standard_employee_ruk,"Royaume-Uni · salarié standard, hors Écosse","United Kingdom · standard employee, outside Scotland",2.0,4130.76,246.66,557.11,180.54,108.32,427.2,665.43,0.10341922551782237,0.16109142143334398,3703.56,12570.0,34832.66,580.54,3123.02,4796.19,1092.63,1673.17,1.2950215468360173,1.5357538536416673,20.653800000000047,17.973799999999756,14.053800000000138,24.363799999999173,6.3900000000001,10.310000000000173,0.8702417956985986,0.6804462132876326,1.1796279619246395,0.3093861662260739,0.49918174863706194
United Kingdom,UK,2026-04,2026-04-06,uk__standard_employee_ruk,"Royaume-Uni · salarié standard, hors Écosse","United Kingdom · standard employee, outside Scotland",2.01,4151.4138,248.31,560.21,181.57,108.94,429.88,669.15,0.10355026521326302,0.16118605184575918,3721.5338,12570.0,35068.07,584.47,3137.0638,4820.5638,1099.03,1683.5,1.2953164095943455,1.5366483142612533,20.653800000000047,17.97380000000021,14.04379999999992,24.3738000000003,6.399999999999864,10.329999999999927,0.8702417956986206,0.6799620408835123,1.1801121343288037,0.3098703386301721,0.5001500934452694
United Kingdom,UK,2026-04,2026-04-06,uk__standard_employee_ruk,"Royaume-Uni · salarié standard, hors Écosse","United Kingdom · standard employee, outside Scotland",2.02,4172.0676,249.97,563.31,182.6,109.56,432.57,672.87,0.10368240437906615,0.1612797453233979,3739.4976,12570.0,35303.6,588.39,3151.1076,4844.9376,1105.44,1693.83,1.2956119025186699,1.537534802048651,20.653800000000047,17.963799999999992,14.04379999999992,24.3738000000003,6.410000000000082,10.329999999999927,0.8697576232945003,0.6799620408835123,1.1801121343288037,0.31035451103429235,0.5001500934452694
United Kingdom,UK,2026-04,2026-04-06,uk__standard_employee_ruk,"Royaume-Uni · salarié standard, hors Écosse","United Kingdom · standard employee, outside Scotland",2.03,4192.7214,251.4,566.41,183.46,110.08,434.86,676.49,0.1037178382517856,0.16134866485524177,3757.8614,12570.0,35541.14,592.35,3165.5114,4869.2114,1111.35,1703.7,1.2957400185115928,1.5382068755146483,20.653800000000047,18.363799999999628,14.403800000000047,24.273799999999937,5.9099999999998545,9.870000000000118,0.889124519458869,0.6973922474314661,1.1752704102876896,0.28614589082879865,0.47787816285623447
United Kingdom,UK,2026-04,2026-04-06,uk__standard_employee_ruk,"Royaume-Uni · salarié standard, hors Écosse","United Kingdom · standard employee, outside Scotland",2.04,4213.3752,251.82,569.51,183.46,110.08,435.28,679.59,0.10330910002982881,0.16129349221023562,3778.0952,12570.0,35789.06,596.48,3181.6152,4892.9652,1114.87,1711.35,1.29508785273595,1.5378871712707431,20.653800000000047,20.23380000000043,16.10380000000032,23.7537999999995,3.519999999999982,7.649999999999864,0.979664759027413,0.7797015561301205,1.1500934452739664,0.17042868624659743,0.37039188914387894
United Kingdom,UK,2026-04,2026-04-06,uk__standard_employee_ruk,"Royaume-Uni · salarié standard, hors Écosse","United Kingdom · standard employee, outside Scotland",2.05,4234.029,252.23,572.6,183.46,110.08,435.69,682.68,0.10290198768123696,0.1612364960183315,3798.339,12570.0,36036.86,600.61,3197.729,4916.709,1118.37,1718.98,1.294436594521974,1.5375627515652517,20.653800000000047,20.243799999999737,16.113799999999628,23.743800000000192,3.5,7.630000000000109,0.9801489314314892,0.7801857285341967,1.1496092728698901,0.169460341438379,0.3694235443356715
United Kingdom,UK,2026-04,2026-04-06,uk__standard_employee_ruk,"Royaume-Uni · salarié standard, hors Écosse","United Kingdom · standard employee, outside Scotland",2.06,4254.6828,252.64,575.7,183.46,110.08,436.1,685.78,0.10249882787971878,0.16118240353899002,3818.5828,12570.0,36284.66,604.74,3213.8428,4940.4628,1121.88,1726.62,1.2937948602292975,1.5372446965981035,20.653799999999137,20.243800000000192,16.113800000000083,23.75380000000041,3.5100000000002183,7.639999999999873,0.9801489314315543,0.780185728534253,1.150093445274061,0.1699445138425067,0.369907716739786
United Kingdom,UK,2026-04,2026-04-06,uk__standard_employee_ruk,"Royaume-Uni · salarié standard, hors Écosse","United Kingdom · standard employee, outside Scotland",2.07,4275.3366,253.06,578.8,183.46,110.08,436.52,688.88,0.10210190233910472,0.16112883369229924,3838.8166,12570.0,36532.58,608.88,3229.9366,4964.2166,1125.4,1734.28,1.2931632628659573,1.5369393318741924,20.653800000000047,20.233799999999974,16.0938000000001,23.7537999999995,3.519999999999982,7.660000000000082,0.979664759027391,0.7792173837260002,1.1500934452739664,0.17042868624659743,0.3708760615479991
United Kingdom,UK,2026-04,2026-04-06,uk__standard_employee_ruk,"Royaume-Uni · salarié standard, hors Écosse","United Kingdom · standard employee, outside Scotland",2.08,4295.9904,253.47,581.9,183.46,110.08,436.93,691.98,0.10170646563828446,0.16107577894028813,3859.0604,12570.0,36780.38,613.01,3246.0504,4987.9704,1128.91,1741.92,1.2925349393339371,1.5366275274099253,20.653800000000047,20.243799999999737,16.113800000000083,23.75380000000041,3.509999999999991,7.6400000000001,0.9801489314314892,0.7801857285342187,1.1500934452740104,0.1699445138424882,0.36990771673978073
United Kingdom,UK,2026-04,2026-04-06,uk__standard_employee_ruk,"Royaume-Uni · salarié standard, hors Écosse","United Kingdom · standard employee, outside Scotland",2.09,4316.6442,253.88,585.0,183.46,110.08,437.34,695.08,0.1013148130207257,0.16102323188925324,3879.3042,12570.0,37028.18,617.14,3262.1642,5011.7242,1132.42,1749.56,1.291913173501578,1.5363188033269448,20.653800000000047,20.243800000000192,16.113800000000083,23.7537999999995,3.509999999999991,7.639999999999873,0.9801489314315113,0.7801857285342187,1.1500934452739664,0.1699445138424882,0.3699077167397697
United Kingdom,UK,2026-04,2026-04-06,uk__standard_employee_ruk,"Royaume-Uni · salarié standard, hors Écosse","United Kingdom · standard employee, outside Scotland",2.1,4337.298,254.3,588.1,183.46,110.08,437.76,698.18,0.10092919601097271,0.1609711852863234,3899.538,12570.0,37276.1,621.27,3278.268,5035.478,1135.94,1757.21,1.2913011746519716,1.5360177996429822,20.653800000000047,20.233799999999974,16.103799999999865,23.75380000000041,3.519999999999982,7.650000000000091,0.979664759027391,0.7797015561300985,1.1500934452740104,0.17042868624659743,0.37039188914388993
United Kingdom,UK,2026-04,2026-04-06,uk__standard_employee_ruk,"Royaume-Uni · salarié standard, hors Écosse","United Kingdom · standard employee, outside Scotland",2.11,4357.9518,254.71,591.19,183.46,110.08,438.17,701.27,0.10054493948280933,0.16091733736017919,3919.7818,12570.0,37523.9,625.4,3294.3818,5059.2218,1139.44,1764.84,1.2906896501228717,1.535712041634033,20.653800000000047,20.243800000000192,16.113800000000083,23.743800000000192,3.5,7.629999999999882,0.9801489314315113,0.7801857285342187,1.1496092728698901,0.169460341438379,0.3694235443356605
United Kingdom,UK,2026-04,2026-04-06,uk__standard_employee_ruk,"Royaume-Uni · salarié standard, hors Écosse","United Kingdom · standard employee, outside Scotland",2.12,4378.6056,255.12,594.29,183.46,110.08,438.58,704.37,0.10016430801623237,0.16086628126543298,3940.0256,12570.0,37771.82,630.73,3309.2956,5082.9756,1142.95,1773.68,1.2900869476584111,1.5359690442884582,20.653800000000047,20.243799999999737,14.91379999999981,23.7537999999995,3.509999999999991,8.840000000000146,0.9801489314314892,0.722085040041047,1.1500934452739664,0.1699445138424882,0.4280084052329414
United Kingdom,UK,2026-04,2026-04-06,uk__standard_employee_ruk,"Royaume-Uni · salarié standard, hors Écosse","United Kingdom · standard employee, outside Scotland",2.13,4399.2594,255.54,597.39,183.46,110.08,439.0,707.47,0.09978952366391489,0.1608157045706375,3960.2594,12570.0,38019.62,638.99,3321.2694,5106.7294,1146.47,1785.46,1.2894936629656129,1.5375836118563584,20.653800000000047,20.233799999999974,11.97380000000021,23.75380000000041,3.519999999999982,11.779999999999973,0.979664759027391,0.579738353232828,1.1500934452740104,0.17042868624659743,0.5703550920411714
United Kingdom,UK,2026-04,2026-04-06,uk__standard_employee_ruk,"Royaume-Uni · salarié standard, hors Écosse","United Kingdom · standard employee, outside Scotland",2.14,4419.9132,255.95,600.49,183.46,110.08,439.41,710.57,0.09941597948122599,0.1607656005552326,3980.5032,12570.0,38267.42,647.25,3333.2532,5130.4832,1149.98,1797.23,1.2889031718401833,1.5391819619343645,20.653800000000047,20.243800000000192,11.983799999999974,23.7537999999995,3.509999999999991,11.769999999999982,0.9801489314315113,0.5802225256369262,1.1500934452739664,0.1699445138424882,0.5698709196370622
United Kingdom,UK,2026-04,2026-04-06,uk__standard_employee_ruk,"Royaume-Uni · salarié standard, hors Écosse","United Kingdom · standard employee, outside Scotland",2.15,4440.567,256.36,603.59,183.46,110.08,439.82,713.67,0.09904591012814355,0.16071596262369198,4000.747,12570.0,38515.34,655.51,3345.237,5154.237,1153.49,1809.0,1.2883186564909004,1.5407688603229008,20.653800000000047,20.243799999999737,11.983799999999974,23.75380000000041,3.509999999999991,11.769999999999982,0.9801489314314892,0.5802225256369262,1.1500934452740104,0.1699445138424882,0.5698709196370622
United Kingdom,UK,2026-04,2026-04-06,uk__standard_employee_ruk,"Royaume-Uni · salarié standard, hors Écosse","United Kingdom · standard employee, outside Scotland",2.16,4461.2208,256.77,606.68,183.46,110.08,440.23,716.76,0.09867926734314517,0.1606645427637206,4020.9908,12570.0,38763.14,663.77,3357.2208,5177.9808,1156.99,1820.76,1.2877375397128488,1.5423414510001843,20.653800000000047,20.243800000000192,11.983799999999974,23.743800000000192,3.5,11.759999999999991,0.9801489314315113,0.5802225256369262,1.1496092728698901,0.169460341438379,0.569386747232953
United Kingdom,UK,2026-04,2026-04-06,uk__standard_employee_ruk,"Royaume-Uni · salarié standard, hors Écosse","United Kingdom · standard employee, outside Scotland",2.17,4481.8746,257.19,609.78,183.46,110.08,440.65,719.86,0.09831823496355743,0.16061582802874494,4041.2246,12570.0,39010.94,672.03,3369.1946,5201.7346,1160.51,1832.54,1.2871679045010267,1.5439104051751715,20.653800000000047,20.233799999999974,11.973799999999756,23.7537999999995,3.519999999999982,11.779999999999973,0.979664759027391,0.579738353232806,1.1500934452739664,0.17042868624659743,0.5703550920411714
United Kingdom,UK,2026-04,2026-04-06,uk__standard_employee_ruk,"Royaume-Uni · salarié standard, hors Écosse","United Kingdom · standard employee, outside Scotland",2.18,4502.5284,257.6,612.88,183.46,110.08,441.06,722.96,0.09795829383330487,0.16056756021794333,4061.4684,12570.0,39258.86,680.3,3381.1684,5225.4884,1164.02,1844.32,1.28660077719674,1.5454682470118908,20.653800000000047,20.243800000000192,11.97380000000021,23.75380000000041,3.509999999999991,11.779999999999973,0.9801489314315113,0.579738353232828,1.1500934452740104,0.1699445138424882,0.5703550920411714
United Kingdom,UK,2026-04,2026-04-06,uk__standard_employee_ruk,"Royaume-Uni · salarié standard, hors Écosse","United Kingdom · standard employee, outside Scotland",2.19,4523.1822,258.01,615.98,183.46,110.08,441.47,726.06,0.0976016398366619,0.16051973320906684,4081.7122,12570.0,39506.66,688.56,3393.1522,5249.2422,1167.53,1856.09,1.2860392753805623,1.5470105349238388,20.653800000000047,20.243799999999737,11.983799999999974,23.7537999999995,3.509999999999991,11.769999999999982,0.9801489314314892,0.5802225256369262,1.1500934452739664,0.1699445138424882,0.5698709196370622
United Kingdom,UK,2026-04,2026-04-06,uk__standard_employee_ruk,"Royaume-Uni · salarié standard, hors Écosse","United Kingdom · standard employee, outside Scotland",2.2,4543.836,258.43,619.08,183.46,110.08,441.89,729.16,0.09725042893273436,0.16047234099118016,4101.946,12570.0,39754.58,696.82,3405.126,5272.996,1171.05,1867.87,1.2854864496022131,1.5485465148719901,20.653800000000047,20.233799999999974,11.97380000000021,23.75380000000041,3.519999999999982,11.779999999999973,0.979664759027391,0.579738353232828,1.1500934452740104,0.17042868624659743,0.5703550920411714
United Kingdom,UK,2026-04,2026-04-06,uk__standard_employee_ruk,"Royaume-Uni · salarié standard, hors Écosse","United Kingdom · standard employee, outside Scotland",2.21,4564.4898,258.84,622.17,183.46,110.08,442.3,732.25,0.09690020558266993,0.1604231868367851,4122.1898,12570.0,40002.38,705.08,3417.1098,5296.7398,1174.55,1879.63,1.2849335079136823,1.550064267762189,20.653800000000047,20.243800000000192,11.983799999999974,23.743800000000192,3.5,11.760000000000218,0.9801489314315113,0.5802225256369262,1.1496092728698901,0.169460341438379,0.569386747232964
United Kingdom,UK,2026-04,2026-04-06,uk__standard_employee_ruk,"Royaume-Uni · salarié standard, hors Écosse","United Kingdom · standard employee, outside Scotland",2.22,4585.1436,259.25,625.27,183.46,110.08,442.71,735.35,0.09655313739792142,0.16037665646938515,4142.4336,12570.0,40250.18,713.34,3429.0936,5320.4936,1178.06,1891.4,1.2843883846442343,1.5515743285630934,20.653800000000047,20.243800000000192,11.983799999999974,23.7537999999995,3.509999999999991,11.769999999999982,0.9801489314315113,0.5802225256369262,1.1500934452739664,0.1699445138424882,0.5698709196370622
United Kingdom,UK,2026-04,2026-04-06,uk__standard_employee_ruk,"Royaume-Uni · salarié standard, hors Écosse","United Kingdom · standard employee, outside Scotland",2.23,4605.7974,259.67,628.37,183.46,110.08,443.13,738.45,0.09621135310901864,0.1603305434146973,4162.6674,12570.0,40498.1,721.6,3441.0674,5344.2474,1181.58,1903.18,1.2838516476238289,1.5530783849220737,20.653800000000047,20.233799999999974,11.973799999999756,23.75380000000041,3.519999999999982,11.779999999999973,0.979664759027391,0.579738353232806,1.1500934452740104,0.17042868624659743,0.5703550920411714
United Kingdom,UK,2026-04,2026-04-06,uk__standard_employee_ruk,"Royaume-Uni · salarié standard, hors Écosse","United Kingdom · standard employee, outside Scotland",2.24,4626.4512,260.08,631.47,183.46,110.08,443.54,741.55,0.09587045898160558,0.16028484208371202,4182.9112,12570.0,40745.9,729.86,3453.0512,5368.0012,1185.09,1914.95,1.2833170352743801,1.5545675082952723,20.653800000000047,20.243799999999283,11.983799999999974,23.7537999999995,3.509999999999991,11.769999999999982,0.9801489314314672,0.5802225256369262,1.1500934452739664,0.1699445138424882,0.5698709196370622
United Kingdom,UK,2026-04,2026-04-06,uk__standard_employee_ruk,"Royaume-Uni · salarié standard, hors Écosse","United Kingdom · standard employee, outside Scotland",2.25,4647.105,260.49,634.57,183.46,110.08,443.95,744.65,0.095532595024214,0.16023954698677995,4203.155,12570.0,40993.82,738.13,3465.025,5391.755,1188.6,1926.73,1.2827875726686264,1.5560508221441405,20.653799999999137,20.243800000000192,11.97380000000021,23.75380000000041,3.509999999999991,11.779999999999973,0.9801489314315543,0.5797383532328535,1.150093445274061,0.1699445138424957,0.5703550920411965
United Kingdom,UK,2026-04,2026-04-06,uk__standard_employee_ruk,"Royaume-Uni · salarié standard, hors Écosse","United Kingdom · standard employee, outside Scotland",2.26,4667.7588,260.91,637.66,183.46,110.08,444.37,747.74,0.0951998633691184,0.16019251037564325,4223.3888,12570.0,41241.62,746.39,3476.9988,5415.4988,1192.11,1938.5,1.2822638540879778,1.5575210437231095,20.653800000000047,20.233799999999974,11.973799999999756,23.743800000000192,3.509999999999991,11.769999999999982,0.979664759027391,0.579738353232806,1.1496092728698901,0.1699445138424882,0.5698709196370622
United Kingdom,UK,2026-04,2026-04-06,uk__standard_employee_ruk,"Royaume-Uni · salarié standard, hors Écosse","United Kingdom · standard employee, outside Scotland",2.27,4688.4126,261.32,640.76,183.46,110.08,444.78,750.84,0.09486793035237553,0.16014802110206766,4243.6326,12570.0,41489.42,754.65,3488.9826,5439.2526,1195.62,1950.27,1.2817444658145005,1.5589795718671682,20.653800000000047,20.243800000000192,11.983799999999974,23.7537999999995,3.509999999999991,11.769999999999982,0.9801489314315113,0.5802225256369262,1.1500934452739664,0.1699445138424882,0.5698709196370622
United Kingdom,UK,2026-04,2026-04-06,uk__standard_employee_ruk,"Royaume-Uni · salarié standard, hors Écosse","United Kingdom · standard employee, outside Scotland",2.28,4709.0664,261.73,643.86,183.46,110.08,445.19,753.94,0.09453890902876207,0.1601039220852779,4263.8764,12570.0,41737.34,762.91,3500.9664,5463.0064,1199.13,1962.04,1.281230009387702,1.5604281149342083,20.653800000000047,20.243800000000192,11.983799999999974,23.75380000000041,3.5100000000002183,11.769999999999982,0.9801489314315113,0.5802225256369262,1.1500934452740104,0.16994451384249923,0.5698709196370622
United Kingdom,UK,2026-04,2026-04-06,uk__standard_employee_ruk,"Royaume-Uni · salarié standard, hors Écosse","United Kingdom · standard employee, outside Scotland",2.29,4729.7202,262.14,646.96,183.46,110.08,445.6,757.04,0.09421276125382638,0.1600602082127395,4284.1202,12570.0,41985.14,771.17,3512.9502,5486.7602,1202.64,1973.81,1.2807204148940545,1.5618667751111304,20.653800000000047,20.243800000000192,11.983800000000429,23.7537999999995,3.509999999999991,11.769999999999982,0.9801489314315113,0.5802225256369482,1.1500934452739664,0.1699445138424882,0.5698709196370622
United Kingdom,UK,2026-04,2026-04-06,uk__standard_employee_ruk,"Royaume-Uni · salarié standard, hors Écosse","United Kingdom · standard employee, outside Scotland",2.3,4750.374,262.56,650.06,183.46,110.08,446.02,760.14,0.09389155464390804,0.16001687446083193,4304.354,12570.0,42232.94,779.43,3524.924,5510.514,1206.16,1985.59,1.2802185879692982,1.563300088172114,20.653800000000047,20.233799999999974,11.973799999999756,23.75380000000041,3.519999999999982,11.779999999999973,0.979664759027391,0.579738353232806,1.1500934452740104,0.17042868624659743,0.5703550920411714
United Kingdom,UK,2026-04,2026-04-06,uk__standard_employee_ruk,"Royaume-Uni · salarié standard, hors Écosse","United Kingdom · standard employee, outside Scotland",2.31,4771.0278,262.97,653.15,183.46,110.08,446.43,763.23,0.09357103305916599,0.15997181990849013,4324.5978,12570.0,42480.86,787.7,3536.8978,5534.2578,1209.66,1997.36,1.2797161853987904,1.5647208692317884,20.653800000000047,20.243799999999283,11.97380000000021,23.743800000000192,3.5,11.769999999999982,0.9801489314314672,0.579738353232828,1.1496092728698901,0.169460341438379,0.5698709196370622
United Kingdom,UK,2026-04,2026-04-06,uk__standard_employee_ruk,"Royaume-Uni · salarié standard, hors Écosse","United Kingdom · standard employee, outside Scotland",2.32,4791.6816,263.38,656.25,183.46,110.08,446.84,766.33,0.0932532745915338,0.1599292407074794,4344.8416,12570.0,42728.66,795.96,3548.8816,5558.0116,1213.17,2009.13,1.2792207660688943,1.566130467694386,20.653800000000047,20.243800000000192,11.983799999999974,23.7537999999995,3.509999999999991,11.77000000000021,0.9801489314315113,0.5802225256369262,1.1500934452739664,0.1699445138424882,0.5698709196370733
United Kingdom,UK,2026-04,2026-04-06,uk__standard_employee_ruk,"Royaume-Uni · salarié standard, hors Écosse","United Kingdom · standard employee, outside Scotland",2.33,4812.3354,263.8,659.35,183.46,110.08,447.26,769.43,0.09294032165754695,0.15988702699317256,4365.0754,12570.0,42976.58,804.22,3560.8554,5581.7654,1216.69,2020.91,1.278732871372623,1.5675349804993488,20.653800000000047,20.233799999999974,11.973799999999756,23.75380000000041,3.519999999999982,11.779999999999973,0.979664759027391,0.579738353232806,1.1500934452740104,0.17042868624659743,0.5703550920411714
United Kingdom,UK,2026-04,2026-04-06,uk__standard_employee_ruk,"Royaume-Uni · salarié standard, hors Écosse","United Kingdom · standard employee, outside Scotland",2.34,4832.9892,264.21,662.45,183.46,110.08,447.67,772.53,0.09262797442212367,0.15984517407984278,4385.3192,12570.0,43224.38,812.48,3572.8392,5605.5192,1220.2,2032.68,1.2782465641269625,1.5689256880074536,20.653800000000047,20.243800000000192,11.983799999999974,23.7537999999995,3.509999999999991,11.769999999999982,0.9801489314315113,0.5802225256369262,1.1500934452739664,0.1699445138424882,0.5698709196370622
United Kingdom,UK,2026-04,2026-04-06,uk__standard_employee_ruk,"Royaume-Uni · salarié standard, hors Écosse","United Kingdom · standard employee, outside Scotland",2.35,4853.643,264.62,665.55,183.46,110.08,448.08,775.63,0.09231828546104442,0.15980367736151999,4405.563,12570.0,43472.18,820.74,3584.823,5629.273,1223.71,2044.45,1.2777647260974363,1.5703070974494415,20.653800000000047,20.243800000000192,11.983799999999974,23.75380000000041,3.509999999999991,11.769999999999982,0.9801489314315113,0.5802225256369262,1.1500934452740104,0.1699445138424882,0.5698709196370622
United Kingdom,UK,2026-04,2026-04-06,uk__standard_employee_ruk,"Royaume-Uni · salarié standard, hors Écosse","United Kingdom · standard employee, outside Scotland",2.36,4874.2968,265.04,668.65,183.46,110.08,448.5,778.73,0.09201327256066967,0.15976253231030166,4425.7968,12570.0,43720.1,829.0,3596.7968,5653.0268,1227.23,2056.23,1.2772901819622626,1.571683671426754,20.653800000000047,20.233799999999974,11.97380000000021,23.7537999999995,3.519999999999982,11.779999999999973,0.979664759027391,0.579738353232828,1.1500934452739664,0.17042868624659743,0.5703550920411714
United Kingdom,UK,2026-04,2026-04-06,uk__standard_employee_ruk,"Royaume-Uni · salarié standard, hors Écosse","United Kingdom · standard employee, outside Scotland",2.37,4894.9506,265.45,671.74,183.46,110.08,448.91,781.82,0.09170879068728496,0.1597196915531691,4446.0406,12570.0,43967.9,837.26,3608.7806,5676.7706,1230.73,2067.99,1.2768148361038358,1.5730439805622984,20.653800000000047,20.243800000000192,11.983799999999974,23.743800000000192,3.5,11.759999999999764,0.9801489314315113,0.5802225256369262,1.1496092728698901,0.169460341438379,0.569386747232942
United Kingdom,UK,2026-04,2026-04-06,uk__standard_employee_ruk,"Royaume-Uni · salarié standard, hors Écosse","United Kingdom · standard employee, outside Scotland",2.38,4915.6044,265.86,674.84,183.46,110.08,449.32,784.92,0.0914068674851052,0.15967924514023138,4466.2844,12570.0,44215.7,845.52,3620.7644,5700.5244,1234.24,2079.76,1.2763460383311014,1.5743980469980317,20.653800000000047,20.243799999999283,11.983799999999974,23.75380000000041,3.509999999999991,11.770000000000437,0.9801489314314672,0.5802225256369262,1.1500934452740104,0.1699445138424882,0.5698709196370843
United Kingdom,UK,2026-04,2026-04-06,uk__standard_employee_ruk,"Royaume-Uni · salarié standard, hors Écosse","United Kingdom · standard employee, outside Scotland",2.39,4936.2582,266.28,677.94,183.46,110.08,449.74,788.02,0.09110949666287715,0.15963913719100029,4486.5182,12570.0,44463.62,853.79,3632.7282,5724.2782,1237.76,2091.55,1.2758843149237642,1.5757518550383152,20.653800000000047,20.233800000000883,11.963799999999992,23.7537999999995,3.519999999999982,11.789999999999964,0.979664759027435,0.5792541808287078,1.1500934452739664,0.17042868624659743,0.5708392644452807
United Kingdom,UK,2026-04,2026-04-06,uk__standard_employee_ruk,"Royaume-Uni · salarié standard, hors Écosse","United Kingdom · standard employee, outside Scotland",2.4,4956.912,266.69,681.04,183.46,110.08,450.15,791.12,0.09081258654581723,0.1595993634746794,4506.762,12570.0,44711.42,862.05,3644.712,5748.032,1241.27,2103.32,1.275423907452845,1.5770881210915977,20.653800000000047,20.243799999999283,11.983799999999974,23.75380000000041,3.509999999999991,11.769999999999982,0.9801489314314672,0.5802225256369262,1.1500934452740104,0.1699445138424882,0.5698709196370622
United Kingdom,UK,2026-04,2026-04-06,uk__standard_employee_ruk,"Royaume-Uni · salarié standard, hors Écosse","United Kingdom · standard employee, outside Scotland",2.41,4977.5658,267.1,684.14,183.46,110.08,450.56,794.22,0.09051814041313126,0.15955991983069315,4527.0058,12570.0,44959.34,870.31,3656.6958,5771.7858,1244.78,2115.09,1.2749676176690563,1.5784156286667326,20.653800000000047,20.243800000000192,11.983799999999974,23.7537999999995,3.509999999999991,11.769999999999982,0.9801489314315113,0.5802225256369262,1.1500934452739664,0.1699445138424882,0.5698709196370622
United Kingdom,UK,2026-04,2026-04-06,uk__standard_employee_ruk,"Royaume-Uni · salarié standard, hors Écosse","United Kingdom · standard employee, outside Scotland",2.42,4998.2196,267.51,687.23,183.46,110.08,450.97,797.31,0.09022612771955837,0.15951880145482203,4547.2496,12570.0,45207.14,878.57,3668.6796,5795.5296,1248.28,2126.85,1.2745131914465395,1.579731737816516,20.653800000000047,20.243800000000192,11.983799999999974,23.743800000000192,3.5,11.759999999999764,0.9801489314315113,0.5802225256369262,1.1496092728698901,0.169460341438379,0.569386747232942
United Kingdom,UK,2026-04,2026-04-06,uk__standard_employee_ruk,"Royaume-Uni · salarié standard, hors Écosse","United Kingdom · standard employee, outside Scotland",2.43,5018.8734,267.93,690.33,183.46,110.08,451.39,800.41,0.08993851090166967,0.15948001398082687,4567.4834,12570.0,45454.94,886.83,3680.6534,5819.2834,1251.8,2138.63,1.2740677722003324,1.5810462892267987,20.653800000000047,20.233799999999974,11.97380000000021,23.75380000000041,3.519999999999982,11.7800000000002,0.979664759027391,0.579738353232828,1.1500934452740104,0.17042868624659743,0.5703550920411824
United Kingdom,UK,2026-04,2026-04-06,uk__standard_employee_ruk,"Royaume-Uni · salarié standard, hors Écosse","United Kingdom · standard employee, outside Scotland",2.44,5039.5272,268.34,693.43,183.46,110.08,451.8,803.51,0.0896512672855501,0.15944154443694636,4587.7272,12570.0,45702.86,895.1,3692.6272,5843.0372,1255.31,2150.41,1.2736235057742753,1.5823523154463035,20.653800000000047,20.243800000000192,11.973799999999756,23.7537999999995,3.509999999999991,11.779999999999745,0.9801489314315113,0.579738353232806,1.1500934452739664,0.1699445138424882,0.5703550920411604
United Kingdom,UK,2026-04,2026-04-06,uk__standard_employee_ruk,"Royaume-Uni · salarié standard, hors Écosse","United Kingdom · standard employee, outside Scotland",2.45,5060.181,268.75,696.53,183.46,110.08,452.21,806.61,0.08936636851527643,0.15940338893015882,4607.971,12570.0,45950.66,903.36,3704.611,5866.791,1258.82,2162.18,1.2731831428626612,1.5836456243314074,20.653799999999137,20.243799999999283,11.983799999999974,23.75380000000041,3.509999999999991,11.769999999999982,0.9801489314315104,0.5802225256369518,1.150093445274061,0.1699445138424957,0.5698709196370872
United Kingdom,UK,2026-04,2026-04-06,uk__standard_employee_ruk,"Royaume-Uni · salarié standard, hors Écosse","United Kingdom · standard employee, outside Scotland",2.46,5080.8348,269.17,699.62,183.46,110.08,452.63,809.7,0.08908575417567206,0.159363575450239,4628.2048,12570.0,46198.46,911.62,3716.5848,5890.5348,1262.33,2173.95,1.2727472215576976,1.5849321667569645,20.653800000000047,20.233800000000883,11.97380000000021,23.743800000000192,3.509999999999991,11.769999999999982,0.979664759027435,0.579738353232828,1.1496092728698901,0.1699445138424882,0.5698709196370622
United Kingdom,UK,2026-04,2026-04-06,uk__standard_employee_ruk,"Royaume-Uni · salarié standard, hors Écosse","United Kingdom · standard employee, outside Scotland",2.47,5101.4886,269.58,702.72,183.46,110.08,453.04,812.8,0.08880545180479281,0.1593260445588372,4648.4486,12570.0,46446.38,919.88,3728.5686,5914.2886,1265.84,2185.72,1.2723145094042774,1.5862088738289541,20.653800000000047,20.243799999999283,11.983799999999974,23.7537999999995,3.509999999999991,11.769999999999982,0.9801489314314672,0.5802225256369262,1.1500934452739664,0.1699445138424882,0.5698709196370622
United Kingdom,UK,2026-04,2026-04-06,uk__standard_employee_ruk,"Royaume-Uni · salarié standard, hors Écosse","United Kingdom · standard employee, outside Scotland",2.48,5122.1424,269.99,705.82,183.46,110.08,453.45,815.9,0.08852740993690453,0.15928881633591443,4668.6924,12570.0,46694.18,928.14,3740.5524,5938.0424,1269.35,2197.49,1.2718855497954844,1.5874774003967966,20.653800000000047,20.243800000000192,11.983799999999974,23.75380000000041,3.509999999999991,11.769999999999982,0.9801489314315113,0.5802225256369262,1.1500934452740104,0.1699445138424882,0.5698709196370622
United Kingdom,UK,2026-04,2026-04-06,uk__standard_employee_ruk,"Royaume-Uni · salarié standard, hors Écosse","United Kingdom · standard employee, outside Scotland",2.49,5142.7962,270.41,708.92,183.46,110.08,453.87,819.0,0.08825354580451777,0.15925188713486252,4688.9262,12570.0,46942.1,936.4,3752.5262,5961.7962,1272.87,2209.27,1.271463005751722,1.588742058616406,20.653800000000047,20.233799999999974,11.973799999999756,23.7537999999995,3.519999999999982,11.7800000000002,0.979664759027391,0.579738353232806,1.1500934452739664,0.17042868624659743,0.5703550920411824
United Kingdom,UK,2026-04,2026-04-06,uk__standard_employee_ruk,"Royaume-Uni · salarié standard, hors Écosse","United Kingdom · standard employee, outside Scotland",2.5,5163.45,270.82,712.02,183.46,110.08,454.28,822.1,0.08797993589557368,0.15921525336741904,4709.17,12570.0,47189.9,944.66,3764.51,5985.55,1276.38,2221.04,1.2710413937063219,1.5899944481486301,20.653800000000047,20.243800000000192,11.983800000000429,23.75380000000041,3.5100000000002183,11.769999999999982,0.9801489314315113,0.5802225256369482,1.1500934452740104,0.16994451384249923,0.5698709196370622
United Kingdom,UK,2026-04,2026-04-06,uk__standard_employee_ruk,"Royaume-Uni · salarié standard, hors Écosse","United Kingdom · standard employee, outside Scotland",2.51,5184.1038,271.23,715.12,183.46,110.08,454.69,825.2,0.08770850614526662,0.15917891150250504,4729.4138,12570.0,47437.7,952.92,3776.4938,6009.3038,1279.89,2232.81,1.2706233910003812,1.5912388893634617,20.653800000000047,20.243800000000192,11.983799999999974,23.7537999999995,3.509999999999991,11.769999999999982,0.9801489314315113,0.5802225256369262,1.1500934452739664,0.1699445138424882,0.5698709196370622
United Kingdom,UK,2026-04,2026-04-06,uk__standard_employee_ruk,"Royaume-Uni · salarié standard, hors Écosse","United Kingdom · standard employee, outside Scotland",2.52,5204.7576,271.65,718.21,183.46,110.08,455.11,828.29,0.08744115191839098,0.1591409367460264,4749.6476,12570.0,47685.62,961.19,3788.4576,6033.0476,1283.4,2244.59,1.2702095203863124,1.5924812250769282,20.653800000000047,20.233799999999974,11.963799999999992,23.743800000000192,3.509999999999991,11.7800000000002,0.979664759027391,0.5792541808287078,1.1496092728698901,0.1699445138424882,0.5703550920411824
United Kingdom,UK,2026-04,2026-04-06,uk__standard_employee_ruk,"Royaume-Uni · salarié standard, hors Écosse","United Kingdom · standard employee, outside Scotland",2.53,5225.4114,272.06,721.31,183.46,110.08,455.52,831.39,0.08717399743874711,0.15910517591016854,4769.8914,12570.0,47933.42,969.45,3800.4414,6056.8014,1286.91,2256.36,1.2697985954145623,1.5937099832666803,20.653800000000047,20.243800000000192,11.983799999999974,23.75380000000041,3.509999999999991,11.769999999999982,0.9801489314315113,0.5802225256369262,1.1500934452740104,0.1699445138424882,0.5698709196370622
United Kingdom,UK,2026-04,2026-04-06,uk__standard_employee_ruk,"Royaume-Uni · salarié standard, hors Écosse","United Kingdom · standard employee, outside Scotland",2.54,5246.0652,272.47,724.41,183.46,110.08,455.93,834.49,0.08690894653768315,0.1590696966556954,4790.1352,12570.0,48181.34,977.71,3812.4252,6080.5552,1290.42,2268.13,1.269391143698825,1.5949310166137818,20.653800000000047,20.243799999999283,11.983799999999974,23.7537999999995,3.509999999999991,11.769999999999982,0.9801489314314672,0.5802225256369262,1.1500934452739664,0.1699445138424882,0.5698709196370622
United Kingdom,UK,2026-04,2026-04-06,uk__standard_employee_ruk,"Royaume-Uni · salarié standard, hors Écosse","United Kingdom · standard employee, outside Scotland",2.55,5266.719,272.88,727.51,183.46,110.08,456.34,837.59,0.08664597446721574,0.1590344956698848,4810.379,12570.0,48429.14,985.97,3824.409,6104.309,1293.93,2279.9,1.26898712138898,1.5961443977357026,20.653800000000047,20.243800000000192,11.983799999999974,23.75380000000041,3.509999999999991,11.769999999999982,0.9801489314315113,0.5802225256369262,1.1500934452740104,0.1699445138424882,0.5698709196370622
United Kingdom,UK,2026-04,2026-04-06,uk__standard_employee_ruk,"Royaume-Uni · salarié standard, hors Écosse","United Kingdom · standard employee, outside Scotland",2.56,5287.3728,273.3,730.61,183.46,110.08,456.76,840.69,0.08638694816450242,0.15899956969177587,4830.6128,12570.0,48676.94,994.23,3836.3828,6128.0628,1297.45,2291.68,1.2685891115098276,1.597354362030817,20.653800000000047,20.233799999999974,11.973799999999756,23.7537999999995,3.519999999999982,11.779999999999745,0.979664759027391,0.579738353232806,1.1500934452739664,0.17042868624659743,0.5703550920411604
United Kingdom,UK,2026-04,2026-04-06,uk__standard_employee_ruk,"Royaume-Uni · salarié standard, hors Écosse","United Kingdom · standard employee, outside Scotland",2.57,5308.0266,273.71,733.7,183.46,110.08,457.17,843.78,0.0861280536913662,0.15896303157184632,4850.8566,12570.0,48924.86,1002.5,3848.3566,6151.8066,1300.95,2303.45,1.2681897461161808,1.5985541984336897,20.653800000000047,20.243800000000192,11.97380000000021,23.743800000000192,3.5,11.769999999999982,0.9801489314315113,0.579738353232828,1.1496092728698901,0.169460341438379,0.5698709196370622
United Kingdom,UK,2026-04,2026-04-06,uk__standard_employee_ruk,"Royaume-Uni · salarié standard, hors Écosse","United Kingdom · standard employee, outside Scotland",2.58,5328.6804,274.12,736.8,183.46,110.08,457.58,846.88,0.08587116615213028,0.15892865333038175,4871.1004,12570.0,49172.66,1010.76,3860.3404,6175.5604,1304.46,2315.22,1.2677957530910264,1.5997450380282527,20.653800000000047,20.243800000000192,11.983799999999974,23.75380000000041,3.509999999999991,11.769999999999982,0.9801489314315113,0.5802225256369262,1.1500934452740104,0.1699445138424882,0.5698709196370622
United Kingdom,UK,2026-04,2026-04-06,uk__standard_employee_ruk,"Royaume-Uni · salarié standard, hors Écosse","United Kingdom · standard employee, outside Scotland",2.59,5349.3342,274.54,739.9,183.46,110.08,458.0,849.98,0.08561813169197767,0.15889454055796326,4891.3342,12570.0,49420.46,1019.02,3872.3142,6199.3142,1307.98,2327.0,1.267407612426074,1.6009326412613936,20.653800000000047,20.233799999999974,11.973799999999756,23.7537999999995,3.519999999999982,11.7800000000002,0.979664759027391,0.579738353232806,1.1500934452739664,0.17042868624659743,0.5703550920411824
United Kingdom,UK,2026-04,2026-04-06,uk__standard_employee_ruk,"Royaume-Uni · salarié standard, hors Écosse","United Kingdom · standard employee, outside Scotland",2.6,5369.988,274.95,743.0,183.46,110.08,458.41,853.08,0.08536518144919504,0.15886069019148646,4911.578,12570.0,49668.38,1027.28,3884.298,6223.068,1311.49,2338.77,1.267020090081029,1.6021087980376374,20.653800000000047,20.243800000000192,11.983799999999974,23.75380000000041,3.509999999999991,11.769999999999982,0.9801489314315113,0.5802225256369262,1.1500934452740104,0.1699445138424882,0.5698709196370622
United Kingdom,UK,2026-04,2026-04-06,uk__standard_employee_ruk,"Royaume-Uni · salarié standard, hors Écosse","United Kingdom · standard employee, outside Scotland",2.61,5390.6418,275.36,746.1,183.46,110.08,458.82,856.18,0.08511416952244907,0.15882709921479107,4931.8218,12570.0,49916.18,1035.54,3896.2818,6246.8218,1315.0,2350.54,1.2666357490856623,1.603277719799425,20.653800000000047,20.243799999999283,11.983800000000429,23.7537999999995,3.509999999999991,11.769999999999982,0.9801489314314672,0.5802225256369482,1.1500934452739664,0.1699445138424882,0.5698709196370622
United Kingdom,UK,2026-04,2026-04-06,uk__standard_employee_ruk,"Royaume-Uni · salarié standard, hors Écosse","United Kingdom · standard employee, outside Scotland",2.62,5411.2956,275.78,749.2,183.46,110.08,459.24,859.28,0.08486692170355653,0.15879376465776515,4952.0556,12570.0,50164.1,1043.8,3908.2556,6270.5756,1318.52,2362.32,1.266257107452509,1.6044435783575668,20.653800000000047,20.233799999999974,11.973799999999756,23.75380000000041,3.519999999999982,11.7800000000002,0.979664759027391,0.579738353232806,1.1500934452740104,0.17042868624659743,0.5703550920411824
United Kingdom,UK,2026-04,2026-04-06,uk__standard_employee_ruk,"Royaume-Uni · salarié standard, hors Écosse","United Kingdom · standard employee, outside Scotland",2.63,5431.9494,276.19,752.29,183.46,110.08,459.65,862.37,0.08461971313650306,0.15875884263575799,4972.2994,12570.0,50411.9,1052.06,3920.2394,6294.3194,1322.02,2374.08,1.2658769904322333,1.6055956684686141,20.653800000000047,20.243800000000192,11.983799999999974,23.743800000000192,3.5,11.759999999999764,0.9801489314315113,0.5802225256369262,1.1496092728698901,0.169460341438379,0.569386747232942
United Kingdom,UK,2026-04,2026-04-06,uk__standard_employee_ruk,"Royaume-Uni · salarié standard, hors Écosse","United Kingdom · standard employee, outside Scotland",2.64,5452.6032,276.6,755.39,183.46,110.08,460.06,865.47,0.08437437736162426,0.15872601916090281,4992.5432,12570.0,50659.7,1060.32,3932.2232,6318.0732,1325.53,2385.85,1.2655019590015768,1.606743279476099,20.653799999999137,20.243800000000192,11.983799999999974,23.7537999999995,3.509999999999991,11.769999999999982,0.9801489314315543,0.5802225256369518,1.150093445274017,0.1699445138424957,0.5698709196370872
United Kingdom,UK,2026-04,2026-04-06,uk__standard_employee_ruk,"Royaume-Uni · salarié standard, hors Écosse","United Kingdom · standard employee, outside Scotland",2.65,5473.257,277.02,758.49,183.46,110.08,460.48,868.57,0.08413272024317513,0.15869344341038616,5012.777,12570.0,50907.62,1068.59,3944.187,6341.827,1329.05,2397.64,1.265132480459434,1.6078920700260917,20.653800000000047,20.233799999999974,11.963799999999992,23.75380000000041,3.519999999999982,11.789999999999964,0.979664759027391,0.5792541808287078,1.1500934452740104,0.17042868624659743,0.5708392644452807
United Kingdom,UK,2026-04,2026-04-06,uk__standard_employee_ruk,"Royaume-Uni · salarié standard, hors Écosse","United Kingdom · standard employee, outside Scotland",2.66,5493.9108,277.43,761.59,183.46,110.08,460.89,871.67,0.08389105989853347,0.15866111259032453,5033.0208,12570.0,51155.42,1076.85,3956.1708,6365.5808,1332.56,2409.41,1.2647634597496598,1.6090257781590218,20.653800000000047,20.243800000000192,11.983799999999974,23.7537999999995,3.509999999999991,11.769999999999982,0.9801489314315113,0.5802225256369262,1.1500934452739664,0.1699445138424882,0.5698709196370622
United Kingdom,UK,2026-04,2026-04-06,uk__standard_employee_ruk,"Royaume-Uni · salarié standard, hors Écosse","United Kingdom · standard employee, outside Scotland",2.67,5514.5646,277.84,764.68,183.46,110.08,461.3,874.76,0.08365120974373932,0.15862721056889967,5053.2646,12570.0,51403.22,1085.11,3968.1546,6389.3246,1336.06,2421.17,1.264395416776711,1.610150118647091,20.653800000000047,20.243800000000192,11.983799999999974,23.743800000000192,3.5,11.760000000000218,0.9801489314315113,0.5802225256369262,1.1496092728698901,0.169460341438379,0.569386747232964
United Kingdom,UK,2026-04,2026-04-06,uk__standard_employee_ruk,"Royaume-Uni · salarié standard, hors Écosse","United Kingdom · standard employee, outside Scotland",2.68,5535.2184,278.25,767.78,183.46,110.08,461.71,877.86,0.0834131495154735,0.15859536816108283,5073.5084,12570.0,51651.14,1093.37,3980.1384,6413.0784,1339.57,2432.94,1.2640322818820995,1.611270201056325,20.653800000000047,20.243799999999283,11.983799999999974,23.75380000000041,3.509999999999991,11.769999999999982,0.9801489314314672,0.5802225256369262,1.1500934452740104,0.1699445138424882,0.5698709196370622
United Kingdom,UK,2026-04,2026-04-06,uk__standard_employee_ruk,"Royaume-Uni · salarié standard, hors Écosse","United Kingdom · standard employee, outside Scotland",2.69,5555.8722,278.67,770.88,183.46,110.08,462.13,880.96,0.08317865914914314,0.15856376249979257,5093.7422,12570.0,51898.94,1101.63,3992.1122,6436.8322,1343.09,2444.72,1.263674514191158,1.6123875977233306,20.653800000000047,20.233799999999974,11.97380000000021,23.7537999999995,3.519999999999982,11.779999999999745,0.979664759027391,0.579738353232828,1.1500934452739664,0.17042868624659743,0.5703550920411604
United Kingdom,UK,2026-04,2026-04-06,uk__standard_employee_ruk,"Royaume-Uni · salarié standard, hors Écosse","United Kingdom · standard employee, outside Scotland",2.7,5576.526,279.08,773.98,183.46,110.08,462.54,884.06,0.08294411251736294,0.15853239095451183,5113.986,12570.0,52146.86,1109.9,4004.086,6460.586,1346.6,2456.5,1.2633171072427654,1.6134983114748285,20.653800000000047,20.243800000000192,11.973799999999756,23.75380000000041,3.509999999999991,11.7800000000002,0.9801489314315113,0.579738353232806,1.1500934452740104,0.1699445138424882,0.5703550920411824
United Kingdom,UK,2026-04,2026-04-06,uk__standard_employee_ruk,"Royaume-Uni · salarié standard, hors Écosse","United Kingdom · standard employee, outside Scotland",2.71,5597.1798,279.49,777.08,183.46,110.08,462.95,887.16,0.08271129685703504,0.15850125093355052,5134.2298,12570.0,52394.66,1118.16,4016.0698,6484.3398,1350.11,2468.27,1.2629625187403961,1.6145983817313134,20.653800000000047,20.243800000000192,11.983800000000429,23.7537999999995,3.509999999999991,11.769999999999982,0.9801489314315113,0.5802225256369482,1.1500934452739664,0.1699445138424882,0.5698709196370622
United Kingdom,UK,2026-04,2026-04-06,uk__standard_employee_ruk,"Royaume-Uni · salarié standard, hors Écosse","United Kingdom · standard employee, outside Scotland",2.72,5617.8336,279.91,780.17,183.46,110.08,463.37,890.25,0.0824819731221658,0.15846855983772817,5154.4636,12570.0,52642.46,1126.42,4028.0436,6508.0836,1353.62,2480.04,1.2626112249585,1.6156934348972785,20.653800000000047,20.233799999999974,11.973799999999756,23.743800000000192,3.509999999999991,11.769999999999982,0.979664759027391,0.579738353232806,1.1496092728698901,0.1699445138424882,0.5698709196370622
United Kingdom,UK,2026-04,2026-04-06,uk__standard_employee_ruk,"Royaume-Uni · salarié standard, hors Écosse","United Kingdom · standard employee, outside Scotland",2.73,5638.4874,280.32,783.27,183.46,110.08,463.78,893.35,0.08225255588936849,0.15843788176240317,5174.7074,12570.0,52890.38,1134.68,4040.0274,6531.8374,1357.13,2491.81,1.2622621715770828,1.6167804703502755,20.653800000000047,20.243800000000192,11.983799999999974,23.75380000000041,3.5100000000002183,11.769999999999982,0.9801489314315113,0.5802225256369262,1.1500934452740104,0.16994451384249923,0.5698709196370622
United Kingdom,UK,2026-04,2026-04-06,uk__standard_employee_ruk,"Royaume-Uni · salarié standard, hors Écosse","United Kingdom · standard employee, outside Scotland",2.74,5659.1412,280.73,786.37,183.46,110.08,464.19,896.45,0.08202481323491274,0.15840742761463522,5194.9512,12570.0,53138.18,1142.94,4052.0112,6555.5912,1360.64,2503.58,1.2619158385934404,1.6178610760009742,20.653800000000047,20.243800000000192,11.983799999999974,23.7537999999995,3.509999999999991,11.769999999999982,0.9801489314315113,0.5802225256369262,1.1500934452739664,0.1699445138424882,0.5698709196370622
United Kingdom,UK,2026-04,2026-04-06,uk__standard_employee_ruk,"Royaume-Uni · salarié standard, hors Écosse","United Kingdom · standard employee, outside Scotland",2.75,5679.795,281.15,789.47,183.46,110.08,464.61,899.55,0.08180048751759526,0.15837719495157837,5215.185,12570.0,53386.1,1151.2,4063.985,6579.345,1364.16,2515.36,1.2615746133646266,1.618939292344829,20.653800000000047,20.233799999999974,11.97380000000021,23.75380000000041,3.519999999999982,11.7800000000002,0.979664759027391,0.579738353232828,1.1500934452740104,0.17042868624659743,0.5703550920411824
United Kingdom,UK,2026-04,2026-04-06,uk__standard_employee_ruk,"Royaume-Uni · salarié standard, hors Écosse","United Kingdom · standard employee, outside Scotland",2.76,5700.4488,281.56,792.57,183.46,110.08,465.02,902.65,0.08157603310111301,0.15834718136579,5235.4288,12570.0,53633.9,1159.46,4075.9688,6603.0988,1367.67,2527.13,1.2612336166237235,1.620007199270024,20.653800000000047,20.243799999999283,11.983799999999974,23.7537999999995,3.509999999999991,11.769999999999982,0.9801489314314672,0.5802225256369262,1.1500934452739664,0.1699445138424882,0.5698709196370622
United Kingdom,UK,2026-04,2026-04-06,uk__standard_employee_ruk,"Royaume-Uni · salarié standard, hors Écosse","United Kingdom · standard employee, outside Scotland",2.77,5721.1026,281.97,795.67,183.46,110.08,465.43,905.75,0.08135319929413608,0.15831738448459218,5255.6726,12570.0,53881.7,1167.72,4087.9526,6626.8526,1371.18,2538.9,1.2608952467853496,1.6210688450741824,20.653800000000047,20.243800000000192,11.983799999999974,23.75380000000041,3.509999999999991,11.769999999999982,0.9801489314315113,0.5802225256369262,1.1500934452740104,0.1699445138424882,0.5698709196370622
United Kingdom,UK,2026-04,2026-04-06,uk__standard_employee_ruk,"Royaume-Uni · salarié standard, hors Écosse","United Kingdom · standard employee, outside Scotland",2.78,5741.7564,282.39,798.76,183.46,110.08,465.85,908.84,0.08113371023542552,0.15828606034209322,5275.9064,12570.0,54129.62,1175.99,4099.9164,6650.5964,1374.69,2550.68,1.2605599674778158,1.6221297585482475,20.653800000000047,20.233799999999974,11.963799999999992,23.743800000000192,3.509999999999991,11.779999999999745,0.979664759027391,0.5792541808287078,1.1496092728698901,0.1699445138424882,0.5703550920411604
United Kingdom,UK,2026-04,2026-04-06,uk__standard_employee_ruk,"Royaume-Uni · salarié standard, hors Écosse","United Kingdom · standard employee, outside Scotland",2.79,5762.4102,282.8,801.86,183.46,110.08,466.26,911.94,0.08091405919002434,0.15825669613037963,5296.1502,12570.0,54377.42,1184.25,4111.9002,6674.3502,1378.2,2562.45,1.2602267586746314,1.6231790353277544,20.653800000000047,20.243800000000192,11.983799999999974,23.7537999999995,3.509999999999991,11.769999999999982,0.9801489314315113,0.5802225256369262,1.1500934452739664,0.1699445138424882,0.5698709196370622
United Kingdom,UK,2026-04,2026-04-06,uk__standard_employee_ruk,"Royaume-Uni · salarié standard, hors Écosse","United Kingdom · standard employee, outside Scotland",2.8,5783.064,283.21,804.96,183.46,110.08,466.67,915.04,0.08069597708066173,0.15822754166303538,5316.394,12570.0,54625.22,1192.51,4123.884,6698.104,1381.71,2574.22,1.2598960874607863,1.6242222138159075,20.653800000000047,20.243800000000192,11.983799999999974,23.75380000000041,3.509999999999991,11.769999999999982,0.9801489314315113,0.5802225256369262,1.1500934452740104,0.1699445138424882,0.5698709196370622
United Kingdom,UK,2026-04,2026-04-06,uk__standard_employee_ruk,"Royaume-Uni · salarié standard, hors Écosse","United Kingdom · standard employee, outside Scotland",2.81,5803.7178,283.62,808.06,183.46,110.08,467.08,918.14,0.0804794471571309,0.15819859470079678,5336.6378,12570.0,54873.14,1200.77,4135.8678,6721.8578,1385.22,2585.99,1.259567924958295,1.6252593470226493,20.653800000000047,20.243800000000192,11.983799999999974,23.7537999999995,3.509999999999991,11.769999999999982,0.9801489314315113,0.5802225256369262,1.1500934452739664,0.1699445138424882,0.5698709196370622
United Kingdom,UK,2026-04,2026-04-06,uk__standard_employee_ruk,"Royaume-Uni · salarié standard, hors Écosse","United Kingdom · standard employee, outside Scotland",2.82,5824.3716,284.04,811.16,183.46,110.08,467.5,921.24,0.08026616983023542,0.1581698530361627,5356.8716,12570.0,55120.94,1209.03,4147.8416,6745.6116,1388.74,2597.77,1.25924459343024,1.6262944081567625,20.653800000000047,20.233799999999974,11.973799999999756,23.75380000000041,3.519999999999982,11.7800000000002,0.979664759027391,0.579738353232806,1.1500934452740104,0.17042868624659743,0.5703550920411824
United Kingdom,UK,2026-04,2026-04-06,uk__standard_employee_ruk,"Royaume-Uni · salarié standard, hors Écosse","United Kingdom · standard employee, outside Scotland",2.83,5845.0254,284.45,814.25,183.46,110.08,467.91,924.33,0.08005268890704904,0.15813960363628188,5377.1154,12570.0,55368.86,1217.3,4159.8154,6769.3554,1392.24,2609.54,1.258919494270106,1.6273211066048747,20.653800000000047,20.243799999999283,11.973800000000665,23.743800000000192,3.5,11.769999999999982,0.9801489314314672,0.5797383532328501,1.1496092728698901,0.169460341438379,0.5698709196370622
United Kingdom,UK,2026-04,2026-04-06,uk__standard_employee_ruk,"Royaume-Uni · salarié standard, hors Écosse","United Kingdom · standard employee, outside Scotland",2.84,5865.6792,284.86,817.35,183.46,110.08,468.32,927.43,0.07984071137064572,0.15811127209275272,5397.3592,12570.0,55616.66,1225.56,4171.7992,6793.1092,1395.75,2621.31,1.2585986865576781,1.6283404052620751,20.653799999999137,20.243800000000192,11.983799999999974,23.7537999999995,3.509999999999991,11.769999999999982,0.9801489314315543,0.5802225256369518,1.150093445274017,0.1699445138424957,0.5698709196370872
United Kingdom,UK,2026-04,2026-04-06,uk__standard_employee_ruk,"Royaume-Uni · salarié standard, hors Écosse","United Kingdom · standard employee, outside Scotland",2.85,5886.333,285.28,820.45,183.46,110.08,468.74,930.53,0.07963192024644204,0.15808313936707286,5417.593,12570.0,55864.46,1233.82,4183.773,6816.863,1399.27,2633.09,1.258282598932773,1.629357759132725,20.653800000000047,20.233799999999974,11.973799999999756,23.75380000000041,3.519999999999982,11.7800000000002,0.979664759027391,0.579738353232806,1.1500934452740104,0.17042868624659743,0.5703550920411824
United Kingdom,UK,2026-04,2026-04-06,uk__standard_employee_ruk,"Royaume-Uni · salarié standard, hors Écosse","United Kingdom · standard employee, outside Scotland",2.86,5906.9868,285.69,823.55,183.46,110.08,469.15,933.63,0.07942289628952616,0.1580552033737404,5437.8368,12570.0,56112.38,1242.08,4195.7568,6840.6168,1402.78,2644.86,1.2579665502282082,1.630365420607791,20.653800000000047,20.243800000000192,11.983799999999974,23.7537999999995,3.509999999999991,11.769999999999982,0.9801489314315113,0.5802225256369262,1.1500934452739664,0.1699445138424882,0.5698709196370622
United Kingdom,UK,2026-04,2026-04-06,uk__standard_employee_ruk,"Royaume-Uni · salarié standard, hors Écosse","United Kingdom · standard employee, outside Scotland",2.87,5927.6406,286.1,826.65,183.46,110.08,469.56,936.73,0.07921532894555045,0.15802746205631965,5458.0806,12570.0,56360.18,1250.34,4207.7406,6864.3706,1406.29,2656.63,1.2576528459473464,1.6313673423689663,20.653800000000047,20.243800000000192,11.983799999999974,23.75380000000041,3.509999999999991,11.769999999999982,0.9801489314315113,0.5802225256369262,1.1500934452740104,0.1699445138424882,0.5698709196370622
United Kingdom,UK,2026-04,2026-04-06,uk__standard_employee_ruk,"Royaume-Uni · salarié standard, hors Écosse","United Kingdom · standard employee, outside Scotland",2.88,5948.2944,286.52,829.74,183.46,110.08,469.98,939.82,0.07901088419564439,0.15799823223275566,5478.3144,12570.0,56607.98,1258.6,4219.7144,6888.1144,1409.8,2668.4,1.2573419298461586,1.6323650719110283,20.653800000000047,20.233799999999974,11.973799999999756,23.743800000000192,3.509999999999991,11.769999999999982,0.979664759027391,0.579738353232806,1.1496092728698901,0.1699445138424882,0.5698709196370622
United Kingdom,UK,2026-04,2026-04-06,uk__standard_employee_ruk,"Royaume-Uni · salarié standard, hors Écosse","United Kingdom · standard employee, outside Scotland",2.89,5968.9482,286.93,832.84,183.46,110.08,470.39,942.92,0.07880617895125977,0.1579708800287461,5498.5582,12570.0,56855.9,1266.86,4231.6982,6911.8682,1413.31,2680.17,1.2570328345346968,1.6333556584919027,20.653800000000047,20.243800000000192,11.983799999999974,23.7537999999995,3.509999999999991,11.769999999999982,0.9801489314315113,0.5802225256369262,1.1500934452739664,0.1699445138424882,0.5698709196370622
United Kingdom,UK,2026-04,2026-04-06,uk__standard_employee_ruk,"Royaume-Uni · salarié standard, hors Écosse","United Kingdom · standard employee, outside Scotland",2.9,5989.602,287.34,835.94,183.46,110.08,470.8,946.02,0.07860288546718129,0.15794371646062627,5518.802,12570.0,57103.7,1275.12,4243.682,6935.622,1416.82,2691.94,1.2567260068398904,1.6343406504068874,20.653800000000047,20.243799999999283,11.983799999999974,23.75380000000041,3.509999999999991,11.769999999999982,0.9801489314314672,0.5802225256369262,1.1500934452740104,0.1699445138424882,0.5698709196370622
United Kingdom,UK,2026-04,2026-04-06,uk__standard_employee_ruk,"Royaume-Uni · salarié standard, hors Écosse","United Kingdom · standard employee, outside Scotland",2.91,6010.2558,287.76,839.04,183.46,110.08,471.22,949.12,0.07840265301187346,0.15791673958369623,5539.0358,12570.0,57351.62,1283.39,4255.6458,6959.3758,1420.34,2703.73,1.2564236902025439,1.6353277803335984,20.653800000000047,20.233799999999974,11.963800000000447,23.7537999999995,3.519999999999982,11.789999999999964,0.979664759027391,0.5792541808287298,1.1500934452739664,0.17042868624659743,0.5708392644452807
United Kingdom,UK,2026-04,2026-04-06,uk__standard_employee_ruk,"Royaume-Uni · salarié standard, hors Écosse","United Kingdom · standard employee, outside Scotland",2.92,6030.9096,288.17,842.14,183.46,110.08,471.63,952.22,0.07820213388706738,0.1578899474798959,5559.2796,12570.0,57599.42,1291.65,4267.6296,6983.1296,1423.85,2715.5,1.2561213147113521,1.6363017071584656,20.653800000000047,20.243800000000192,11.983799999999974,23.75380000000041,3.509999999999991,11.769999999999982,0.9801489314315113,0.5802225256369262,1.1500934452740104,0.1699445138424882,0.5698709196370622
United Kingdom,UK,2026-04,2026-04-06,uk__standard_employee_ruk,"Royaume-Uni · salarié standard, hors Écosse","United Kingdom · standard employee, outside Scotland",2.93,6051.5634,288.58,845.23,183.46,110.08,472.04,955.31,0.07800298349348862,0.15786168579180712,5579.5234,12570.0,57847.22,1299.91,4279.6134,7006.8734,1427.35,2727.26,1.2558193411286707,1.6372678429317937,20.653800000000047,20.243800000000192,11.983799999999974,23.743800000000192,3.5,11.760000000000218,0.9801489314315113,0.5802225256369262,1.1496092728698901,0.169460341438379,0.569386747232964
United Kingdom,UK,2026-04,2026-04-06,uk__standard_employee_ruk,"Royaume-Uni · salarié standard, hors Écosse","United Kingdom · standard employee, outside Scotland",2.94,6072.2172,288.99,848.33,183.46,110.08,472.45,958.41,0.07780518786449207,0.15783526320501184,5599.7672,12570.0,58095.14,1308.17,4291.5972,7030.6272,1430.86,2739.03,1.2555213366727103,1.638230913190082,20.653800000000047,20.243800000000192,11.983799999999974,23.7537999999995,3.509999999999991,11.769999999999982,0.9801489314315113,0.5802225256369262,1.1500934452739664,0.1699445138424882,0.5698709196370622
United Kingdom,UK,2026-04,2026-04-06,uk__standard_employee_ruk,"Royaume-Uni · salarié standard, hors Écosse","United Kingdom · standard employee, outside Scotland",2.95,6092.871,289.41,851.43,183.46,110.08,472.87,961.51,0.07761037448519753,0.15780901975439818,5620.001,12570.0,58342.94,1316.43,4303.571,7054.381,1434.38,2750.81,1.2552277125929336,1.639192428799246,20.653800000000047,20.233799999999974,11.973799999999756,23.75380000000041,3.520000000000209,11.779999999999745,0.979664759027391,0.579738353232806,1.1500934452740104,0.17042868624660842,0.5703550920411604
United Kingdom,UK,2026-04,2026-04-06,uk__standard_employee_ruk,"Royaume-Uni · salarié standard, hors Écosse","United Kingdom · standard employee, outside Scotland",2.96,6113.5248,289.82,854.53,183.46,110.08,473.28,964.61,0.07741524169493841,0.15778295362439684,5640.2448,12570.0,58590.74,1324.69,4315.5548,7078.1348,1437.89,2762.58,1.254933970241859,1.6401448082642816,20.653800000000047,20.243800000000192,11.983799999999974,23.7537999999995,3.509999999999991,11.769999999999982,0.9801489314315113,0.5802225256369262,1.1500934452739664,0.1699445138424882,0.5698709196370622
United Kingdom,UK,2026-04,2026-04-06,uk__standard_employee_ruk,"Royaume-Uni · salarié standard, hors Écosse","United Kingdom · standard employee, outside Scotland",2.97,6134.1786,290.23,857.63,183.46,110.08,473.69,967.71,0.07722142293020291,0.15775706302389042,5660.4886,12570.0,58838.66,1332.96,4327.5286,7101.8886,1441.4,2774.36,1.2546423289325237,1.6410957052947033,20.653800000000047,20.243799999999283,11.973799999999756,23.75380000000041,3.509999999999991,11.7800000000002,0.9801489314314672,0.579738353232806,1.1500934452740104,0.1699445138424882,0.5703550920411824
United Kingdom,UK,2026-04,2026-04-06,uk__standard_employee_ruk,"Royaume-Uni · salarié standard, hors Écosse","United Kingdom · standard employee, outside Scotland",2.98,6154.8324,290.65,860.72,183.46,110.08,474.11,970.8,0.07703052970215728,0.15772972144619243,5680.7224,12570.0,59086.46,1341.22,4339.5024,7125.6324,1444.91,2786.13,1.2543532139503948,1.6420390503759141,20.653800000000047,20.233799999999974,11.973800000000665,23.743800000000192,3.509999999999991,11.769999999999982,0.979664759027391,0.5797383532328501,1.1496092728698901,0.1699445138424882,0.5698709196370622
United Kingdom,UK,2026-04,2026-04-06,uk__standard_employee_ruk,"Royaume-Uni · salarié standard, hors Écosse","United Kingdom · standard employee, outside Scotland",2.99,6175.4862,291.06,863.82,183.46,110.08,474.52,973.9,0.07683929404619184,0.15770418206100112,5700.9662,12570.0,59334.38,1349.48,4351.4862,7149.3862,1448.42,2797.9,1.254065705564085,1.642975726316218,20.653800000000047,20.243800000000192,11.983799999999974,23.7537999999995,3.509999999999991,11.769999999999982,0.9801489314315113,0.5802225256369262,1.1500934452739664,0.1699445138424882,0.5698709196370622
United Kingdom,UK,2026-04,2026-04-06,uk__standard_employee_ruk,"Royaume-Uni · salarié standard, hors Écosse","United Kingdom · standard employee, outside Scotland",3.0,6196.14,291.47,866.92,183.46,110.08,474.93,977.0,0.07664933329459955,0.15767881293837777,5721.21,12570.0,59582.18,1357.74,4363.47,7173.14,1451.93,2809.67,1.2537802318041114,1.6439072572975177,20.653800000000047,20.243800000000192,11.983799999999974,23.75380000000041,3.509999999999991,11.769999999999982,0.9801489314315113,0.5802225256369262,1.1500934452740104,0.1699445138424882,0.5698709196370622
United Kingdom,UK,2026-04,2026-04-06,uk__standard_employee_ruk,"Royaume-Uni · salarié standard, hors Écosse","United Kingdom · standard employee, outside Scotland",3.01,6216.7938,291.89,870.02,183.46,110.08,475.35,980.1,0.07646224328688528,0.15765361238135325,5741.4438,12570.0,59829.98,1366.0,4375.4438,7196.8938,1455.45,2821.45,1.253498954391925,1.6448374448324536,20.653800000000047,20.233799999999974,11.973799999999756,23.7537999999995,3.519999999999982,11.779999999999745,0.979664759027391,0.579738353232806,1.1500934452739664,0.17042868624659743,0.5703550920411604
United Kingdom,UK,2026-04,2026-04-06,uk__standard_employee_ruk,"Royaume-Uni · salarié standard, hors Écosse","United Kingdom · standard employee, outside Scotland",3.02,6237.4476,292.3,873.12,183.46,110.08,475.76,983.2,0.07627478906596345,0.15762857871543481,5761.6876,12570.0,60077.9,1374.26,4387.4276,7220.6476,1458.96,2833.22,1.2532174774626794,1.6457588040883,20.653800000000047,20.243800000000192,11.983799999999974,23.75380000000041,3.509999999999991,11.769999999999982,0.9801489314315113,0.5802225256369262,1.1500934452740104,0.1699445138424882,0.5698709196370622
United Kingdom,UK,2026-04,2026-04-06,uk__standard_employee_ruk,"Royaume-Uni · salarié standard, hors Écosse","United Kingdom · standard employee, outside Scotland",3.03,6258.1014,292.71,876.22,183.46,110.08,476.17,986.3,0.07608857216663188,0.15760371028823536,5781.9314,12570.0,60325.7,1382.52,4399.4114,7244.4014,1462.47,2844.99,1.2529379715573934,1.6466751438612905,20.653799999999137,20.243800000000192,11.983799999999974,23.7537999999995,3.509999999999991,11.769999999999982,0.9801489314315543,0.5802225256369518,1.150093445274017,0.1699445138424957,0.5698709196370872
United Kingdom,UK,2026-04,2026-04-06,uk__standard_employee_ruk,"Royaume-Uni · salarié standard, hors Écosse","United Kingdom · standard employee, outside Scotland",3.04,6278.7552,293.13,879.31,183.46,110.08,476.59,989.39,0.07590517305086206,0.1575774127967276,5802.1652,12570.0,60573.62,1390.79,4411.3752,7268.1452,1465.98,2856.77,1.2526608515041937,1.6475917079100413,20.653800000000047,20.233799999999974,11.963800000000447,23.743800000000192,3.509999999999991,11.7800000000002,0.979664759027391,0.5792541808287298,1.1496092728698901,0.1699445138424882,0.5703550920411824
United Kingdom,UK,2026-04,2026-04-06,uk__standard_employee_ruk,"Royaume-Uni · salarié standard, hors Écosse","United Kingdom · standard employee, outside Scotland",3.05,6299.409,293.54,882.41,183.46,110.08,477.0,992.49,0.07572138910173955,0.15755287519829242,5822.409,12570.0,60821.42,1399.05,4423.359,7291.899,1469.49,2868.54,1.2523852240541673,1.6484981209980922,20.653800000000047,20.243799999999283,11.983799999999974,23.75380000000041,3.509999999999991,11.769999999999982,0.9801489314314672,0.5802225256369262,1.1500934452740104,0.1699445138424882,0.5698709196370622
United Kingdom,UK,2026-04,2026-04-06,uk__standard_employee_ruk,"Royaume-Uni · salarié standard, hors Écosse","United Kingdom · standard employee, outside Scotland",3.06,6320.0628,293.95,885.51,183.46,110.08,477.41,995.59,0.07553880635489886,0.15752849797631757,5842.6528,12570.0,61069.22,1407.31,4435.3428,7315.6528,1473.0,2880.31,1.2521115066087787,1.6493996360326422,20.653800000000047,20.243800000000192,11.983799999999974,23.7537999999995,3.509999999999991,11.769999999999982,0.9801489314315113,0.5802225256369262,1.1500934452739664,0.1699445138424882,0.5698709196370622
United Kingdom,UK,2026-04,2026-04-06,uk__standard_employee_ruk,"Royaume-Uni · salarié standard, hors Écosse","United Kingdom · standard employee, outside Scotland",3.07,6340.7166,294.36,888.61,183.46,110.08,477.82,998.69,0.07535741307220702,0.15750427956360644,5862.8966,12570.0,61317.14,1415.57,4447.3266,7339.4066,1476.51,2892.08,1.2518396793830544,1.6502962926086875,20.653800000000047,20.243800000000192,11.983799999999974,23.75380000000041,3.509999999999991,11.769999999999982,0.9801489314315113,0.5802225256369262,1.1500934452740104,0.1699445138424882,0.5698709196370622
United Kingdom,UK,2026-04,2026-04-06,uk__standard_employee_ruk,"Royaume-Uni · salarié standard, hors Écosse","United Kingdom · standard employee, outside Scotland",3.08,6361.3704,294.78,891.71,183.46,110.08,478.24,1001.79,0.0751787696562992,0.15748021841331547,5883.1304,12570.0,61564.94,1423.83,4459.3004,7363.1604,1480.03,2903.86,1.251571850251696,1.651191832691962,20.653800000000047,20.233799999999974,11.973799999999756,23.7537999999995,3.519999999999982,11.7800000000002,0.979664759027391,0.579738353232806,1.1500934452739664,0.17042868624659743,0.5703550920411824
United Kingdom,UK,2026-04,2026-04-06,uk__standard_employee_ruk,"Royaume-Uni · salarié standard, hors Écosse","United Kingdom · standard employee, outside Scotland",3.09,6382.0242,295.19,894.8,183.46,110.08,478.65,1004.88,0.07499971560747137,0.15745474609764093,5903.3742,12570.0,61812.74,1432.09,4471.2842,7386.9042,1483.53,2915.62,1.2513020434991229,1.6520766450050302,20.653800000000047,20.243800000000192,11.983799999999974,23.743800000000192,3.5,11.759999999999764,0.9801489314315113,0.5802225256369262,1.1496092728698901,0.169460341438379,0.569386747232942
United Kingdom,UK,2026-04,2026-04-06,uk__standard_employee_ruk,"Royaume-Uni · salarié standard, hors Écosse","United Kingdom · standard employee, outside Scotland",3.1,6402.678,295.6,897.9,183.46,110.08,479.06,1007.98,0.07482181674605533,0.15743099996595172,5923.618,12570.0,62060.66,1440.36,4483.258,7410.658,1487.04,2927.4,1.2510357690181915,1.6529626445767789,20.653800000000047,20.243800000000192,11.973799999999756,23.75380000000041,3.509999999999991,11.7800000000002,0.9801489314315113,0.579738353232806,1.1500934452740104,0.1699445138424882,0.5703550920411824
United Kingdom,UK,2026-04,2026-04-06,uk__standard_employee_ruk,"Royaume-Uni · salarié standard, hors Écosse","United Kingdom · standard employee, outside Scotland",3.11,6423.3318,296.02,901.0,183.46,110.08,479.48,1011.08,0.07464661875321466,0.15740740654250493,5943.8518,12570.0,62308.46,1448.62,4495.2318,7434.4118,1490.56,2939.18,1.2507734126210885,1.6538439241331224,20.653800000000047,20.233799999999974,11.973799999999756,23.7537999999995,3.519999999999982,11.779999999999745,0.979664759027391,0.579738353232806,1.1500934452739664,0.17042868624659743,0.5703550920411604
United Kingdom,UK,2026-04,2026-04-06,uk__standard_employee_ruk,"Royaume-Uni · salarié standard, hors Écosse","United Kingdom · standard employee, outside Scotland",3.12,6443.9856,296.43,904.1,183.46,110.08,479.89,1014.18,0.07447099198980207,0.157383964358952,5964.0956,12570.0,62556.38,1456.88,4507.2156,7458.1656,1494.07,2950.95,1.2505107396333486,1.654716850021552,20.653800000000047,20.243799999999283,11.983800000000883,23.75380000000041,3.509999999999991,11.769999999999982,0.9801489314314672,0.5802225256369703,1.1500934452740104,0.1699445138424882,0.5698709196370622
United Kingdom,UK,2026-04,2026-04-06,uk__standard_employee_ruk,"Royaume-Uni · salarié standard, hors Écosse","United Kingdom · standard employee, outside Scotland",3.13,6464.6394,296.84,907.2,183.46,110.08,480.3,1017.28,0.07429648744213017,0.15736067196570935,5984.3394,12570.0,62804.18,1465.14,4519.1994,7481.9194,1497.58,2962.72,1.2502498437839271,1.6555851463425137,20.653800000000047,20.243800000000192,11.983799999999974,23.7537999999995,3.509999999999991,11.769999999999982,0.9801489314315113,0.5802225256369262,1.1500934452739664,0.1699445138424882,0.5698709196370622
United Kingdom,UK,2026-04,2026-04-06,uk__standard_employee_ruk,"Royaume-Uni · salarié standard, hors Écosse","United Kingdom · standard employee, outside Scotland",3.14,6485.2932,297.26,910.29,183.46,110.08,480.72,1020.37,0.07412463633872404,0.1573359859813277,6004.5732,12570.0,63051.98,1473.4,4531.1732,7505.6632,1501.09,2974.49,1.2499911234323864,1.656450298567267,20.653800000000047,20.233799999999974,11.973799999999756,23.743800000000192,3.509999999999991,11.769999999999982,0.979664759027391,0.579738353232806,1.1496092728698901,0.1699445138424882,0.5698709196370622
United Kingdom,UK,2026-04,2026-04-06,uk__standard_employee_ruk,"Royaume-Uni · salarié standard, hors Écosse","United Kingdom · standard employee, outside Scotland",3.15,6505.947,297.67,913.39,183.46,110.08,481.13,1023.47,0.07395233929818365,0.15731299378860603,6024.817,12570.0,63299.9,1481.66,4543.157,7529.417,1504.6,2986.26,1.2497337263521864,1.657309443631378,20.653800000000047,20.243800000000192,11.983799999999974,23.75380000000041,3.509999999999991,11.770000000000437,0.9801489314315113,0.5802225256369262,1.1500934452740104,0.1699445138424882,0.5698709196370843
United Kingdom,UK,2026-04,2026-04-06,uk__standard_employee_ruk,"Royaume-Uni · salarié standard, hors Écosse","United Kingdom · standard employee, outside Scotland",3.16,6526.6008,298.08,916.49,183.46,110.08,481.54,1026.57,0.07378113274524158,0.15729014711609138,6045.0608,12570.0,63547.7,1489.92,4555.1408,7553.1708,1508.11,2998.03,1.2494780532232197,1.6581640681666743,20.653800000000047,20.243800000000192,11.983799999999974,23.7537999999995,3.509999999999991,11.769999999999982,0.9801489314315113,0.5802225256369262,1.1500934452739664,0.1699445138424882,0.5698709196370622
United Kingdom,UK,2026-04,2026-04-06,uk__standard_employee_ruk,"Royaume-Uni · salarié standard, hors Écosse","United Kingdom · standard employee, outside Scotland",3.17,6547.2546,298.5,919.59,183.46,110.08,481.96,1029.67,0.07361253371756767,0.1572674445866211,6065.2946,12570.0,63795.5,1498.18,4567.1146,7576.9246,1511.63,3009.81,1.2492261464101018,1.6590178402792872,20.653800000000047,20.233799999999974,11.973799999999756,23.75380000000041,3.520000000000209,11.779999999999745,0.979664759027391,0.579738353232806,1.1500934452740104,0.17042868624660842,0.5703550920411604
United Kingdom,UK,2026-04,2026-04-06,uk__standard_employee_ruk,"Royaume-Uni · salarié standard, hors Écosse","United Kingdom · standard employee, outside Scotland",3.18,6567.9084,298.91,922.69,183.46,110.08,482.37,1032.77,0.07344347250640706,0.15724488484035495,6085.5384,12570.0,64043.42,1506.45,4579.0884,7600.6784,1515.14,3021.59,1.2489738623619564,1.6598671473562292,20.653800000000047,20.243800000000192,11.973799999999756,23.7537999999995,3.509999999999991,11.7800000000002,0.9801489314315113,0.579738353232806,1.1500934452739664,0.1699445138424882,0.5703550920411824
United Kingdom,UK,2026-04,2026-04-06,uk__standard_employee_ruk,"Royaume-Uni · salarié standard, hors Écosse","United Kingdom · standard employee, outside Scotland",3.19,6588.5622,299.32,925.78,183.46,110.08,482.78,1035.86,0.07327547124014401,0.1572209487526732,6105.7822,12570.0,64291.22,1514.71,4591.0722,7624.4222,1518.64,3033.35,1.2487216134240753,1.660706228928397,20.653800000000047,20.243799999999283,11.983799999999974,23.743800000000192,3.5,11.759999999999764,0.9801489314314672,0.5802225256369262,1.1496092728698901,0.169460341438379,0.569386747232942
United Kingdom,UK,2026-04,2026-04-06,uk__standard_employee_ruk,"Royaume-Uni · salarié standard, hors Écosse","United Kingdom · standard employee, outside Scotland",3.2,6609.216,299.73,928.88,183.46,110.08,483.19,1038.96,0.07310851998179513,0.15719867530430234,6126.026,12570.0,64539.14,1522.97,4603.056,7648.176,1522.15,3045.12,1.2484726640076291,1.6615431139660264,20.653800000000047,20.243800000000192,11.983799999999974,23.75380000000041,3.509999999999991,11.769999999999982,0.9801489314315113,0.5802225256369262,1.1500934452740104,0.1699445138424882,0.5698709196370622
United Kingdom,UK,2026-04,2026-04-06,uk__standard_employee_ruk,"Royaume-Uni · salarié standard, hors Écosse","United Kingdom · standard employee, outside Scotland",3.21,6629.8698,300.15,931.98,183.46,110.08,483.61,1042.06,0.07294411724344874,0.15717654063131073,6146.2598,12570.0,64786.94,1531.23,4615.0298,7671.9298,1525.67,3056.9,1.248227385376713,1.6623792548425147,20.653800000000047,20.233799999999974,11.973800000000665,23.7537999999995,3.519999999999982,11.7800000000002,0.979664759027391,0.5797383532328501,1.1500934452739664,0.17042868624659743,0.5703550920411824
United Kingdom,UK,2026-04,2026-04-06,uk__standard_employee_ruk,"Royaume-Uni · salarié standard, hors Écosse","United Kingdom · standard employee, outside Scotland",3.22,6650.5236,300.56,935.08,183.46,110.08,484.02,1045.16,0.07277923199911657,0.15715454344076007,6166.5036,12570.0,65034.74,1539.49,4627.0136,7695.6836,1529.18,3068.67,1.2479816925753517,1.6632074736067342,20.653800000000047,20.243800000000192,11.983799999999974,23.75380000000041,3.509999999999991,11.769999999999982,0.9801489314315113,0.5802225256369262,1.1500934452740104,0.1699445138424882,0.5698709196370622
United Kingdom,UK,2026-04,2026-04-06,uk__standard_employee_ruk,"Royaume-Uni · salarié standard, hors Écosse","United Kingdom · standard employee, outside Scotland",3.23,6671.1774,300.97,938.18,183.46,110.08,484.43,1048.26,0.07261536771604965,0.15713268245572362,6186.7474,12570.0,65282.66,1547.76,4638.9874,7719.4374,1532.69,3080.45,1.2477376076482452,1.664035000396854,20.653799999999137,20.243800000000192,11.973799999999756,23.7537999999995,3.509999999999991,11.779999999999745,0.9801489314315543,0.5797383532328315,1.150093445274017,0.1699445138424957,0.5703550920411855
United Kingdom,UK,2026-04,2026-04-06,uk__standard_employee_ruk,"Royaume-Uni · salarié standard, hors Écosse","United Kingdom · standard employee, outside Scotland",3.24,6691.8312,301.39,941.27,183.46,110.08,484.85,1051.35,0.07245400930017482,0.1571094620557673,6206.9812,12570.0,65530.46,1556.02,4650.9612,7743.1812,1536.2,3092.22,1.2474955136000736,1.6648561161937883,20.653800000000047,20.233799999999974,11.973799999999756,23.743800000000192,3.509999999999991,11.769999999999982,0.979664759027391,0.579738353232806,1.1496092728698901,0.1699445138424882,0.5698709196370622
United Kingdom,UK,2026-04,2026-04-06,uk__standard_employee_ruk,"Royaume-Uni · salarié standard, hors Écosse","United Kingdom · standard employee, outside Scotland",3.25,6712.485,301.8,944.37,183.46,110.08,485.26,1054.45,0.07229215409792349,0.15708787431182342,6227.225,12570.0,65778.38,1564.28,4662.945,7766.935,1539.71,3103.99,1.2472545957469017,1.665671587376647,20.653800000000047,20.243800000000192,11.983799999999974,23.75380000000041,3.509999999999991,11.769999999999982,0.9801489314315113,0.5802225256369262,1.1500934452740104,0.1699445138424882,0.5698709196370622
United Kingdom,UK,2026-04,2026-04-06,uk__standard_employee_ruk,"Royaume-Uni · salarié standard, hors Écosse","United Kingdom · standard employee, outside Scotland",3.26,6733.1388,302.21,947.47,183.46,110.08,485.67,1057.55,0.0721312918723731,0.1570664190080264,6247.4688,12570.0,66026.18,1572.54,4674.9288,7790.6888,1543.22,3115.76,1.2470152391957525,1.666482877771315,20.653800000000047,20.243799999999283,11.983799999999974,23.7537999999995,3.509999999999991,11.770000000000437,0.9801489314314672,0.5802225256369262,1.1500934452739664,0.1699445138424882,0.5698709196370843
United Kingdom,UK,2026-04,2026-04-06,uk__standard_employee_ruk,"Royaume-Uni · salarié standard, hors Écosse","United Kingdom · standard employee, outside Scotland",3.27,6753.7926,302.63,950.57,183.46,110.08,486.09,1060.65,0.0719728941631995,0.15704509492932903,6267.7026,12570.0,66273.98,1580.8,4686.9026,7814.4426,1546.74,3127.54,1.246779418027907,1.6672935767856578,20.653800000000047,20.233799999999974,11.973800000000665,23.75380000000041,3.519999999999982,11.779999999999745,0.979664759027391,0.5797383532328501,1.1500934452740104,0.17042868624659743,0.5703550920411604
United Kingdom,UK,2026-04,2026-04-06,uk__standard_employee_ruk,"Royaume-Uni · salarié standard, hors Écosse","United Kingdom · standard employee, outside Scotland",3.28,6774.4464,303.04,953.67,183.46,110.08,486.5,1063.75,0.0718139861583376,0.1570239008755018,6287.9464,12570.0,66521.9,1589.06,4698.8864,7838.1964,1550.25,3139.31,1.2465431321106681,1.6680965941206838,20.653800000000047,20.243800000000192,11.983799999999974,23.7537999999995,3.509999999999991,11.769999999999982,0.9801489314315113,0.5802225256369262,1.1500934452739664,0.1699445138424882,0.5698709196370622
United Kingdom,UK,2026-04,2026-04-06,uk__standard_employee_ruk,"Royaume-Uni · salarié standard, hors Écosse","United Kingdom · standard employee, outside Scotland",3.29,6795.1002,303.45,956.77,183.46,110.08,486.91,1066.85,0.07165604415958426,0.1570028356609075,6308.1902,12570.0,66769.7,1597.32,4710.8702,7861.9502,1553.76,3151.08,1.2463083627376994,1.6688955259263987,20.653800000000047,20.243800000000192,11.983799999999974,23.75380000000041,3.509999999999991,11.769999999999982,0.9801489314315113,0.5802225256369262,1.1500934452740104,0.1699445138424882,0.5698709196370622
United Kingdom,UK,2026-04,2026-04-06,uk__standard_employee_ruk,"Royaume-Uni · salarié standard, hors Écosse","United Kingdom · standard employee, outside Scotland",3.3,6815.754,303.87,959.86,183.46,110.08,487.33,1069.94,0.07150052657416921,0.1569804309251772,6328.424,12570.0,67017.5,1605.58,4722.844,7885.694,1557.27,3162.85,1.2460754841963813,1.669691821283955,20.653800000000047,20.233799999999974,11.973799999999756,23.743800000000192,3.509999999999991,11.769999999999982,0.979664759027391,0.579738353232806,1.1496092728698901,0.1699445138424882,0.5698709196370622
United Kingdom,UK,2026-04,2026-04-06,uk__standard_employee_ruk,"Royaume-Uni · salarié standard, hors Écosse","United Kingdom · standard employee, outside Scotland",3.31,6836.4078,304.28,962.96,183.46,110.08,487.74,1073.04,0.07134448591554178,0.15695962432200136,6348.6678,12570.0,67265.42,1613.85,4734.8178,7909.4478,1560.78,3174.63,1.2458437028316396,1.6704862011796948,20.653800000000047,20.243800000000192,11.973799999999756,23.7537999999995,3.509999999999991,11.7800000000002,0.9801489314315113,0.579738353232806,1.1500934452739664,0.1699445138424882,0.5703550920411824
United Kingdom,UK,2026-04,2026-04-06,uk__standard_employee_ruk,"Royaume-Uni · salarié standard, hors Écosse","United Kingdom · standard employee, outside Scotland",3.32,6857.0616,304.69,966.06,183.46,110.08,488.15,1076.14,0.071189385260882,0.15693894305980857,6368.9116,12570.0,67513.22,1622.11,4746.8016,7933.2016,1564.29,3186.4,1.2456133949166448,1.6712730525750221,20.653800000000047,20.243800000000192,11.983799999999974,23.75380000000041,3.509999999999991,11.769999999999982,0.9801489314315113,0.5802225256369262,1.1500934452740104,0.1699445138424882,0.5698709196370622
United Kingdom,UK,2026-04,2026-04-06,uk__standard_employee_ruk,"Royaume-Uni · salarié standard, hors Écosse","United Kingdom · standard employee, outside Scotland",3.33,6877.7154,305.1,969.16,183.46,110.08,488.56,1079.24,0.07103521614168565,0.15691838600940072,6389.1554,12570.0,67761.14,1630.37,4758.7854,7956.9554,1567.8,3198.17,1.2453845464456852,1.672055940997045,20.653800000000047,20.243799999999283,11.983799999999974,23.7537999999995,3.509999999999991,11.769999999999982,0.9801489314314672,0.5802225256369262,1.1500934452739664,0.1699445138424882,0.5698709196370622
United Kingdom,UK,2026-04,2026-04-06,uk__standard_employee_ruk,"Royaume-Uni · salarié standard, hors Écosse","United Kingdom · standard employee, outside Scotland",3.34,6898.3692,305.52,972.26,183.46,110.08,488.98,1082.34,0.07088341980884409,0.1568979520551031,6409.3892,12570.0,68008.94,1638.63,4770.7592,7980.7092,1571.32,3209.95,1.245159086297958,1.6728384027431107,20.653800000000047,20.233799999999974,11.973800000000665,23.75380000000041,3.519999999999982,11.779999999999745,0.979664759027391,0.5797383532328501,1.1500934452740104,0.17042868624659743,0.5703550920411604
United Kingdom,UK,2026-04,2026-04-06,uk__standard_employee_ruk,"Royaume-Uni · salarié standard, hors Écosse","United Kingdom · standard employee, outside Scotland",3.35,6919.023,305.93,975.35,183.46,110.08,489.39,1085.43,0.07073108443200724,0.15687619480380396,6429.633,12570.0,68256.74,1646.89,4782.743,8004.453,1574.82,3221.71,1.2449315536361096,1.6736113564956347,20.653800000000047,20.243800000000192,11.983799999999974,23.743800000000192,3.5,11.760000000000218,0.9801489314315113,0.5802225256369262,1.1496092728698901,0.169460341438379,0.569386747232964
United Kingdom,UK,2026-04,2026-04-06,uk__standard_employee_ruk,"Royaume-Uni · salarié standard, hors Écosse","United Kingdom · standard employee, outside Scotland",3.36,6939.6768,306.34,978.45,183.46,110.08,489.8,1088.53,0.07057965581336582,0.15685600804925093,6449.8768,12570.0,68504.66,1655.16,4794.7168,8028.2068,1578.33,3233.49,1.2447069996747844,1.6743860242173219,20.653800000000047,20.243800000000192,11.973799999999756,23.7537999999995,3.509999999999991,11.779999999999745,0.9801489314315113,0.579738353232806,1.1500934452739664,0.1699445138424882,0.5703550920411604
United Kingdom,UK,2026-04,2026-04-06,uk__standard_employee_ruk,"Royaume-Uni · salarié standard, hors Écosse","United Kingdom · standard employee, outside Scotland",3.37,6960.3306,306.76,981.55,183.46,110.08,490.22,1091.63,0.07043056259425379,0.15683594109739554,6470.1106,12570.0,68752.46,1663.42,4806.6906,8051.9606,1581.85,3245.27,1.2444857743235487,1.6751568324368538,20.653800000000047,20.233799999999974,11.973799999999756,23.75380000000041,3.519999999999982,11.7800000000002,0.979664759027391,0.579738353232806,1.1500934452740104,0.17042868624659743,0.5703550920411824
United Kingdom,UK,2026-04,2026-04-06,uk__standard_employee_ruk,"Royaume-Uni · salarié standard, hors Écosse","United Kingdom · standard employee, outside Scotland",3.38,6980.9844,307.17,984.65,183.46,110.08,490.63,1094.73,0.0702809191208048,0.1568159928849003,6490.3544,12570.0,69000.26,1671.68,4818.6744,8075.7144,1585.36,3257.04,1.2442640112225614,1.6759203319485543,20.653800000000047,20.243800000000192,11.983799999999974,23.7537999999995,3.509999999999991,11.769999999999982,0.9801489314315113,0.5802225256369262,1.1500934452739664,0.1699445138424882,0.5698709196370622
United Kingdom,UK,2026-04,2026-04-06,uk__standard_employee_ruk,"Royaume-Uni · salarié standard, hors Écosse","United Kingdom · standard employee, outside Scotland",3.39,7001.6382,307.58,987.75,183.46,110.08,491.04,1097.83,0.07013215849970653,0.1567961623609743,6510.5982,12570.0,69248.18,1679.94,4830.6582,8099.4682,1588.87,3268.81,1.24404362720464,1.6766800433116962,20.653800000000047,20.243800000000192,11.983799999999974,23.75380000000041,3.509999999999991,11.769999999999982,0.9801489314315113,0.5802225256369262,1.1500934452740104,0.1699445138424882,0.5698709196370622
United Kingdom,UK,2026-04,2026-04-06,uk__standard_employee_ruk,"Royaume-Uni · salarié standard, hors Écosse","United Kingdom · standard employee, outside Scotland",3.4,7022.292,308.0,990.84,183.46,110.08,491.46,1100.92,0.06998569697756801,0.1567750244507064,6530.832,12570.0,69495.98,1688.2,4842.632,8123.212,1592.38,3280.58,1.243824982789329,1.6774373935496234,20.653800000000047,20.233799999999974,11.973799999999756,23.743800000000192,3.5100000000002183,11.769999999999982,0.979664759027391,0.579738353232806,1.1496092728698901,0.16994451384249923,0.5698709196370622
United Kingdom,UK,2026-04,2026-04-06,uk__standard_employee_ruk,"Royaume-Uni · salarié standard, hors Écosse","United Kingdom · standard employee, outside Scotland",3.41,7042.9458,308.41,993.94,183.46,110.08,491.87,1104.02,0.06983867460686691,0.1567554303768744,6551.0758,12570.0,69743.9,1696.46,4854.6158,8146.9658,1595.89,3292.35,1.2436073171371334,1.6781896108029803,20.653800000000047,20.243799999999283,11.983799999999974,23.7537999999995,3.509999999999991,11.769999999999982,0.9801489314314672,0.5802225256369262,1.1500934452739664,0.1699445138424882,0.5698709196370622
United Kingdom,UK,2026-04,2026-04-06,uk__standard_employee_ruk,"Royaume-Uni · salarié standard, hors Écosse","United Kingdom · standard employee, outside Scotland",3.42,7063.5996,308.82,997.04,183.46,110.08,492.28,1107.12,0.06969251201611144,0.15673595088826947,6571.3196,12570.0,69991.7,1704.72,4866.5996,8170.7196,1599.4,3304.12,1.243390992579329,1.67893812344866,20.653799999999137,20.243800000000192,11.983799999999974,23.75380000000041,3.509999999999991,11.769999999999982,0.9801489314315543,0.5802225256369518,1.150093445274061,0.1699445138424957,0.5698709196370872
United Kingdom,UK,2026-04,2026-04-06,uk__standard_employee_ruk,"Royaume-Uni · salarié standard, hors Écosse","United Kingdom · standard employee, outside Scotland",3.43,7084.2534,309.24,1000.14,183.46,110.08,492.7,1110.22,0.06954861326671347,0.1567165849826885,6591.5534,12570.0,70239.5,1712.98,4878.5734,8194.4734,1602.92,3315.9,1.2431778827734294,1.679686401766549,20.653800000000047,20.233799999999974,11.973800000000665,23.75380000000041,3.519999999999982,11.7800000000002,0.979664759027391,0.5797383532328501,1.1500934452740104,0.17042868624659743,0.5703550920411824
United Kingdom,UK,2026-04,2026-04-06,uk__standard_employee_ruk,"Royaume-Uni · salarié standard, hors Écosse","United Kingdom · standard employee, outside Scotland",3.44,7104.9072,309.65,1003.24,183.46,110.08,493.11,1113.32,0.0694041436600326,0.1566973316695818,6611.7972,12570.0,70487.42,1721.25,4890.5472,8218.2272,1606.43,3327.68,1.2429641973894783,1.6804310159811973,20.653800000000047,20.243800000000192,11.973799999999756,23.75379999999859,3.509999999999991,11.779999999999745,0.9801489314315113,0.579738353232806,1.1500934452739224,0.1699445138424882,0.5703550920411604
United Kingdom,UK,2026-04,2026-04-06,uk__standard_employee_ruk,"Royaume-Uni · salarié standard, hors Écosse","United Kingdom · standard employee, outside Scotland",3.45,7125.561,310.06,1006.33,183.46,110.08,493.52,1116.41,0.069260511558318,0.1566767865716117,6632.041,12570.0,70735.22,1729.51,4902.531,8241.971,1609.93,3339.44,1.2427503086907936,1.681166523985264,20.653800000000047,20.243800000000192,11.983799999999974,23.743800000000192,3.5,11.760000000000218,0.9801489314315113,0.5802225256369262,1.1496092728698901,0.169460341438379,0.569386747232964
United Kingdom,UK,2026-04,2026-04-06,uk__standard_employee_ruk,"Royaume-Uni · salarié standard, hors Écosse","United Kingdom · standard employee, outside Scotland",3.46,7146.2148,310.47,1009.43,183.46,110.08,493.93,1119.51,0.06911770969996592,0.1566577595736417,6652.2848,12570.0,70983.02,1737.77,4914.5148,8265.7248,1613.44,3351.21,1.2425392250193497,1.681900479778797,20.653800000000047,20.243800000000192,11.983799999999974,23.75380000000041,3.509999999999991,11.769999999999982,0.9801489314315113,0.5802225256369262,1.1500934452740104,0.1699445138424882,0.5698709196370622
United Kingdom,UK,2026-04,2026-04-06,uk__standard_employee_ruk,"Royaume-Uni · salarié standard, hors Écosse","United Kingdom · standard employee, outside Scotland",3.47,7166.8686,310.89,1012.53,183.46,110.08,494.35,1122.61,0.06897712621660176,0.15663884224136604,6672.5186,12570.0,71230.94,1746.03,4926.4886,8289.4786,1616.96,3362.99,1.242331284022198,1.6826342803269654,20.653800000000047,20.233799999999974,11.973799999999756,23.75380000000041,3.519999999999982,11.779999999999745,0.979664759027391,0.579738353232806,1.1500934452740104,0.17042868624659743,0.5703550920411604
United Kingdom,UK,2026-04,2026-04-06,uk__standard_employee_ruk,"Royaume-Uni · salarié standard, hors Écosse","United Kingdom · standard employee, outside Scotland",3.48,7187.5224,311.3,1015.63,183.46,110.08,494.76,1125.71,0.06883595938427961,0.15662003362939084,6692.7624,12570.0,71478.74,1754.29,4938.4724,8313.2324,1620.47,3374.76,1.242122744414175,1.6833611138537496,20.653800000000047,20.243799999999283,11.983799999999974,23.75380000000041,3.509999999999991,11.770000000000437,0.9801489314314672,0.5802225256369262,1.1500934452740104,0.1699445138424882,0.5698709196370843
United Kingdom,UK,2026-04,2026-04-06,uk__standard_employee_ruk,"Royaume-Uni · salarié standard, hors Écosse","United Kingdom · standard employee, outside Scotland",3.49,7208.1762,311.71,1018.73,183.46,110.08,495.17,1128.81,0.06869560153093926,0.15660133280315758,6713.0062,12570.0,71726.66,1762.56,4950.4462,8336.9862,1623.98,3386.54,1.2419154625538704,1.6840878303050744,20.653800000000047,20.243800000000192,11.973800000000665,23.75379999999859,3.509999999999991,11.779999999999745,0.9801489314315113,0.5797383532328501,1.1500934452739224,0.1699445138424882,0.5703550920411604
United Kingdom,UK,2026-04,2026-04-06,uk__standard_employee_ruk,"Royaume-Uni · salarié standard, hors Écosse","United Kingdom · standard employee, outside Scotland",3.5,7228.83,312.13,1021.82,183.46,110.08,495.59,1131.9,0.06855742907220118,0.15658135548906255,6733.24,12570.0,71974.46,1770.82,4962.42,8360.73,1627.49,3398.31,1.2417097860762427,1.6848090246291123,20.653800000000047,20.233799999999974,11.973799999999756,23.743800000000192,3.509999999999991,11.769999999999982,0.979664759027391,0.579738353232806,1.1496092728698901,0.1699445138424882,0.5698709196370622
United Kingdom,UK,2026-04,2026-04-06,uk__standard_employee_ruk,"Royaume-Uni · salarié standard, hors Écosse","United Kingdom · standard employee, outside Scotland",3.51,7249.4838,312.54,1024.92,183.46,110.08,496.0,1135.0,0.06841866451236156,0.15656287141437575,6753.4838,12570.0,72222.26,1779.08,4974.4038,8384.4838,1631.0,3410.08,1.2415049844348482,1.6855253688894336,20.653800000000047,20.243800000000192,11.983799999999974,23.75380000000041,3.509999999999991,11.769999999999982,0.9801489314315113,0.5802225256369262,1.1500934452740104,0.1699445138424882,0.5698709196370622
United Kingdom,UK,2026-04,2026-04-06,uk__standard_employee_ruk,"Royaume-Uni · salarié standard, hors Écosse","United Kingdom · standard employee, outside Scotland",3.52,7270.1376,312.95,1028.02,183.46,110.08,496.41,1138.1,0.06828068838752102,0.15654449236284054,6773.7276,12570.0,72470.18,1787.34,4986.3876,8408.2376,1634.51,3421.85,1.2413014069240105,1.686238269965215,20.653800000000047,20.243800000000192,11.983799999999974,23.75380000000041,3.509999999999991,11.769999999999982,0.9801489314315113,0.5802225256369262,1.1500934452740104,0.1699445138424882,0.5698709196370622
United Kingdom,UK,2026-04,2026-04-06,uk__standard_employee_ruk,"Royaume-Uni · salarié standard, hors Écosse","United Kingdom · standard employee, outside Scotland",3.53,7290.7914,313.37,1031.12,183.46,110.08,496.83,1141.2,0.06814486559031165,0.15652621744190895,6793.9614,12570.0,72717.98,1795.6,4998.3614,8431.9914,1638.03,3433.63,1.241100869369084,1.6869511276235447,20.653800000000047,20.233799999999974,11.973799999999756,23.75380000000041,3.519999999999982,11.7800000000002,0.979664759027391,0.579738353232806,1.1500934452740104,0.17042868624659743,0.5703550920411824
United Kingdom,UK,2026-04,2026-04-06,uk__standard_employee_ruk,"Royaume-Uni · salarié standard, hors Écosse","United Kingdom · standard employee, outside Scotland",3.54,7311.4452,313.78,1034.22,183.46,110.08,497.24,1144.3,0.06800844243488278,0.15650804576911825,6814.2052,12570.0,72965.9,1803.86,5010.3452,8455.7452,1641.54,3445.4,1.24089970169962,1.6876572097267866,20.653800000000047,20.243800000000192,11.983799999999974,23.75379999999859,3.509999999999991,11.769999999999982,0.9801489314315113,0.5802225256369262,1.1500934452739224,0.1699445138424882,0.5698709196370622
United Kingdom,UK,2026-04,2026-04-06,uk__standard_employee_ruk,"Royaume-Uni · salarié standard, hors Écosse","United Kingdom · standard employee, outside Scotland",3.55,7332.099,314.19,1037.32,183.46,110.08,497.65,1147.4,0.06787278786061127,0.15648997647194887,6834.449,12570.0,73213.7,1812.12,5022.329,8479.499,1645.05,3457.17,1.2406997257569703,1.6883599222591748,20.653800000000047,20.243799999999283,11.983799999999974,23.75380000000041,3.509999999999991,11.769999999999982,0.9801489314314672,0.5802225256369262,1.1500934452740104,0.1699445138424882,0.5698709196370622
United Kingdom,UK,2026-04,2026-04-06,uk__standard_employee_ruk,"Royaume-Uni · salarié standard, hors Écosse","United Kingdom · standard employee, outside Scotland",3.56,7352.7528,314.61,1040.41,183.46,110.08,498.07,1150.49,0.06773925542553261,0.15647064865284196,6854.6828,12570.0,73461.5,1820.38,5034.3028,8503.2428,1648.56,3468.94,1.240501281839037,1.6890606580120686,20.653800000000047,20.233799999999974,11.973800000000665,23.743800000000192,3.509999999999991,11.769999999999982,0.979664759027391,0.5797383532328501,1.1496092728698901,0.1699445138424882,0.5698709196370622
United Kingdom,UK,2026-04,2026-04-06,uk__standard_employee_ruk,"Royaume-Uni · salarié standard, hors Écosse","United Kingdom · standard employee, outside Scotland",3.57,7373.4066,315.02,1043.51,183.46,110.08,498.48,1153.59,0.06760511484610113,0.15645278533805526,6874.9266,12570.0,73709.42,1828.65,5046.2766,8526.9966,1652.07,3480.72,1.2403036564783105,1.689760050013905,20.653800000000047,20.243800000000192,11.973799999999756,23.75380000000041,3.509999999999991,11.779999999999745,0.9801489314315113,0.579738353232806,1.1500934452740104,0.1699445138424882,0.5703550920411604
United Kingdom,UK,2026-04,2026-04-06,uk__standard_employee_ruk,"Royaume-Uni · salarié standard, hors Écosse","United Kingdom · standard employee, outside Scotland",3.58,7394.0604,315.43,1046.61,183.46,110.08,498.89,1156.69,0.06747172365538155,0.15643502181832322,6895.1704,12570.0,73957.22,1836.91,5058.2604,8550.7504,1655.58,3492.49,1.24010719154961,1.6904527888678884,20.653800000000047,20.243800000000192,11.983799999999974,23.75380000000041,3.509999999999991,11.769999999999982,0.9801489314315113,0.5802225256369262,1.1500934452740104,0.1699445138424882,0.5698709196370622
United Kingdom,UK,2026-04,2026-04-06,uk__standard_employee_ruk,"Royaume-Uni · salarié standard, hors Écosse","United Kingdom · standard employee, outside Scotland",3.59,7414.7142,315.84,1049.71,183.46,110.08,499.3,1159.79,0.06733907559107268,0.15641735725970393,6915.4142,12570.0,74205.02,1845.17,5070.2442,8574.5042,1659.09,3504.26,1.2399118768619817,1.6911422530693885,20.653800000000047,20.243800000000192,11.983799999999974,23.75379999999859,3.509999999999991,11.770000000000437,0.9801489314315113,0.5802225256369262,1.1500934452739224,0.1699445138424882,0.5698709196370843
United Kingdom,UK,2026-04,2026-04-06,uk__standard_employee_ruk,"Royaume-Uni · salarié standard, hors Écosse","United Kingdom · standard employee, outside Scotland",3.6,7435.368,316.26,1052.81,183.46,110.08,499.72,1162.89,0.06720850938379916,0.1563997908375214,6935.648,12570.0,74452.94,1853.43,5082.218,8598.258,1662.61,3516.04,1.239719489801097,1.6918317947006603,20.653800000000047,20.233799999999974,11.973799999999756,23.75380000000041,3.519999999999982,11.779999999999745,0.979664759027391,0.579738353232806,1.1500934452740104,0.17042868624659743,0.5703550920411604
United Kingdom,UK,2026-04,2026-04-06,uk__standard_employee_ruk,"Royaume-Uni · salarié standard, hors Écosse","United Kingdom · standard employee, outside Scotland",3.61,7456.0218,316.67,1055.9,183.46,110.08,500.13,1165.98,0.06707732533721937,0.1563809805384421,6955.8918,12570.0,74700.74,1861.69,5094.2018,8622.0018,1666.11,3527.8,1.2395250023871849,1.6925128093669157,20.653800000000047,20.243800000000192,11.983799999999974,23.743800000000192,3.5,11.760000000000218,0.9801489314315113,0.5802225256369262,1.1496092728698901,0.169460341438379,0.569386747232964
United Kingdom,UK,2026-04,2026-04-06,uk__standard_employee_ruk,"Royaume-Uni · salarié standard, hors Écosse","United Kingdom · standard employee, outside Scotland",3.62,7476.6756,317.08,1059.0,183.46,110.08,500.54,1169.08,0.06694686606437758,0.1563636116564961,6976.1356,12570.0,74948.66,1869.96,5106.1756,8645.7556,1669.62,3539.58,1.2393330771838782,1.6931959018409002,20.653799999999137,20.243799999999283,11.973799999999756,23.75380000000041,3.509999999999991,11.779999999999745,0.9801489314315104,0.5797383532328315,1.150093445274061,0.1699445138424957,0.5703550920411855
United Kingdom,UK,2026-04,2026-04-06,uk__standard_employee_ruk,"Royaume-Uni · salarié standard, hors Écosse","United Kingdom · standard employee, outside Scotland",3.63,7497.3294,317.5,1062.1,183.46,110.08,500.96,1172.18,0.06681845938368401,0.15634633847086934,6996.3694,12570.0,75196.46,1878.22,5118.1494,8669.5094,1673.14,3551.36,1.239144033761282,1.6938757981547004,20.653800000000047,20.233799999999974,11.973800000000665,23.75380000000041,3.520000000000209,11.7800000000002,0.979664759027391,0.5797383532328501,1.1500934452740104,0.17042868624660842,0.5703550920411824
United Kingdom,UK,2026-04,2026-04-06,uk__standard_employee_ruk,"Royaume-Uni · salarié standard, hors Écosse","United Kingdom · standard employee, outside Scotland",3.64,7517.9832,317.91,1065.2,183.46,110.08,501.37,1175.28,0.06668942809023569,0.15632916019285595,7016.6132,12570.0,75444.26,1886.48,5130.1332,8693.2632,1676.65,3563.13,1.2389543148822855,1.6945492175524801,20.653800000000047,20.243800000000192,11.983799999999974,23.75379999999859,3.509999999999991,11.769999999999982,0.9801489314315113,0.5802225256369262,1.1500934452739224,0.1699445138424882,0.5698709196370622
United Kingdom,UK,2026-04,2026-04-06,uk__standard_employee_ruk,"Royaume-Uni · salarié standard, hors Écosse","United Kingdom · standard employee, outside Scotland",3.65,7538.637,318.32,1068.3,183.46,110.08,501.78,1178.38,0.06656110381757338,0.1563120760423933,7036.857,12570.0,75692.18,1894.74,5142.117,8717.017,1680.16,3574.9,1.2387656875789856,1.6952194981172148,20.653800000000047,20.243800000000192,11.983799999999974,23.75380000000041,3.509999999999991,11.769999999999982,0.9801489314315113,0.5802225256369262,1.1500934452740104,0.1699445138424882,0.5698709196370622
United Kingdom,UK,2026-04,2026-04-06,uk__standard_employee_ruk,"Royaume-Uni · salarié standard, hors Écosse","United Kingdom · standard employee, outside Scotland",3.66,7559.2908,318.74,1071.39,183.46,110.08,502.2,1181.47,0.06643480364586582,0.15629376237252307,7057.0908,12570.0,75939.98,1903.0,5154.0908,8740.7608,1683.67,3586.67,1.2385784805262814,1.6958880119069688,20.653800000000047,20.233799999999974,11.973799999999756,23.743800000000192,3.509999999999991,11.769999999999982,0.979664759027391,0.579738353232806,1.1496092728698901,0.1699445138424882,0.5698709196370622
United Kingdom,UK,2026-04,2026-04-06,uk__standard_employee_ruk,"Royaume-Uni · salarié standard, hors Écosse","United Kingdom · standard employee, outside Scotland",3.67,7579.9446,319.15,1074.49,183.46,110.08,502.61,1184.57,0.06630787248761687,0.15627686777552438,7077.3346,12570.0,76187.78,1911.26,5166.0746,8764.5146,1687.18,3598.44,1.2383920070700063,1.696552078438821,20.653800000000047,20.243800000000192,11.983799999999974,23.75380000000041,3.509999999999991,11.769999999999982,0.9801489314315113,0.5802225256369262,1.1500934452740104,0.1699445138424882,0.5698709196370622
United Kingdom,UK,2026-04,2026-04-06,uk__standard_employee_ruk,"Royaume-Uni · salarié standard, hors Écosse","United Kingdom · standard employee, outside Scotland",3.68,7600.5984,319.56,1077.59,183.46,110.08,503.02,1187.67,0.06618163117261924,0.15626006499698758,7097.5784,12570.0,76435.7,1919.52,5178.0584,8788.2684,1690.69,3610.21,1.2382065973374807,1.6972130712160374,20.653800000000047,20.243800000000192,11.983799999999974,23.75380000000041,3.509999999999991,11.769999999999982,0.9801489314315113,0.5802225256369262,1.1500934452740104,0.1699445138424882,0.5698709196370622
United Kingdom,UK,2026-04,2026-04-06,uk__standard_employee_ruk,"Royaume-Uni · salarié standard, hors Écosse","United Kingdom · standard employee, outside Scotland",3.69,7621.2522,319.98,1080.69,183.46,110.08,503.44,1190.77,0.06605738621272762,0.15624335329042122,7117.8122,12570.0,76683.5,1927.78,5190.0322,8812.0222,1694.21,3621.99,1.2380239815824305,1.6978742829379745,20.653800000000047,20.233799999999974,11.973799999999756,23.75379999999859,3.519999999999982,11.779999999999745,0.979664759027391,0.579738353232806,1.1500934452739224,0.17042868624659743,0.5703550920411604
United Kingdom,UK,2026-04,2026-04-06,uk__standard_employee_ruk,"Royaume-Uni · salarié standard, hors Écosse","United Kingdom · standard employee, outside Scotland",3.7,7641.906,320.39,1083.79,183.46,110.08,503.85,1193.87,0.0659325042731486,0.15622673191740383,7138.056,12570.0,76931.42,1936.05,5202.006,8835.776,1697.72,3633.77,1.2378406669827193,1.6985324507507298,20.653800000000047,20.243799999999283,11.973800000000665,23.75380000000041,3.509999999999991,11.7800000000002,0.9801489314314672,0.5797383532328501,1.1500934452740104,0.1699445138424882,0.5703550920411824
United Kingdom,UK,2026-04,2026-04-06,uk__standard_employee_ruk,"Royaume-Uni · salarié standard, hors Écosse","United Kingdom · standard employee, outside Scotland",3.71,7662.5598,320.8,1086.88,183.46,110.08,504.26,1196.96,0.06580829555157272,0.15620889510056418,7158.2998,12570.0,77179.22,1944.31,5213.9898,8859.5198,1701.22,3645.53,1.237656992237179,1.699182418807187,20.653800000000047,20.243800000000192,11.983799999999974,23.743800000000192,3.5,11.760000000000218,0.9801489314315113,0.5802225256369262,1.1496092728698901,0.169460341438379,0.569386747232964
United Kingdom,UK,2026-04,2026-04-06,uk__standard_employee_ruk,"Royaume-Uni · salarié standard, hors Écosse","United Kingdom · standard employee, outside Scotland",3.72,7683.2136,321.21,1089.98,183.46,110.08,504.67,1200.06,0.0656847546188225,0.15619245571930992,7178.5436,12570.0,77427.02,1952.57,5225.9736,8883.2736,1704.73,3657.3,1.2374757464731425,1.6998313194693517,20.653800000000047,20.243800000000192,11.983799999999974,23.75380000000041,3.509999999999991,11.769999999999982,0.9801489314315113,0.5802225256369262,1.1500934452740104,0.1699445138424882,0.5698709196370622
United Kingdom,UK,2026-04,2026-04-06,uk__standard_employee_ruk,"Royaume-Uni · salarié standard, hors Écosse","United Kingdom · standard employee, outside Scotland",3.73,7703.8674,321.63,1093.08,183.46,110.08,505.09,1203.16,0.06556317415328307,0.1561761044848721,7198.7774,12570.0,77674.94,1960.83,5237.9474,8907.0274,1708.25,3669.08,1.2372972388339163,1.7004804973795649,20.653800000000047,20.233799999999974,11.973799999999756,23.75380000000041,3.519999999999982,11.779999999999745,0.979664759027391,0.579738353232806,1.1500934452740104,0.17042868624659743,0.5703550920411604
United Kingdom,UK,2026-04,2026-04-06,uk__standard_employee_ruk,"Royaume-Uni · salarié standard, hors Écosse","United Kingdom · standard employee, outside Scotland",3.74,7724.5212,322.04,1096.18,183.46,110.08,505.5,1206.26,0.0654409492720403,0.1561598406901906,7219.0212,12570.0,77922.74,1969.09,5249.9312,8930.7812,1711.76,3680.85,1.2371180181601351,1.7011234737704752,20.653800000000047,20.243800000000192,11.983799999999974,23.75379999999859,3.509999999999991,11.769999999999982,0.9801489314315113,0.5802225256369262,1.1500934452739224,0.1699445138424882,0.5698709196370622
United Kingdom,UK,2026-04,2026-04-06,uk__standard_employee_ruk,"Royaume-Uni · salarié standard, hors Écosse","United Kingdom · standard employee, outside Scotland",3.75,7745.175,322.45,1099.28,183.46,110.08,505.91,1209.36,0.06531937625683086,0.1561436636357474,7239.265,12570.0,78170.66,1977.36,5261.905,8954.535,1715.27,3692.63,1.236939799827745,1.7017667555761646,20.653800000000047,20.243800000000192,11.973799999999756,23.75380000000041,3.509999999999991,11.7800000000002,0.9801489314315113,0.579738353232806,1.1500934452740104,0.1699445138424882,0.5703550920411824
United Kingdom,UK,2026-04,2026-04-06,uk__standard_employee_ruk,"Royaume-Uni · salarié standard, hors Écosse","United Kingdom · standard employee, outside Scotland",3.76,7765.8288,322.87,1102.37,183.46,110.08,506.33,1212.45,0.06519973759916006,0.156126284936902,7259.4988,12570.0,78418.46,1985.62,5273.8788,8978.2788,1718.78,3704.4,1.2367629015931512,1.7024052202337299,20.653800000000047,20.233799999999974,11.973800000000665,23.743800000000192,3.509999999999991,11.769999999999982,0.979664759027391,0.5797383532328501,1.1496092728698901,0.1699445138424882,0.5698709196370622
United Kingdom,UK,2026-04,2026-04-06,uk__standard_employee_ruk,"Royaume-Uni · salarié standard, hors Écosse","United Kingdom · standard employee, outside Scotland",3.77,7786.4826,323.28,1105.47,183.46,110.08,506.74,1215.55,0.06507944935239436,0.15611028270967944,7279.7426,12570.0,78666.26,1993.88,5285.8626,9002.0326,1722.29,3716.17,1.2365866617316936,1.703039462281899,20.653800000000047,20.243799999999283,11.983799999999974,23.75380000000041,3.509999999999991,11.769999999999982,0.9801489314314672,0.5802225256369262,1.1500934452740104,0.1699445138424882,0.5698709196370622
United Kingdom,UK,2026-04,2026-04-06,uk__standard_employee_ruk,"Royaume-Uni · salarié standard, hors Écosse","United Kingdom · standard employee, outside Scotland",3.78,7807.1364,323.69,1108.57,183.46,110.08,507.15,1218.65,0.06495979755137876,0.15609436515032576,7299.9864,12570.0,78914.18,2002.14,5297.8464,9025.7864,1725.8,3727.94,1.2364113993417851,1.7036708350019358,20.653800000000047,20.243800000000192,11.983799999999974,23.75380000000041,3.509999999999991,11.769999999999982,0.9801489314315113,0.5802225256369262,1.1500934452740104,0.1699445138424882,0.5698709196370622
United Kingdom,UK,2026-04,2026-04-06,uk__standard_employee_ruk,"Royaume-Uni · salarié standard, hors Écosse","United Kingdom · standard employee, outside Scotland",3.79,7827.7902,324.11,1111.67,183.46,110.08,507.57,1221.75,0.06484205465803108,0.15607853158864682,7320.2202,12570.0,79161.98,2010.4,5309.8202,9049.5402,1729.32,3739.72,1.2362387951116551,1.704302567533266,20.653800000000047,20.233799999999974,11.973799999999756,23.75379999999859,3.519999999999982,11.779999999999745,0.979664759027391,0.579738353232806,1.1500934452739224,0.17042868624659743,0.5703550920411604
United Kingdom,UK,2026-04,2026-04-06,uk__standard_employee_ruk,"Royaume-Uni · salarié standard, hors Écosse","United Kingdom · standard employee, outside Scotland",3.8,7848.444,324.52,1114.77,183.46,110.08,507.98,1224.85,0.0647236573262165,0.15606278136150298,7340.464,12570.0,79409.78,2018.66,5321.804,9073.294,1732.83,3751.49,1.2360654585323216,1.704928253652333,20.653800000000047,20.243800000000192,11.983799999999974,23.75380000000041,3.509999999999991,11.769999999999982,0.9801489314315113,0.5802225256369262,1.1500934452740104,0.1699445138424882,0.5698709196370622
United Kingdom,UK,2026-04,2026-04-06,uk__standard_employee_ruk,"Royaume-Uni · salarié standard, hors Écosse","United Kingdom · standard employee, outside Scotland",3.81,7869.0978,324.93,1117.87,183.46,110.08,508.39,1227.95,0.06460588150270542,0.15604711381271685,7360.7078,12570.0,79657.7,2026.92,5333.7878,9097.0478,1736.34,3763.26,1.2358930753914725,1.7055511282244862,20.653799999999137,20.243800000000192,11.983799999999974,23.75380000000041,3.509999999999991,11.770000000000437,0.9801489314315543,0.5802225256369518,1.150093445274061,0.1699445138424957,0.5698709196371093
United Kingdom,UK,2026-04,2026-04-06,uk__standard_employee_ruk,"Royaume-Uni · salarié standard, hors Écosse","United Kingdom · standard employee, outside Scotland",3.82,7889.7516,325.35,1120.96,183.46,110.08,508.81,1231.04,0.06448998977356905,0.15603026082595553,7380.9416,12570.0,79905.5,2035.18,5345.7616,9120.7916,1739.85,3775.03,1.235721957209362,1.7061725311506597,20.653800000000047,20.233799999999974,11.973799999999756,23.743800000000192,3.509999999999991,11.769999999999982,0.979664759027391,0.579738353232806,1.1496092728698901,0.1699445138424882,0.5698709196370622
United Kingdom,UK,2026-04,2026-04-06,uk__standard_employee_ruk,"Royaume-Uni · salarié standard, hors Écosse","United Kingdom · standard employee, outside Scotland",3.83,7910.4054,325.76,1124.06,183.46,110.08,509.22,1234.14,0.06437343906546181,0.15601476000206005,7401.1854,12570.0,80153.42,2043.45,5357.7354,9144.5454,1743.36,3786.81,1.2355514563923775,1.7067930230373078,20.653800000000047,20.243800000000192,11.973799999999756,23.75380000000041,3.509999999999991,11.779999999999745,0.9801489314315113,0.579738353232806,1.1500934452740104,0.1699445138424882,0.5703550920411604
United Kingdom,UK,2026-04,2026-04-06,uk__standard_employee_ruk,"Royaume-Uni · salarié standard, hors Écosse","United Kingdom · standard employee, outside Scotland",3.84,7931.0592,326.17,1127.16,183.46,110.08,509.63,1237.24,0.06425749539229263,0.1559993399116224,7421.4292,12570.0,80401.22,2051.71,5369.7192,9168.2992,1746.87,3798.58,1.235381885742439,1.7074075679786012,20.653800000000047,20.243799999999283,11.983799999999974,23.75379999999859,3.509999999999991,11.769999999999982,0.9801489314314672,0.5802225256369262,1.1500934452739224,0.1699445138424882,0.5698709196370622
United Kingdom,UK,2026-04,2026-04-06,uk__standard_employee_ruk,"Royaume-Uni · salarié standard, hors Écosse","United Kingdom · standard employee, outside Scotland",3.85,7951.713,326.58,1130.26,183.46,110.08,510.04,1240.34,0.06414215402391911,0.15598399992555062,7441.673,12570.0,80649.02,2059.97,5381.703,9192.053,1750.38,3810.35,1.235213237668465,1.7080193760227937,20.653800000000047,20.243800000000192,11.983800000000883,23.75380000000041,3.5100000000002183,11.769999999999982,0.9801489314315113,0.5802225256369703,1.1500934452740104,0.16994451384249923,0.5698709196370622
United Kingdom,UK,2026-04,2026-04-06,uk__standard_employee_ruk,"Royaume-Uni · salarié standard, hors Écosse","United Kingdom · standard employee, outside Scotland",3.86,7972.3668,327.0,1133.36,183.46,110.08,510.46,1243.44,0.0640286646118691,0.15596873942127196,7461.9068,12570.0,80896.94,2068.23,5393.6768,9215.8068,1753.9,3822.13,1.2350471597956705,1.7086316332487703,20.653800000000047,20.233799999999974,11.973799999999756,23.75380000000041,3.519999999999982,11.7800000000002,0.979664759027391,0.579738353232806,1.1500934452740104,0.17042868624659743,0.5703550920411824
United Kingdom,UK,2026-04,2026-04-06,uk__standard_employee_ruk,"Royaume-Uni · salarié standard, hors Écosse","United Kingdom · standard employee, outside Scotland",3.87,7993.0206,327.41,1136.45,183.46,110.08,510.87,1246.53,0.06391451061692496,0.15595230669116503,7482.1506,12570.0,81144.74,2076.49,5405.6606,9239.5506,1757.4,3833.89,1.2348789932135287,1.7092361662513549,20.653800000000047,20.243800000000192,11.983799999999974,23.743800000000192,3.5,11.759999999999764,0.9801489314315113,0.5802225256369262,1.1496092728698901,0.169460341438379,0.569386747232942
United Kingdom,UK,2026-04,2026-04-06,uk__standard_employee_ruk,"Royaume-Uni · salarié standard, hors Écosse","United Kingdom · standard employee, outside Scotland",3.88,8013.6744,327.82,1139.55,183.46,110.08,511.28,1249.63,0.0638009450446352,0.15593720653287335,7502.3944,12570.0,81392.54,2084.75,5417.6444,9263.3044,1760.91,3845.66,1.2347130670709605,1.7098398706271676,20.653800000000047,20.243800000000192,11.983799999999974,23.75380000000041,3.509999999999991,11.769999999999982,0.9801489314315113,0.5802225256369262,1.1500934452740104,0.1699445138424882,0.5698709196370622
United Kingdom,UK,2026-04,2026-04-06,uk__standard_employee_ruk,"Royaume-Uni · salarié standard, hors Écosse","United Kingdom · standard employee, outside Scotland",3.89,8034.3282,328.24,1142.65,183.46,110.08,511.7,1252.73,0.06368920801617241,0.15592218401035696,7522.6282,12570.0,81640.46,2093.02,5429.6082,9287.0582,1764.43,3857.45,1.234549675072337,1.710447210537217,20.653800000000047,20.233799999999974,11.963799999999537,23.75379999999859,3.519999999999982,11.789999999999964,0.979664759027391,0.5792541808286857,1.1500934452739224,0.17042868624659743,0.5708392644452807
United Kingdom,UK,2026-04,2026-04-06,uk__standard_employee_ruk,"Royaume-Uni · salarié standard, hors Écosse","United Kingdom · standard employee, outside Scotland",3.9,8054.982,328.65,1145.75,183.46,110.08,512.11,1255.83,0.06357680253040913,0.15590723852641755,7542.872,12570.0,81888.26,2101.28,5441.592,9310.812,1767.94,3869.22,1.23438552318003,1.711045591069672,20.653800000000047,20.243800000000192,11.983799999999974,23.75380000000041,3.509999999999991,11.769999999999982,0.9801489314315113,0.5802225256369262,1.1500934452740104,0.1699445138424882,0.5698709196370622
United Kingdom,UK,2026-04,2026-04-06,uk__standard_employee_ruk,"Royaume-Uni · salarié standard, hors Écosse","United Kingdom · standard employee, outside Scotland",3.91,8075.6358,329.06,1148.85,183.46,110.08,512.52,1258.93,0.0634649720087674,0.15589236948996632,7563.1158,12570.0,82136.18,2109.54,5453.5758,9334.5658,1771.45,3880.99,1.2342222500414444,1.7116413418146674,20.653800000000047,20.243799999999283,11.983799999999974,23.75380000000041,3.509999999999991,11.769999999999982,0.9801489314314672,0.5802225256369262,1.1500934452740104,0.1699445138424882,0.5698709196370622
United Kingdom,UK,2026-04,2026-04-06,uk__standard_employee_ruk,"Royaume-Uni · salarié standard, hors Écosse","United Kingdom · standard employee, outside Scotland",3.92,8096.2896,329.48,1151.94,183.46,110.08,512.94,1262.02,0.06335494718469557,0.15587634118226204,7583.3496,12570.0,82383.98,2117.8,5465.5496,9358.3096,1774.96,3892.76,1.2340601572687617,1.7122357832046757,20.653800000000047,20.233799999999974,11.973800000000665,23.743800000000192,3.509999999999991,11.770000000000437,0.979664759027391,0.5797383532328501,1.1496092728698901,0.1699445138424882,0.5698709196370843
United Kingdom,UK,2026-04,2026-04-06,uk__standard_employee_ruk,"Royaume-Uni · salarié standard, hors Écosse","United Kingdom · standard employee, outside Scotland",3.93,8116.9434,329.89,1155.04,183.46,110.08,513.35,1265.12,0.06324425029254238,0.15586162643440382,7603.5934,12570.0,82631.78,2126.06,5477.5334,9382.0634,1778.47,3904.53,1.233898619565849,1.712826324345188,20.653800000000047,20.243800000000192,11.983799999999974,23.75379999999859,3.509999999999991,11.769999999999982,0.9801489314315113,0.5802225256369262,1.1500934452739224,0.1699445138424882,0.5698709196370622
United Kingdom,UK,2026-04,2026-04-06,uk__standard_employee_ruk,"Royaume-Uni · salarié standard, hors Écosse","United Kingdom · standard employee, outside Scotland",3.94,8137.5972,330.3,1158.14,183.46,110.08,513.76,1268.22,0.06313411531354735,0.15584698638069724,7623.8372,12570.0,82879.7,2134.32,5489.5172,9405.8172,1781.98,3916.3,1.2337379397345998,1.7134142871435032,20.653800000000047,20.243800000000192,11.983799999999974,23.75380000000041,3.509999999999991,11.769999999999982,0.9801489314315113,0.5802225256369262,1.1500934452740104,0.1699445138424882,0.5698709196370622
United Kingdom,UK,2026-04,2026-04-06,uk__standard_employee_ruk,"Royaume-Uni · salarié standard, hors Écosse","United Kingdom · standard employee, outside Scotland",3.95,8158.251,330.72,1161.24,183.46,110.08,514.18,1271.32,0.06302576373293736,0.1558324204538448,7644.071,12570.0,83127.5,2142.58,5501.491,9429.571,1785.5,3928.08,1.233579724730448,1.7140028039671427,20.653800000000047,20.233799999999974,11.973799999999756,23.75380000000041,3.519999999999982,11.779999999999745,0.979664759027391,0.579738353232806,1.1500934452740104,0.17042868624659743,0.5703550920411604
United Kingdom,UK,2026-04,2026-04-06,uk__standard_employee_ruk,"Royaume-Uni · salarié standard, hors Écosse","United Kingdom · standard employee, outside Scotland",3.96,8178.9048,331.13,1164.34,183.46,110.08,514.59,1274.42,0.06291673672494635,0.1558179280922795,7664.3148,12570.0,83375.3,2150.84,5513.4748,9453.3248,1789.01,3939.85,1.2334207357975433,1.7145856547671172,20.653800000000047,20.243800000000192,11.983799999999974,23.75380000000041,3.509999999999991,11.769999999999982,0.9801489314315113,0.5802225256369262,1.1500934452740104,0.1699445138424882,0.5698709196370622
United Kingdom,UK,2026-04,2026-04-06,uk__standard_employee_ruk,"Royaume-Uni · salarié standard, hors Écosse","United Kingdom · standard employee, outside Scotland",3.97,8199.5586,331.54,1167.43,183.46,110.08,515.0,1277.51,0.06280825897140366,0.1558022891622483,7684.5586,12570.0,83623.22,2159.11,5525.4486,9477.0686,1792.51,3951.62,1.2332612832180108,1.7151672716673179,20.653800000000047,20.243800000000192,11.973799999999756,23.743800000000192,3.5,11.769999999999982,0.9801489314315113,0.579738353232806,1.1496092728698901,0.169460341438379,0.5698709196370622
United Kingdom,UK,2026-04,2026-04-06,uk__standard_employee_ruk,"Royaume-Uni · salarié standard, hors Écosse","United Kingdom · standard employee, outside Scotland",3.98,8220.2124,331.95,1170.53,183.46,110.08,515.41,1280.61,0.06270032633220037,0.15578794533338333,7704.8024,12570.0,83871.02,2167.37,5537.4324,9500.8224,1796.02,3963.39,1.23310396643008,1.7157450806984118,20.653800000000047,20.243799999999283,11.983799999999974,23.75379999999859,3.509999999999991,11.769999999999982,0.9801489314314672,0.5802225256369262,1.1500934452739224,0.1699445138424882,0.5698709196370622
United Kingdom,UK,2026-04,2026-04-06,uk__standard_employee_ruk,"Royaume-Uni · salarié standard, hors Écosse","United Kingdom · standard employee, outside Scotland",3.99,8240.8662,332.37,1173.63,183.46,110.08,515.83,1283.71,0.06259414817340439,0.15577367340340995,7725.0362,12570.0,84118.94,2175.63,5549.4062,9524.5762,1799.54,3975.17,1.2329490701933539,1.7163234870065915,20.653800000000047,20.233799999999974,11.973800000000665,23.75380000000041,3.519999999999982,11.7800000000002,0.979664759027391,0.5797383532328501,1.1500934452740104,0.17042868624659743,0.5703550920411824
United Kingdom,UK,2026-04,2026-04-06,uk__standard_employee_ruk,"Royaume-Uni · salarié standard, hors Écosse","United Kingdom · standard employee, outside Scotland",4.0,8261.52,332.78,1176.73,183.46,110.08,516.24,1286.81,0.06248729047439212,0.1557594728330864,7745.28,12570.0,84366.74,2183.89,5561.39,9548.33,1803.05,3986.94,1.232793391588167,1.7168963154894725,20.653800000000047,20.243800000000192,11.983799999999974,23.75380000000041,3.509999999999991,11.769999999999982,0.9801489314315113,0.5802225256369262,1.1500934452740104,0.1699445138424882,0.5698709196370622
United Kingdom,UK,2026-04,2026-04-06,uk__standard_employee_ruk,"Royaume-Uni · salarié standard, hors Écosse","United Kingdom · standard employee, outside Scotland",4.01,8282.1738,333.19,1179.83,183.46,110.08,516.65,1289.91,0.06238096573148464,0.15574534308854998,7765.5238,12570.0,84614.54,2192.15,5573.3738,9572.0838,1806.56,3998.71,1.2326385246543188,1.717466680594795,20.653800000000047,20.243800000000192,11.983799999999974,23.75380000000041,3.509999999999991,11.769999999999982,0.9801489314315113,0.5802225256369262,1.1500934452740104,0.1699445138424882,0.5698709196370622
United Kingdom,UK,2026-04,2026-04-06,uk__standard_employee_ruk,"Royaume-Uni · salarié standard, hors Écosse","United Kingdom · standard employee, outside Scotland",4.02,8302.8276,333.61,1182.92,183.46,110.08,517.07,1293.0,0.062276374376363075,0.15573007923228468,7785.7576,12570.0,84862.46,2200.42,5585.3376,9595.8276,1810.07,4010.49,1.2324847616627572,1.7180389597219692,20.653800000000047,20.233799999999974,11.963799999999537,23.743800000000192,3.509999999999991,11.779999999999745,0.979664759027391,0.5792541808286857,1.1496092728698901,0.1699445138424882,0.5703550920411604
United Kingdom,UK,2026-04,2026-04-06,uk__standard_employee_ruk,"Royaume-Uni · salarié standard, hors Écosse","United Kingdom · standard employee, outside Scotland",4.03,8323.4814,334.02,1186.02,183.46,110.08,517.48,1296.1,0.062171100664681005,0.15571609254752464,7806.0014,12570.0,85110.26,2208.68,5597.3214,9619.5814,1813.58,4022.26,1.2323314981726752,1.7186044381871657,20.653800000000047,20.243800000000192,11.983799999999974,23.75379999999859,3.509999999999991,11.770000000000437,0.9801489314315113,0.5802225256369262,1.1500934452739224,0.1699445138424882,0.5698709196370843
United Kingdom,UK,2026-04,2026-04-06,uk__standard_employee_ruk,"Royaume-Uni · salarié standard, hors Écosse","United Kingdom · standard employee, outside Scotland",4.04,8344.1352,334.43,1189.12,183.46,110.08,517.89,1299.2,0.06206634810998747,0.15570217510377823,7826.2452,12570.0,85358.18,2216.94,5609.3052,9643.3352,1817.09,4034.03,1.232179027562285,1.7191675004597717,20.653800000000047,20.243800000000192,11.983799999999974,23.75380000000041,3.509999999999991,11.769999999999982,0.9801489314315113,0.5802225256369262,1.1500934452740104,0.1699445138424882,0.5698709196370622
United Kingdom,UK,2026-04,2026-04-06,uk__standard_employee_ruk,"Royaume-Uni · salarié standard, hors Écosse","United Kingdom · standard employee, outside Scotland",4.05,8364.789,334.85,1192.22,183.46,110.08,518.31,1302.3,0.0619633083392779,0.15568832638814917,7846.479,12570.0,85605.98,2225.2,5621.279,9667.089,1820.61,4045.81,1.232028913860599,1.7197312213110219,20.653800000000047,20.233799999999974,11.973800000000665,23.75380000000041,3.519999999999982,11.779999999999745,0.979664759027391,0.5797383532328501,1.1500934452740104,0.17042868624659743,0.5703550920411604
United Kingdom,UK,2026-04,2026-04-06,uk__standard_employee_ruk,"Royaume-Uni · salarié standard, hors Écosse","United Kingdom · standard employee, outside Scotland",4.06,8385.4428,335.26,1195.32,183.46,110.08,518.72,1305.4,0.061859583610778444,0.15567454589279411,7866.7228,12570.0,85853.78,2233.46,5633.2628,9690.8428,1824.12,4057.58,1.2318780064298185,1.720289491908668,20.653800000000047,20.243799999999283,11.983799999999974,23.75380000000041,3.509999999999991,11.769999999999982,0.9801489314314672,0.5802225256369262,1.1500934452740104,0.1699445138424882,0.5698709196370622
United Kingdom,UK,2026-04,2026-04-06,uk__standard_employee_ruk,"Royaume-Uni · salarié standard, hors Écosse","United Kingdom · standard employee, outside Scotland",4.07,8406.0966,335.67,1198.42,183.46,110.08,519.13,1308.5,0.06175636858610451,0.15566083311486092,7886.9666,12570.0,86101.7,2241.72,5645.2466,9714.5966,1827.63,4069.35,1.231727873679597,1.7208453922987172,20.653800000000047,20.243800000000192,11.983799999999974,23.75380000000041,3.5100000000002183,11.769999999999982,0.9801489314315113,0.5802225256369262,1.1500934452740104,0.16994451384249923,0.5698709196370622
United Kingdom,UK,2026-04,2026-04-06,uk__standard_employee_ruk,"Royaume-Uni · salarié standard, hors Écosse","United Kingdom · standard employee, outside Scotland",4.08,8426.7504,336.09,1201.51,183.46,110.08,519.55,1311.59,0.0616548462145028,0.15564600085935854,7907.2004,12570.0,86349.5,2249.98,5657.2204,9738.3404,1831.14,4081.12,1.2315788025304126,1.7214002127263772,20.653800000000047,20.233799999999974,11.973799999999756,23.743799999998373,3.509999999999991,11.769999999999982,0.979664759027391,0.579738353232806,1.1496092728698022,0.1699445138424882,0.5698709196370622
United Kingdom,UK,2026-04,2026-04-06,uk__standard_employee_ruk,"Royaume-Uni · salarié standard, hors Écosse","United Kingdom · standard employee, outside Scotland",4.09,8447.4042,336.5,1204.61,183.46,110.08,519.96,1314.69,0.06155263648920694,0.15563242492883195,7927.4442,12570.0,86597.3,2258.24,5669.2042,9762.0942,1834.65,4092.89,1.2314302004169264,1.721951416038251,20.653800000000047,20.243800000000192,11.983799999999974,23.75380000000041,3.509999999999991,11.769999999999982,0.9801489314315113,0.5802225256369262,1.1500934452740104,0.1699445138424882,0.5698709196370622
United Kingdom,UK,2026-04,2026-04-06,uk__standard_employee_ruk,"Royaume-Uni · salarié standard, hors Écosse","United Kingdom · standard employee, outside Scotland",4.1,8468.058,336.91,1207.71,183.46,110.08,520.37,1317.79,0.061450925347936926,0.15561891522235677,7947.688,12570.0,86845.22,2266.51,5681.178,9785.848,1838.16,4104.67,1.231282355321447,1.722503325894735,20.653800000000047,20.243800000000192,11.973799999999756,23.75380000000041,3.509999999999991,11.7800000000002,0.9801489314315113,0.579738353232806,1.1500934452740104,0.1699445138424882,0.5703550920411824
United Kingdom,UK,2026-04,2026-04-06,uk__standard_employee_ruk,"Royaume-Uni · salarié standard, hors Écosse","United Kingdom · standard employee, outside Scotland",4.11,8488.7118,337.32,1210.81,183.46,110.08,520.78,1320.89,0.061349709151393254,0.15560547125654564,7967.9318,12570.0,87093.02,2274.77,5693.1618,9809.6018,1841.67,4116.44,1.2311352614739999,1.7230498876740157,20.653799999998228,20.243800000000192,11.983799999999974,23.75380000000041,3.509999999999991,11.769999999999527,0.9801489314315975,0.5802225256369773,1.1500934452741118,0.16994451384250317,0.5698709196370904
United Kingdom,UK,2026-04,2026-04-06,uk__standard_employee_ruk,"Royaume-Uni · salarié standard, hors Écosse","United Kingdom · standard employee, outside Scotland",4.12,8509.3656,337.74,1213.91,183.46,110.08,521.2,1323.99,0.06125015947134766,0.1555920925527045,7988.1656,12570.0,87340.94,2283.03,5705.1356,9833.3556,1845.19,4128.22,1.2309904541788668,1.7235971744475274,20.653800000000047,20.233799999999974,11.973799999999756,23.75380000000041,3.519999999999982,11.780000000000655,0.979664759027391,0.579738353232806,1.1500934452740104,0.17042868624659743,0.5703550920412045
United Kingdom,UK,2026-04,2026-04-06,uk__standard_employee_ruk,"Royaume-Uni · salarié standard, hors Écosse","United Kingdom · standard employee, outside Scotland",4.13,8530.0194,338.15,1217.0,183.46,110.08,521.61,1327.08,0.0611499195418008,0.1555776063064991,8008.4094,12490.629999999997,87668.11,2293.94,5714.4694,9857.0994,1848.69,4142.63,1.2308435929861428,1.7249369469018414,20.653800000000047,20.243799999999283,9.333800000000338,23.743799999998373,3.5,14.409999999999854,0.9801489314314672,0.45191683854788545,1.1496092728698022,0.169460341438379,0.6976924343220048
United Kingdom,UK,2026-04,2026-04-06,uk__standard_employee_ruk,"Royaume-Uni · salarié standard, hors Écosse","United Kingdom · standard employee, outside Scotland",4.14,8550.6732,338.56,1220.1,183.46,110.08,522.02,1330.18,0.06105016386312133,0.15556435954072012,8028.6532,12366.730000000003,88039.81,2306.33,5722.3232,9880.8532,1852.2,4158.53,1.2306987179369013,1.7267205739095621,20.653800000000047,20.243800000000192,7.853799999999865,23.75380000000041,3.509999999999991,15.899999999999636,0.9801489314315113,0.3802593227396337,1.1500934452740104,0.1699445138424882,0.7698341225343327
United Kingdom,UK,2026-04,2026-04-06,uk__standard_employee_ruk,"Royaume-Uni · salarié standard, hors Écosse","United Kingdom · standard employee, outside Scotland",4.15,8571.327,338.98,1223.2,183.46,110.08,522.44,1333.28,0.060952055615192374,0.1555511766147762,8048.887,12242.769999999997,88411.69,2318.72,5730.167,9904.607,1855.72,4174.44,1.2305561004894219,1.7285023281171386,20.653800000000047,20.233799999999974,7.843800000000556,23.75380000000041,3.519999999999982,15.909999999999854,0.979664759027391,0.37977515033555753,1.1500934452740104,0.17042868624659743,0.7703182949384529
United Kingdom,UK,2026-04,2026-04-06,uk__standard_employee_ruk,"Royaume-Uni · salarié standard, hors Écosse","United Kingdom · standard employee, outside Scotland",4.16,8591.9808,339.39,1226.3,183.46,110.08,522.85,1336.38,0.060853255165560886,0.1555380570682839,8069.1308,12118.870000000003,88783.39,2331.11,5738.0208,9928.3608,1859.23,4190.34,1.2304126734443317,1.7302761955829786,20.653800000000047,20.243800000000192,7.853799999999865,23.75380000000041,3.509999999999991,15.900000000000546,0.9801489314315113,0.3802593227396337,1.1500934452740104,0.1699445138424882,0.7698341225343767
United Kingdom,UK,2026-04,2026-04-06,uk__standard_employee_ruk,"Royaume-Uni · salarié standard, hors Écosse","United Kingdom · standard employee, outside Scotland",4.17,8612.6346,339.8,1229.39,183.46,110.08,523.26,1339.47,0.06075492857899719,0.15552383936037414,8089.3746,11994.970000000001,89155.09,2343.5,5745.8746,9952.1046,1862.73,4206.23,1.2302687280670621,1.7320434734165622,20.653800000000047,20.243800000000192,7.853799999999865,23.743800000000192,3.5,15.889999999999418,0.9801489314315113,0.3802593227396337,1.1496092728698901,0.169460341438379,0.7693499501302125
United Kingdom,UK,2026-04,2026-04-06,uk__standard_employee_ruk,"Royaume-Uni · salarié standard, hors Écosse","United Kingdom · standard employee, outside Scotland",4.18,8633.2884,340.22,1232.49,183.46,110.08,523.68,1342.57,0.060658230761757026,0.15551084798696171,8109.6084,11871.010000000002,89526.97,2355.9,5753.7084,9975.8584,1866.25,4222.15,1.2301282513222216,1.7338136913577338,20.653800000000047,20.233799999999974,7.833800000000338,23.75379999999859,3.519999999999982,15.920000000000073,0.979664759027391,0.3792909779314373,1.1500934452739224,0.17042868624659743,0.7708024673425732
United Kingdom,UK,2026-04,2026-04-06,uk__standard_employee_ruk,"Royaume-Uni · salarié standard, hors Écosse","United Kingdom · standard employee, outside Scotland",4.19,8653.9422,340.63,1235.59,183.46,110.08,524.09,1345.67,0.06056083896654636,0.15549791862487822,8129.8522,11747.11,89898.67,2368.29,5761.5622,9999.6122,1869.76,4238.05,1.2299869608945657,1.7355730707897243,20.653800000000047,20.243800000000192,7.853799999999865,23.75380000000041,3.509999999999991,15.900000000000546,0.9801489314315113,0.3802593227396337,1.1500934452740104,0.1699445138424882,0.7698341225343767
United Kingdom,UK,2026-04,2026-04-06,uk__standard_employee_ruk,"Royaume-Uni · salarié standard, hors Écosse","United Kingdom · standard employee, outside Scotland",4.2,8674.596,341.04,1238.69,183.46,110.08,524.5,1348.77,0.060463910941789094,0.15548505083118566,8150.096,11623.150000000001,90270.55,2380.69,5769.406,10023.366,1873.27,4253.96,1.229846372361749,1.7373306714764052,20.653800000000047,20.243799999999283,7.843799999999646,23.75380000000041,3.509999999999991,15.909999999999854,0.9801489314314672,0.3797751503355135,1.1500934452740104,0.1699445138424882,0.7703182949384529
United Kingdom,UK,2026-04,2026-04-06,uk__standard_employee_ruk,"Royaume-Uni · salarié standard, hors Écosse","United Kingdom · standard employee, outside Scotland",4.21,8695.2498,341.46,1241.79,183.46,110.08,524.92,1351.87,0.06036859343592406,0.15547224416715433,8170.3298,11499.25,90642.25,2393.08,5777.2498,10047.1198,1876.79,4269.87,1.2297079855944126,1.7390834995571771,20.653800000000047,20.233800000000883,7.843799999999646,23.75380000000041,3.519999999999982,15.909999999999854,0.979664759027435,0.3797751503355135,1.1500934452740104,0.17042868624659743,0.7703182949384529
United Kingdom,UK,2026-04,2026-04-06,uk__standard_employee_ruk,"Royaume-Uni · salarié standard, hors Écosse","United Kingdom · standard employee, outside Scotland",4.22,8715.9036,341.87,1244.89,183.46,110.08,525.33,1354.97,0.06027258034382116,0.15545949819821323,8190.5736,11375.349999999999,91013.95,2405.47,5785.1036,10070.8736,1880.3,4285.77,1.2295687813610514,1.7408285652827373,20.653800000000047,20.243799999999283,7.853800000000774,23.75380000000041,3.509999999999991,15.900000000000546,0.9801489314314672,0.3802593227396778,1.1500934452740104,0.1699445138424882,0.7698341225343767
United Kingdom,UK,2026-04,2026-04-06,uk__standard_employee_ruk,"Royaume-Uni · salarié standard, hors Écosse","United Kingdom · standard employee, outside Scotland",4.23,8736.5574,342.28,1247.98,183.46,110.08,525.74,1358.06,0.06017702121432865,0.15544566787828804,8210.8174,11251.39,91385.83,2417.86,5792.9574,10094.6174,1883.8,4301.66,1.2294290456392318,1.7425671730297894,20.653800000000047,20.243800000000192,7.853799999999865,23.743799999998373,3.5,15.889999999999418,0.9801489314315113,0.3802593227396337,1.1496092728698022,0.169460341438379,0.7693499501302125
United Kingdom,UK,2026-04,2026-04-06,uk__standard_employee_ruk,"Royaume-Uni · salarié standard, hors Écosse","United Kingdom · standard employee, outside Scotland",4.24,8757.2112,342.69,1251.08,183.46,110.08,526.15,1361.16,0.06008191283544696,0.15543304471176847,8231.0612,11127.489999999998,91757.53,2430.25,5800.8112,10118.3712,1887.31,4317.56,1.229291212170795,1.7443027968226235,20.653800000000047,20.243800000000192,7.853799999999865,23.75380000000041,3.509999999999991,15.900000000000546,0.9801489314315113,0.3802593227396337,1.1500934452740104,0.1699445138424882,0.7698341225343767
United Kingdom,UK,2026-04,2026-04-06,uk__standard_employee_ruk,"Royaume-Uni · salarié standard, hors Écosse","United Kingdom · standard employee, outside Scotland",4.25,8777.865,343.11,1254.18,183.46,110.08,526.57,1364.26,0.05998839125459324,0.1554204809483855,8251.295,11003.529999999999,92129.41,2442.65,5808.645,10142.125,1890.83,4333.48,1.2291555446751086,1.7460397390441316,20.653800000000047,20.233799999999974,7.833800000000338,23.75380000000041,3.519999999999982,15.919999999999163,0.979664759027391,0.3792909779314373,1.1500934452740104,0.17042868624659743,0.7708024673425291
United Kingdom,UK,2026-04,2026-04-06,uk__standard_employee_ruk,"Royaume-Uni · salarié standard, hors Écosse","United Kingdom · standard employee, outside Scotland",4.26,8798.5188,343.52,1257.28,183.46,110.08,526.98,1367.36,0.05989417218725498,0.15540797616980712,8271.5388,10879.629999999997,92501.11,2455.04,5816.4988,10165.8788,1894.34,4349.38,1.229019055075943,1.7477659928340397,20.653800000000047,20.243800000000192,7.853799999999865,23.75380000000041,3.509999999999991,15.900000000000546,0.9801489314315113,0.3802593227396337,1.1500934452740104,0.1699445138424882,0.7698341225343767
United Kingdom,UK,2026-04,2026-04-06,uk__standard_employee_ruk,"Royaume-Uni · salarié standard, hors Écosse","United Kingdom · standard employee, outside Scotland",4.27,8819.1726,343.93,1260.38,183.46,110.08,527.39,1370.46,0.05980039442702369,0.1553955299616202,8291.7826,10755.730000000003,92872.81,2467.43,5824.3526,10189.6326,1897.85,4365.28,1.2288832319361582,1.7494875911187109,20.653800000000047,20.243800000000192,7.853799999999865,23.75380000000041,3.509999999999991,15.899999999999636,0.9801489314315113,0.3802593227396337,1.1500934452740104,0.1699445138424882,0.7698341225343327
United Kingdom,UK,2026-04,2026-04-06,uk__standard_employee_ruk,"Royaume-Uni · salarié standard, hors Écosse","United Kingdom · standard employee, outside Scotland",4.28,8839.8264,344.35,1263.47,183.46,110.08,527.81,1373.55,0.05970818612456009,0.15538201066934976,8312.0164,10631.769999999997,93244.69,2479.82,5832.1964,10213.3764,1901.36,4381.18,1.2287483455879609,1.7512058407360898,20.653800000000047,20.233799999999974,7.843799999999646,23.743799999998373,3.509999999999991,15.900000000000546,0.979664759027391,0.3797751503355135,1.1496092728698022,0.1699445138424882,0.7698341225343767
United Kingdom,UK,2026-04,2026-04-06,uk__standard_employee_ruk,"Royaume-Uni · salarié standard, hors Écosse","United Kingdom · standard employee, outside Scotland",4.29,8860.4802,344.76,1266.57,183.46,110.08,528.22,1376.65,0.05961527909062988,0.15536968301108556,8332.2602,10507.870000000003,93616.39,2492.21,5840.0502,10237.1302,1904.87,4397.08,1.2286138399758566,1.752918185532035,20.653800000000047,20.243800000000192,7.853799999999865,23.75380000000041,3.509999999999991,15.899999999999636,0.9801489314315113,0.3802593227396337,1.1500934452740104,0.1699445138424882,0.7698341225343327
United Kingdom,UK,2026-04,2026-04-06,uk__standard_employee_ruk,"Royaume-Uni · salarié standard, hors Écosse","United Kingdom · standard employee, outside Scotland",4.3,8881.134,345.17,1269.67,183.46,110.08,528.63,1379.75,0.05952280418243886,0.15535741269076675,8352.504,10383.970000000001,93988.09,2504.6,5847.904,10260.884,1908.38,4412.98,1.228479986360976,1.7546259309318346,20.653800000000047,20.243800000000192,7.853800000000774,23.75380000000041,3.5100000000002183,15.899999999999636,0.9801489314315113,0.3802593227396778,1.1500934452740104,0.16994451384249923,0.7698341225343327
United Kingdom,UK,2026-04,2026-04-06,uk__standard_employee_ruk,"Royaume-Uni · salarié standard, hors Écosse","United Kingdom · standard employee, outside Scotland",4.31,8901.7878,345.59,1272.77,183.46,110.08,529.05,1382.85,0.05943188176199841,0.1553451993092893,8372.7378,10260.010000000002,94359.97,2517.0,5855.7378,10284.6378,1911.9,4428.9,1.2283482470930833,1.7563350941020617,20.653800000000047,20.233799999999974,7.833799999999428,23.75380000000041,3.519999999999982,15.920000000000073,0.979664759027391,0.37929097793139327,1.1500934452740104,0.17042868624659743,0.7708024673425732
United Kingdom,UK,2026-04,2026-04-06,uk__standard_employee_ruk,"Royaume-Uni · salarié standard, hors Écosse","United Kingdom · standard employee, outside Scotland",4.32,8922.4416,346.0,1275.87,183.46,110.08,529.46,1385.95,0.05934025950923567,0.15533304247124458,8392.9816,10136.11,94731.67,2529.39,5863.5916,10308.3916,1915.41,4444.8,1.2282156796340409,1.75803369388823,20.653800000000047,20.243799999998373,7.853799999999865,23.75380000000041,3.509999999999991,15.900000000000546,0.9801489314314231,0.3802593227396337,1.1500934452740104,0.1699445138424882,0.7698341225343767
United Kingdom,UK,2026-04,2026-04-06,uk__standard_employee_ruk,"Royaume-Uni · salarié standard, hors Écosse","United Kingdom · standard employee, outside Scotland",4.33,8943.0954,346.41,1278.97,183.46,110.08,529.87,1389.05,0.05924906045394528,0.15532094178487685,8413.2254,10012.150000000001,95103.55,2541.79,5871.4354,10332.1454,1918.92,4460.71,1.2280837501393937,1.7597307465905188,20.653800000000047,20.243800000000192,7.843800000000556,23.75379999999859,3.509999999999991,15.909999999999854,0.9801489314315113,0.37977515033555753,1.1500934452739224,0.1699445138424882,0.7703182949384529
United Kingdom,UK,2026-04,2026-04-06,uk__standard_employee_ruk,"Royaume-Uni · salarié standard, hors Écosse","United Kingdom · standard employee, outside Scotland",4.34,8963.7492,346.83,1282.06,183.46,110.08,530.29,1392.14,0.05915939727541685,0.15530778125742295,8433.4592,9888.25,95475.25,2554.18,5879.2792,10355.8892,1922.43,4476.61,1.2279527243103279,1.761421570181596,20.653800000000047,20.233799999999974,7.843799999999646,23.743800000000192,3.509999999999991,15.899999999999636,0.979664759027391,0.3797751503355135,1.1496092728698901,0.1699445138424882,0.7698341225343327
United Kingdom,UK,2026-04,2026-04-06,uk__standard_employee_ruk,"Royaume-Uni · salarié standard, hors Écosse","United Kingdom · standard employee, outside Scotland",4.35,8984.403,347.24,1285.16,183.46,110.08,530.7,1395.24,0.05906903330137796,0.1552957942781507,8453.703,9764.349999999999,95846.95,2566.57,5887.133,10379.643,1925.94,4492.51,1.2278220562042457,1.7631065919523137,20.653800000000047,20.243800000000192,7.853799999999865,23.75380000000041,3.509999999999991,15.900000000000546,0.9801489314315113,0.3802593227396337,1.1500934452740104,0.1699445138424882,0.7698341225343767
United Kingdom,UK,2026-04,2026-04-06,uk__standard_employee_ruk,"Royaume-Uni · salarié standard, hors Écosse","United Kingdom · standard employee, outside Scotland",4.36,9005.0568,347.65,1288.26,183.46,110.08,531.11,1398.34,0.05897908384098144,0.1552838622850219,8473.9468,9640.39,96218.83,2578.96,5894.9868,10403.3968,1929.45,4508.41,1.2276920124162216,1.7647871238659942,20.653800000000047,20.243800000000192,7.853799999999865,23.75380000000041,3.509999999999991,15.899999999999636,0.9801489314315113,0.3802593227396337,1.1500934452740104,0.1699445138424882,0.7698341225343327
United Kingdom,UK,2026-04,2026-04-06,uk__standard_employee_ruk,"Royaume-Uni · salarié standard, hors Écosse","United Kingdom · standard employee, outside Scotland",4.37,9025.7106,348.06,1291.36,183.46,110.08,531.52,1401.44,0.05888954604859588,0.15527198490055727,8494.1906,9516.489999999998,96590.53,2591.35,5902.8406,10427.1506,1932.96,4524.31,1.2275625884825332,1.7664631838440634,20.653800000000047,20.243800000000192,7.853800000000774,23.75380000000041,3.509999999999991,15.900000000000546,0.9801489314315113,0.3802593227396778,1.1500934452740104,0.1699445138424882,0.7698341225343767
United Kingdom,UK,2026-04,2026-04-06,uk__standard_employee_ruk,"Royaume-Uni · salarié standard, hors Écosse","United Kingdom · standard employee, outside Scotland",4.38,9046.3644,348.48,1294.45,183.46,110.08,531.94,1404.53,0.058801522521025135,0.15525905633427722,8514.4244,9392.589999999997,96962.23,2603.74,5910.6844,10450.8944,1936.47,4540.21,1.2274340470977698,1.7681360892826559,20.653800000000047,20.233799999999974,7.843799999999646,23.743799999998373,3.509999999999991,15.899999999999636,0.979664759027391,0.3797751503355135,1.1496092728698022,0.1699445138424882,0.7698341225343327
United Kingdom,UK,2026-04,2026-04-06,uk__standard_employee_ruk,"Royaume-Uni · salarié standard, hors Écosse","United Kingdom · standard employee, outside Scotland",4.39,9067.0182,348.89,1297.55,183.46,110.08,532.35,1407.63,0.05871279711338839,0.15524728956648612,8534.6682,9268.629999999997,97334.11,2616.14,5918.5282,10474.6482,1939.98,4556.12,1.2273058488670947,1.7698062501417158,20.653800000000047,20.243800000000192,7.843799999999646,23.75380000000041,3.509999999999991,15.909999999999854,0.9801489314315113,0.3797751503355135,1.1500934452740104,0.1699445138424882,0.7703182949384529
United Kingdom,UK,2026-04,2026-04-06,uk__standard_employee_ruk,"Royaume-Uni · salarié standard, hors Écosse","United Kingdom · standard employee, outside Scotland",4.4,9087.672,349.3,1300.65,183.46,110.08,532.76,1410.73,0.05862447500305908,0.1552355762840032,8554.912,9144.730000000003,97705.81,2628.53,5926.382,10498.402,1943.49,4572.02,1.2271782573567092,1.7714690008170249,20.653800000000047,20.243800000000192,7.853799999999865,23.75380000000041,3.509999999999991,15.900000000000546,0.9801489314315113,0.3802593227396337,1.1500934452740104,0.1699445138424882,0.7698341225343767
United Kingdom,UK,2026-04,2026-04-06,uk__standard_employee_ruk,"Royaume-Uni · salarié standard, hors Écosse","United Kingdom · standard employee, outside Scotland",4.41,9108.3258,349.72,1303.75,183.46,110.08,533.18,1413.83,0.05853765134312609,0.15522391612298275,8575.1458,9020.769999999997,98077.69,2640.92,5934.2258,10522.1558,1947.01,4587.93,1.2270526992089161,1.7731303382490098,20.653800000000047,20.233799999999974,7.843800000000556,23.75380000000041,3.519999999999982,15.909999999999854,0.979664759027391,0.37977515033555753,1.1500934452740104,0.17042868624659743,0.7703182949384529
United Kingdom,UK,2026-04,2026-04-06,uk__standard_employee_ruk,"Royaume-Uni · salarié standard, hors Écosse","United Kingdom · standard employee, outside Scotland",4.42,9128.9796,350.13,1306.85,183.46,110.08,533.59,1416.93,0.05845012513775362,0.15521230872287192,8595.3896,8896.870000000003,98449.39,2653.31,5942.0796,10545.9096,1950.52,4603.83,1.226926304771572,1.7747843027885388,20.653800000000047,20.243800000000192,7.853799999999865,23.75380000000041,3.509999999999991,15.899999999999636,0.9801489314315113,0.3802593227396337,1.1500934452740104,0.1699445138424882,0.7698341225343327
United Kingdom,UK,2026-04,2026-04-06,uk__standard_employee_ruk,"Royaume-Uni · salarié standard, hors Écosse","United Kingdom · standard employee, outside Scotland",4.43,9149.6334,350.54,1309.94,183.46,110.08,534.0,1420.02,0.058362994084549875,0.1551996607864092,8615.6334,8772.970000000001,98821.09,2665.7,5949.9334,10569.6534,1954.02,4619.72,1.226799343621097,1.7764322202329188,20.653800000000047,20.243800000000192,7.853799999999865,23.743799999998373,3.5,15.890000000000327,0.9801489314315113,0.3802593227396337,1.1496092728698022,0.169460341438379,0.7693499501302565
United Kingdom,UK,2026-04,2026-04-06,uk__standard_employee_ruk,"Royaume-Uni · salarié standard, hors Écosse","United Kingdom · standard employee, outside Scotland",4.44,9170.2872,350.96,1313.04,183.46,110.08,534.42,1423.12,0.0582773459919554,0.15518816030102087,8635.8672,8649.010000000002,99192.97,2678.1,5957.7672,10593.4072,1957.54,4635.64,1.2266755561039662,1.778083440386862,20.653800000000047,20.233799999999974,7.833800000000338,23.75380000000041,3.519999999999982,15.920000000000073,0.979664759027391,0.3792909779314373,1.1500934452740104,0.17042868624659743,0.7708024673425732
United Kingdom,UK,2026-04,2026-04-06,uk__standard_employee_ruk,"Royaume-Uni · salarié standard, hors Écosse","United Kingdom · standard employee, outside Scotland",4.45,9190.941,351.37,1316.14,183.46,110.08,534.83,1426.22,0.058190994806734155,0.15517671150320733,8656.111,8525.11,99564.67,2690.49,5965.621,10617.161,1961.05,4651.54,1.2265509303196318,1.7797243572798203,20.653800000000047,20.243800000000192,7.853799999999865,23.75380000000041,3.509999999999991,15.899999999999636,0.9801489314315113,0.3802593227396337,1.1500934452740104,0.1699445138424882,0.7698341225343327
United Kingdom,UK,2026-04,2026-04-06,uk__standard_employee_ruk,"Royaume-Uni · salarié standard, hors Écosse","United Kingdom · standard employee, outside Scotland",4.46,9211.5948,351.78,1319.24,183.46,110.08,535.24,1429.32,0.05810503084655873,0.1551653140452943,8676.3548,8401.21,99936.37,2702.88,5973.4748,10640.9148,1964.56,4667.44,1.2264268860927632,1.7813609592862096,20.653800000000047,20.243799999998373,7.853799999999865,23.75380000000041,3.509999999999991,15.899999999999636,0.9801489314314231,0.3802593227396337,1.1500934452740104,0.1699445138424882,0.7698341225343327
United Kingdom,UK,2026-04,2026-04-06,uk__standard_employee_ruk,"Royaume-Uni · salarié standard, hors Écosse","United Kingdom · standard employee, outside Scotland",4.47,9232.2486,352.2,1322.34,183.46,110.08,535.66,1432.42,0.05802053467234406,0.15515396758271865,8696.5886,8277.25,100308.25,2715.28,5981.3086,10664.6686,1968.08,4683.36,1.2263048294592203,1.782999225286587,20.653800000000047,20.233799999999974,7.833800000000338,23.75380000000041,3.519999999999982,15.920000000000073,0.979664759027391,0.3792909779314373,1.1500934452740104,0.17042868624659743,0.7708024673425732
United Kingdom,UK,2026-04,2026-04-06,uk__standard_employee_ruk,"Royaume-Uni · salarié standard, hors Écosse","United Kingdom · standard employee, outside Scotland",4.48,9252.9024,352.61,1325.44,183.46,110.08,536.07,1435.52,0.05793533497121941,0.15514267177399385,8716.8324,8153.3499999999985,100679.95,2727.67,5989.1624,10688.4224,1971.59,4699.26,1.2261819327855839,1.784627246040281,20.653800000000047,20.243800000000192,7.853799999999865,23.75379999999859,3.509999999999991,15.900000000000546,0.9801489314315113,0.3802593227396337,1.1500934452739224,0.1699445138424882,0.7698341225343767
United Kingdom,UK,2026-04,2026-04-06,uk__standard_employee_ruk,"Royaume-Uni · salarié standard, hors Écosse","United Kingdom · standard employee, outside Scotland",4.49,9273.5562,353.02,1328.53,183.46,110.08,536.48,1438.61,0.05785051477878572,0.1551303479456996,8737.0762,8029.389999999999,101051.83,2740.06,5997.0162,10712.1662,1975.09,4715.15,1.2260584610673304,1.786249335127692,20.653800000000047,20.243800000000192,7.853799999999865,23.743800000000192,3.5,15.889999999999418,0.9801489314315113,0.3802593227396337,1.1496092728698901,0.169460341438379,0.7693499501302125
United Kingdom,UK,2026-04,2026-04-06,uk__standard_employee_ruk,"Royaume-Uni · salarié standard, hors Écosse","United Kingdom · standard employee, outside Scotland",4.5,9294.21,353.43,1331.63,183.46,110.08,536.89,1441.71,0.057766071564985075,0.15511915482865138,8757.32,7905.489999999998,101423.53,2752.45,6004.87,10735.92,1978.6,4731.05,1.225936702096075,1.7878688464529622,20.653799999998228,20.243800000000192,7.853799999999865,23.75380000000041,3.509999999999991,15.900000000000546,0.9801489314315975,0.3802593227396672,1.1500934452741118,0.16994451384250317,0.7698341225344445
United Kingdom,UK,2026-04,2026-04-06,uk__standard_employee_ruk,"Royaume-Uni · salarié standard, hors Écosse","United Kingdom · standard employee, outside Scotland",4.51,9314.8638,353.85,1334.73,183.46,110.08,537.31,1444.81,0.05768307637520155,0.15510801134848584,8777.5538,7781.5899999999965,101795.23,2764.84,6012.7138,10759.6738,1982.12,4746.96,1.2258169012874633,1.789487103144673,20.653800000000047,20.233799999999974,7.843800000000556,23.75380000000041,3.519999999999982,15.909999999999854,0.979664759027391,0.37977515033555753,1.1500934452740104,0.17042868624659743,0.7703182949384529
United Kingdom,UK,2026-04,2026-04-06,uk__standard_employee_ruk,"Royaume-Uni · salarié standard, hors Écosse","United Kingdom · standard employee, outside Scotland",4.52,9335.5176,354.26,1337.83,183.46,110.08,537.72,1447.91,0.05759937724288582,0.15509691717575466,8797.7976,7657.629999999997,102167.11,2777.24,6020.5576,10783.4276,1985.63,4762.87,1.225696258345384,1.7911011431897934,20.653800000000047,20.243800000000192,7.843799999999646,23.75380000000041,3.5100000000002183,15.909999999999854,0.9801489314315113,0.3797751503355135,1.1500934452740104,0.16994451384249923,0.7703182949384529
United Kingdom,UK,2026-04,2026-04-06,uk__standard_employee_ruk,"Royaume-Uni · salarié standard, hors Écosse","United Kingdom · standard employee, outside Scotland",4.53,9356.1714,354.67,1340.93,183.46,110.08,538.13,1451.01,0.05751604764316309,0.15508587198391854,8818.0414,7533.730000000003,102538.81,2789.63,6028.4114,10807.1814,1989.14,4778.77,1.2255761693293932,1.7927080092775352,20.653800000000047,20.243800000000192,7.853799999999865,23.75379999999859,3.509999999999991,15.900000000000546,0.9801489314315113,0.3802593227396337,1.1500934452739224,0.1699445138424882,0.7698341225343767
United Kingdom,UK,2026-04,2026-04-06,uk__standard_employee_ruk,"Royaume-Uni · salarié standard, hors Écosse","United Kingdom · standard employee, outside Scotland",4.54,9376.8252,355.09,1344.02,183.46,110.08,538.55,1454.1,0.05743415159322794,0.15507380899027529,8838.2752,7409.769999999997,102910.69,2802.02,6036.2552,10830.9252,1992.65,4794.67,1.2254568855244516,1.7943120098699603,20.653800000000047,20.233799999999974,7.843799999999646,23.743800000000192,3.509999999999991,15.899999999999636,0.979664759027391,0.3797751503355135,1.1496092728698901,0.1699445138424882,0.7698341225343327
United Kingdom,UK,2026-04,2026-04-06,uk__standard_employee_ruk,"Royaume-Uni · salarié standard, hors Écosse","United Kingdom · standard employee, outside Scotland",4.55,9397.479,355.5,1347.12,183.46,110.08,538.96,1457.2,0.05735155141075602,0.1550628631359538,8858.519,7285.870000000003,103282.39,2814.41,6044.109,10854.679,1996.16,4810.57,1.2253378922594171,1.7959105304024132,20.653800000000047,20.243800000000192,7.853800000000774,23.75380000000041,3.509999999999991,15.899999999999636,0.9801489314315113,0.3802593227396778,1.1500934452740104,0.1699445138424882,0.7698341225343327
United Kingdom,UK,2026-04,2026-04-06,uk__standard_employee_ruk,"Royaume-Uni · salarié standard, hors Écosse","United Kingdom · standard employee, outside Scotland",4.56,9418.1328,355.91,1350.22,183.46,110.08,539.37,1460.3,0.057269313509786146,0.1550519652897653,8878.7628,7161.970000000001,103654.09,2826.8,6051.9628,10878.4328,1999.67,4826.47,1.22521944160959,1.7975049020459943,20.653800000000047,20.243800000000192,7.853799999999865,23.75380000000041,3.509999999999991,15.900000000000546,0.9801489314315113,0.3802593227396337,1.1500934452740104,0.1699445138424882,0.7698341225343767
United Kingdom,UK,2026-04,2026-04-06,uk__standard_employee_ruk,"Royaume-Uni · salarié standard, hors Écosse","United Kingdom · standard employee, outside Scotland",4.57,9438.7866,356.33,1353.32,183.46,110.08,539.79,1463.4,0.057188494970317465,0.15504111513655788,8898.9966,7038.010000000002,104025.97,2839.2,6059.7966,10902.1866,2003.19,4842.39,1.2251029065456658,1.799101078739177,20.653800000000047,20.233799999999974,7.833799999999428,23.75380000000041,3.519999999999982,15.920000000000073,0.979664759027391,0.37929097793139327,1.1500934452740104,0.17042868624659743,0.7708024673425732
United Kingdom,UK,2026-04,2026-04-06,uk__standard_employee_ruk,"Royaume-Uni · salarié standard, hors Écosse","United Kingdom · standard employee, outside Scotland",4.58,9459.4404,356.74,1356.42,183.46,110.08,540.2,1466.5,0.05710697220524799,0.1550303123639322,8919.2404,6914.110000000001,104397.67,2851.59,6067.6504,10925.9404,2006.7,4858.29,1.2249855267944119,1.8006871984582369,20.653800000000047,20.243800000000192,7.853800000000774,23.75379999999859,3.509999999999991,15.899999999999636,0.9801489314315113,0.3802593227396778,1.1500934452739224,0.1699445138424882,0.7698341225343327
United Kingdom,UK,2026-04,2026-04-06,uk__standard_employee_ruk,"Royaume-Uni · salarié standard, hors Écosse","United Kingdom · standard employee, outside Scotland",4.59,9480.0942,357.15,1359.51,183.46,110.08,540.61,1469.59,0.05702580465919843,0.15501850182037222,8939.4842,6790.209999999999,104769.37,2863.98,6075.5042,10949.6842,2010.2,4874.18,1.224867560032155,1.8022675714716814,20.653800000000047,20.243800000000192,7.853799999999865,23.743800000000192,3.5,15.890000000000327,0.9801489314315113,0.3802593227396337,1.1496092728698901,0.169460341438379,0.7693499501302565
United Kingdom,UK,2026-04,2026-04-06,uk__standard_employee_ruk,"Royaume-Uni · salarié standard, hors Écosse","United Kingdom · standard employee, outside Scotland",4.6,9500.748,357.57,1362.61,183.46,110.08,541.03,1472.69,0.05694604256422758,0.15500779517570615,8959.718,6666.25,105141.25,2876.38,6083.338,10973.438,2013.72,4890.1,1.2247526094013228,1.8038514381413628,20.653800000000047,20.233799999999974,7.833799999999428,23.75380000000041,3.519999999999982,15.920000000000073,0.979664759027391,0.37929097793139327,1.1500934452740104,0.17042868624659743,0.7708024673425732
United Kingdom,UK,2026-04,2026-04-06,uk__standard_employee_ruk,"Royaume-Uni · salarié standard, hors Écosse","United Kingdom · standard employee, outside Scotland",4.61,9521.4018,357.98,1365.71,183.46,110.08,541.44,1475.79,0.05686557624319562,0.15499713498069156,8979.9618,6542.3499999999985,105512.95,2888.77,6091.1918,10997.1918,2017.23,4906.0,1.2246368130430132,1.8054253028118405,20.653800000000047,20.243799999998373,7.853799999999865,23.75380000000041,3.509999999999991,15.899999999999636,0.9801489314314231,0.3802593227396337,1.1500934452740104,0.1699445138424882,0.7698341225343327
United Kingdom,UK,2026-04,2026-04-06,uk__standard_employee_ruk,"Royaume-Uni · salarié standard, hors Écosse","United Kingdom · standard employee, outside Scotland",4.62,9542.0556,358.39,1368.81,183.46,110.08,541.85,1478.89,0.05678545826121574,0.15498652093370738,9000.2056,6418.389999999999,105884.83,2901.16,6099.0456,11020.9456,2020.74,4921.9,1.2245215375968743,1.8069951141208058,20.653800000000047,20.243800000000192,7.853800000000774,23.75379999999859,3.509999999999991,15.899999999999636,0.9801489314315113,0.3802593227396778,1.1500934452739224,0.1699445138424882,0.7698341225343327
United Kingdom,UK,2026-04,2026-04-06,uk__standard_employee_ruk,"Royaume-Uni · salarié standard, hors Écosse","United Kingdom · standard employee, outside Scotland",4.63,9562.7094,358.8,1371.91,183.46,110.08,542.26,1481.99,0.056705686361231473,0.15497595273573828,9020.4494,6294.489999999998,106256.53,2913.55,6106.8994,11044.6994,2024.25,4937.8,1.2244067795557947,1.8085608877067798,20.653800000000047,20.243800000000192,7.853799999999865,23.75380000000041,3.509999999999991,15.900000000000546,0.9801489314315113,0.3802593227396337,1.1500934452740104,0.1699445138424882,0.7698341225343767
United Kingdom,UK,2026-04,2026-04-06,uk__standard_employee_ruk,"Royaume-Uni · salarié standard, hors Écosse","United Kingdom · standard employee, outside Scotland",4.64,9583.3632,359.22,1375.0,183.46,110.08,542.68,1485.08,0.05662730178065255,0.1549643866153377,9040.6832,6170.5899999999965,106628.23,2925.94,6114.7432,11068.4432,2027.76,4953.7,1.2242927835365363,1.810123963995741,20.653800000000047,20.233799999999974,7.843799999999646,23.743800000000192,3.509999999999991,15.899999999999636,0.979664759027391,0.3797751503355135,1.1496092728698901,0.1699445138424882,0.7698341225343327
United Kingdom,UK,2026-04,2026-04-06,uk__standard_employee_ruk,"Royaume-Uni · salarié standard, hors Écosse","United Kingdom · standard employee, outside Scotland",4.65,9604.017,359.63,1378.1,183.46,110.08,543.09,1488.18,0.056548213107078,0.1549539114726681,9060.927,6046.629999999997,107000.11,2938.34,6122.587,11092.197,2031.27,4969.61,1.224179049229731,1.811684668588621,20.653800000000047,20.243800000000192,7.843800000000556,23.75380000000041,3.509999999999991,15.909999999999854,0.9801489314315113,0.37977515033555753,1.1500934452740104,0.1699445138424882,0.7703182949384529
United Kingdom,UK,2026-04,2026-04-06,uk__standard_employee_ruk,"Royaume-Uni · salarié standard, hors Écosse","United Kingdom · standard employee, outside Scotland",4.66,9624.6708,360.04,1381.2,183.46,110.08,543.5,1491.28,0.05646946386987074,0.15494348128769242,9081.1708,5922.730000000003,107371.81,2950.73,6130.4408,11115.9508,2034.78,4985.51,1.2240658219973135,1.8132384216156199,20.653800000000047,20.243800000000192,7.853799999999865,23.75380000000041,3.509999999999991,15.900000000000546,0.9801489314315113,0.3802593227396337,1.1500934452740104,0.1699445138424882,0.7698341225343767
United Kingdom,UK,2026-04,2026-04-06,uk__standard_employee_ruk,"Royaume-Uni · salarié standard, hors Écosse","United Kingdom · standard employee, outside Scotland",4.67,9645.3246,360.46,1384.3,183.46,110.08,543.92,1494.38,0.056392088660240626,0.15493309577160316,9101.4046,5798.830000000002,107743.51,2963.12,6138.2846,11139.7046,2038.3,5001.42,1.2239544432515395,1.8147911551706155,20.653800000000047,20.233799999999974,7.843799999999646,23.75379999999859,3.519999999999982,15.909999999999854,0.979664759027391,0.3797751503355135,1.1500934452739224,0.17042868624659743,0.7703182949384529
United Kingdom,UK,2026-04,2026-04-06,uk__standard_employee_ruk,"Royaume-Uni · salarié standard, hors Écosse","United Kingdom · standard employee, outside Scotland",4.68,9665.9784,360.87,1387.4,183.46,110.08,544.33,1497.48,0.0563140095574805,0.15492275463806127,9121.6484,5674.870000000003,108115.39,2975.51,6146.1384,11163.4584,2041.81,5017.32,1.2238422169396488,1.8163369702185683,20.653800000000047,20.243800000000192,7.853799999999865,23.75380000000041,3.509999999999991,15.899999999999636,0.9801489314315113,0.3802593227396337,1.1500934452740104,0.1699445138424882,0.7698341225343327
United Kingdom,UK,2026-04,2026-04-06,uk__standard_employee_ruk,"Royaume-Uni · salarié standard, hors Écosse","United Kingdom · standard employee, outside Scotland",4.69,9686.6322,361.28,1390.49,183.46,110.08,544.74,1500.57,0.056236263414646825,0.15491142525262802,9141.8922,5550.970000000001,108487.09,2987.9,6153.9922,11187.2022,2045.31,5033.21,1.2237293937900513,1.817877214729001,20.653800000000047,20.243800000000192,7.853799999999865,23.743800000000192,3.5,15.890000000000327,0.9801489314315113,0.3802593227396337,1.1496092728698901,0.169460341438379,0.7693499501302565
United Kingdom,UK,2026-04,2026-04-06,uk__standard_employee_ruk,"Royaume-Uni · salarié standard, hors Écosse","United Kingdom · standard employee, outside Scotland",4.7,9707.286,361.7,1393.59,183.46,110.08,545.16,1503.67,0.05615987826051483,0.1549011742313969,9162.126,5427.010000000002,108858.97,3000.3,6161.826,11210.956,2048.83,5049.13,1.2236194961737046,1.8194210612243837,20.653800000000047,20.233799999999974,7.833800000000338,23.75380000000041,3.519999999999982,15.920000000000073,0.979664759027391,0.3792909779314373,1.1500934452740104,0.17042868624659743,0.7708024673425732
United Kingdom,UK,2026-04,2026-04-06,uk__standard_employee_ruk,"Royaume-Uni · salarié standard, hors Écosse","United Kingdom · standard employee, outside Scotland",4.71,9727.9398,362.11,1396.69,183.46,110.08,545.57,1506.77,0.05608278949259123,0.15489096673891833,9182.3698,5303.110000000001,109230.67,3012.69,6169.6798,11234.7098,2052.34,5065.03,1.2235087504317241,1.820955084249267,20.653800000000047,20.243800000000192,7.853799999999865,23.75380000000041,3.5100000000002183,15.899999999999636,0.9801489314315113,0.3802593227396337,1.1500934452740104,0.16994451384249923,0.7698341225343327
United Kingdom,UK,2026-04,2026-04-06,uk__standard_employee_ruk,"Royaume-Uni · salarié standard, hors Écosse","United Kingdom · standard employee, outside Scotland",4.72,9748.5936,362.52,1399.79,183.46,110.08,545.98,1509.87,0.05600602737198933,0.15488080249852654,9202.6136,5179.209999999999,109602.37,3025.08,6177.5336,11258.4636,2055.85,5080.93,1.2233984919240768,1.8224852067174508,20.653800000000047,20.243800000000192,7.853799999999865,23.75379999999859,3.5099999999997635,15.900000000000546,0.9801489314315113,0.3802593227396337,1.1500934452739224,0.1699445138424772,0.7698341225343767
United Kingdom,UK,2026-04,2026-04-06,uk__standard_employee_ruk,"Royaume-Uni · salarié standard, hors Écosse","United Kingdom · standard employee, outside Scotland",4.73,9769.2474,362.94,1402.89,183.46,110.08,546.4,1512.97,0.05593061344725489,0.15487068123589537,9222.8474,5055.25,109974.25,3037.48,6185.3674,11282.2174,2059.37,5096.85,1.2232900438101142,1.824017341314276,20.653800000000047,20.233799999999974,7.833800000000338,23.75380000000041,3.519999999999982,15.920000000000073,0.979664759027391,0.3792909779314373,1.1500934452740104,0.17042868624659743,0.7708024673425732
United Kingdom,UK,2026-04,2026-04-06,uk__standard_employee_ruk,"Royaume-Uni · salarié standard, hors Écosse","United Kingdom · standard employee, outside Scotland",4.74,9789.9012,363.35,1405.99,183.46,110.08,546.81,1516.07,0.05585449626396639,0.15486060267901375,9243.0912,4931.3499999999985,110345.95,3049.87,6193.2212,11305.9712,2062.88,5112.75,1.2231807471509097,1.8255397046047699,20.653800000000047,20.243800000000192,7.853799999999865,23.75380000000041,3.5100000000002183,15.899999999999636,0.9801489314315113,0.3802593227396337,1.1500934452740104,0.16994451384249923,0.7698341225343327
United Kingdom,UK,2026-04,2026-04-06,uk__standard_employee_ruk,"Royaume-Uni · salarié standard, hors Écosse","United Kingdom · standard employee, outside Scotland",4.75,9810.555,363.76,1409.08,183.46,110.08,547.22,1519.16,0.05577869957408118,0.15484954724783662,9263.335,4807.389999999999,110717.83,3062.26,6201.075,11329.715,2066.38,5128.64,1.2230708486738306,1.8270565990574212,20.653800000000047,20.243799999998373,7.853799999999865,23.743800000000192,3.5,15.890000000000327,0.9801489314314231,0.3802593227396337,1.1496092728698901,0.169460341438379,0.7693499501302565
United Kingdom,UK,2026-04,2026-04-06,uk__standard_employee_ruk,"Royaume-Uni · salarié standard, hors Écosse","United Kingdom · standard employee, outside Scotland",4.76,9831.2088,364.17,1412.18,183.46,110.08,547.63,1522.26,0.05570322135768289,0.1548395554369672,9283.5788,4683.489999999998,111089.53,3074.65,6208.9288,11353.4688,2069.89,5144.54,1.222962506657454,1.828571266592717,20.653800000000047,20.243800000000192,7.853799999999865,23.75380000000041,3.5099999999997635,15.899999999999636,0.9801489314315113,0.3802593227396337,1.1500934452740104,0.1699445138424772,0.7698341225343327
United Kingdom,UK,2026-04,2026-04-06,uk__standard_employee_ruk,"Royaume-Uni · salarié standard, hors Écosse","United Kingdom · standard employee, outside Scotland",4.77,9851.8626,364.59,1415.28,183.46,110.08,548.05,1525.36,0.05562907464828021,0.15482960552048297,9303.8126,4559.5899999999965,111461.23,3087.04,6216.7726,11377.2226,2073.41,5160.45,1.222855950473465,1.830085050883154,20.653800000000047,20.233799999999974,7.843800000000556,23.75379999999859,3.519999999999982,15.909999999999854,0.979664759027391,0.37977515033555753,1.1500934452739224,0.17042868624659743,0.7703182949384529
United Kingdom,UK,2026-04,2026-04-06,uk__standard_employee_ruk,"Royaume-Uni · salarié standard, hors Écosse","United Kingdom · standard employee, outside Scotland",4.78,9872.5164,365.0,1418.38,183.46,110.08,548.46,1528.46,0.05555422526317606,0.1548196972354485,9324.0564,4435.629999999997,111833.11,3099.44,6224.6164,11400.9764,2076.92,5176.36,1.222748545364869,1.8315950200561755,20.653800000000047,20.243800000000192,7.843799999999646,23.75380000000041,3.5100000000002183,15.909999999999854,0.9801489314315113,0.3797751503355135,1.1500934452740104,0.16994451384249923,0.7703182949384529
United Kingdom,UK,2026-04,2026-04-06,uk__standard_employee_ruk,"Royaume-Uni · salarié standard, hors Écosse","United Kingdom · standard employee, outside Scotland",4.79,9893.1702,365.41,1421.48,183.46,110.08,548.87,1531.56,0.05547968840160053,0.15480983032112394,9344.3002,4311.730000000003,112204.81,3111.83,6232.4702,11424.7302,2080.43,5192.26,1.2226416056282097,1.833098247304897,20.653800000000047,20.243800000000192,7.853799999999865,23.75380000000041,3.5099999999997635,15.900000000000546,0.9801489314315113,0.3802593227396337,1.1500934452740104,0.1699445138424772,0.7698341225343767
United Kingdom,UK,2026-04,2026-04-06,uk__standard_employee_ruk,"Royaume-Uni · salarié standard, hors Écosse","United Kingdom · standard employee, outside Scotland",4.8,9913.824,365.83,1424.57,183.46,110.08,549.29,1534.65,0.05540647080279012,0.15479899582643386,9364.534,4187.830000000002,112576.51,3124.24,6240.294,11448.474,2083.94,5208.18,1.222535365881527,1.8346049080379867,20.653800000000047,20.233799999999974,7.823800000000119,23.743800000000192,3.5100000000002183,15.920000000000073,0.979664759027391,0.3788068055273171,1.1496092728698901,0.16994451384249923,0.7708024673425732
United Kingdom,UK,2026-04,2026-04-06,uk__standard_employee_ruk,"Royaume-Uni · salarié standard, hors Écosse","United Kingdom · standard employee, outside Scotland",4.81,9934.4778,366.24,1427.67,183.46,110.08,549.7,1537.75,0.05533255104762527,0.1547892129770525,9384.7778,4063.8700000000026,112948.39,3138.19,6246.5878,11472.2278,2087.45,5225.64,1.2224293472350514,1.836559121125297,20.653800000000047,20.243800000000192,6.293800000000374,23.75380000000041,3.5099999999997635,17.460000000000036,0.9801489314315113,0.3047284276985523,1.1500934452740104,0.1699445138424772,0.8453650175754581
United Kingdom,UK,2026-04,2026-04-06,uk__standard_employee_ruk,"Royaume-Uni · salarié standard, hors Écosse","United Kingdom · standard employee, outside Scotland",4.82,9955.1316,366.65,1430.77,183.46,110.08,550.11,1540.85,0.055258938013436204,0.15477947072040713,9405.0216,3939.970000000001,113320.09,3152.13,6252.8916,11495.9816,2090.96,5243.09,1.2223237849873732,1.8385064599552632,20.653800000000047,20.243800000000192,6.303799999999683,23.75379999999859,3.5100000000002183,17.449999999999818,0.9801489314315113,0.3052126001026285,1.1500934452739224,0.16994451384249923,0.8448808451713379
United Kingdom,UK,2026-04,2026-04-06,uk__standard_employee_ruk,"Royaume-Uni · salarié standard, hors Écosse","United Kingdom · standard employee, outside Scotland",4.83,9975.7854,367.07,1433.87,183.46,110.08,550.53,1543.95,0.055186632222461396,0.154769768804369,9425.2554,3816.010000000002,113691.97,3166.07,6259.1854,11519.7354,2094.48,5260.55,1.2222199729463035,1.8404528167515217,20.653800000000047,20.233799999999974,6.293800000000374,23.75380000000041,3.519999999999982,17.460000000000036,0.979664759027391,0.3047284276985523,1.1500934452740104,0.17042868624659743,0.8453650175754581
United Kingdom,UK,2026-04,2026-04-06,uk__standard_employee_ruk,"Royaume-Uni · salarié standard, hors Écosse","United Kingdom · standard employee, outside Scotland",4.84,9996.4392,367.48,1436.97,183.46,110.08,550.94,1547.05,0.05511362485953999,0.15476010697889303,9445.4992,3692.1100000000006,114063.67,3180.01,6265.4892,11543.4892,2097.99,5278.0,1.222115311809036,1.8423923226936534,20.653800000000047,20.243800000000192,6.303799999999683,23.75380000000041,3.5099999999997635,17.449999999999818,0.9801489314315113,0.3052126001026285,1.1500934452740104,0.1699445138424772,0.8448808451713379
United Kingdom,UK,2026-04,2026-04-06,uk__standard_employee_ruk,"Royaume-Uni · salarié standard, hors Écosse","United Kingdom · standard employee, outside Scotland",4.85,10017.093,367.89,1440.06,183.46,110.08,551.35,1550.14,0.05504091855790898,0.15474948670237962,9465.743,3568.209999999999,114435.37,3193.95,6271.793,11567.233,2101.49,5295.44,1.2220100418952848,1.8443263353876636,20.653800000000047,20.243800000000192,6.303799999999683,23.743800000000192,3.5,17.4399999999996,0.9801489314315113,0.3052126001026285,1.1496092728698901,0.169460341438379,0.8443966727672176
United Kingdom,UK,2026-04,2026-04-06,uk__standard_employee_ruk,"Royaume-Uni · salarié standard, hors Écosse","United Kingdom · standard employee, outside Scotland",4.86,10037.7468,368.31,1443.16,183.46,110.08,551.77,1553.24,0.05496950769867994,0.15473990637022245,9485.9768,3444.25,114807.25,3207.9,6278.0768,11590.9868,2105.01,5312.91,1.2219075635942942,1.8462639386635091,20.653800000000047,20.233799999999974,6.283800000000156,23.75380000000041,3.5200000000004366,17.470000000000255,0.979664759027391,0.3042442552944321,1.1500934452740104,0.17042868624661944,0.8458491899795784
United Kingdom,UK,2026-04,2026-04-06,uk__standard_employee_ruk,"Royaume-Uni · salarié standard, hors Écosse","United Kingdom · standard employee, outside Scotland",4.87,10058.4006,368.72,1446.26,183.46,110.08,552.18,1556.34,0.054897395914018376,0.15473036538234516,9506.2206,3320.3499999999985,115178.95,3221.84,6284.3806,11614.7406,2108.52,5330.36,1.2218042362703008,1.848191785201552,20.653800000000047,20.243800000000192,6.303800000000592,23.75379999999859,3.5099999999997635,17.449999999999818,0.9801489314315113,0.30521260010267254,1.1500934452739224,0.1699445138424772,0.8448808451713379
United Kingdom,UK,2026-04,2026-04-06,uk__standard_employee_ruk,"Royaume-Uni · salarié standard, hors Écosse","United Kingdom · standard employee, outside Scotland",4.88,10079.0544,369.13,1449.36,183.46,110.08,552.59,1559.44,0.05482557966945788,0.15472086349687722,9526.4644,3196.449999999997,115550.65,3235.77,6290.6944,11638.4944,2112.03,5347.8,1.2217013480888042,1.8501128269718523,20.653800000000047,20.243800000000192,6.313799999999901,23.75380000000041,3.5100000000002183,17.44000000000051,0.9801489314315113,0.3056967725067487,1.1500934452740104,0.16994451384249923,0.8443966727672617
United Kingdom,UK,2026-04,2026-04-06,uk__standard_employee_ruk,"Royaume-Uni · salarié standard, hors Écosse","United Kingdom · standard employee, outside Scotland",4.89,10099.7082,369.54,1452.46,183.46,110.08,553.0,1562.54,0.054754057151869005,0.15471140047392656,9546.7082,3072.489999999998,115922.53,3249.72,6296.9882,11662.2482,2115.54,5365.26,1.2215988962561986,1.8520358986856604,20.653799999998228,20.243799999998373,6.2937999999994645,23.75380000000041,3.5099999999997635,17.460000000000036,0.9801489314315095,0.30472842769853514,1.1500934452741118,0.16994451384249218,0.8453650175755326
United Kingdom,UK,2026-04,2026-04-06,uk__standard_employee_ruk,"Royaume-Uni · salarié standard, hors Écosse","United Kingdom · standard employee, outside Scotland",4.9,10120.362,369.96,1455.55,183.46,110.08,553.42,1565.63,0.0546838146698705,0.15470098796861217,9566.942,2948.5899999999965,116294.23,3263.66,6303.282,11685.992,2119.05,5382.71,1.221497109525698,1.8539535435666685,20.653800000000047,20.233799999999974,6.293800000000374,23.743800000000192,3.5100000000002183,17.449999999999818,0.979664759027391,0.3047284276985523,1.1496092728698901,0.16994451384249923,0.8448808451713379
United Kingdom,UK,2026-04,2026-04-06,uk__standard_employee_ruk,"Royaume-Uni · salarié standard, hors Écosse","United Kingdom · standard employee, outside Scotland",4.91,10141.0158,370.37,1458.65,183.46,110.08,553.83,1568.73,0.05461287221345223,0.1546916039712708,9587.1858,2824.6299999999974,116666.11,3277.6,6309.5858,11709.7458,2122.56,5400.16,1.2213955215095549,1.8558660062915697,20.653800000000047,20.243800000000192,6.303799999999683,23.75380000000041,3.5099999999997635,17.449999999999818,0.9801489314315113,0.3052126001026285,1.1500934452740104,0.1699445138424772,0.8448808451713379
United Kingdom,UK,2026-04,2026-04-06,uk__standard_employee_ruk,"Royaume-Uni · salarié standard, hors Écosse","United Kingdom · standard employee, outside Scotland",4.92,10161.6696,370.78,1461.75,183.46,110.08,554.24,1571.83,0.05454221814100312,0.15468225812026007,9607.4296,2700.730000000003,117037.81,3291.54,6315.8896,11733.4996,2126.07,5417.61,1.2212943616053142,1.857774651412526,20.653800000000047,20.243800000000192,6.303800000000592,23.75379999999859,3.5100000000002183,17.449999999999818,0.9801489314315113,0.30521260010267254,1.1500934452739224,0.16994451384249923,0.8448808451713379
United Kingdom,UK,2026-04,2026-04-06,uk__standard_employee_ruk,"Royaume-Uni · salarié standard, hors Écosse","United Kingdom · standard employee, outside Scotland",4.93,10182.3234,371.2,1464.85,183.46,110.08,554.66,1574.93,0.05447283279177717,0.15467295018345223,9627.6634,2576.8300000000017,117409.51,3305.48,6322.1834,11757.2534,2129.59,5435.07,1.2211948955340504,1.85968243186365,20.653800000000047,20.233799999999974,6.2937999999994645,23.75380000000041,3.519999999999982,17.460000000000036,0.979664759027391,0.3047284276985083,1.1500934452740104,0.17042868624659743,0.8453650175754581
United Kingdom,UK,2026-04,2026-04-06,uk__standard_employee_ruk,"Royaume-Uni · salarié standard, hors Écosse","United Kingdom · standard employee, outside Scotland",4.94,10202.9772,371.61,1467.95,183.46,110.08,555.07,1578.03,0.05440274824881506,0.15466367993059907,9647.9072,2452.8700000000026,117781.39,3319.43,6328.4772,11781.0072,2133.1,5452.53,1.2210945810092368,1.861586417661424,20.653800000000047,20.243800000000192,6.293800000000374,23.75380000000041,3.5099999999997635,17.460000000000036,0.9801489314315113,0.3047284276985523,1.1500934452740104,0.1699445138424772,0.8453650175754581
United Kingdom,UK,2026-04,2026-04-06,uk__standard_employee_ruk,"Royaume-Uni · salarié standard, hors Écosse","United Kingdom · standard employee, outside Scotland",4.95,10223.631,372.02,1471.04,183.46,110.08,555.48,1581.12,0.0543329468757235,0.15465346900724408,9668.151,2328.970000000001,118153.09,3333.37,6334.781,11804.751,2136.6,5469.97,1.2209936522505698,1.8634820998547537,20.653800000000047,20.243800000000192,6.303799999999683,23.743800000000192,3.5,17.44000000000051,0.9801489314315113,0.3052126001026285,1.1496092728698901,0.169460341438379,0.8443966727672617
United Kingdom,UK,2026-04,2026-04-06,uk__standard_employee_ruk,"Royaume-Uni · salarié standard, hors Écosse","United Kingdom · standard employee, outside Scotland",4.96,10244.2848,372.44,1474.14,183.46,110.08,555.9,1584.22,0.05426440311382205,0.1546442754110077,9688.3848,2205.0699999999997,118524.79,3347.31,6341.0748,11828.5048,2140.12,5487.43,1.2208954375965744,1.8653785317277753,20.653800000000047,20.233799999999974,6.293800000000374,23.75380000000041,3.519999999999982,17.460000000000036,0.979664759027391,0.3047284276985523,1.1500934452740104,0.17042868624659743,0.8453650175754581
United Kingdom,UK,2026-04,2026-04-06,uk__standard_employee_ruk,"Royaume-Uni · salarié standard, hors Écosse","United Kingdom · standard employee, outside Scotland",4.97,10264.9386,372.85,1477.24,183.46,110.08,556.31,1587.32,0.05419516099200049,0.15463511881113443,9708.6286,2081.1100000000006,118896.67,3361.25,6347.3786,11852.2586,2143.63,5504.88,1.2207963748865622,1.867268260947913,20.653800000000047,20.243800000000192,6.303799999999683,23.75379999999859,3.5100000000002183,17.449999999999818,0.9801489314315113,0.3052126001026285,1.1500934452739224,0.16994451384249923,0.8448808451713379
United Kingdom,UK,2026-04,2026-04-06,uk__standard_employee_ruk,"Royaume-Uni · salarié standard, hors Écosse","United Kingdom · standard employee, outside Scotland",4.98,10285.5924,373.26,1480.34,183.46,110.08,556.72,1590.42,0.05412619695098942,0.1546259989847546,9728.8724,1957.2099999999991,119268.37,3375.19,6353.6824,11876.0124,2147.14,5522.33,1.2206977244351565,1.869154240381924,20.653800000000047,20.243800000000192,6.303799999999683,23.75380000000041,3.5099999999997635,17.449999999999818,0.9801489314315113,0.3052126001026285,1.1500934452740104,0.1699445138424772,0.8448808451713379
United Kingdom,UK,2026-04,2026-04-06,uk__standard_employee_ruk,"Royaume-Uni · salarié standard, hors Écosse","United Kingdom · standard employee, outside Scotland",4.99,10306.2462,373.68,1483.44,183.46,110.08,557.14,1593.52,0.05405847960433935,0.15461691571078515,9749.1062,1833.25,119640.25,3389.13,6359.9762,11899.7662,2150.66,5539.79,1.2206007356859032,1.8710394230720546,20.653800000000047,20.233799999999974,6.293800000000374,23.75380000000041,3.519999999999982,17.460000000000036,0.979664759027391,0.3047284276985523,1.1500934452740104,0.17042868624659743,0.8453650175754581
United Kingdom,UK,2026-04,2026-04-06,uk__standard_employee_ruk,"Royaume-Uni · salarié standard, hors Écosse","United Kingdom · standard employee, outside Scotland",5.0,10326.9,374.09,1486.54,183.46,110.08,557.55,1596.62,0.05399006478226766,0.15460786876991156,9769.35,1709.3499999999985,120011.95,3403.07,6366.28,11923.52,2154.17,5557.24,1.2205028993740625,1.8729179363772872,20.653800000000047,20.243800000000192,6.303799999999683,23.75380000000041,3.5100000000002183,17.449999999999818,0.9801489314315113,0.3052126001026285,1.1500934452740104,0.16994451384249923,0.8448808451713379
United Kingdom,UK,2026-04,2026-04-06,uk__standard_employee_ruk,"Royaume-Uni · salarié standard, hors Écosse","United Kingdom · standard employee, outside Scotland",5.01,10347.5538,374.5,1489.63,183.46,110.08,557.96,1599.71,0.05392192307325815,0.15459789153258618,9789.5938,1585.449999999997,120383.65,3417.01,6372.5838,11947.2638,2157.67,5574.68,1.220404446198779,1.8747911639859491,20.653800000000047,20.243800000000192,6.303800000000592,23.743800000000192,3.5,17.44000000000051,0.9801489314315113,0.30521260010267254,1.1496092728698901,0.169460341438379,0.8443966727672617
United Kingdom,UK,2026-04,2026-04-06,uk__standard_employee_ruk,"Royaume-Uni · salarié standard, hors Écosse","United Kingdom · standard employee, outside Scotland",5.02,10368.2076,374.91,1492.73,183.46,110.08,558.37,1602.81,0.05385405284516101,0.15458891853207105,9809.8376,1461.489999999998,120755.53,3430.96,6378.8776,11971.0176,2161.18,5592.14,1.220307418748706,1.8766651989058392,20.653800000000047,20.243800000000192,6.2937999999994645,23.75379999999859,3.5099999999997635,17.460000000000036,0.9801489314315113,0.3047284276985083,1.1500934452739224,0.1699445138424772,0.8453650175754581
United Kingdom,UK,2026-04,2026-04-06,uk__standard_employee_ruk,"Royaume-Uni · salarié standard, hors Écosse","United Kingdom · standard employee, outside Scotland",5.03,10388.8614,375.33,1495.83,183.46,110.08,558.79,1605.91,0.053787415048197666,0.15457998120949035,9830.0714,1337.5899999999965,121127.23,3444.9,6385.1714,11994.7714,2164.7,5609.6,1.220212032234069,1.878535539390532,20.653800000000047,20.233799999999974,6.293800000000374,23.75380000000041,3.519999999999982,17.460000000000036,0.979664759027391,0.3047284276985523,1.1500934452740104,0.17042868624659743,0.8453650175754581
United Kingdom,UK,2026-04,2026-04-06,uk__standard_employee_ruk,"Royaume-Uni · salarié standard, hors Écosse","United Kingdom · standard employee, outside Scotland",5.04,10409.5152,375.74,1498.93,183.46,110.08,559.2,1609.01,0.05372008102740462,0.15457107935247552,9850.3152,1213.6299999999974,121499.11,3458.84,6391.4752,12018.5252,2168.21,5627.05,1.220115798934028,1.880399254306737,20.653800000000047,20.243799999998373,6.303799999999683,23.75380000000041,3.5100000000002183,17.449999999999818,0.9801489314314231,0.3052126001026285,1.1500934452740104,0.16994451384249923,0.8448808451713379
United Kingdom,UK,2026-04,2026-04-06,uk__standard_employee_ruk,"Royaume-Uni · salarié standard, hors Écosse","United Kingdom · standard employee, outside Scotland",5.05,10430.169,376.15,1502.03,183.46,110.08,559.61,1612.11,0.05365301367600084,0.1545622127503399,9870.559,1089.7300000000032,121870.81,3472.78,6397.779,12042.279,2171.72,5644.5,1.2200199603690127,1.882259296546505,20.653800000000047,20.243800000000192,6.303800000000592,23.75380000000041,3.5099999999997635,17.449999999999818,0.9801489314315113,0.30521260010267254,1.1500934452740104,0.1699445138424772,0.8448808451713379
United Kingdom,UK,2026-04,2026-04-06,uk__standard_employee_ruk,"Royaume-Uni · salarié standard, hors Écosse","United Kingdom · standard employee, outside Scotland",5.06,10450.8228,376.57,1505.12,183.46,110.08,560.03,1615.2,0.05358716827540124,0.1545524243316038,9890.7928,965.8300000000017,122242.51,3486.72,6404.0728,12066.0228,2175.23,5661.95,1.2199247364680412,1.8841170575075286,20.653800000000047,20.233799999999974,6.2937999999994645,23.743800000000192,3.5100000000002183,17.449999999999818,0.979664759027391,0.3047284276985083,1.1496092728698901,0.16994451384249923,0.8448808451713379
United Kingdom,UK,2026-04,2026-04-06,uk__standard_employee_ruk,"Royaume-Uni · salarié standard, hors Écosse","United Kingdom · standard employee, outside Scotland",5.07,10471.4766,376.98,1508.22,183.46,110.08,560.44,1618.3,0.053520627644815626,0.15454362950111541,9911.0366,841.8700000000026,122614.39,3500.67,6410.3666,12089.7766,2178.74,5679.41,1.2198296795715595,1.885972730483152,20.653800000000047,20.243800000000192,6.293800000000374,23.75379999999859,3.5099999999997635,17.460000000000036,0.9801489314315113,0.3047284276985523,1.1500934452739224,0.1699445138424772,0.8453650175754581
United Kingdom,UK,2026-04,2026-04-06,uk__standard_employee_ruk,"Royaume-Uni · salarié standard, hors Écosse","United Kingdom · standard employee, outside Scotland",5.08,10492.1304,377.39,1511.32,183.46,110.08,560.85,1621.4,0.05345434898521658,0.15453486929594393,9931.2804,717.9700000000012,122986.09,3514.6,6416.6804,12113.5304,2182.25,5696.85,1.2197350102006987,1.887818879057776,20.653800000000047,20.243800000000192,6.313799999999901,23.75380000000041,3.5100000000002183,17.44000000000051,0.9801489314315113,0.3056967725067487,1.1500934452740104,0.16994451384249923,0.8443966727672617
United Kingdom,UK,2026-04,2026-04-06,uk__standard_employee_ruk,"Royaume-Uni · salarié standard, hors Écosse","United Kingdom · standard employee, outside Scotland",5.09,10512.7842,377.81,1514.42,183.46,110.08,561.27,1624.5,0.053389281975368616,0.15452614351201083,9951.5142,594.0699999999997,123357.79,3528.54,6422.9742,12137.2842,2185.77,5714.31,1.2196419515735606,1.8896672821759117,20.653800000000047,20.233799999999974,6.2937999999994645,23.75380000000041,3.519999999999982,17.460000000000036,0.979664759027391,0.3047284276985083,1.1500934452740104,0.17042868624659743,0.8453650175754581
United Kingdom,UK,2026-04,2026-04-06,uk__standard_employee_ruk,"Royaume-Uni · salarié standard, hors Écosse","United Kingdom · standard employee, outside Scotland",5.1,10533.438,378.22,1517.52,183.46,110.08,561.68,1627.6,0.05332352077261005,0.15451745194683825,9971.758,470.1100000000006,123729.67,3542.49,6429.268,12161.038,2189.28,5731.77,1.2195480475960208,1.8915120663814295,20.653800000000047,20.243800000000192,6.293800000000374,23.75380000000041,3.5100000000002183,17.460000000000036,0.9801489314315113,0.3047284276985523,1.1500934452740104,0.16994451384249923,0.8453650175754581
United Kingdom,UK,2026-04,2026-04-06,uk__standard_employee_ruk,"Royaume-Uni · salarié standard, hors Écosse","United Kingdom · standard employee, outside Scotland",5.11,10554.0918,378.63,1520.61,183.46,110.08,562.09,1630.69,0.053258016952249736,0.15450784689972089,9992.0018,346.2099999999991,124101.37,3556.43,6435.5718,12184.7818,2192.78,5749.21,1.2194535233170194,1.893348746415975,20.653800000000047,20.243800000000192,6.303799999999683,23.743800000000192,3.5,17.4399999999996,0.9801489314315113,0.3052126001026285,1.1496092728698901,0.169460341438379,0.8443966727672176
United Kingdom,UK,2026-04,2026-04-06,uk__standard_employee_ruk,"Royaume-Uni · salarié standard, hors Écosse","United Kingdom · standard employee, outside Scotland",5.12,10574.7456,379.05,1523.71,183.46,110.08,562.51,1633.79,0.0531937146554145,0.15449922502154567,10012.2356,222.25,124473.25,3570.37,6441.8656,12208.5356,2196.3,5766.67,1.219361597923245,1.895186326147506,20.653800000000047,20.233799999999974,6.293800000000374,23.75379999999859,3.519999999999982,17.460000000000036,0.979664759027391,0.3047284276985523,1.1500934452739224,0.17042868624659743,0.8453650175754581
United Kingdom,UK,2026-04,2026-04-06,uk__standard_employee_ruk,"Royaume-Uni · salarié standard, hors Écosse","United Kingdom · standard employee, outside Scotland",5.13,10595.3994,379.46,1526.81,183.46,110.08,562.92,1636.89,0.05312871924393902,0.15449063675693053,10032.4794,98.34999999999854,124844.95,3584.31,6448.1694,12232.2894,2199.81,5784.12,1.2192688280027766,1.8970173767457161,20.653800000000047,20.243800000000192,6.303799999999683,23.75380000000041,3.5099999999997635,17.449999999999818,0.9801489314315113,0.3052126001026285,1.1500934452740104,0.1699445138424772,0.8448808451713379
United Kingdom,UK,2026-04,2026-04-06,uk__standard_employee_ruk,"Royaume-Uni · salarié standard, hors Écosse","United Kingdom · standard employee, outside Scotland",5.14,10616.0532,379.87,1529.91,183.46,110.08,563.33,1639.99,0.05306397673289731,0.15448208190968749,10052.7232,0.0,125191.1,3597.29,6455.4332,12256.0432,2203.32,5800.61,1.2191764317155376,1.8985624698277412,20.653800000000047,20.243800000000192,7.263800000000629,23.75380000000041,3.5100000000002183,16.48999999999978,0.9801489314315113,0.3516931508972011,1.1500934452740104,0.16994451384249923,0.7984002943768094
United Kingdom,UK,2026-04,2026-04-06,uk__standard_employee_ruk,"Royaume-Uni · salarié standard, hors Écosse","United Kingdom · standard employee, outside Scotland",5.15,10636.707,380.28,1533.01,183.46,110.08,563.74,1643.09,0.052999485649082925,0.15447356028515213,10072.967,0.0,125439.02,3606.59,6466.377,12279.797,2206.83,5813.42,1.2190844068088378,1.8990227448848092,20.653800000000047,20.243800000000192,10.94380000000001,23.75380000000041,3.5099999999997635,12.8100000000004,0.9801489314315113,0.5298685956095239,1.1500934452740104,0.1699445138424772,0.6202248496644865
United Kingdom,UK,2026-04,2026-04-06,uk__standard_employee_ruk,"Royaume-Uni · salarié standard, hors Écosse","United Kingdom · standard employee, outside Scotland",5.16,10657.3608,380.7,1536.1,183.46,110.08,564.16,1646.18,0.05293618284932231,0.15446413337155665,10093.2008,0.0,125686.82,3615.88,6477.3208,12303.5408,2210.34,5826.22,1.2189929680186289,1.8994799207721809,20.653800000000047,20.233799999999974,10.94380000000001,23.743800000000192,3.5100000000002183,12.800000000000182,0.979664759027391,0.5298685956095239,1.1496092728698901,0.16994451384249923,0.6197406772603663
United Kingdom,UK,2026-04,2026-04-06,uk__standard_employee_ruk,"Royaume-Uni · salarié standard, hors Écosse","United Kingdom · standard employee, outside Scotland",5.17,10678.0146,381.11,1539.2,183.46,110.08,564.57,1649.28,0.052872188430984166,0.15445567942939503,10113.4446,0.0,125934.62,3625.17,6488.2746,12327.2946,2213.85,5839.02,1.2189016786624807,1.8999341673979089,20.653800000000047,20.243800000000192,10.953799999999319,23.75379999999859,3.5099999999997635,12.800000000000182,0.9801489314315113,0.5303527680136001,1.1500934452739224,0.1699445138424772,0.6197406772603663
United Kingdom,UK,2026-04,2026-04-06,uk__standard_employee_ruk,"Royaume-Uni · salarié standard, hors Écosse","United Kingdom · standard employee, outside Scotland",5.18,10698.6684,381.52,1542.3,183.46,110.08,564.98,1652.38,0.052808441095342294,0.15444725812793672,10133.6884,0.0,126182.54,3634.47,6499.2184,12351.0484,2217.36,5851.83,1.2188107540389734,1.9003898068727767,20.653800000000047,20.243799999998373,10.94380000000001,23.75380000000041,3.5100000000002183,12.80999999999949,0.9801489314314231,0.5298685956095239,1.1500934452740104,0.16994451384249923,0.6202248496644425
United Kingdom,UK,2026-04,2026-04-06,uk__standard_employee_ruk,"Royaume-Uni · salarié standard, hors Écosse","United Kingdom · standard employee, outside Scotland",5.19,10719.3222,381.94,1545.4,183.46,110.08,565.4,1655.48,0.052745872308978634,0.15443886927850717,10153.9222,0.0,126430.34,3643.76,6510.1622,12374.8022,2220.88,5864.64,1.218721392212361,1.9008439144573077,20.653800000000047,20.233800000001793,10.94380000000001,23.75380000000041,3.519999999999982,12.8100000000004,0.9796647590274791,0.5298685956095239,1.1500934452740104,0.17042868624659743,0.6202248496644865
United Kingdom,UK,2026-04,2026-04-06,uk__standard_employee_ruk,"Royaume-Uni · salarié standard, hors Écosse","United Kingdom · standard employee, outside Scotland",5.2,10739.976,382.35,1548.5,183.46,110.08,565.81,1658.58,0.052682613071016175,0.1544305126938831,10174.166,0.0,126678.26,3653.06,6521.106,12398.556,2224.39,5877.45,1.2186311880502048,1.9012964978640123,20.653800000000047,20.243799999998373,10.94380000000001,23.75380000000041,3.5099999999997635,12.80999999999949,0.9801489314314231,0.5298685956095239,1.1500934452740104,0.1699445138424772,0.6202248496644425
United Kingdom,UK,2026-04,2026-04-06,uk__standard_employee_ruk,"Royaume-Uni · salarié standard, hors Écosse","United Kingdom · standard employee, outside Scotland",5.21,10760.6298,382.76,1551.59,183.46,110.08,566.22,1661.67,0.0526195966708194,0.15442125887464317,10194.4098,0.0,126926.06,3662.35,6532.0598,12422.2998,2227.89,5890.24,1.2185403612085517,1.9017431224374277,20.653800000000047,20.243800000000192,10.953800000000228,23.743800000000192,3.5,12.789999999999964,0.9801489314315113,0.5303527680136442,1.1496092728698901,0.169460341438379,0.6192565048562461
United Kingdom,UK,2026-04,2026-04-06,uk__standard_employee_ruk,"Royaume-Uni · salarié standard, hors Écosse","United Kingdom · standard employee, outside Scotland",5.22,10781.2836,383.18,1554.69,183.46,110.08,566.64,1664.77,0.05255774924611017,0.1544129680439906,10214.6436,0.0,127173.86,3671.65,6542.9936,12446.0536,2231.41,5903.06,1.2184520662081642,1.9021955943835858,20.653800000000047,20.233799999999974,10.933799999999792,23.75379999999859,3.519999999999982,12.820000000000618,0.979664759027391,0.5293844232054037,1.1500934452739224,0.17042868624659743,0.6207090220686067
United Kingdom,UK,2026-04,2026-04-06,uk__standard_employee_ruk,"Royaume-Uni · salarié standard, hors Écosse","United Kingdom · standard employee, outside Scotland",5.23,10801.9374,383.59,1557.79,183.46,110.08,567.05,1667.87,0.052495212571774384,0.15440470891823532,10234.8874,0.0,127421.78,3680.94,6553.9474,12469.8074,2234.92,5915.86,1.2183629299136207,1.9026407505192977,20.653800000000047,20.243800000000192,10.953800000000228,23.75380000000041,3.5100000000002183,12.799999999999272,0.9801489314315113,0.5303527680136442,1.1500934452740104,0.16994451384249923,0.6197406772603222
United Kingdom,UK,2026-04,2026-04-06,uk__standard_employee_ruk,"Royaume-Uni · salarié standard, hors Écosse","United Kingdom · standard employee, outside Scotland",5.24,10822.5912,384.0,1560.89,183.46,110.08,567.46,1670.97,0.05243291458703531,0.15439648131586084,10255.1312,0.0,127669.58,3690.23,6564.9012,12493.5612,2238.43,5928.66,1.218274145532141,1.9030844211334055,20.653800000000047,20.243800000000192,10.953800000000228,23.75380000000041,3.5099999999997635,12.800000000000182,0.9801489314315113,0.5303527680136442,1.1500934452740104,0.1699445138424772,0.6197406772603663
United Kingdom,UK,2026-04,2026-04-06,uk__standard_employee_ruk,"Royaume-Uni · salarié standard, hors Écosse","United Kingdom · standard employee, outside Scotland",5.25,10843.245,384.42,1563.99,183.46,110.08,567.88,1674.07,0.05237177616110306,0.15438828505673347,10275.365,0.0,127917.5,3699.53,6575.835,12517.315,2241.95,5941.48,1.2181868965238702,1.9035324031092626,20.653800000000047,20.233799999999974,10.933799999999792,23.75380000000041,3.519999999999982,12.819999999999709,0.979664759027391,0.5293844232054037,1.1500934452740104,0.17042868624659743,0.6207090220685627
United Kingdom,UK,2026-04,2026-04-06,uk__standard_employee_ruk,"Royaume-Uni · salarié standard, hors Écosse","United Kingdom · standard employee, outside Scotland",5.26,10863.8988,384.83,1567.09,183.46,110.08,568.29,1677.17,0.05230994972081293,0.15438011996208945,10295.6088,0.0,128165.3,3708.82,6586.7888,12541.0688,2245.46,5954.28,1.2180988073284214,1.9039731166118454,20.653800000000047,20.243800000000192,10.953800000000228,23.75379999999859,3.5100000000002183,12.800000000000182,0.9801489314315113,0.5303527680136442,1.1500934452739224,0.16994451384249923,0.6197406772603663
United Kingdom,UK,2026-04,2026-04-06,uk__standard_employee_ruk,"Royaume-Uni · salarié standard, hors Écosse","United Kingdom · standard employee, outside Scotland",5.27,10884.5526,385.24,1570.18,183.46,110.08,568.7,1680.26,0.05224835791596984,0.15437106712130733,10315.8526,0.0,128413.1,3718.12,6597.7326,12564.8126,2248.96,5967.08,1.218010094483126,1.9044137375315882,20.653800000000047,20.243800000000192,10.94380000000001,23.743800000000192,3.5,12.800000000000182,0.9801489314315113,0.5298685956095239,1.1496092728698901,0.169460341438379,0.6197406772603663
United Kingdom,UK,2026-04,2026-04-06,uk__standard_employee_ruk,"Royaume-Uni · salarié standard, hors Écosse","United Kingdom · standard employee, outside Scotland",5.28,10905.2064,385.65,1573.28,183.46,110.08,569.11,1683.36,0.05218699941341779,0.15436296556477827,10336.0964,0.0,128661.02,3727.41,6608.6864,12588.5664,2252.47,5979.88,1.2179226966188126,1.9048515299500368,20.653799999998228,20.243800000000192,10.953799999999319,23.75380000000041,3.5099999999997635,12.800000000000182,0.9801489314315975,0.5303527680136468,1.1500934452741118,0.16994451384249218,0.6197406772604208
United Kingdom,UK,2026-04,2026-04-06,uk__standard_employee_ruk,"Royaume-Uni · salarié standard, hors Écosse","United Kingdom · standard employee, outside Scotland",5.29,10925.8602,386.07,1576.38,183.46,110.08,569.53,1686.46,0.05212678814982457,0.15435489463795263,10356.3302,0.0,128908.82,3736.71,6619.6202,12612.3202,2255.99,5992.7,1.2178368163657047,1.9052936299880168,20.653800000000047,20.233799999999974,10.933800000000701,23.75380000000041,3.519999999999982,12.819999999999709,0.979664759027391,0.5293844232054478,1.1500934452740104,0.17042868624659743,0.6207090220685627
United Kingdom,UK,2026-04,2026-04-06,uk__standard_employee_ruk,"Royaume-Uni · salarié standard, hors Écosse","United Kingdom · standard employee, outside Scotland",5.3,10946.514,386.48,1579.48,183.46,110.08,569.94,1689.56,0.052065890565708865,0.15434685416745456,10376.574,0.0,129156.62,3746.0,6630.574,12636.074,2259.5,6005.5,1.2177500974791873,1.9057285236542114,20.653800000000047,20.243800000000192,10.953799999999319,23.75380000000041,3.5100000000002183,12.800000000000182,0.9801489314315113,0.5303527680136001,1.1500934452740104,0.16994451384249923,0.6197406772603663
United Kingdom,UK,2026-04,2026-04-06,uk__standard_employee_ruk,"Royaume-Uni · salarié standard, hors Écosse","United Kingdom · standard employee, outside Scotland",5.31,10967.1678,386.89,1582.58,183.46,110.08,570.35,1692.66,0.05200522235102485,0.15433884398121456,10396.8178,0.0,129404.54,3755.3,6641.5178,12659.8278,2263.01,6018.31,1.2176637162959614,1.9061648528593873,20.653800000000047,20.243800000000192,10.94380000000001,23.75379999999859,3.5100000000002183,12.8100000000004,0.9801489314315113,0.5298685956095239,1.1500934452739224,0.16994451384249923,0.6202248496644865
United Kingdom,UK,2026-04,2026-04-06,uk__standard_employee_ruk,"Royaume-Uni · salarié standard, hors Écosse","United Kingdom · standard employee, outside Scotland",5.32,10987.8216,387.31,1585.67,183.46,110.08,570.77,1695.75,0.05194569231083984,0.15432995380995262,10417.0516,0.0,129652.34,3764.59,6652.4616,12683.5716,2266.52,6031.11,1.2175778797140642,1.9065982432728361,20.653800000000047,20.233799999999974,10.94380000000001,23.743800000000192,3.5099999999997635,12.799999999999272,0.979664759027391,0.5298685956095239,1.1496092728698901,0.1699445138424772,0.6197406772603222
United Kingdom,UK,2026-04,2026-04-06,uk__standard_employee_ruk,"Royaume-Uni · salarié standard, hors Écosse","United Kingdom · standard employee, outside Scotland",5.33,11008.4754,387.72,1588.77,183.46,110.08,571.18,1698.85,0.05188547725691425,0.1543220053886844,10437.2954,0.0,129900.26,3773.89,6663.4054,12707.3254,2270.03,6043.92,1.2174921675590402,1.907031710842627,20.653800000000047,20.243800000000192,10.94380000000001,23.75380000000041,3.5100000000002183,12.8100000000004,0.9801489314315113,0.5298685956095239,1.1500934452740104,0.16994451384249923,0.6202248496644865
United Kingdom,UK,2026-04,2026-04-06,uk__standard_employee_ruk,"Royaume-Uni · salarié standard, hors Écosse","United Kingdom · standard employee, outside Scotland",5.34,11029.1292,388.13,1591.87,183.46,110.08,571.59,1701.95,0.051825487727535195,0.15431408673678426,10457.5392,0.0,130148.06,3783.18,6674.3592,12731.0792,2273.54,6056.72,1.2174067872487633,1.9074608990178417,20.653800000000047,20.243799999998373,10.953800000000228,23.75380000000041,3.5099999999997635,12.800000000000182,0.9801489314314231,0.5303527680136442,1.1500934452740104,0.1699445138424772,0.6197406772603663
United Kingdom,UK,2026-04,2026-04-06,uk__standard_employee_ruk,"Royaume-Uni · salarié standard, hors Écosse","United Kingdom · standard employee, outside Scotland",5.35,11049.783,388.55,1594.97,183.46,110.08,572.01,1705.05,0.05176662745322691,0.1543061976873211,10477.773,0.0,130395.86,3792.47,6685.303,12754.833,2277.06,6069.53,1.2173228986732199,1.9078915346095755,20.653800000000047,20.233799999999974,10.94380000000001,23.75380000000041,3.519999999999982,12.80999999999949,0.979664759027391,0.5298685956095239,1.1500934452740104,0.17042868624659743,0.6202248496644425
United Kingdom,UK,2026-04,2026-04-06,uk__standard_employee_ruk,"Royaume-Uni · salarié standard, hors Écosse","United Kingdom · standard employee, outside Scotland",5.36,11070.4368,388.96,1598.07,183.46,110.08,572.42,1708.15,0.051707083500083746,0.15429833807460963,10498.0168,0.0,130643.78,3801.77,6696.2468,12778.5868,2280.57,6082.34,1.2172381739758693,1.9083207626098846,20.653800000000047,20.243800000000192,10.94380000000001,23.75379999999859,3.5100000000002183,12.8100000000004,0.9801489314315113,0.5298685956095239,1.1500934452739224,0.16994451384249923,0.6202248496644865
United Kingdom,UK,2026-04,2026-04-06,uk__standard_employee_ruk,"Royaume-Uni · salarié standard, hors Écosse","United Kingdom · standard employee, outside Scotland",5.37,11091.0906,389.37,1601.16,183.46,110.08,572.83,1711.24,0.05164776131212921,0.15428960610961015,10518.2606,0.0,130891.58,3811.06,6707.2006,12802.3306,2284.07,6095.13,1.2171528246790158,1.9087442531538414,20.653800000000047,20.243800000000192,10.953800000000228,23.743800000000192,3.5,12.789999999999964,0.9801489314315113,0.5303527680136442,1.1496092728698901,0.169460341438379,0.6192565048562461
United Kingdom,UK,2026-04,2026-04-06,uk__standard_employee_ruk,"Royaume-Uni · salarié standard, hors Écosse","United Kingdom · standard employee, outside Scotland",5.38,11111.7444,389.79,1604.26,183.46,110.08,573.25,1714.34,0.05158955960146096,0.15428180655415363,10538.4944,0.0,131139.38,3820.35,6718.1444,12826.0844,2287.59,6107.94,1.2170699070637643,1.9091706930264853,20.653800000000047,20.233799999999974,10.94380000000001,23.75380000000041,3.519999999999982,12.80999999999949,0.979664759027391,0.5298685956095239,1.1500934452740104,0.17042868624659743,0.6202248496644425
United Kingdom,UK,2026-04,2026-04-06,uk__standard_employee_ruk,"Royaume-Uni · salarié standard, hors Écosse","United Kingdom · standard employee, outside Scotland",5.39,11132.3982,390.2,1607.36,183.46,110.08,573.66,1717.44,0.05153067557357048,0.15427403593953368,10558.7382,0.0,131387.3,3829.65,6729.0882,12849.8382,2291.1,6120.75,1.2169861546524565,1.9095957458248207,20.653800000000047,20.243800000000192,10.94380000000001,23.75380000000041,3.5099999999997635,12.8100000000004,0.9801489314315113,0.5298685956095239,1.1500934452740104,0.1699445138424772,0.6202248496644865
United Kingdom,UK,2026-04,2026-04-06,uk__standard_employee_ruk,"Royaume-Uni · salarié standard, hors Écosse","United Kingdom · standard employee, outside Scotland",5.4,11153.052,390.61,1610.46,183.46,110.08,574.07,1720.54,0.051472009634672196,0.15426629410496784,10578.982,0.0,131635.1,3838.94,6740.042,12873.592,2294.61,6133.55,1.216902722776161,1.9100165844663872,20.653800000000047,20.243800000000192,10.953800000000228,23.75380000000041,3.5100000000002183,12.800000000000182,0.9801489314315113,0.5303527680136442,1.1500934452740104,0.16994451384249923,0.6197406772603663
United Kingdom,UK,2026-04,2026-04-06,uk__standard_employee_ruk,"Royaume-Uni · salarié standard, hors Écosse","United Kingdom · standard employee, outside Scotland",5.41,11173.7058,391.02,1613.56,183.46,110.08,574.48,1723.64,0.05141356057540015,0.1542585808908625,10599.2258,0.0,131883.02,3848.24,6750.9858,12897.3458,2298.12,6146.36,1.2168196095982782,1.9104388873103535,20.653800000000047,20.243800000000192,10.94380000000001,23.75379999999859,3.5099999999997635,12.80999999999949,0.9801489314315113,0.5298685956095239,1.1500934452739224,0.1699445138424772,0.6202248496644425
United Kingdom,UK,2026-04,2026-04-06,uk__standard_employee_ruk,"Royaume-Uni · salarié standard, hors Écosse","United Kingdom · standard employee, outside Scotland",5.42,11194.3596,391.44,1616.65,183.46,110.08,574.9,1726.73,0.05135622050233226,0.15425000283178325,10619.4596,0.0,132130.82,3857.53,6761.9296,12921.0896,2301.63,6159.16,1.2167370173902257,1.9108583443400535,20.653800000000047,20.233799999999974,10.94380000000001,23.743800000000192,3.5100000000002183,12.800000000000182,0.979664759027391,0.5298685956095239,1.1496092728698901,0.16994451384249923,0.6197406772603663
United Kingdom,UK,2026-04,2026-04-06,uk__standard_employee_ruk,"Royaume-Uni · salarié standard, hors Écosse","United Kingdom · standard employee, outside Scotland",5.43,11215.0134,391.85,1619.75,183.46,110.08,575.31,1729.83,0.0512981999647009,0.15424234802965103,10639.7034,0.0,132378.62,3866.82,6772.8834,12944.8434,2305.14,6171.96,1.2166545356894065,1.9112751003509079,20.653800000000047,20.243800000000192,10.953799999999319,23.75380000000041,3.5099999999997635,12.800000000000182,0.9801489314315113,0.5303527680136001,1.1500934452740104,0.1699445138424772,0.6197406772603663
United Kingdom,UK,2026-04,2026-04-06,uk__standard_employee_ruk,"Royaume-Uni · salarié standard, hors Écosse","United Kingdom · standard employee, outside Scotland",5.44,11235.6672,392.26,1622.85,183.46,110.08,575.72,1732.93,0.05124039273786962,0.1542347213701737,10659.9472,0.0,132626.54,3876.12,6783.8272,12968.5972,2308.65,6184.77,1.216572367262757,1.9116933285093107,20.653800000000047,20.243800000000192,10.94380000000001,23.75380000000041,3.5100000000002183,12.8100000000004,0.9801489314315113,0.5298685956095239,1.1500934452740104,0.16994451384249923,0.6202248496644865
United Kingdom,UK,2026-04,2026-04-06,uk__standard_employee_ruk,"Royaume-Uni · salarié standard, hors Écosse","United Kingdom · standard employee, outside Scotland",5.45,11256.321,392.68,1625.95,183.46,110.08,576.14,1736.03,0.051183686037382894,0.15422712269843758,10680.181,0.0,132874.34,3885.41,6794.771,12992.351,2312.17,6197.58,1.216491649345643,1.9121102094537104,20.653800000000047,20.233799999999974,10.94380000000001,23.75380000000041,3.519999999999982,12.80999999999949,0.979664759027391,0.5298685956095239,1.1500934452740104,0.17042868624659743,0.6202248496644425
United Kingdom,UK,2026-04,2026-04-06,uk__standard_employee_ruk,"Royaume-Uni · salarié standard, hors Écosse","United Kingdom · standard employee, outside Scotland",5.46,11276.9748,393.09,1629.05,183.46,110.08,576.55,1739.13,0.05112630029110289,0.1542195518606639,10700.4248,0.0,133122.14,3894.71,6805.7148,13016.1048,2315.68,6210.39,1.2164100999055663,1.9125257496831924,20.653800000000047,20.243800000000192,10.94380000000001,23.75379999999859,3.5099999999997635,12.8100000000004,0.9801489314315113,0.5298685956095239,1.1500934452739224,0.1699445138424772,0.6202248496644865
United Kingdom,UK,2026-04,2026-04-06,uk__standard_employee_ruk,"Royaume-Uni · salarié standard, hors Écosse","United Kingdom · standard employee, outside Scotland",5.47,11297.6286,393.5,1632.14,183.46,110.08,576.96,1742.22,0.05106912436473616,0.15421112356269173,10720.6686,0.0,133370.06,3904.0,6816.6686,13039.8486,2319.18,6223.18,1.2163279256668749,1.9129356823947694,20.653800000000047,20.243800000000192,10.953800000000228,23.743800000000192,3.5,12.789999999999964,0.9801489314315113,0.5303527680136442,1.1496092728698901,0.169460341438379,0.6192565048562461
United Kingdom,UK,2026-04,2026-04-06,uk__standard_employee_ruk,"Royaume-Uni · salarié standard, hors Écosse","United Kingdom · standard employee, outside Scotland",5.48,11318.2824,393.92,1635.24,183.46,110.08,577.38,1745.32,0.05101304063591839,0.15420360955121598,10740.9024,0.0,133617.86,3913.3,6827.6024,13063.6024,2322.7,6236.0,1.2162481245523653,1.9133513691424089,20.653800000000047,20.233799999999974,10.933799999999792,23.75380000000041,3.519999999999982,12.819999999999709,0.979664759027391,0.5293844232054037,1.1500934452740104,0.17042868624659743,0.6207090220685627
United Kingdom,UK,2026-04,2026-04-06,uk__standard_employee_ruk,"Royaume-Uni · salarié standard, hors Écosse","United Kingdom · standard employee, outside Scotland",5.49,11338.9362,394.33,1638.34,183.46,110.08,577.79,1748.42,0.05095627930246224,0.15419612291318824,10761.1462,0.0,133865.78,3922.59,6838.5562,13087.3562,2326.21,6248.8,1.216167493384673,1.913760129660117,20.653800000000047,20.243799999998373,10.953800000000228,23.75380000000041,3.5100000000002183,12.800000000000182,0.9801489314314231,0.5303527680136442,1.1500934452740104,0.16994451384249923,0.6197406772603663
United Kingdom,UK,2026-04,2026-04-06,uk__standard_employee_ruk,"Royaume-Uni · salarié standard, hors Écosse","United Kingdom · standard employee, outside Scotland",5.5,11359.59,394.74,1641.44,183.46,110.08,578.2,1751.52,0.050899724373855045,0.15418866349929883,10781.39,0.0,134113.58,3931.88,6849.51,13111.11,2329.72,6261.6,1.2160871650130458,1.914167582790594,20.653800000000047,20.243800000000192,10.953800000000228,23.75380000000041,3.5099999999997635,12.800000000000182,0.9801489314315113,0.5303527680136442,1.1500934452740104,0.1699445138424772,0.6197406772603663
United Kingdom,UK,2026-04,2026-04-06,uk__standard_employee_ruk,"Royaume-Uni · salarié standard, hors Écosse","United Kingdom · standard employee, outside Scotland",5.51,11380.2438,395.16,1644.54,183.46,110.08,578.62,1754.62,0.05084425344209234,0.15418123116132185,10801.6238,0.0,134361.38,3941.18,6860.4438,13134.8638,2333.24,6274.42,1.2160082634983085,1.9145793162827165,20.653800000000047,20.233799999999974,10.933799999999792,23.75379999999859,3.519999999999982,12.819999999999709,0.979664759027391,0.5293844232054037,1.1500934452739224,0.17042868624659743,0.6207090220685627
United Kingdom,UK,2026-04,2026-04-06,uk__standard_employee_ruk,"Royaume-Uni · salarié standard, hors Écosse","United Kingdom · standard employee, outside Scotland",5.52,11400.8976,395.57,1647.64,183.46,110.08,579.03,1757.72,0.05078810636804597,0.1541738257521057,10821.8676,0.0,134609.3,3950.47,6871.3976,13158.6176,2336.75,6287.22,1.215928533444634,1.914984165666676,20.653800000000047,20.243800000000192,10.953800000000228,23.75380000000041,3.5100000000002183,12.800000000000182,0.9801489314315113,0.5303527680136442,1.1500934452740104,0.16994451384249923,0.6197406772603663
United Kingdom,UK,2026-04,2026-04-06,uk__standard_employee_ruk,"Royaume-Uni · salarié standard, hors Écosse","United Kingdom · standard employee, outside Scotland",5.53,11421.5514,395.98,1650.73,183.46,110.08,579.44,1760.81,0.05073216235755854,0.1541655715877617,10842.1114,0.0,134857.1,3959.77,6882.3414,13182.3614,2340.25,6300.02,1.2158481787966133,1.9153890564045546,20.653800000000047,20.243800000000192,10.94380000000001,23.743800000000192,3.5,12.800000000000182,0.9801489314315113,0.5298685956095239,1.1496092728698901,0.169460341438379,0.6197406772603663
United Kingdom,UK,2026-04,2026-04-06,uk__standard_employee_ruk,"Royaume-Uni · salarié standard, hors Écosse","United Kingdom · standard employee, outside Scotland",5.54,11442.2052,396.39,1653.83,183.46,110.08,579.85,1763.91,0.05067642031100788,0.1541582211792531,10862.3552,0.0,135105.02,3969.06,6893.2952,13206.1152,2343.76,6312.82,1.215769044267674,1.9157913330042793,20.653800000000047,20.243800000000192,10.953799999999319,23.75380000000041,3.5100000000002183,12.799999999999272,0.9801489314315113,0.5303527680136001,1.1500934452740104,0.16994451384249923,0.6197406772603222
United Kingdom,UK,2026-04,2026-04-06,uk__standard_employee_ruk,"Royaume-Uni · salarié standard, hors Écosse","United Kingdom · standard employee, outside Scotland",5.55,11462.859,396.81,1656.93,183.46,110.08,580.27,1767.01,0.050621751519407156,0.15415089725870307,10882.589,0.0,135352.82,3978.36,6904.229,13229.869,2347.28,6325.64,1.2156913212471776,1.9161978839346148,20.653800000000047,20.233799999999974,10.933800000000701,23.75380000000041,3.519999999999982,12.820000000000618,0.979664759027391,0.5293844232054478,1.1500934452740104,0.17042868624659743,0.6207090220686067
United Kingdom,UK,2026-04,2026-04-06,uk__standard_employee_ruk,"Royaume-Uni · salarié standard, hors Écosse","United Kingdom · standard employee, outside Scotland",5.56,11483.5128,397.22,1660.03,183.46,110.08,580.68,1770.11,0.05056640856445948,0.154143599683191,10902.8328,0.0,135600.62,3987.65,6915.1828,13253.6228,2350.79,6338.44,1.215612771755979,1.9165976060676226,20.653800000000047,20.243800000000192,10.953799999999319,23.75379999999859,3.5099999999997635,12.799999999999272,0.9801489314315113,0.5303527680136001,1.1500934452739224,0.1699445138424772,0.6197406772603222
United Kingdom,UK,2026-04,2026-04-06,uk__standard_employee_ruk,"Royaume-Uni · salarié standard, hors Écosse","United Kingdom · standard employee, outside Scotland",5.57,11504.1666,397.63,1663.13,183.46,110.08,581.09,1773.21,0.05051126432748288,0.1541363283108226,10923.0766,0.0,135848.54,3996.95,6926.1266,13277.3766,2354.3,6351.25,1.215534513417218,1.9169988316413389,20.653800000000047,20.243800000000192,10.94380000000001,23.75380000000041,3.5100000000002183,12.8100000000004,0.9801489314315113,0.5298685956095239,1.1500934452740104,0.16994451384249923,0.6202248496644865
United Kingdom,UK,2026-04,2026-04-06,uk__standard_employee_ruk,"Royaume-Uni · salarié standard, hors Écosse","United Kingdom · standard employee, outside Scotland",5.58,11524.8204,398.05,1666.22,183.46,110.08,581.51,1776.3,0.05045718543258166,0.15412821530824028,10943.3104,0.0,136096.34,4006.24,6937.0704,13301.1204,2357.81,6364.05,1.2154567414993547,1.9173973497515606,20.653800000000047,20.233799999999974,10.94380000000001,23.743800000000192,3.5099999999997635,12.800000000000182,0.979664759027391,0.5298685956095239,1.1496092728698901,0.1699445138424772,0.6197406772603663
United Kingdom,UK,2026-04,2026-04-06,uk__standard_employee_ruk,"Royaume-Uni · salarié standard, hors Écosse","United Kingdom · standard employee, outside Scotland",5.59,11545.4742,398.46,1669.32,183.46,110.08,581.92,1779.4,0.050402433881840895,0.15412099747275862,10963.5542,0.0,136344.14,4015.53,6948.0242,13324.8742,2361.32,6376.85,1.2153790601956433,1.9177932915086853,20.653800000000047,20.243800000000192,10.953800000000228,23.75380000000041,3.5100000000002183,12.800000000000182,0.9801489314315113,0.5303527680136442,1.1500934452740104,0.16994451384249923,0.6197406772603663
United Kingdom,UK,2026-04,2026-04-06,uk__standard_employee_ruk,"Royaume-Uni · salarié standard, hors Écosse","United Kingdom · standard employee, outside Scotland",5.6,11566.128,398.87,1672.42,183.46,110.08,582.33,1782.5,0.050347877872352786,0.15411380541526082,10983.798,0.0,136592.06,4024.83,6958.968,13348.628,2364.83,6389.66,1.2153016652345572,1.9181907432251448,20.653800000000047,20.243800000000192,10.94380000000001,23.75380000000041,3.5099999999997635,12.80999999999949,0.9801489314315113,0.5298685956095239,1.1500934452740104,0.1699445138424772,0.6202248496644425
United Kingdom,UK,2026-04,2026-04-06,uk__standard_employee_ruk,"Royaume-Uni · salarié standard, hors Écosse","United Kingdom · standard employee, outside Scotland",5.61,11586.7818,399.29,1675.52,183.46,110.08,582.75,1785.6,0.05029437941085591,0.1541066389978967,11004.0318,0.0,136839.86,4034.12,6969.9118,13372.3818,2368.35,6402.47,1.2152256593805917,1.918586946824779,20.653800000000047,20.233799999999974,10.94380000000001,23.75379999999859,3.519999999999982,12.8100000000004,0.979664759027391,0.5298685956095239,1.1500934452739224,0.17042868624659743,0.6202248496644865
United Kingdom,UK,2026-04,2026-04-06,uk__standard_employee_ruk,"Royaume-Uni · salarié standard, hors Écosse","United Kingdom · standard employee, outside Scotland",5.62,11607.4356,399.7,1678.62,183.46,110.08,583.16,1788.7,0.050240209818609716,0.15409949808379722,11024.2756,0.0,137087.78,4043.42,6980.8556,13396.1356,2371.86,6415.28,1.2151488302777917,1.9189819081775592,20.653800000000047,20.243800000000192,10.94380000000001,23.75380000000041,3.5100000000002183,12.80999999999949,0.9801489314315113,0.5298685956095239,1.1500934452740104,0.16994451384249923,0.6202248496644425
United Kingdom,UK,2026-04,2026-04-06,uk__standard_employee_ruk,"Royaume-Uni · salarié standard, hors Écosse","United Kingdom · standard employee, outside Scotland",5.63,11628.0894,400.11,1681.71,183.46,110.08,583.57,1791.79,0.050186232658307565,0.1540915225505576,11044.5194,0.0,137335.58,4052.71,6991.8094,13419.8794,2375.36,6428.07,1.2150713773928452,1.9193714576944847,20.653800000000047,20.243799999998373,10.953800000000228,23.743800000000192,3.5,12.789999999999964,0.9801489314314231,0.5303527680136442,1.1496092728698901,0.169460341438379,0.6192565048562461
United Kingdom,UK,2026-04,2026-04-06,uk__standard_employee_ruk,"Royaume-Uni · salarié standard, hors Écosse","United Kingdom · standard employee, outside Scotland",5.64,11648.7432,400.53,1684.81,183.46,110.08,583.99,1794.89,0.050133305368084684,0.15408443376106015,11064.7532,0.0,137583.38,4062.0,7002.7532,13443.6332,2378.88,6440.88,1.2149962097663416,1.9197639579815549,20.653800000000047,20.233799999999974,10.94380000000001,23.75380000000041,3.519999999999982,12.8100000000004,0.979664759027391,0.5298685956095239,1.1500934452740104,0.17042868624659743,0.6202248496644865
United Kingdom,UK,2026-04,2026-04-06,uk__standard_employee_ruk,"Royaume-Uni · salarié standard, hors Écosse","United Kingdom · standard employee, outside Scotland",5.65,11669.397,400.94,1687.91,183.46,110.08,584.4,1797.99,0.050079708488793374,0.15407737006462285,11084.997,0.0,137831.3,4071.3,7013.697,13467.387,2382.39,6453.69,1.2149202205467444,1.9201552333954544,20.653800000000047,20.243800000000192,10.94380000000001,23.75380000000041,3.5099999999997635,12.80999999999949,0.9801489314315113,0.5298685956095239,1.1500934452740104,0.1699445138424772,0.6202248496644425
United Kingdom,UK,2026-04,2026-04-06,uk__standard_employee_ruk,"Royaume-Uni · salarié standard, hors Écosse","United Kingdom · standard employee, outside Scotland",5.66,11690.0508,401.35,1691.01,183.46,110.08,584.81,1801.09,0.05002630099776812,0.15407033132824366,11105.2408,0.0,138079.1,4080.59,7024.6508,13491.1408,2385.9,6466.49,1.2148445083694177,1.9205425556527307,20.653800000000047,20.243800000000192,10.953800000000228,23.75379999999859,3.5100000000002183,12.800000000000182,0.9801489314315113,0.5303527680136442,1.1500934452739224,0.16994451384249923,0.6197406772603663
United Kingdom,UK,2026-04,2026-04-06,uk__standard_employee_ruk,"Royaume-Uni · salarié standard, hors Écosse","United Kingdom · standard employee, outside Scotland",5.67,11710.7046,401.76,1694.11,183.46,110.08,585.22,1804.19,0.04997308189295459,0.15406331741985874,11125.4846,0.0,138326.9,4089.88,7035.6046,13514.8946,2389.41,6479.29,1.2147690717220534,1.9209286718585634,20.653799999998228,20.243800000000192,10.953799999999319,23.75380000000041,3.5099999999997635,12.800000000000182,0.9801489314315975,0.5303527680136468,1.1500934452741118,0.16994451384249218,0.6197406772604208
United Kingdom,UK,2026-04,2026-04-06,uk__standard_employee_ruk,"Royaume-Uni · salarié standard, hors Écosse","United Kingdom · standard employee, outside Scotland",5.68,11731.3584,402.18,1697.2,183.46,110.08,585.64,1807.28,0.04992090259555961,0.15405547579212994,11145.7184,0.0,138574.82,4099.18,7046.5384,13538.6384,2392.92,6492.1,1.2146941017278887,1.9213176217133794,20.653800000000047,20.233799999999974,10.933800000000701,23.743800000000192,3.5100000000002183,12.8100000000004,0.979664759027391,0.5293844232054478,1.1496092728698901,0.16994451384249923,0.6202248496644865
United Kingdom,UK,2026-04,2026-04-06,uk__standard_employee_ruk,"Royaume-Uni · salarié standard, hors Écosse","United Kingdom · standard employee, outside Scotland",5.69,11752.0122,402.59,1700.3,183.46,110.08,586.05,1810.38,0.04986805578707618,0.15404851264534933,11165.9622,0.0,138822.62,4108.47,7057.4922,13562.3922,2396.43,6504.9,1.214619211231075,1.9217013374807552,20.653800000000047,20.243800000000192,10.953799999999319,23.75380000000041,3.5099999999997635,12.799999999999272,0.9801489314315113,0.5303527680136001,1.1500934452740104,0.1699445138424772,0.6197406772603222
United Kingdom,UK,2026-04,2026-04-06,uk__standard_employee_ruk,"Royaume-Uni · salarié standard, hors Écosse","United Kingdom · standard employee, outside Scotland",5.7,11772.666,403.0,1703.4,183.46,110.08,586.46,1813.48,0.04981539440599096,0.15404157393066276,11186.206,0.0,139070.54,4117.77,7068.436,13586.146,2399.94,6517.71,1.2145445917945725,1.9220865832271803,20.653800000000047,20.243800000000192,10.94380000000001,23.75380000000041,3.5100000000002183,12.8100000000004,0.9801489314315113,0.5298685956095239,1.1500934452740104,0.16994451384249923,0.6202248496644865
United Kingdom,UK,2026-04,2026-04-06,uk__standard_employee_ruk,"Royaume-Uni · salarié standard, hors Écosse","United Kingdom · standard employee, outside Scotland",5.71,11793.3198,403.42,1706.5,183.46,110.08,586.88,1816.58,0.04976376541573985,0.15403465951970535,11206.4398,0.0,139318.34,4127.06,7079.3798,13609.8998,2403.46,6530.52,1.2144713256747248,1.9224706378940142,20.653800000000047,20.233799999999974,10.94380000000001,23.75379999999859,3.519999999999982,12.8100000000004,0.979664759027391,0.5298685956095239,1.1500934452739224,0.17042868624659743,0.6202248496644865
United Kingdom,UK,2026-04,2026-04-06,uk__standard_employee_ruk,"Royaume-Uni · salarié standard, hors Écosse","United Kingdom · standard employee, outside Scotland",5.72,11813.9736,403.83,1709.6,183.46,110.08,587.29,1819.68,0.04971147049118173,0.15402776928501008,11226.6836,0.0,139566.14,4136.36,7090.3236,13633.6536,2406.97,6543.33,1.2143972419424023,1.922853506996493,20.653800000000047,20.243800000000192,10.94380000000001,23.75380000000041,3.5099999999997635,12.80999999999949,0.9801489314315113,0.5298685956095239,1.1500934452740104,0.1699445138424772,0.6202248496644425
United Kingdom,UK,2026-04,2026-04-06,uk__standard_employee_ruk,"Royaume-Uni · salarié standard, hors Écosse","United Kingdom · standard employee, outside Scotland",5.73,11834.6274,404.24,1712.69,183.46,110.08,587.7,1822.77,0.0496593580969013,0.1540200581219819,11246.9274,0.0,139814.06,4145.65,7101.2774,13657.3974,2410.47,6556.12,1.21432253577097,1.923231079523805,20.653800000000047,20.243800000000192,10.953800000000228,23.743800000000192,3.5,12.789999999999964,0.9801489314315113,0.5303527680136442,1.1496092728698901,0.169460341438379,0.6192565048562461
United Kingdom,UK,2026-04,2026-04-06,uk__standard_employee_ruk,"Royaume-Uni · salarié standard, hors Écosse","United Kingdom · standard employee, outside Scotland",5.74,11855.2812,404.66,1715.79,183.46,110.08,588.12,1825.87,0.049608270784838066,0.15401321733304812,11267.1612,0.0,140061.86,4154.95,7112.2112,13681.1512,2413.99,6568.94,1.2142500632723707,1.9236143043671143,20.653800000000047,20.233799999999974,10.933799999999792,23.75380000000041,3.519999999999982,12.819999999999709,0.979664759027391,0.5293844232054037,1.1500934452740104,0.17042868624659743,0.6207090220685627
United Kingdom,UK,2026-04,2026-04-06,uk__standard_employee_ruk,"Royaume-Uni · salarié standard, hors Écosse","United Kingdom · standard employee, outside Scotland",5.75,11875.935,405.07,1718.89,183.46,110.08,588.53,1828.97,0.04955651912880964,0.15400640033816285,11287.405,0.0,140309.78,4164.24,7123.165,13704.905,2417.5,6581.74,1.2141767749097334,1.923990950651852,20.653800000000047,20.243800000000192,10.953800000000228,23.75380000000041,3.5100000000002183,12.800000000000182,0.9801489314315113,0.5303527680136442,1.1500934452740104,0.16994451384249923,0.6197406772603663
United Kingdom,UK,2026-04,2026-04-06,uk__standard_employee_ruk,"Royaume-Uni · salarié standard, hors Écosse","United Kingdom · standard employee, outside Scotland",5.76,11896.5888,405.48,1721.99,183.46,110.08,588.94,1832.07,0.04950494716603133,0.15399960701339865,11307.6488,0.0,140557.58,4173.53,7134.1188,13728.6588,2421.01,6594.54,1.2141037489597308,1.9243664403233656,20.653800000000047,20.243800000000192,10.953800000000228,23.75379999999859,3.5100000000002183,12.800000000000182,0.9801489314315113,0.5303527680136442,1.1500934452739224,0.16994451384249923,0.6197406772603663
United Kingdom,UK,2026-04,2026-04-06,uk__standard_employee_ruk,"Royaume-Uni · salarié standard, hors Écosse","United Kingdom · standard employee, outside Scotland",5.77,11917.2426,405.9,1725.09,183.46,110.08,589.36,1835.17,0.049454393082507195,0.15399283723568738,11327.8826,0.0,140805.38,4182.83,7145.0526,13752.4126,2424.53,6607.36,1.2140320557347586,1.9247461663193357,20.653800000000047,20.233799999999974,10.933799999999792,23.75380000000041,3.519999999999982,12.819999999999709,0.979664759027391,0.5293844232054037,1.1500934452740104,0.17042868624659743,0.6207090220685627
United Kingdom,UK,2026-04,2026-04-06,uk__standard_employee_ruk,"Royaume-Uni · salarié standard, hors Écosse","United Kingdom · standard employee, outside Scotland",5.78,11937.8964,406.31,1728.19,183.46,110.08,589.77,1838.27,0.04940317625808848,0.15398609088281245,11348.1264,0.0,141053.3,4192.12,7156.0064,13776.1664,2428.04,6620.16,1.2139595484237822,1.9251193514863263,20.653800000000047,20.243799999998373,10.953800000000228,23.75380000000041,3.5099999999997635,12.800000000000182,0.9801489314314231,0.5303527680136442,1.1500934452740104,0.1699445138424772,0.6197406772603663
United Kingdom,UK,2026-04,2026-04-06,uk__standard_employee_ruk,"Royaume-Uni · salarié standard, hors Écosse","United Kingdom · standard employee, outside Scotland",5.79,11958.5502,406.72,1731.28,183.46,110.08,590.18,1841.36,0.04935213634843461,0.15397853161163297,11368.3702,0.0,141301.1,4201.42,7166.9502,13799.9102,2431.54,6632.96,1.2138864197086052,1.9254926872521034,20.653800000000047,20.243800000000192,10.94380000000001,23.743800000000192,3.5,12.800000000000182,0.9801489314315113,0.5298685956095239,1.1496092728698901,0.169460341438379,0.6197406772603663
United Kingdom,UK,2026-04,2026-04-06,uk__standard_employee_ruk,"Royaume-Uni · salarié standard, hors Écosse","United Kingdom · standard employee, outside Scotland",5.8,11979.204,407.13,1734.38,183.46,110.08,590.59,1844.46,0.049301272438469206,0.15397183318691293,11388.614,0.0,141548.9,4210.71,7177.904,13823.664,2435.05,6645.76,1.213814429042902,1.9258635947206875,20.653800000000047,20.243800000000192,10.953800000000228,23.75380000000041,3.5100000000002183,12.800000000000182,0.9801489314315113,0.5303527680136442,1.1500934452740104,0.16994451384249923,0.6197406772603663
United Kingdom,UK,2026-04,2026-04-06,uk__standard_employee_ruk,"Royaume-Uni · salarié standard, hors Écosse","United Kingdom · standard employee, outside Scotland",5.81,11999.8578,407.55,1737.48,183.46,110.08,591.01,1847.56,0.04925141696262434,0.1539651578204535,11408.8478,0.0,141796.82,4220.01,7188.8378,13847.4178,2438.57,6658.58,1.2137437577175847,1.9262387308279512,20.653800000000047,20.233799999999974,10.933799999999792,23.75379999999859,3.519999999999982,12.819999999999709,0.979664759027391,0.5293844232054037,1.1500934452739224,0.17042868624659743,0.6207090220685627
United Kingdom,UK,2026-04,2026-04-06,uk__standard_employee_ruk,"Royaume-Uni · salarié standard, hors Écosse","United Kingdom · standard employee, outside Scotland",5.82,12020.5116,407.96,1740.58,183.46,110.08,591.42,1850.66,0.049200900900091465,0.1539585053933977,11429.0916,0.0,142044.62,4229.3,7199.7916,13871.1716,2442.08,6671.38,1.2136722747064168,1.926607375691263,20.653800000000047,20.243800000000192,10.953799999999319,23.75380000000041,3.5099999999997635,12.800000000000182,0.9801489314315113,0.5303527680136001,1.1500934452740104,0.1699445138424772,0.6197406772603663
United Kingdom,UK,2026-04,2026-04-06,uk__standard_employee_ruk,"Royaume-Uni · salarié standard, hors Écosse","United Kingdom · standard employee, outside Scotland",5.83,12041.1654,408.37,1743.68,183.46,110.08,591.83,1853.76,0.04915055813451412,0.15395187578770406,11449.3354,0.0,142292.54,4238.6,7210.7354,13894.9254,2445.59,6684.19,1.2136010444763456,1.9269775729116339,20.653800000000047,20.243800000000192,10.94380000000001,23.75380000000041,3.5100000000002183,12.80999999999949,0.9801489314315113,0.5298685956095239,1.1500934452740104,0.16994451384249923,0.6202248496644425
United Kingdom,UK,2026-04,2026-04-06,uk__standard_employee_ruk,"Royaume-Uni · salarié standard, hors Écosse","United Kingdom · standard employee, outside Scotland",5.84,12061.8192,408.79,1746.77,183.46,110.08,592.25,1856.85,0.049101216838004,0.15394443982380368,11469.5692,0.0,142540.34,4247.89,7221.6792,13918.6692,2449.1,6696.99,1.2135302518598519,1.927345263411867,20.653800000000047,20.233799999999974,10.94380000000001,23.743800000000192,3.5099999999997635,12.800000000000182,0.979664759027391,0.5298685956095239,1.1496092728698901,0.1699445138424772,0.6197406772603663
United Kingdom,UK,2026-04,2026-04-06,uk__standard_employee_ruk,"Royaume-Uni · salarié standard, hors Écosse","United Kingdom · standard employee, outside Scotland",5.85,12082.473,409.2,1749.87,183.46,110.08,592.66,1859.95,0.04905121658455185,0.15393785692713732,11489.813,0.0,142788.14,4257.18,7232.633,13942.423,2452.61,6709.79,1.213459522796411,1.9277105585199745,20.653800000000047,20.243800000000192,10.953800000000228,23.75380000000041,3.5100000000002183,12.800000000000182,0.9801489314315113,0.5303527680136442,1.1500934452740104,0.16994451384249923,0.6197406772603663
United Kingdom,UK,2026-04,2026-04-06,uk__standard_employee_ruk,"Royaume-Uni · salarié standard, hors Écosse","United Kingdom · standard employee, outside Scotland",5.86,12103.1268,409.61,1752.97,183.46,110.08,593.07,1863.05,0.04900138698042889,0.1539312964976951,11510.0568,0.0,143036.06,4266.48,7243.5768,13966.1768,2456.12,6722.6,1.2133890425284433,1.9280774105963778,20.653800000000047,20.243800000000192,10.94380000000001,23.75379999999859,3.5099999999997635,12.8100000000004,0.9801489314315113,0.5298685956095239,1.1500934452739224,0.1699445138424772,0.6202248496644865
United Kingdom,UK,2026-04,2026-04-06,uk__standard_employee_ruk,"Royaume-Uni · salarié standard, hors Écosse","United Kingdom · standard employee, outside Scotland",5.87,12123.7806,410.03,1756.07,183.46,110.08,593.49,1866.15,0.04895255197871199,0.15392475842065304,11530.2906,0.0,143283.86,4275.77,7254.5206,13989.9306,2459.64,6735.41,1.2133198620336594,1.9284431558440953,20.653800000000047,20.233799999999974,10.94380000000001,23.75380000000041,3.519999999999982,12.80999999999949,0.979664759027391,0.5298685956095239,1.1500934452740104,0.17042868624659743,0.6202248496644425
United Kingdom,UK,2026-04,2026-04-06,uk__standard_employee_ruk,"Royaume-Uni · salarié standard, hors Écosse","United Kingdom · standard employee, outside Scotland",5.88,12144.4344,410.44,1759.16,183.46,110.08,593.9,1869.24,0.048903059659987126,0.15391741915951226,11550.5344,0.0,143531.66,4285.06,7265.4744,14013.6744,2463.14,6748.2,1.2132490077688527,1.9288037681338468,20.653800000000047,20.243800000000192,10.953800000000228,23.743800000000192,3.5,12.789999999999964,0.9801489314315113,0.5303527680136442,1.1496092728698901,0.169460341438379,0.6192565048562461
United Kingdom,UK,2026-04,2026-04-06,uk__standard_employee_ruk,"Royaume-Uni · salarié standard, hors Écosse","United Kingdom · standard employee, outside Scotland",5.89,12165.0882,410.85,1762.26,183.46,110.08,594.31,1872.34,0.048853735396673904,0.15391092684391716,11570.7782,0.0,143779.58,4294.36,7276.4182,14037.4282,2466.65,6761.01,1.2131792656780855,1.9291673202620485,20.653800000000047,20.243800000000192,10.94380000000001,23.75380000000041,3.5100000000002183,12.8100000000004,0.9801489314315113,0.5298685956095239,1.1500934452740104,0.16994451384249923,0.6202248496644865
United Kingdom,UK,2026-04,2026-04-06,uk__standard_employee_ruk,"Royaume-Uni · salarié standard, hors Écosse","United Kingdom · standard employee, outside Scotland",5.9,12185.742,411.27,1765.36,183.46,110.08,594.73,1875.44,0.04880539896544666,0.1539044565361715,11591.012,0.0,144027.38,4303.65,7287.362,14061.182,2470.17,6773.82,1.2131108137926179,1.9295297804610223,20.653800000000047,20.233799999999974,10.94380000000001,23.75380000000041,3.519999999999982,12.80999999999949,0.979664759027391,0.5298685956095239,1.1500934452740104,0.17042868624659743,0.6202248496644425
United Kingdom,UK,2026-04,2026-04-06,uk__standard_employee_ruk,"Royaume-Uni · salarié standard, hors Écosse","United Kingdom · standard employee, outside Scotland",5.91,12206.3958,411.68,1768.46,183.46,110.08,595.14,1878.54,0.04875640686663626,0.1538980081245604,11611.2558,0.0,144275.3,4312.95,7298.3058,14084.9358,2473.68,6786.63,1.213041555763503,1.929891153642808,20.653800000000047,20.243800000000192,10.94380000000001,23.75379999999859,3.5099999999997635,12.8100000000004,0.9801489314315113,0.5298685956095239,1.1500934452739224,0.1699445138424772,0.6202248496644865
United Kingdom,UK,2026-04,2026-04-06,uk__standard_employee_ruk,"Royaume-Uni · salarié standard, hors Écosse","United Kingdom · standard employee, outside Scotland",5.92,12227.0496,412.09,1771.56,183.46,110.08,595.55,1881.64,0.04870758028167318,0.15389158149812363,11631.4996,0.0,144523.1,4322.24,7309.2596,14108.6896,2477.19,6799.43,1.2129725388117625,1.9302488038596957,20.653800000000047,20.243799999998373,10.953800000000228,23.75380000000041,3.5100000000002183,12.800000000000182,0.9801489314314231,0.5303527680136442,1.1500934452740104,0.16994451384249923,0.6197406772603663
United Kingdom,UK,2026-04,2026-04-06,uk__standard_employee_ruk,"Royaume-Uni · salarié standard, hors Écosse","United Kingdom · standard employee, outside Scotland",5.93,12247.7034,412.5,1774.66,183.46,110.08,595.96,1884.74,0.04865891837321926,0.15388517654664954,11651.7434,0.0,144770.9,4331.53,7320.2134,14132.4434,2480.7,6812.23,1.2129037616808487,1.9306053837173656,20.653800000000047,20.243800000000192,10.953799999999319,23.75380000000041,3.5099999999997635,12.799999999999272,0.9801489314315113,0.5303527680136001,1.1500934452740104,0.1699445138424772,0.6197406772603222
United Kingdom,UK,2026-04,2026-04-06,uk__standard_employee_ruk,"Royaume-Uni · salarié standard, hors Écosse","United Kingdom · standard employee, outside Scotland",5.94,12268.3572,412.92,1777.75,183.46,110.08,596.38,1887.83,0.04861123541463236,0.15387797805561118,11671.9772,0.0,145018.82,4340.83,7331.1472,14156.1872,2484.21,6825.04,1.2128354054701203,1.9309648017980046,20.653800000000047,20.233799999999974,10.933800000000701,23.743800000000192,3.5100000000002183,12.8100000000004,0.979664759027391,0.5293844232054478,1.1496092728698901,0.16994451384249923,0.6202248496644865
United Kingdom,UK,2026-04,2026-04-06,uk__standard_employee_ruk,"Royaume-Uni · salarié standard, hors Écosse","United Kingdom · standard employee, outside Scotland",5.95,12289.011,413.33,1780.85,183.46,110.08,596.79,1890.93,0.04856289899976491,0.15387161749631437,11692.221,0.0,145266.62,4350.12,7342.101,14179.941,2487.72,6837.84,1.212767103871882,1.9313192504434356,20.653800000000047,20.243800000000192,10.953799999999319,23.75380000000041,3.5099999999997635,12.800000000000182,0.9801489314315113,0.5303527680136001,1.1500934452740104,0.1699445138424772,0.6197406772603663
United Kingdom,UK,2026-04,2026-04-06,uk__standard_employee_ruk,"Royaume-Uni · salarié standard, hors Écosse","United Kingdom · standard employee, outside Scotland",5.96,12309.6648,413.74,1783.95,183.46,110.08,597.2,1894.03,0.04851472478763191,0.15386527828117627,11712.4648,0.0,145514.42,4359.42,7353.0448,14203.6948,2491.23,6850.65,1.2126990383783267,1.9316752700867539,20.653800000000047,20.243800000000192,10.94380000000001,23.75379999999859,3.5100000000002183,12.80999999999949,0.9801489314315113,0.5298685956095239,1.1500934452739224,0.16994451384249923,0.6202248496644425
United Kingdom,UK,2026-04,2026-04-06,uk__standard_employee_ruk,"Royaume-Uni · salarié standard, hors Écosse","United Kingdom · standard employee, outside Scotland",5.97,12330.3186,414.16,1787.05,183.46,110.08,597.62,1897.13,0.04846752297219635,0.15385896030293977,11732.6986,0.0,145762.34,4368.71,7363.9886,14227.4486,2494.75,6863.46,1.2126322413157362,1.9320302315514177,20.653800000000047,20.233799999999974,10.94380000000001,23.75380000000041,3.519999999999982,12.8100000000004,0.979664759027391,0.5298685956095239,1.1500934452740104,0.17042868624659743,0.6202248496644865
United Kingdom,UK,2026-04,2026-04-06,uk__standard_employee_ruk,"Royaume-Uni · salarié standard, hors Écosse","United Kingdom · standard employee, outside Scotland",5.98,12350.9724,414.57,1790.15,183.46,110.08,598.03,1900.23,0.04841966936951457,0.15385266345506526,11752.9424,0.0,146010.14,4378.01,7374.9324,14251.2024,2498.26,6876.27,1.212564642535813,1.9323841395481807,20.653800000000047,20.243800000000192,10.94380000000001,23.75380000000041,3.5100000000002183,12.8100000000004,0.9801489314315113,0.5298685956095239,1.1500934452740104,0.16994451384249923,0.6202248496644865
United Kingdom,UK,2026-04,2026-04-06,uk__standard_employee_ruk,"Royaume-Uni · salarié standard, hors Écosse","United Kingdom · standard employee, outside Scotland",5.99,12371.6262,414.98,1793.24,183.46,110.08,598.44,1903.32,0.048371975545138925,0.1538455793305491,11773.1862,0.0,146258.06,4387.3,7385.8862,14274.9462,2501.76,6889.06,1.2124964268381315,1.932733028028512,20.653800000000047,20.243800000000192,10.953800000000228,23.743800000000192,3.5,12.789999999999964,0.9801489314315113,0.5303527680136442,1.1496092728698901,0.169460341438379,0.6192565048562461
United Kingdom,UK,2026-04,2026-04-06,uk__standard_employee_ruk,"Royaume-Uni · salarié standard, hors Écosse","United Kingdom · standard employee, outside Scotland",6.0,12392.28,415.4,1796.34,183.46,110.08,598.86,1906.42,0.0483252476541847,0.15383932577378817,11793.42,0.0,146505.86,4396.6,7396.82,14298.7,2505.28,6901.88,1.2124303213147671,1.9330874619093072,20.653800000000047,20.233799999999974,10.933799999999792,23.75380000000041,3.519999999999982,12.819999999999709,0.979664759027391,0.5293844232054037,1.1500934452740104,0.17042868624659743,0.6207090220685627
United Kingdom,UK,2026-04,2026-04-06,uk__standard_employee_scotland,"Royaume-Uni · salarié standard, Écosse","United Kingdom · standard employee, Scotland",0.8,1652.304,48.38,185.35,56.62,33.97,105.0,219.32,0.06354762803939226,0.132735864586662,1547.304,12570.0,6578.22,106.33,1440.974,1871.624,324.32,430.65,1.2096032841639393,1.298860354177105,,,,,,,,,,,
United Kingdom,UK,2026-04,2026-04-06,uk__standard_employee_scotland,"Royaume-Uni · salarié standard, Écosse","United Kingdom · standard employee, Scotland",0.81,1672.9578,50.04,188.44,57.65,34.59,107.69,223.03,0.06437101999823307,0.13331477936861288,1565.2678,12570.0,6813.74,110.26,1455.0078,1895.9878,330.72,440.98,1.2112865287332941,1.3030774130557925,20.65379999999982,17.963799999999992,14.033800000000156,24.363800000000083,6.400000000000034,10.330000000000041,0.8697576232945099,0.6794778684794216,1.1796279619246965,0.3098703386301838,0.5001500934452804
United Kingdom,UK,2026-04,2026-04-06,uk__standard_employee_scotland,"Royaume-Uni · salarié standard, Écosse","United Kingdom · standard employee, Scotland",0.82,1693.6116,51.69,191.54,58.68,35.21,110.37,226.75,0.06516842468485691,0.1338854788193468,1583.2416,12570.0,7049.15,114.18,1469.0616,1920.3616,337.12,451.3,1.2129302312420291,1.3072029110283736,20.653800000000047,17.973799999999983,14.05379999999991,24.373799999999846,6.399999999999977,10.319999999999993,0.8702417956986096,0.6804462132876216,1.1801121343287817,0.30987033863017766,0.49966592104116286
United Kingdom,UK,2026-04,2026-04-06,uk__standard_employee_scotland,"Royaume-Uni · salarié standard, Écosse","United Kingdom · standard employee, Scotland",0.83,1714.2654,53.34,194.64,59.71,35.83,113.05,230.47,0.06594661480071873,0.13444242647608706,1601.2154,12570.0,7284.68,118.11,1483.1054,1944.7354,343.52,461.63,1.2145370323068339,1.3112590649322697,20.653800000000047,17.973799999999983,14.04379999999992,24.373800000000074,6.399999999999977,10.329999999999984,0.8702417956986096,0.6799620408835123,1.1801121343287928,0.30987033863017766,0.5001500934452721
United Kingdom,UK,2026-04,2026-04-06,uk__standard_employee_scotland,"Royaume-Uni · salarié standard, Écosse","United Kingdom · standard employee, Scotland",0.84,1734.9192,54.99,197.74,60.75,36.45,115.74,234.19,0.06671204053768037,0.13498611347433356,1619.1792,12570.0,7520.09,122.03,1497.1492,1969.1092,349.93,471.96,1.2161156714463723,1.3152391224602065,20.653800000000047,17.963799999999992,14.043800000000147,24.373800000000074,6.410000000000025,10.329999999999984,0.8697576232945003,0.6799620408835234,1.1801121343287928,0.3103545110342896,0.5001500934452721
United Kingdom,UK,2026-04,2026-04-06,uk__standard_employee_scotland,"Royaume-Uni · salarié standard, Écosse","United Kingdom · standard employee, Scotland",0.85,1755.573,56.65,200.84,61.78,37.07,118.43,237.91,0.06745945625730175,0.13551700783732717,1637.143,12570.0,7755.5,125.95,1511.193,1993.483,356.34,482.29,1.2176596668708843,1.3191452051458683,20.653800000000047,17.963799999999992,14.04379999999992,24.373799999999846,6.409999999999968,10.330000000000041,0.8697576232945003,0.6799620408835123,1.1801121343287817,0.31035451103428685,0.5001500934452748
United Kingdom,UK,2026-04,2026-04-06,uk__standard_employee_scotland,"Royaume-Uni · salarié standard, Écosse","United Kingdom · standard employee, Scotland",0.86,1776.2268,58.3,203.93,62.81,37.69,121.11,241.62,0.068183860304326,0.1360299259081104,1655.1168,12570.0,7991.02,129.88,1525.2368,2017.8468,362.73,492.61,1.2191567386664193,1.3229728000268548,20.65379999999982,17.973799999999983,14.04379999999992,24.363800000000083,6.390000000000043,10.319999999999993,0.8702417956986191,0.6799620408835199,1.1796279619246965,0.30938616622607457,0.49966592104116836
United Kingdom,UK,2026-04,2026-04-06,uk__standard_employee_scotland,"Royaume-Uni · salarié standard, Écosse","United Kingdom · standard employee, Scotland",0.87,1796.8806,59.95,207.03,63.84,38.31,123.79,245.34,0.068891611384752,0.1365366179589228,1673.0906,12570.0,8226.43,133.8,1539.2906,2042.2206,369.13,502.93,1.2206276217199474,1.3267284293167254,20.653800000000047,17.973799999999983,14.053800000000138,24.373800000000074,6.399999999999977,10.319999999999993,0.8702417956986096,0.6804462132876326,1.1801121343287928,0.30987033863017766,0.49966592104116286
United Kingdom,UK,2026-04,2026-04-06,uk__standard_employee_scotland,"Royaume-Uni · salarié standard, Écosse","United Kingdom · standard employee, Scotland",0.88,1817.5344,61.6,210.13,64.88,38.93,126.48,249.06,0.06958877917248774,0.13703179428130768,1691.0544,12570.0,8461.84,137.73,1553.3244,2066.5944,375.54,513.27,1.2220744643105508,1.3304332308177222,20.653800000000047,17.963799999999992,14.033799999999928,24.373799999999846,6.410000000000025,10.339999999999975,0.8697576232945003,0.6794778684794032,1.1801121343287817,0.3103545110342896,0.5006342658493813
United Kingdom,UK,2026-04,2026-04-06,uk__standard_employee_scotland,"Royaume-Uni · salarié standard, Écosse","United Kingdom · standard employee, Scotland",0.89,1838.1882,63.26,213.23,65.91,39.55,129.17,252.78,0.07027028026836424,0.13751584304588615,1709.0182,12570.0,8697.37,141.65,1567.3682,2090.9682,381.95,523.6,1.2234908908518354,1.334063176731543,20.653800000000047,17.963799999999992,14.04379999999992,24.373799999999846,6.409999999999968,10.330000000000041,0.8697576232945003,0.6799620408835123,1.1801121343287817,0.31035451103428685,0.5001500934452748
United Kingdom,UK,2026-04,2026-04-06,uk__standard_employee_scotland,"Royaume-Uni · salarié standard, Écosse","United Kingdom · standard employee, Scotland",0.9,1858.842,64.91,216.33,66.94,40.17,131.85,256.5,0.0709312572020645,0.13798913517125178,1726.992,12570.0,8932.78,145.57,1581.422,2115.342,388.35,533.92,1.2248707579421327,1.3376201924596975,20.653800000000047,17.973799999999983,14.053800000000138,24.3738000000003,6.400000000000034,10.319999999999936,0.8702417956986096,0.6804462132876326,1.1801121343288037,0.3098703386301804,0.49966592104116014
United Kingdom,UK,2026-04,2026-04-06,uk__standard_employee_scotland,"Royaume-Uni · salarié standard, Écosse","United Kingdom · standard employee, Scotland",0.91,1879.4958,66.56,219.43,67.98,40.79,134.54,260.22,0.07158302774605828,0.1384520252718841,1744.9558,12570.0,9168.3,149.5,1595.4558,2139.7158,394.76,544.26,1.226229225978102,1.3411313556915834,20.65379999999982,17.963799999999992,14.033799999999928,24.373799999999846,6.409999999999968,10.340000000000032,0.8697576232945099,0.6794778684794106,1.1801121343287948,0.3103545110342903,0.5006342658493895
United Kingdom,UK,2026-04,2026-04-06,uk__standard_employee_scotland,"Royaume-Uni · salarié standard, Écosse","United Kingdom · standard employee, Scotland",0.92,1900.1496,68.21,222.52,69.01,41.4,137.22,263.92,0.07221536662165967,0.1388943270571959,1762.9296,12570.0,9403.71,153.42,1609.5096,2164.0696,401.14,554.56,1.2275417010412668,1.3445521542710899,20.653800000000047,17.973799999999983,14.053800000000138,24.353799999999865,6.3799999999999955,10.299999999999955,0.8702417956986096,0.6804462132876326,1.1791437895205632,0.3089019938219592,0.4986975762329417
United Kingdom,UK,2026-04,2026-04-06,uk__standard_employee_scotland,"Royaume-Uni · salarié standard, Écosse","United Kingdom · standard employee, Scotland",0.93,1920.8034,69.86,225.62,70.04,42.02,139.9,267.64,0.07283410681176428,0.13933752928592272,1780.9034,12570.0,9639.12,157.35,1623.5534,2188.4434,407.54,564.89,1.2288389140028595,1.3479343518975107,20.653800000000047,17.973799999999983,14.04379999999992,24.3738000000003,6.400000000000034,10.330000000000041,0.8702417956986096,0.6799620408835123,1.1801121343288037,0.3098703386301804,0.5001500934452748
United Kingdom,UK,2026-04,2026-04-06,uk__standard_employee_scotland,"Royaume-Uni · salarié standard, Écosse","United Kingdom · standard employee, Scotland",0.94,1941.4572,71.52,228.72,71.07,42.64,142.59,271.36,0.07344483308722952,0.13977130167999582,1798.8672,12570.0,9874.64,161.27,1637.5972,2212.8172,413.95,575.22,1.2301170425476655,1.351258539035118,20.653800000000047,17.963799999999992,14.04379999999992,24.373799999999846,6.409999999999968,10.330000000000041,0.8697576232945003,0.6799620408835123,1.1801121343287817,0.31035451103428685,0.5001500934452748
United Kingdom,UK,2026-04,2026-04-06,uk__standard_employee_scotland,"Royaume-Uni · salarié standard, Écosse","United Kingdom · standard employee, Scotland",0.95,1962.111,73.17,231.82,72.11,43.26,145.28,275.08,0.07404270196742183,0.14019594202366736,1816.831,12570.0,10110.05,165.2,1651.631,2237.191,420.36,585.56,1.2313698962644297,1.3545343966055372,20.653800000000047,17.963799999999992,14.033800000000156,24.373799999999846,6.410000000000025,10.339999999999918,0.8697576232945003,0.6794778684794142,1.1801121343287817,0.3103545110342896,0.5006342658493785
United Kingdom,UK,2026-04,2026-04-06,uk__standard_employee_scotland,"Royaume-Uni · salarié standard, Écosse","United Kingdom · standard employee, Scotland",0.96,1982.7648,74.82,234.91,73.14,43.88,147.96,278.79,0.07462307178340062,0.1406066922309696,1834.8048,12570.0,10345.46,169.12,1665.6848,2261.5548,426.75,595.87,1.232586049480577,1.3577327475162166,20.65379999999982,17.973799999999983,14.05379999999991,24.363800000000083,6.389999999999986,10.31000000000006,0.8702417956986191,0.6804462132876291,1.1796279619246965,0.30938616622607185,0.49918174863706194
United Kingdom,UK,2026-04,2026-04-06,uk__standard_employee_scotland,"Royaume-Uni · salarié standard, Écosse","United Kingdom · standard employee, Scotland",0.97,2003.4186,76.47,238.01,74.17,44.5,150.64,282.51,0.07519147521142111,0.1410139648299162,1852.7786,12570.0,10580.99,173.04,1679.7386,2285.9286,433.15,606.19,1.2337840041978032,1.3608835327115778,20.653800000000047,17.97380000000021,14.05379999999991,24.3738000000003,6.399999999999977,10.32000000000005,0.8702417956986206,0.6804462132876216,1.1801121343288037,0.30987033863017766,0.49966592104116564
United Kingdom,UK,2026-04,2026-04-06,uk__standard_employee_scotland,"Royaume-Uni · salarié standard, Écosse","United Kingdom · standard employee, Scotland",0.98,2024.0724,78.13,241.11,75.2,45.12,153.33,286.23,0.07575321910421781,0.14141292574317008,1870.7424,12570.0,10816.4,176.97,1693.7724,2310.3024,439.56,616.53,1.234965540953153,1.3639981381205644,20.653800000000047,17.963799999999992,14.033800000000156,24.373799999999846,6.410000000000025,10.339999999999918,0.8697576232945003,0.6794778684794142,1.1801121343287817,0.3103545110342896,0.5006342658493785
United Kingdom,UK,2026-04,2026-04-06,uk__standard_employee_scotland,"Royaume-Uni · salarié standard, Écosse","United Kingdom · standard employee, Scotland",0.99,2044.7262,79.78,244.21,76.24,45.74,156.02,289.95,0.07630361463554386,0.1418038268399945,1888.7062,12570.0,11051.92,180.89,1707.8162,2334.6762,445.97,626.86,1.2361246021218122,1.3670535506104227,20.653800000000047,17.963799999999992,14.04379999999992,24.373799999999846,6.410000000000025,10.330000000000041,0.8697576232945003,0.6799620408835123,1.1801121343287817,0.3103545110342896,0.5001500934452748
United Kingdom,UK,2026-04,2026-04-06,uk__standard_employee_scotland,"Royaume-Uni · salarié standard, Écosse","United Kingdom · standard employee, Scotland",1.0,2065.38,81.43,247.31,77.27,46.36,158.7,293.67,0.0768381605322023,0.1421869099148825,1906.68,12570.0,11287.33,184.82,1721.86,2359.05,452.37,637.19,1.2372553338787842,1.3700591221121345,20.653800000000047,17.973799999999983,14.04379999999992,24.3738000000003,6.399999999999977,10.330000000000041,0.8702417956986096,0.6799620408835123,1.1801121343288037,0.30987033863017766,0.5001500934452748
United Kingdom,UK,2026-04,2026-04-06,uk__standard_employee_scotland,"Royaume-Uni · salarié standard, Écosse","United Kingdom · standard employee, Scotland",1.01,2086.0338,83.08,250.4,78.3,46.98,161.38,297.38,0.07736212136160017,0.142557613400128,1924.6538,12570.0,11522.74,188.74,1735.9138,2383.4138,458.76,647.5,1.2383597507250397,1.373002392169473,20.653800000000047,17.973799999999983,14.053800000000138,24.363799999999628,6.389999999999986,10.309999999999945,0.8702417956986096,0.6804462132876326,1.1796279619246615,0.3093861662260684,0.4991817486370509
United Kingdom,UK,2026-04,2026-04-06,uk__standard_employee_scotland,"Royaume-Uni · salarié standard, Écosse","United Kingdom · standard employee, Scotland",1.02,2106.6876,84.74,253.5,79.33,47.6,164.07,301.1,0.07788055523752073,0.14292579497786004,1942.6176,12570.0,11758.27,192.67,1749.9476,2407.7876,465.17,657.84,1.2394552587189573,1.3759198275422646,20.653800000000047,17.963799999999992,14.033799999999928,24.3738000000003,6.410000000000025,10.340000000000032,0.8697576232945003,0.6794778684794032,1.1801121343288037,0.3103545110342896,0.5006342658493841
United Kingdom,UK,2026-04,2026-04-06,uk__standard_employee_scotland,"Royaume-Uni · salarié standard, Écosse","United Kingdom · standard employee, Scotland",1.03,2127.3414,86.39,256.6,80.37,48.22,166.76,304.82,0.07838892243623895,0.14328682739874288,1960.5814,12570.0,11993.68,196.59,1763.9914,2432.1614,471.58,668.17,1.2405306915591467,1.3787830258129377,20.653799999999592,17.963799999999992,14.043800000000147,24.373799999999846,6.409999999999968,10.329999999999927,0.8697576232945196,0.6799620408835383,1.1801121343288077,0.3103545110342937,0.5001500934452804
United Kingdom,UK,2026-04,2026-04-06,uk__standard_employee_scotland,"Royaume-Uni · salarié standard, Écosse","United Kingdom · standard employee, Scotland",1.04,2147.9952,88.04,259.7,81.4,48.84,169.44,308.54,0.07888285783878846,0.14364091688845484,1978.5552,12570.0,12229.2,200.51,1778.0452,2456.5352,477.98,678.49,1.24158032083209,1.3815932238393038,20.653800000000047,17.973799999999983,14.05379999999991,24.373799999999846,6.400000000000034,10.32000000000005,0.8702417956986096,0.6804462132876216,1.1801121343287817,0.3098703386301804,0.49966592104116564
United Kingdom,UK,2026-04,2026-04-06,uk__standard_employee_scotland,"Royaume-Uni · salarié standard, Écosse","United Kingdom · standard employee, Scotland",1.05,2168.649,89.69,262.8,82.43,49.46,172.12,312.26,0.07936738494795607,0.14398826181645805,1996.529,12570.0,12464.61,204.44,1792.089,2480.909,484.38,688.82,1.2426110514798432,1.3843670710550648,20.653800000000047,17.973799999999983,14.04379999999992,24.3738000000003,6.399999999999977,10.330000000000041,0.8702417956986096,0.6799620408835123,1.1801121343288037,0.30987033863017766,0.5001500934452748
United Kingdom,UK,2026-04,2026-04-06,uk__standard_employee_scotland,"Royaume-Uni · salarié standard, Écosse","United Kingdom · standard employee, Scotland",1.06,2189.3028,91.34,265.9,83.47,50.08,174.81,315.98,0.0798473377003857,0.1443290530665744,2014.4928,12570.0,12700.02,208.36,1806.1328,2505.2828,490.79,699.15,1.2436295627365854,1.3870977815141832,20.653800000000047,17.963799999999992,14.043800000000147,24.373799999999846,6.410000000000025,10.329999999999927,0.8697576232945003,0.6799620408835234,1.1801121343287817,0.3103545110342896,0.5001500934452694
United Kingdom,UK,2026-04,2026-04-06,uk__standard_employee_scotland,"Royaume-Uni · salarié standard, Écosse","United Kingdom · standard employee, Scotland",1.07,2209.9566,93.0,268.99,84.5,50.7,177.5,319.69,0.08031831937333066,0.1446589494110427,2032.4566,12570.0,12935.54,212.29,1820.1666,2529.6466,497.19,709.48,1.2446251496833929,1.389788495185001,20.653800000000047,17.963799999999992,14.033799999999928,24.363800000000083,6.399999999999977,10.330000000000041,0.8697576232945003,0.6794778684794032,1.1796279619246834,0.30987033863017766,0.5001500934452748
United Kingdom,UK,2026-04,2026-04-06,uk__standard_employee_scotland,"Royaume-Uni · salarié standard, Écosse","United Kingdom · standard employee, Scotland",1.08,2230.6104,94.65,272.09,85.53,51.32,180.18,323.41,0.08077609608562748,0.1449872196417626,2050.4304,12570.0,13170.95,216.21,1834.2204,2554.0204,503.59,719.8,1.2456020940774188,1.3924283035997198,20.653800000000047,17.97380000000021,14.05379999999991,24.373799999999846,6.399999999999977,10.319999999999936,0.8702417956986206,0.6804462132876216,1.1801121343287817,0.30987033863017766,0.49966592104116014
United Kingdom,UK,2026-04,2026-04-06,uk__standard_employee_scotland,"Royaume-Uni · salarié standard, Écosse","United Kingdom · standard employee, Scotland",1.09,2251.2642,96.3,275.19,86.56,51.94,182.86,327.13,0.08122547322522164,0.14530946656549684,2068.4042,12570.0,13406.36,220.13,1848.2742,2578.3942,509.99,730.12,1.2465620597753573,1.3950279671706722,20.653800000000047,17.973799999999756,14.053800000000138,24.3738000000003,6.400000000000034,10.32000000000005,0.8702417956985986,0.6804462132876326,1.1801121343288037,0.3098703386301804,0.49966592104116564
United Kingdom,UK,2026-04,2026-04-06,uk__standard_employee_scotland,"Royaume-Uni · salarié standard, Écosse","United Kingdom · standard employee, Scotland",1.1,2271.918,97.95,278.29,87.6,52.56,185.55,330.85,0.08167108143867868,0.14562585445425408,2086.368,12570.0,13641.89,224.06,1862.308,2602.768,516.4,740.46,1.2475114648997685,1.397603403948219,20.653800000000047,17.963799999999992,14.033799999999928,24.373799999999846,6.409999999999968,10.340000000000032,0.8697576232945003,0.6794778684794032,1.1801121343287817,0.31035451103428685,0.5006342658493841
United Kingdom,UK,2026-04,2026-04-06,uk__standard_employee_scotland,"Royaume-Uni · salarié standard, Écosse","United Kingdom · standard employee, Scotland",1.11,2292.5718,99.61,281.39,88.63,53.18,188.24,334.57,0.08210866067531669,0.145936541660331,2104.3318,12570.0,13877.3,227.98,1876.3518,2627.1418,522.81,750.79,1.2484446606756598,1.4001328535512372,20.653800000000047,17.963799999999992,14.04379999999992,24.373799999999846,6.409999999999968,10.329999999999927,0.8697576232945003,0.6799620408835123,1.1801121343287817,0.31035451103428685,0.5001500934452694
United Kingdom,UK,2026-04,2026-04-06,uk__standard_employee_scotland,"Royaume-Uni · salarié standard, Écosse","United Kingdom · standard employee, Scotland",1.12,2313.2256,101.26,284.48,89.66,53.8,190.92,338.28,0.0825341030291209,0.14623735791269127,2122.3056,12570.0,14112.82,231.91,1890.3956,2651.5056,529.2,761.11,1.249351460034785,1.4026194305572868,20.653800000000047,17.97380000000021,14.043800000000147,24.363800000000083,6.3900000000001,10.32000000000005,0.8702417956986206,0.6799620408835234,1.1796279619246834,0.3093861662260739,0.49966592104116564
United Kingdom,UK,2026-04,2026-04-06,uk__standard_employee_scotland,"Royaume-Uni · salarié standard, Écosse","United Kingdom · standard employee, Scotland",1.13,2333.8794,102.91,287.58,90.69,54.42,193.6,342.0,0.08295201542976043,0.14653713469513466,2140.2794,12570.0,14348.23,235.83,1904.4494,2675.8794,535.6,771.43,1.2502477013047921,1.405067207351374,20.653799999999592,17.973799999999756,14.05379999999991,24.373799999999846,6.399999999999977,10.319999999999936,0.8702417956986177,0.6804462132876365,1.1801121343288077,0.3098703386301845,0.49966592104117113
United Kingdom,UK,2026-04,2026-04-06,uk__standard_employee_scotland,"Royaume-Uni · salarié standard, Écosse","United Kingdom · standard employee, Scotland",1.14,2354.5332,104.56,290.68,91.73,55.04,196.29,345.72,0.08336684316024935,0.14683165223578076,2158.2432,12570.0,14583.64,239.76,1918.4832,2700.2532,542.01,781.77,1.2511348118692094,1.4074937950981277,20.653800000000047,17.963799999999992,14.033799999999928,24.3738000000003,6.409999999999968,10.340000000000032,0.8697576232945003,0.6794778684794032,1.1801121343288037,0.31035451103428685,0.5006342658493841
United Kingdom,UK,2026-04,2026-04-06,uk__standard_employee_scotland,"Royaume-Uni · salarié standard, Écosse","United Kingdom · standard employee, Scotland",1.15,2375.187,106.22,293.78,92.76,55.66,198.98,349.44,0.08377445649542542,0.1471210477322417,2176.207,12570.0,14819.17,243.68,1932.527,2724.627,548.42,792.1,1.2520072768812893,1.4098778438800597,20.653800000000047,17.963799999999992,14.043800000000147,24.373799999999846,6.409999999999968,10.330000000000041,0.8697576232945003,0.6799620408835234,1.1801121343287817,0.31035451103428685,0.5001500934452748
United Kingdom,UK,2026-04,2026-04-06,uk__standard_employee_scotland,"Royaume-Uni · salarié standard, Écosse","United Kingdom · standard employee, Scotland",1.16,2395.8408,107.87,296.88,93.79,56.28,201.66,353.16,0.08417086811444234,0.1474054536511775,2194.1808,12570.0,15054.58,247.6,1946.5808,2749.0008,554.82,802.42,1.2528597461066107,1.4122202376597979,20.653800000000047,17.97380000000021,14.05379999999991,24.373799999999846,6.400000000000091,10.319999999999936,0.8702417956986206,0.6804462132876216,1.1801121343287817,0.30987033863018315,0.49966592104116014
United Kingdom,UK,2026-04,2026-04-06,uk__standard_employee_scotland,"Royaume-Uni · salarié standard, Écosse","United Kingdom · standard employee, Scotland",1.17,2416.4946,109.52,299.97,94.82,56.9,204.34,356.87,0.0845605034664675,0.1476808597047972,2212.1546,12570.0,15289.99,251.53,1960.6246,2773.3646,561.21,812.74,1.2536938421934887,1.414531165221532,20.653800000000047,17.973799999999756,14.043800000000147,24.363800000000083,6.389999999999986,10.32000000000005,0.8702417956985986,0.6799620408835234,1.1796279619246834,0.3093861662260684,0.49966592104116564
United Kingdom,UK,2026-04,2026-04-06,uk__standard_employee_scotland,"Royaume-Uni · salarié standard, Écosse","United Kingdom · standard employee, Scotland",1.18,2437.1484,111.17,303.07,95.86,57.51,207.03,360.58,0.08494763798544233,0.14795159785920298,2230.1184,12570.0,15525.51,255.45,1974.6684,2797.7284,567.61,823.06,1.2545201187524395,1.416809222247138,20.653800000000047,17.963799999999992,14.04379999999992,24.363800000000083,6.399999999999977,10.319999999999936,0.8697576232945003,0.6799620408835123,1.1796279619246834,0.30987033863017766,0.49966592104116014
United Kingdom,UK,2026-04,2026-04-06,uk__standard_employee_scotland,"Royaume-Uni · salarié standard, Écosse","United Kingdom · standard employee, Scotland",1.19,2457.8022,112.82,306.17,96.89,58.13,209.71,364.3,0.08532419736624858,0.14822185446819114,2248.0922,12570.0,15760.92,259.38,1988.7122,2822.1022,574.01,833.39,1.2553320544415394,1.4190601334873896,20.653800000000047,17.97380000000021,14.04379999999992,24.373799999999846,6.399999999999977,10.330000000000041,0.8702417956986206,0.6799620408835123,1.1801121343287817,0.30987033863017766,0.5001500934452748
United Kingdom,UK,2026-04,2026-04-06,uk__standard_employee_scotland,"Royaume-Uni · salarié standard, Écosse","United Kingdom · standard employee, Scotland",1.2,2478.456,114.48,309.27,97.92,58.75,212.4,368.02,0.085698515527409,0.1484876068003628,2266.056,12570.0,15996.44,263.3,2002.756,2846.476,580.42,843.72,1.2561366532865914,1.421279476880858,20.653800000000047,17.963799999999992,14.043800000000147,24.3738000000003,6.409999999999968,10.330000000000041,0.8697576232945003,0.6799620408835234,1.1801121343288037,0.31035451103428685,0.5001500934452748
United Kingdom,UK,2026-04,2026-04-06,uk__standard_employee_scotland,"Royaume-Uni · salarié standard, Écosse","United Kingdom · standard employee, Scotland",1.21,2499.1098,116.13,312.37,98.96,59.37,215.09,371.74,0.08606664661152541,0.1487489665320027,2284.0198,12570.0,16231.85,267.23,2016.7898,2870.8498,586.83,854.06,1.256928595802891,1.4234749699745606,20.653800000000047,17.963799999999992,14.033799999999928,24.373799999999846,6.410000000000082,10.339999999999918,0.8697576232945003,0.6794778684794032,1.1801121343287817,0.31035451103429235,0.5006342658493785
United Kingdom,UK,2026-04,2026-04-06,uk__standard_employee_scotland,"Royaume-Uni · salarié standard, Écosse","United Kingdom · standard employee, Scotland",1.22,2519.7636,117.78,315.46,99.99,59.99,217.77,375.45,0.08642477413357347,0.14900207305161484,2301.9936,12570.0,16467.26,271.15,2030.8436,2895.2136,593.22,864.37,1.2576983706644536,1.4256211556616176,20.653800000000047,17.973799999999756,14.05379999999991,24.363800000000083,6.389999999999986,10.31000000000006,0.8702417956985986,0.6804462132876216,1.1796279619246834,0.3093861662260684,0.49918174863705644
United Kingdom,UK,2026-04,2026-04-06,uk__standard_employee_scotland,"Royaume-Uni · salarié standard, Écosse","United Kingdom · standard employee, Scotland",1.23,2540.4174,119.43,318.56,101.02,60.61,220.45,379.17,0.0867770784438809,0.14925500037907155,2319.9674,12570.0,16702.79,275.07,2044.8974,2919.5874,599.62,874.69,1.2584605283677692,1.4277427317380322,20.653799999999592,17.97380000000021,14.053800000000138,24.373799999999846,6.399999999999977,10.32000000000005,0.8702417956986397,0.6804462132876475,1.1801121343288077,0.3098703386301845,0.49966592104117663
United Kingdom,UK,2026-04,2026-04-06,uk__standard_employee_scotland,"Royaume-Uni · salarié standard, Écosse","United Kingdom · standard employee, Scotland",1.24,2561.0712,121.09,321.66,102.05,61.23,223.14,382.89,0.0871276050427649,0.1495038482335048,2337.9312,12570.0,16938.2,279.0,2058.9312,2943.9612,606.03,885.03,1.2592163533298155,1.4298492343988958,20.653800000000047,17.963799999999992,14.033799999999928,24.3738000000003,6.409999999999968,10.339999999999918,0.8697576232945003,0.6794778684794032,1.1801121343288037,0.31035451103428685,0.5006342658493785
United Kingdom,UK,2026-04,2026-04-06,uk__standard_employee_scotland,"Royaume-Uni · salarié standard, Écosse","United Kingdom · standard employee, Scotland",1.25,2581.725,122.74,324.76,103.09,61.85,225.83,386.61,0.08747252321606676,0.14974871452226707,2355.895,12570.0,17173.72,283.1,2072.795,2968.335,612.44,895.54,1.2599606518966253,1.4320446546812395,20.653800000000047,17.963799999999992,13.863800000000083,24.373799999999846,6.410000000000082,10.509999999999991,0.8697576232945003,0.6712469376095465,1.1801121343287817,0.31035451103429235,0.5088651967192462
United Kingdom,UK,2026-04,2026-04-06,uk__standard_employee_scotland,"Royaume-Uni · salarié standard, Écosse","United Kingdom · standard employee, Scotland",1.26,2602.3788,124.39,327.86,104.12,62.47,228.51,390.33,0.08780812385960107,0.1499896940445411,2373.8688,12570.0,17409.13,287.22,2086.6488,2992.7088,618.84,906.06,1.260688375027297,1.4342177754109844,20.653800000000047,17.97380000000021,13.853799999999865,24.373799999999846,6.399999999999977,10.519999999999982,0.8702417956986206,0.6707627652054263,1.1801121343287817,0.30987033863017766,0.5093493691233554
United Kingdom,UK,2026-04,2026-04-06,uk__standard_employee_scotland,"Royaume-Uni · salarié standard, Écosse","United Kingdom · standard employee, Scotland",1.27,2623.0326,126.04,330.95,105.15,63.09,231.19,394.04,0.08813843945363088,0.1502230662325737,2391.8426,12570.0,17644.54,291.34,2100.5026,3017.0726,625.23,916.57,1.2614009801481085,1.436357469874115,20.653800000000047,17.973799999999756,13.853799999999865,24.363800000000083,6.389999999999986,10.510000000000105,0.8702417956985986,0.6707627652054263,1.1796279619246834,0.3093861662260684,0.5088651967192517
United Kingdom,UK,2026-04,2026-04-06,uk__standard_employee_scotland,"Royaume-Uni · salarié standard, Écosse","United Kingdom · standard employee, Scotland",1.28,2643.6864,127.7,334.05,106.18,63.71,233.88,397.76,0.08846737646341109,0.1504565745770754,2409.8064,12570.0,17880.07,295.47,2114.3364,3041.4464,631.64,927.11,1.2621123423026845,1.4384874611249183,20.653800000000047,17.963799999999992,13.833800000000338,24.373799999999846,6.409999999999968,10.539999999999964,0.8697576232945003,0.6697944203972299,1.1801121343287817,0.31035451103428685,0.5103177139315739
United Kingdom,UK,2026-04,2026-04-06,uk__standard_employee_scotland,"Royaume-Uni · salarié standard, Écosse","United Kingdom · standard employee, Scotland",1.29,2664.3402,129.35,337.15,107.22,64.33,236.57,401.48,0.08879121367459004,0.1506864626371662,2427.7702,12570.0,18115.48,299.59,2128.1802,3065.8202,638.05,937.64,1.262813177293304,1.4405829919853594,20.653800000000047,17.963799999999992,13.843799999999646,24.3738000000003,6.409999999999968,10.529999999999973,0.8697576232945003,0.6702785928013061,1.1801121343288037,0.31035451103428685,0.5098335415274646
United Kingdom,UK,2026-04,2026-04-06,uk__standard_employee_scotland,"Royaume-Uni · salarié standard, Écosse","United Kingdom · standard employee, Scotland",1.3,2684.994,131.0,340.25,108.25,64.95,239.25,405.2,0.08910634437171926,0.15091281395787104,2445.744,12570.0,18350.89,303.71,2142.034,3090.194,644.45,948.16,1.2634985509521846,1.4426447012512404,20.653800000000047,17.97380000000021,13.85380000000032,24.373799999999846,6.400000000000091,10.519999999999982,0.8702417956986206,0.6707627652054483,1.1801121343287817,0.30987033863018315,0.5093493691233554
United Kingdom,UK,2026-04,2026-04-06,uk__standard_employee_scotland,"Royaume-Uni · salarié standard, Écosse","United Kingdom · standard employee, Scotland",1.31,2705.6478,132.65,343.35,109.28,65.57,241.93,408.92,0.08941666391316712,0.15113570953322158,2463.7178,12570.0,18586.41,307.83,2155.8878,3114.5678,650.85,958.68,1.264173924464888,1.4446799133053212,20.653800000000047,17.973799999999756,13.853799999999865,24.373799999999846,6.399999999999977,10.519999999999982,0.8702417956985986,0.6707627652054263,1.1801121343287817,0.30987033863017766,0.5093493691233554
United Kingdom,UK,2026-04,2026-04-06,uk__standard_employee_scotland,"Royaume-Uni · salarié standard, Écosse","United Kingdom · standard employee, Scotland",1.32,2726.3016,134.3,346.45,110.32,66.19,244.62,412.64,0.0897259496161393,0.15135522790288497,2481.6816,12570.0,18821.82,311.95,2169.7316,3138.9416,657.26,969.21,1.2648446118148273,1.4466958032965918,20.653799999999592,17.963799999999992,13.843800000000101,24.3738000000003,6.409999999999968,10.530000000000086,0.8697576232945196,0.6702785928013428,1.1801121343288297,0.3103545110342937,0.5098335415274814
United Kingdom,UK,2026-04,2026-04-06,uk__standard_employee_scotland,"Royaume-Uni · salarié standard, Écosse","United Kingdom · standard employee, Scotland",1.33,2746.9554,135.96,349.54,111.35,66.81,247.31,416.35,0.09003058440628485,0.1515678048504173,2499.6454,12570.0,19057.34,316.07,2183.5754,3163.3054,663.66,979.73,1.2655016587552776,1.4486815522834704,20.653800000000047,17.963799999999992,13.843800000000101,24.363800000000083,6.399999999999977,10.519999999999982,0.8697576232945003,0.6702785928013281,1.1796279619246834,0.30987033863017766,0.5093493691233554
United Kingdom,UK,2026-04,2026-04-06,uk__standard_employee_scotland,"Royaume-Uni · salarié standard, Écosse","United Kingdom · standard employee, Scotland",1.34,2767.6092,137.61,352.64,112.38,67.43,249.99,420.07,0.09032705918162144,0.15178082223458425,2517.6192,12570.0,19292.75,320.19,2197.4292,3187.6792,670.06,990.25,1.2661482721453667,1.4506402299559868,20.653800000000047,17.97380000000021,13.853799999999865,24.373799999999846,6.399999999999977,10.519999999999982,0.8702417956986206,0.6707627652054263,1.1801121343287817,0.30987033863017766,0.5093493691233554
United Kingdom,UK,2026-04,2026-04-06,uk__standard_employee_scotland,"Royaume-Uni · salarié standard, Écosse","United Kingdom · standard employee, Scotland",1.35,2788.263,139.26,355.74,113.41,68.05,252.67,423.79,0.09061914173806415,0.15199068380565248,2535.593,12570.0,19528.16,324.31,2211.283,3212.053,676.46,1000.77,1.2667857183704168,1.452574365198846,20.653800000000047,17.973799999999756,13.853799999999865,24.373799999999846,6.400000000000091,10.519999999999982,0.8702417956985986,0.6707627652054263,1.1801121343287817,0.30987033863018315,0.5093493691233554
United Kingdom,UK,2026-04,2026-04-06,uk__standard_employee_scotland,"Royaume-Uni · salarié standard, Écosse","United Kingdom · standard employee, Scotland",1.36,2808.9168,140.91,358.84,114.45,68.67,255.36,427.51,0.09091048905400116,0.15219745917714614,2553.5568,12570.0,19763.69,328.43,2225.1268,3236.4268,682.87,1011.3,1.2674191543340645,1.4544909530549,20.653800000000047,17.963799999999992,13.843800000000101,24.3738000000003,6.409999999999968,10.529999999999973,0.8697576232945003,0.6702785928013281,1.1801121343288037,0.31035451103428685,0.5098335415274646
United Kingdom,UK,2026-04,2026-04-06,uk__standard_employee_scotland,"Royaume-Uni · salarié standard, Écosse","United Kingdom · standard employee, Scotland",1.37,2829.5706,142.57,361.94,115.48,69.29,258.05,431.23,0.09119758312445003,0.15240121593007785,2571.5206,12570.0,19999.1,332.55,2238.9706,3260.8006,689.28,1021.83,1.2680437403456928,1.4563838399664562,20.653800000000047,17.963799999999992,13.843800000000101,24.373799999999846,6.409999999999968,10.530000000000086,0.8697576232945003,0.6702785928013281,1.1801121343287817,0.31035451103428685,0.5098335415274702
United Kingdom,UK,2026-04,2026-04-06,uk__standard_employee_scotland,"Royaume-Uni · salarié standard, Écosse","United Kingdom · standard employee, Scotland",1.38,2850.2244,144.22,365.03,116.51,69.91,260.73,434.94,0.09147700791558729,0.1525985111909083,2589.4944,12570.0,20234.51,336.67,2252.8244,3285.1644,695.67,1032.34,1.2686508995732912,1.4582425509950976,20.653800000000047,17.97380000000021,13.853799999999865,24.363800000000083,6.389999999999986,10.509999999999877,0.8702417956986206,0.6707627652054263,1.1796279619246834,0.3093861662260684,0.5088651967192407
United Kingdom,UK,2026-04,2026-04-06,uk__standard_employee_scotland,"Royaume-Uni · salarié standard, Écosse","United Kingdom · standard employee, Scotland",1.39,2870.8782,145.87,368.13,117.54,70.53,263.41,438.66,0.09175241220613262,0.15279645092571323,2607.4682,12570.0,20470.03,340.79,2266.6782,3309.5382,702.07,1042.86,1.2692535233986746,1.4600829531073267,20.653800000000047,17.973799999999756,13.853799999999865,24.373799999999846,6.400000000000091,10.519999999999982,0.8702417956985986,0.6707627652054263,1.1801121343287817,0.30987033863018315,0.5093493691233554
United Kingdom,UK,2026-04,2026-04-06,uk__standard_employee_scotland,"Royaume-Uni · salarié standard, Écosse","United Kingdom · standard employee, Scotland",1.4,2891.532,147.52,371.23,118.58,71.15,266.1,442.38,0.09202734052398522,0.15299156295002095,2625.432,12570.0,20705.44,344.91,2280.522,3333.912,708.48,1053.39,1.2698527328074007,1.461907405409814,20.653800000000047,17.963799999999992,13.843800000000101,24.373799999999846,6.409999999999968,10.5300000000002,0.8697576232945003,0.6702785928013281,1.1801121343287817,0.31035451103428685,0.5098335415274756
United Kingdom,UK,2026-04,2026-04-06,uk__standard_employee_scotland,"Royaume-Uni · salarié standard, Écosse","United Kingdom · standard employee, Scotland",1.41,2912.1858,149.18,374.33,119.61,71.77,268.79,446.1,0.09229836914938601,0.15318390742788457,2643.3958,12570.0,20940.97,349.03,2294.3658,3358.2858,714.89,1063.92,1.2704437980872936,1.4637098408632134,20.653800000000047,17.963799999999992,13.843800000000101,24.3738000000003,6.409999999999968,10.529999999999973,0.8697576232945003,0.6702785928013281,1.1801121343288037,0.31035451103428685,0.5098335415274646
United Kingdom,UK,2026-04,2026-04-06,uk__standard_employee_scotland,"Royaume-Uni · salarié standard, Écosse","United Kingdom · standard employee, Scotland",1.42,2932.8396,150.83,377.43,120.64,72.39,271.47,449.82,0.09256217080538603,0.1533735428285952,2661.3696,12570.0,21176.38,353.15,2308.2196,3382.6596,721.29,1074.44,1.2710221083159587,1.465484306605836,20.653799999999592,17.97380000000021,13.853799999999865,24.373799999999846,6.399999999999977,10.519999999999982,0.8702417956986397,0.6707627652054411,1.1801121343288077,0.3098703386301845,0.5093493691233666
United Kingdom,UK,2026-04,2026-04-06,uk__standard_employee_scotland,"Royaume-Uni · salarié standard, Écosse","United Kingdom · standard employee, Scotland",1.43,2953.4934,152.48,380.52,121.67,73.01,274.15,453.53,0.09282228292773567,0.15355714016493147,2679.3434,12570.0,21411.79,357.27,2322.0734,3407.0234,727.68,1084.95,1.2715889273469017,1.4672332924532017,20.653800000000047,17.97380000000021,13.85380000000032,24.363800000000083,6.389999999999986,10.509999999999991,0.8702417956986206,0.6707627652054483,1.1796279619246834,0.3093861662260684,0.5088651967192462
United Kingdom,UK,2026-04,2026-04-06,uk__standard_employee_scotland,"Royaume-Uni · salarié standard, Écosse","United Kingdom · standard employee, Scotland",1.44,2974.1472,154.13,383.62,122.71,73.62,276.84,457.24,0.09308214469008123,0.15373818753826307,2697.3072,12570.0,21647.31,361.39,2335.9172,3431.3872,734.08,1095.47,1.272152908649041,1.468967821290926,20.653800000000047,17.963799999999992,13.843799999999646,24.363800000000083,6.400000000000091,10.519999999999982,0.8697576232945003,0.6702785928013061,1.1796279619246834,0.30987033863018315,0.5093493691233554
United Kingdom,UK,2026-04,2026-04-06,uk__standard_employee_scotland,"Royaume-Uni · salarié standard, Écosse","United Kingdom · standard employee, Scotland",1.45,2994.801,155.78,386.72,123.74,74.24,279.52,460.96,0.09333508303222818,0.15392007682647363,2715.281,12570.0,21882.72,365.51,2349.771,3455.761,740.48,1105.99,1.272708423179774,1.470679908808135,20.653800000000047,17.973799999999756,13.85380000000032,24.373799999999846,6.399999999999977,10.519999999999982,0.8702417956985986,0.6707627652054483,1.1801121343287817,0.30987033863017766,0.5093493691233554
United Kingdom,UK,2026-04,2026-04-06,uk__standard_employee_scotland,"Royaume-Uni · salarié standard, Écosse","United Kingdom · standard employee, Scotland",1.46,3015.4548,157.44,389.82,124.77,74.86,282.21,464.68,0.0935878727149218,0.15409947448059907,2733.2448,12570.0,22118.13,369.63,2363.6148,3480.1348,746.89,1116.52,1.2732612900242233,1.4723781556960973,20.653800000000047,17.963799999999992,13.843799999999646,24.373799999999846,6.409999999999968,10.529999999999973,0.8697576232945003,0.6702785928013061,1.1801121343287817,0.31035451103428685,0.5098335415274646
United Kingdom,UK,2026-04,2026-04-06,uk__standard_employee_scotland,"Royaume-Uni · salarié standard, Écosse","United Kingdom · standard employee, Scotland",1.47,3036.1086,159.09,392.92,125.81,75.48,284.9,468.4,0.09383722308220463,0.15427643135031469,2751.2086,12570.0,22353.65,373.75,2377.4586,3504.5086,753.3,1127.05,1.2738069370675855,1.4740566250028497,20.653800000000047,17.963799999999992,13.843800000000101,24.3738000000003,6.409999999999968,10.529999999999973,0.8697576232945003,0.6702785928013281,1.1801121343288037,0.31035451103428685,0.5098335415274646
United Kingdom,UK,2026-04,2026-04-06,uk__standard_employee_scotland,"Royaume-Uni · salarié standard, Écosse","United Kingdom · standard employee, Scotland",1.48,3056.7624,160.74,396.01,126.84,76.1,287.58,472.11,0.0940799324147667,0.15444772547581717,2769.1824,12570.0,22589.06,377.87,2391.3124,3528.8724,759.69,1137.56,1.2743372917580293,1.4757053072614017,20.653800000000047,17.97380000000021,13.853799999999865,24.363800000000083,6.3900000000001,10.509999999999991,0.8702417956986206,0.6707627652054263,1.1796279619246834,0.3093861662260739,0.5088651967192462
United Kingdom,UK,2026-04,2026-04-06,uk__standard_employee_scotland,"Royaume-Uni · salarié standard, Écosse","United Kingdom · standard employee, Scotland",1.49,3077.4162,162.39,399.11,127.87,76.72,290.26,475.83,0.09431938390393863,0.1546199698305351,2787.1562,12570.0,22824.59,381.99,2405.1662,3553.2462,766.09,1148.08,1.2748643940371909,1.4773391543586465,20.653800000000047,17.973799999999756,13.85380000000032,24.373799999999846,6.399999999999977,10.519999999999982,0.8702417956985986,0.6707627652054483,1.1801121343287817,0.30987033863017766,0.5093493691233554
United Kingdom,UK,2026-04,2026-04-06,uk__standard_employee_scotland,"Royaume-Uni · salarié standard, Écosse","United Kingdom · standard employee, Scotland",1.5,3098.07,164.05,402.21,128.9,77.34,292.95,479.55,0.0945588705226157,0.1547899175938568,2805.12,12570.0,23060.0,386.11,2419.01,3577.62,772.5,1158.61,1.2753892881587954,1.4789604011558448,20.653800000000047,17.963799999999992,13.843800000000101,24.373799999999846,6.409999999999968,10.529999999999973,0.8697576232945003,0.6702785928013281,1.1801121343287817,0.31035451103428685,0.5098335415274646
United Kingdom,UK,2026-04,2026-04-06,uk__standard_employee_scotland,"Royaume-Uni · salarié standard, Écosse","United Kingdom · standard employee, Scotland",1.51,3118.7238,165.7,405.31,129.94,77.96,295.64,483.27,0.09479518513309834,0.1549576143934259,2823.0838,12570.0,23295.41,390.23,2432.8538,3601.9938,778.91,1169.14,1.2759075022852668,1.4805631970157844,20.653800000000047,17.963799999999992,13.843799999999646,24.3738000000003,6.409999999999968,10.5300000000002,0.8697576232945003,0.6702785928013061,1.1801121343288037,0.31035451103428685,0.5098335415274756
United Kingdom,UK,2026-04,2026-04-06,uk__standard_employee_scotland,"Royaume-Uni · salarié standard, Écosse","United Kingdom · standard employee, Scotland",1.52,3139.3776,167.35,408.41,130.97,78.58,298.32,486.99,0.09502520499604761,0.15512310465615858,2841.0576,12570.0,23530.93,394.36,2446.6976,3626.3676,785.31,1179.67,1.2764146703678236,1.4821478551333849,20.653799999999592,17.97380000000021,13.843800000000101,24.373799999999846,6.399999999999977,10.529999999999973,0.8702417956986397,0.6702785928013428,1.1801121343288077,0.3098703386301845,0.5098335415274758
United Kingdom,UK,2026-04,2026-04-06,uk__standard_employee_scotland,"Royaume-Uni · salarié standard, Écosse","United Kingdom · standard employee, Scotland",1.53,3160.0314,169.0,411.5,132.0,79.2,301.0,490.7,0.09525221806340278,0.1552832671219659,2859.0314,12570.0,23766.34,398.48,2460.5514,3650.7314,791.7,1190.18,1.2769119639609414,1.4837045875164403,20.653800000000047,17.973799999999756,13.853799999999865,24.363800000000083,6.3900000000001,10.509999999999991,0.8702417956985986,0.6707627652054263,1.1796279619246834,0.3093861662260739,0.5088651967192462
United Kingdom,UK,2026-04,2026-04-06,uk__standard_employee_scotland,"Royaume-Uni · salarié standard, Écosse","United Kingdom · standard employee, Scotland",1.54,3180.6852,170.66,414.6,133.03,79.82,303.69,494.42,0.09547942688575405,0.15544449353239986,2876.9952,12570.0,24001.87,402.6,2474.3952,3675.1052,798.11,1200.71,1.2774109598792518,1.4852539319507247,20.653800000000047,17.963799999999992,13.843800000000101,24.373799999999846,6.409999999999968,10.529999999999973,0.8697576232945003,0.6702785928013281,1.1801121343287817,0.31035451103428685,0.5098335415274646
United Kingdom,UK,2026-04,2026-04-06,uk__standard_employee_scotland,"Royaume-Uni · salarié standard, Écosse","United Kingdom · standard employee, Scotland",1.55,3201.339,172.31,417.7,134.07,80.44,306.38,498.14,0.09570370398136528,0.155603639602054,2894.959,12570.0,24237.28,406.72,2488.239,3699.479,804.52,1211.24,1.277903763058475,1.4867860362288348,20.653800000000047,17.963799999999992,13.843800000000101,24.373799999999846,6.409999999999968,10.529999999999973,0.8697576232945003,0.6702785928013281,1.1801121343287817,0.31035451103428685,0.5098335415274646
United Kingdom,UK,2026-04,2026-04-06,uk__standard_employee_scotland,"Royaume-Uni · salarié standard, Écosse","United Kingdom · standard employee, Scotland",1.56,3221.9928,173.96,420.8,135.1,81.06,309.06,501.86,0.09592200206033978,0.1557607453374818,2912.9328,12570.0,24472.69,410.84,2502.0928,3723.8528,810.92,1221.76,1.2783860993978302,1.4882952382901227,20.653800000000047,17.97380000000021,13.853799999999865,24.3738000000003,6.399999999999977,10.519999999999982,0.8702417956986206,0.6707627652054263,1.1801121343288037,0.30987033863017766,0.5093493691233554
United Kingdom,UK,2026-04,2026-04-06,uk__standard_employee_scotland,"Royaume-Uni · salarié standard, Écosse","United Kingdom · standard employee, Scotland",1.57,3242.6466,175.61,423.9,136.13,81.68,311.74,505.58,0.09613751927206621,0.15591584972596148,2930.9066,12570.0,24708.21,414.96,2515.9466,3748.2266,817.32,1232.28,1.2788625198769554,1.489787819820977,20.653800000000047,17.973799999999756,13.85380000000032,24.373799999999846,6.400000000000091,10.519999999999982,0.8702417956985986,0.6707627652054483,1.1801121343287817,0.30987033863018315,0.5093493691233554
United Kingdom,UK,2026-04,2026-04-06,uk__standard_employee_scotland,"Royaume-Uni · salarié standard, Écosse","United Kingdom · standard employee, Scotland",1.58,3263.3004,177.26,427.0,137.17,82.3,314.43,509.3,0.09635337280012587,0.15606899076775155,2948.8704,12570.0,24943.62,419.08,2529.7904,3772.6004,823.73,1242.81,1.2793374710533225,1.491269948688239,20.653800000000047,17.963799999999992,13.843799999999646,24.373799999999846,6.409999999999968,10.529999999999973,0.8697576232945003,0.6702785928013061,1.1801121343287817,0.31035451103428685,0.5098335415274646
United Kingdom,UK,2026-04,2026-04-06,uk__standard_employee_scotland,"Royaume-Uni · salarié standard, Écosse","United Kingdom · standard employee, Scotland",1.59,3283.9542,178.92,430.09,138.2,82.92,317.12,513.01,0.09656651118946787,0.15621716039766936,2966.8342,12570.0,25179.03,423.2,2543.6342,3796.9642,830.13,1253.33,1.2798033000967832,1.4927320131172948,20.653800000000047,17.963799999999992,13.843800000000101,24.363800000000083,6.399999999999977,10.519999999999982,0.8697576232945003,0.6702785928013281,1.1796279619246834,0.30987033863017766,0.5093493691233554
United Kingdom,UK,2026-04,2026-04-06,uk__standard_employee_scotland,"Royaume-Uni · salarié standard, Écosse","United Kingdom · standard employee, Scotland",1.6,3304.608,180.57,433.19,139.23,83.54,319.8,516.73,0.09677395927141735,0.1563665039847389,2984.808,12570.0,25414.55,427.32,2557.488,3821.338,836.53,1263.85,1.2802625830539185,1.4941763167608217,20.653800000000047,17.97380000000021,13.853799999999865,24.3738000000003,6.399999999999977,10.519999999999982,0.8702417956986206,0.6707627652054263,1.1801121343288037,0.30987033863017766,0.5093493691233554
United Kingdom,UK,2026-04,2026-04-06,uk__standard_employee_scotland,"Royaume-Uni · salarié standard, Écosse","United Kingdom · standard employee, Scotland",1.61,3325.2618,182.22,436.29,140.26,84.16,322.48,520.45,0.09697883035856004,0.15651399237196903,3002.7818,12570.0,25649.96,431.44,2571.3418,3845.7118,842.93,1274.37,1.280716367736077,1.495605057250654,20.653800000000047,17.97380000000021,13.85380000000032,24.373799999999846,6.399999999999977,10.519999999999982,0.8702417956986206,0.6707627652054483,1.1801121343287817,0.30987033863017766,0.5093493691233554
United Kingdom,UK,2026-04,2026-04-06,uk__standard_employee_scotland,"Royaume-Uni · salarié standard, Écosse","United Kingdom · standard employee, Scotland",1.62,3345.9156,183.87,439.39,141.3,84.78,325.17,524.17,0.09718416089156583,0.15665965991491235,3020.7456,12570.0,25885.49,435.56,2585.1856,3870.0856,849.34,1284.9,1.281168993509417,1.4970242755491134,20.653799999999592,17.963799999999992,13.843799999999646,24.373799999999846,6.410000000000082,10.5300000000002,0.8697576232945196,0.6702785928013208,1.1801121343288077,0.3103545110342992,0.5098335415274868
United Kingdom,UK,2026-04,2026-04-06,uk__standard_employee_scotland,"Royaume-Uni · salarié standard, Écosse","United Kingdom · standard employee, Scotland",1.63,3366.5694,185.53,442.49,142.33,85.4,327.86,527.89,0.0973869720315286,0.15680354012604047,3038.7094,12570.0,26120.9,439.68,2599.0294,3894.4594,855.75,1295.43,1.2816162677484066,1.4984283748386993,20.653800000000047,17.963799999999992,13.843800000000101,24.3738000000003,6.409999999999968,10.529999999999973,0.8697576232945003,0.6702785928013281,1.1801121343288037,0.31035451103428685,0.5098335415274646
United Kingdom,UK,2026-04,2026-04-06,uk__standard_employee_scotland,"Royaume-Uni · salarié standard, Écosse","United Kingdom · standard employee, Scotland",1.64,3387.2232,187.18,445.58,143.36,86.02,330.54,531.6,0.0975843575941497,0.15694271342969074,3056.6832,12570.0,26356.31,443.8,2612.8832,3918.8232,862.14,1305.94,1.2820508190053845,1.4998080281583195,20.653800000000047,17.973799999999756,13.85380000000032,24.363799999999628,6.389999999999986,10.509999999999991,0.8702417956985986,0.6707627652054483,1.1796279619246615,0.3093861662260684,0.5088651967192462
United Kingdom,UK,2026-04,2026-04-06,uk__standard_employee_scotland,"Royaume-Uni · salarié standard, Écosse","United Kingdom · standard employee, Scotland",1.65,3407.877,188.83,448.68,144.39,86.64,333.22,535.32,0.09777935060449659,0.15708313416241257,3074.657,12570.0,26591.83,447.92,2626.737,3943.197,868.54,1316.46,1.2824835420666436,1.5011769354906868,20.653800000000047,17.97380000000021,13.853799999999865,24.3738000000003,6.399999999999977,10.519999999999982,0.8702417956986206,0.6707627652054263,1.1801121343288037,0.30987033863017766,0.5093493691233554
United Kingdom,UK,2026-04,2026-04-06,uk__standard_employee_scotland,"Royaume-Uni · salarié standard, Écosse","United Kingdom · standard employee, Scotland",1.66,3428.5308,190.48,451.78,145.43,87.26,335.91,539.04,0.09797491100269537,0.15722186307907748,3092.6208,12570.0,26827.24,452.04,2640.5808,3967.5708,874.95,1326.99,1.282915383612501,1.502537169095526,20.653800000000047,17.963799999999992,13.843800000000101,24.373799999999846,6.410000000000082,10.529999999999973,0.8697576232945003,0.6702785928013281,1.1801121343287817,0.31035451103429235,0.5098335415274646
United Kingdom,UK,2026-04,2026-04-06,uk__standard_employee_scotland,"Royaume-Uni · salarié standard, Écosse","United Kingdom · standard employee, Scotland",1.67,3449.1846,192.13,454.88,146.46,87.88,338.59,542.76,0.09816523012424444,0.15735893057159075,3110.5946,12570.0,27062.65,456.16,2654.4346,3991.9446,881.35,1337.51,1.2833381116266325,1.5038775489138063,20.653800000000047,17.973799999999756,13.853799999999865,24.373799999999846,6.399999999999977,10.519999999999982,0.8702417956985986,0.6707627652054263,1.1801121343287817,0.30987033863017766,0.5093493691233554
United Kingdom,UK,2026-04,2026-04-06,uk__standard_employee_scotland,"Royaume-Uni · salarié standard, Écosse","United Kingdom · standard employee, Scotland",1.68,3469.8384,193.79,457.98,147.49,88.5,341.28,546.48,0.09835616552056141,0.15749436630824076,3128.5584,12570.0,27298.18,460.28,2668.2784,4016.3184,887.76,1348.04,1.2837600857954259,1.5052096512867623,20.653800000000047,17.963799999999992,13.843800000000101,24.3738000000003,6.409999999999968,10.529999999999973,0.8697576232945003,0.6702785928013281,1.1801121343288037,0.31035451103428685,0.5098335415274646
United Kingdom,UK,2026-04,2026-04-06,uk__standard_employee_scotland,"Royaume-Uni · salarié standard, Écosse","United Kingdom · standard employee, Scotland",1.69,3490.4922,195.44,461.07,148.52,89.12,343.96,550.19,0.09854197640092134,0.15762533432963982,3146.5322,12570.0,27533.59,464.4,2682.1322,4040.6822,894.15,1358.55,1.2841699824333594,1.5065186570594844,20.653800000000047,17.97380000000021,13.853799999999865,24.363800000000083,6.389999999999986,10.509999999999991,0.8702417956986206,0.6707627652054263,1.1796279619246834,0.3093861662260684,0.5088651967192462
United Kingdom,UK,2026-04,2026-04-06,uk__standard_employee_scotland,"Royaume-Uni · salarié standard, Écosse","United Kingdom · standard employee, Scotland",1.7,3511.146,197.09,464.17,149.56,89.73,346.65,553.9,0.09872844934388941,0.1577547615507871,3164.496,12570.0,27769.11,468.52,2695.976,4065.046,900.55,1369.07,1.284579282135291,1.507819802550171,20.653800000000047,17.963799999999992,13.843800000000101,24.363799999999628,6.399999999999977,10.519999999999982,0.8697576232945003,0.6702785928013281,1.1796279619246615,0.30987033863017766,0.5093493691233554
United Kingdom,UK,2026-04,2026-04-06,uk__standard_employee_scotland,"Royaume-Uni · salarié standard, Écosse","United Kingdom · standard employee, Scotland",1.71,3531.7998,198.74,467.27,150.59,90.35,349.33,557.62,0.09890990989919644,0.15788550642083393,3182.4698,12570.0,28004.52,472.64,2709.8298,4089.4198,906.95,1379.59,1.2849830656680543,1.5091057748350096,20.653799999999592,17.973799999999756,13.853799999999865,24.3738000000003,6.400000000000091,10.519999999999982,0.8702417956986177,0.6707627652054411,1.1801121343288297,0.30987033863019,0.5093493691233666
United Kingdom,UK,2026-04,2026-04-06,uk__standard_employee_scotland,"Royaume-Uni · salarié standard, Écosse","United Kingdom · standard employee, Scotland",1.72,3552.4536,200.4,470.37,151.62,90.97,352.02,561.34,0.09909207540388422,0.15801473100169414,3200.4336,12570.0,28239.93,476.76,2723.6736,4113.7936,913.36,1390.12,1.2853863301522643,1.5103842105015814,20.653800000000047,17.963799999999992,13.843800000000101,24.373799999999846,6.409999999999968,10.529999999999973,0.8697576232945003,0.6702785928013281,1.1801121343287817,0.31035451103428685,0.5098335415274646
United Kingdom,UK,2026-04,2026-04-06,uk__standard_employee_scotland,"Royaume-Uni · salarié standard, Écosse","United Kingdom · standard employee, Scotland",1.73,3573.1074,202.05,473.47,152.66,91.59,354.71,565.06,0.09927213494898027,0.15814246165676407,3218.3974,12570.0,28475.45,480.88,2737.5174,4138.1674,919.77,1400.65,1.2857850929161203,1.5116497159068285,20.653800000000047,17.963799999999992,13.843800000000101,24.3738000000003,6.409999999999968,10.5300000000002,0.8697576232945003,0.6702785928013281,1.1801121343288037,0.31035451103428685,0.5098335415274756
United Kingdom,UK,2026-04,2026-04-06,uk__standard_employee_scotland,"Royaume-Uni · salarié standard, Écosse","United Kingdom · standard employee, Scotland",1.74,3593.7612,203.7,476.56,153.69,92.21,357.39,568.77,0.09944734224410903,0.1582659415433613,3236.3712,12570.0,28710.86,485.0,2751.3712,4162.5312,926.16,1411.16,1.2861723649005403,1.5128933529579722,20.653800000000047,17.97380000000021,13.853799999999865,24.363800000000083,6.389999999999986,10.509999999999991,0.8702417956986206,0.6707627652054263,1.1796279619246834,0.3093861662260684,0.5088651967192462
United Kingdom,UK,2026-04,2026-04-06,uk__standard_employee_scotland,"Royaume-Uni · salarié standard, Écosse","United Kingdom · standard employee, Scotland",1.75,3614.415,205.35,479.66,154.72,92.83,360.07,572.49,0.09962054717015063,0.15839077693070663,3254.345,12570.0,28946.39,489.13,2765.215,4186.905,932.56,1421.69,1.2865584318810697,1.514133620713037,20.653800000000047,17.973799999999756,13.843800000000101,24.37379999999939,6.399999999999977,10.529999999999973,0.8702417956985986,0.6702785928013281,1.1801121343287597,0.30987033863017766,0.5098335415274646
United Kingdom,UK,2026-04,2026-04-06,uk__standard_employee_scotland,"Royaume-Uni · salarié standard, Écosse","United Kingdom · standard employee, Scotland",1.76,3635.0688,207.01,482.76,155.75,93.45,362.76,576.21,0.0997945348379651,0.15851419373410486,3272.3088,12570.0,29181.8,493.25,2779.0588,4211.2788,938.97,1432.22,1.286944190597171,1.5153615317531246,20.653800000000047,17.963799999999992,13.843799999999646,24.3738000000003,6.410000000000082,10.529999999999973,0.8697576232945003,0.6702785928013061,1.1801121343288037,0.31035451103429235,0.5098335415274646
United Kingdom,UK,2026-04,2026-04-06,uk__standard_employee_scotland,"Royaume-Uni · salarié standard, Écosse","United Kingdom · standard employee, Scotland",1.77,3655.7226,208.66,485.86,156.79,94.07,365.45,579.93,0.09996655654343138,0.15863621599735167,3290.2726,12570.0,29417.21,497.37,2792.9026,4235.6526,945.38,1442.75,1.2873257370833042,1.5165772698267386,20.653800000000047,17.963799999999992,13.843800000000101,24.3738000000003,6.409999999999968,10.529999999999973,0.8697576232945003,0.6702785928013281,1.1801121343288037,0.31035451103428685,0.5098335415274646
United Kingdom,UK,2026-04,2026-04-06,uk__standard_employee_scotland,"Royaume-Uni · salarié standard, Écosse","United Kingdom · standard employee, Scotland",1.78,3676.3764,210.31,488.96,157.82,94.69,368.13,583.65,0.10013392535106035,0.15875686722393278,3308.2464,12570.0,29652.73,501.49,2806.7564,4260.0264,951.78,1453.27,1.2876992475530238,1.5177756074592008,20.653800000000047,17.97380000000021,13.85380000000032,24.37379999999939,6.399999999999977,10.519999999999982,0.8702417956986206,0.6707627652054483,1.1801121343287597,0.30987033863017766,0.5093493691233554
United Kingdom,UK,2026-04,2026-04-06,uk__standard_employee_scotland,"Royaume-Uni · salarié standard, Écosse","United Kingdom · standard employee, Scotland",1.79,3697.0302,211.96,492.05,158.85,95.31,370.81,587.36,0.10029942411614598,0.15887346551835038,3326.2202,12570.0,29888.14,505.61,2820.6102,4284.3902,958.17,1463.78,1.288065714951764,1.5189586281720173,20.653800000000047,17.97380000000021,13.853799999999865,24.363800000000083,6.389999999999986,10.509999999999991,0.8702417956986206,0.6707627652054263,1.1796279619246834,0.3093861662260684,0.5088651967192462
United Kingdom,UK,2026-04,2026-04-06,uk__standard_employee_scotland,"Royaume-Uni · salarié standard, Écosse","United Kingdom · standard employee, Scotland",1.8,3717.684,213.61,495.15,159.88,95.93,373.49,591.08,0.10046308400606399,0.1589914581228528,3344.194,12570.0,30123.55,509.73,2834.464,4308.764,964.57,1474.3,1.288431233355481,1.5201336125630804,20.653800000000047,17.973799999999756,13.853799999999865,24.3738000000003,6.400000000000091,10.519999999999982,0.8702417956985986,0.6707627652054263,1.1801121343288037,0.30987033863018315,0.5093493691233554
United Kingdom,UK,2026-04,2026-04-06,uk__standard_employee_scotland,"Royaume-Uni · salarié standard, Écosse","United Kingdom · standard employee, Scotland",1.81,3738.3378,215.27,498.25,160.92,96.55,376.19,594.8,0.10063028547072445,0.15910814694167014,3362.1478,12570.0,30359.08,513.85,2848.2978,4333.1378,970.99,1484.84,1.2888005101976778,1.521307849200319,20.653799999999592,17.95380000000023,13.833799999999883,24.3738000000003,6.419999999999959,10.539999999999964,0.8692734508904213,0.6697944203972226,1.1801121343288297,0.31083868343840293,0.5103177139315851
United Kingdom,UK,2026-04,2026-04-06,uk__standard_employee_scotland,"Royaume-Uni · salarié standard, Écosse","United Kingdom · standard employee, Scotland",1.82,3758.9916,216.92,501.35,161.95,97.17,378.87,598.52,0.10079032898078304,0.1592235534657752,3380.1216,12570.0,30594.49,517.97,2862.1516,4357.5116,977.39,1495.36,1.289158236200733,1.5224600961039239,20.653800000000047,17.973799999999756,13.85380000000032,24.37379999999939,6.399999999999977,10.519999999999982,0.8702417956985986,0.6707627652054483,1.1801121343287597,0.30987033863017766,0.5093493691233554
United Kingdom,UK,2026-04,2026-04-06,uk__standard_employee_scotland,"Royaume-Uni · salarié standard, Écosse","United Kingdom · standard employee, Scotland",1.83,3779.6454,218.57,504.45,162.98,97.79,381.55,602.24,0.10094862338144206,0.1593376987163928,3398.0954,12570.0,30830.01,522.09,2876.0054,4381.8854,983.79,1505.88,1.2895121779100138,1.5236012421951641,20.653800000000047,17.97380000000021,13.853799999999865,24.3738000000003,6.399999999999977,10.52000000000021,0.8702417956986206,0.6707627652054263,1.1801121343288037,0.30987033863017766,0.5093493691233665
United Kingdom,UK,2026-04,2026-04-06,uk__standard_employee_scotland,"Royaume-Uni · salarié standard, Écosse","United Kingdom · standard employee, Scotland",1.84,3800.2992,220.22,507.55,164.02,98.41,384.24,605.96,0.10110782856255107,0.15945060325776453,3416.0592,12570.0,31065.42,526.21,2889.8492,4406.2592,990.2,1516.41,1.2898661709375527,1.5247367232864606,20.653800000000047,17.963799999999992,13.843800000000101,24.3738000000003,6.410000000000082,10.529999999999973,0.8697576232945003,0.6702785928013281,1.1801121343288037,0.31035451103429235,0.5098335415274646
United Kingdom,UK,2026-04,2026-04-06,uk__standard_employee_scotland,"Royaume-Uni · salarié standard, Écosse","United Kingdom · standard employee, Scotland",1.85,3820.953,221.88,510.64,165.05,99.03,386.93,609.67,0.10126531260656699,0.15955967006136948,3434.023,12570.0,31300.83,533.98,2900.043,4430.623,996.6,1530.58,1.290213548365867,1.527778381217106,20.653800000000047,17.963799999999992,10.19380000000001,24.363799999999173,6.399999999999977,14.169999999999845,0.8697576232945003,0.49355566530129985,1.1796279619246395,0.30987033863017766,0.6860722966233727
United Kingdom,UK,2026-04,2026-04-06,uk__standard_employee_scotland,"Royaume-Uni · salarié standard, Écosse","United Kingdom · standard employee, Scotland",1.86,3841.6068,223.53,513.74,166.08,99.65,389.61,613.39,0.10141850019632409,0.15967016718108681,3451.9968,12570.0,31536.35,542.23,2909.7668,4454.9968,1003.0,1545.23,1.2905564686502606,1.5310494298031032,20.653800000000047,17.973799999999756,9.723799999999756,24.3738000000003,6.399999999999977,14.650000000000091,0.8702417956985986,0.4707995623081338,1.1801121343288037,0.30987033863017766,0.7093125720206479
United Kingdom,UK,2026-04,2026-04-06,uk__standard_employee_scotland,"Royaume-Uni · salarié standard, Écosse","United Kingdom · standard employee, Scotland",1.87,3862.2606,225.18,516.84,167.11,100.27,392.29,617.11,0.10157004941613727,0.15977948251342747,3469.9706,12570.0,31771.76,550.47,2919.5006,4479.3706,1009.4,1559.87,1.2908958364085275,1.534293433609844,20.653800000000047,17.97380000000021,9.733799999999974,24.3738000000003,6.399999999999977,14.639999999999873,0.8702417956986206,0.471283734712254,1.1801121343288037,0.30987033863017766,0.7088283996165277
United Kingdom,UK,2026-04,2026-04-06,uk__standard_employee_scotland,"Royaume-Uni · salarié standard, Écosse","United Kingdom · standard employee, Scotland",1.88,3882.9144,226.83,519.94,168.15,100.89,394.98,620.83,0.101722561795336,0.15988763491670072,3487.9344,12570.0,32007.17,558.71,2929.2244,4503.7444,1015.81,1574.52,1.291235408555849,1.5375211267528703,20.653800000000047,17.963799999999992,9.72380000000021,24.37379999999939,6.409999999999968,14.650000000000091,0.8697576232945003,0.4707995623081558,1.1801121343287597,0.31035451103428685,0.7093125720206479
United Kingdom,UK,2026-04,2026-04-06,uk__standard_employee_scotland,"Royaume-Uni · salarié standard, Écosse","United Kingdom · standard employee, Scotland",1.89,3903.5682,228.49,523.04,169.18,101.51,397.67,624.55,0.10187346028692415,0.159994642850098,3505.8982,12570.0,32242.7,566.95,2938.9482,4528.1182,1022.22,1589.17,1.2915715008496254,1.5407274616136482,20.653800000000047,17.963799999999992,9.723799999999756,24.3738000000003,6.410000000000082,14.650000000000091,0.8697576232945003,0.4707995623081338,1.1801121343288037,0.31035451103429235,0.7093125720206479
United Kingdom,UK,2026-04,2026-04-06,uk__standard_employee_scotland,"Royaume-Uni · salarié standard, Écosse","United Kingdom · standard employee, Scotland",1.9,3924.222,230.14,526.13,170.21,102.13,400.35,628.26,0.10202022209752659,0.1600979761083853,3523.872,12570.0,32478.11,575.19,2948.682,4552.482,1028.61,1603.8,1.2918976625711716,1.5439040222038183,20.653800000000047,17.973799999999756,9.733799999999974,24.363800000000083,6.389999999999873,14.629999999999882,0.8702417956985986,0.471283734712254,1.1796279619246834,0.3093861662260629,0.7083442272124185
United Kingdom,UK,2026-04,2026-04-06,uk__standard_employee_scotland,"Royaume-Uni · salarié standard, Écosse","United Kingdom · standard employee, Scotland",1.91,3944.8758,231.79,529.23,171.24,102.75,403.03,631.98,0.10216544713524313,0.16020276227707853,3541.8458,12570.0,32713.63,583.43,2958.4158,4576.8558,1035.01,1618.44,1.2922233373344487,1.5470630598984767,20.653799999999592,17.97380000000021,9.733800000000429,24.3738000000003,6.400000000000091,14.6400000000001,0.8702417956986397,0.4712837347122864,1.1801121343288297,0.30987033863019,0.7088283996165543
United Kingdom,UK,2026-04,2026-04-06,uk__standard_employee_scotland,"Royaume-Uni · salarié standard, Écosse","United Kingdom · standard employee, Scotland",1.92,3965.5296,233.44,532.33,172.28,103.37,405.72,635.7,0.10231168114342155,0.1603064569231812,3559.8096,12570.0,32949.04,591.67,2968.1396,4601.2296,1041.42,1633.09,1.292549354325018,1.550206600794653,20.653800000000047,17.963799999999992,9.723799999999756,24.37379999999939,6.410000000000082,14.649999999999864,0.8697576232945003,0.4707995623081338,1.1801121343287597,0.31035451103429235,0.7093125720206369
United Kingdom,UK,2026-04,2026-04-06,uk__standard_employee_scotland,"Royaume-Uni · salarié standard, Écosse","United Kingdom · standard employee, Scotland",1.93,3986.1834,235.09,535.43,173.31,103.99,408.4,639.42,0.1024538911079706,0.1604090770133657,3577.7834,12570.0,33184.45,599.91,2977.8734,4625.6034,1047.82,1647.73,1.2928684838774758,1.553324395859139,20.653800000000047,17.973799999999756,9.733799999999974,24.3738000000003,6.399999999999864,14.6400000000001,0.8702417956985986,0.471283734712254,1.1801121343288037,0.3098703386301721,0.7088283996165387
United Kingdom,UK,2026-04,2026-04-06,uk__standard_employee_scotland,"Royaume-Uni · salarié standard, Écosse","United Kingdom · standard employee, Scotland",1.94,4006.8372,236.75,538.53,174.34,104.61,411.09,643.14,0.1025971307244527,0.16051063916447617,3595.7472,12570.0,33419.98,608.15,2987.5972,4649.9772,1054.23,1662.38,1.2931880194469736,1.5564270846150212,20.653800000000047,17.963799999999992,9.72380000000021,24.3738000000003,6.410000000000082,14.650000000000091,0.8697576232945003,0.4707995623081558,1.1801121343288037,0.31035451103429235,0.7093125720206479
United Kingdom,UK,2026-04,2026-04-06,uk__standard_employee_scotland,"Royaume-Uni · salarié standard, Écosse","United Kingdom · standard employee, Scotland",1.95,4027.491,238.4,541.62,175.37,105.23,413.77,646.85,0.10273641828125749,0.1606086767170926,3613.721,12570.0,33655.39,616.39,2997.331,4674.341,1060.62,1677.01,1.293498031530381,1.5595011028144707,20.653800000000047,17.97380000000021,9.733799999999974,24.363800000000083,6.389999999999873,14.629999999999882,0.8702417956986206,0.471283734712254,1.1796279619246834,0.3093861662260629,0.7083442272124185
United Kingdom,UK,2026-04,2026-04-06,uk__standard_employee_scotland,"Royaume-Uni · salarié standard, Écosse","United Kingdom · standard employee, Scotland",1.96,4048.1448,240.05,544.72,176.41,105.84,416.46,650.56,0.10287675480383014,0.16070571388651908,3631.6848,12570.0,33890.8,624.63,3007.0548,4698.7048,1067.02,1691.65,1.2938085375691195,1.56256041625846,20.653800000000047,17.963799999999992,9.723799999999756,24.363800000000083,6.400000000000091,14.6400000000001,0.8697576232945003,0.4707995623081338,1.1796279619246834,0.30987033863018315,0.7088283996165387
United Kingdom,UK,2026-04,2026-04-06,uk__standard_employee_scotland,"Royaume-Uni · salarié standard, Écosse","United Kingdom · standard employee, Scotland",1.97,4068.7986,241.7,547.82,177.44,106.46,419.14,654.28,0.10301320886219337,0.16080422363495703,3649.6586,12570.0,34126.32,632.88,3016.7786,4723.0786,1073.42,1706.3,1.2941151810747449,1.5656033226966009,20.653800000000047,17.97380000000021,9.72380000000021,24.37379999999939,6.400000000000091,14.649999999999864,0.8702417956986206,0.4707995623081558,1.1801121343287597,0.30987033863018315,0.7093125720206369
United Kingdom,UK,2026-04,2026-04-06,uk__standard_employee_scotland,"Royaume-Uni · salarié standard, Écosse","United Kingdom · standard employee, Scotland",1.98,4089.4524,243.36,550.92,178.47,107.08,421.83,658.0,0.10315072991190703,0.16090173833543092,3667.6224,12570.0,34361.73,641.12,3026.5024,4747.4524,1079.83,1720.95,1.2944223483857007,1.5686266761262109,20.653800000000047,17.963799999999992,9.723799999999756,24.3738000000003,6.4099999999998545,14.650000000000091,0.8697576232945003,0.4707995623081338,1.1801121343288037,0.31035451103428136,0.7093125720206479
United Kingdom,UK,2026-04,2026-04-06,uk__standard_employee_scotland,"Royaume-Uni · salarié standard, Écosse","United Kingdom · standard employee, Scotland",1.99,4110.1062,245.01,554.02,179.51,107.7,424.52,661.72,0.10328686884051803,0.1609982729886639,3685.5862,12570.0,34597.25,649.36,3036.2262,4771.8262,1086.24,1735.6,1.2947265213875612,1.571630664408337,20.653800000000047,17.963799999999992,9.72380000000021,24.3738000000003,6.410000000000082,14.649999999999864,0.8697576232945003,0.4707995623081558,1.1801121343288037,0.31035451103429235,0.7093125720206369
United Kingdom,UK,2026-04,2026-04-06,uk__standard_employee_scotland,"Royaume-Uni · salarié standard, Écosse","United Kingdom · standard employee, Scotland",2.0,4130.76,246.66,557.11,180.54,108.32,427.2,665.43,0.10341922551782237,0.16109142143334398,3703.56,12570.0,34832.66,657.6,3045.96,4796.19,1092.63,1750.23,1.2950215468360173,1.5746070204467557,20.653800000000047,17.973799999999756,9.733799999999974,24.363799999999173,6.3900000000001,14.63000000000011,0.8702417956985986,0.471283734712254,1.1796279619246395,0.3093861662260739,0.7083442272124295
United Kingdom,UK,2026-04,2026-04-06,uk__standard_employee_scotland,"Royaume-Uni · salarié standard, Écosse","United Kingdom · standard employee, Scotland",2.01,4151.4138,248.31,560.21,181.57,108.94,429.88,669.15,0.10355026521326302,0.16118605184575918,3721.5338,12570.0,35068.07,665.84,3055.6938,4820.5638,1099.03,1764.87,1.2953164095943455,1.5775676869194162,20.653800000000047,17.97380000000021,9.733799999999974,24.3738000000003,6.399999999999864,14.639999999999873,0.8702417956986206,0.471283734712254,1.1801121343288037,0.3098703386301721,0.7088283996165277
United Kingdom,UK,2026-04,2026-04-06,uk__standard_employee_scotland,"Royaume-Uni · salarié standard, Écosse","United Kingdom · standard employee, Scotland",2.02,4172.0676,249.97,563.31,182.6,109.56,432.57,672.87,0.10368240437906615,0.1612797453233979,3739.4976,12570.0,35303.6,674.08,3065.4176,4844.9376,1105.44,1779.52,1.2956119025186699,1.5805147070337169,20.653800000000047,17.963799999999992,9.72380000000021,24.3738000000003,6.410000000000082,14.650000000000091,0.8697576232945003,0.4707995623081558,1.1801121343288037,0.31035451103429235,0.7093125720206479
United Kingdom,UK,2026-04,2026-04-06,uk__standard_employee_scotland,"Royaume-Uni · salarié standard, Écosse","United Kingdom · standard employee, Scotland",2.03,4192.7214,251.4,566.41,183.46,110.08,434.86,676.49,0.1037178382517856,0.16134866485524177,3757.8614,12570.0,35541.14,682.39,3075.4714,4869.2114,1111.35,1793.74,1.2957400185115928,1.5832406700319177,20.653800000000047,18.363799999999628,10.053799999999683,24.273799999999937,5.9099999999998545,14.220000000000027,0.889124519458869,0.48677725164374885,1.1752704102876896,0.28614589082879865,0.6884931586439297
United Kingdom,UK,2026-04,2026-04-06,uk__standard_employee_scotland,"Royaume-Uni · salarié standard, Écosse","United Kingdom · standard employee, Scotland",2.04,4213.3752,251.82,569.51,183.46,110.08,435.28,679.59,0.10330910002982881,0.16129349221023562,3778.0952,12570.0,35789.06,691.07,3087.0252,4892.9652,1114.87,1805.94,1.29508785273595,1.5850098016692575,20.653800000000047,20.23380000000043,11.553800000000138,23.7537999999995,3.519999999999982,12.200000000000045,0.979664759027413,0.559403112260219,1.1500934452739664,0.17042868624659743,0.5906903330137804
United Kingdom,UK,2026-04,2026-04-06,uk__standard_employee_scotland,"Royaume-Uni · salarié standard, Écosse","United Kingdom · standard employee, Scotland",2.05,4234.029,252.23,572.6,183.46,110.08,435.69,682.68,0.10290198768123696,0.1612364960183315,3798.339,12570.0,36036.86,699.74,3098.599,4916.709,1118.37,1818.11,1.294436594521974,1.586752270945676,20.653800000000047,20.243799999999737,11.57380000000012,23.743800000000192,3.5,12.169999999999845,0.9801489314314892,0.5603714570684375,1.1496092728698901,0.169460341438379,0.5892378158014417
United Kingdom,UK,2026-04,2026-04-06,uk__standard_employee_scotland,"Royaume-Uni · salarié standard, Écosse","United Kingdom · standard employee, Scotland",2.06,4254.6828,252.64,575.7,183.46,110.08,436.1,685.78,0.10249882787971878,0.16118240353899002,3818.5828,12570.0,36284.66,708.42,3110.1628,4940.4628,1121.88,1830.3,1.2937948602292975,1.588490094473511,20.653799999999137,20.243800000000192,11.563799999999901,23.75380000000041,3.5100000000002183,12.190000000000055,0.9801489314315543,0.5598872846643419,1.150093445274061,0.1699445138425067,0.5902061606096972
United Kingdom,UK,2026-04,2026-04-06,uk__standard_employee_scotland,"Royaume-Uni · salarié standard, Écosse","United Kingdom · standard employee, Scotland",2.07,4275.3366,253.06,578.8,183.46,110.08,436.52,688.88,0.10210190233910472,0.16112883369229924,3838.8166,12570.0,36532.58,717.09,3121.7266,4964.2166,1125.4,1842.49,1.2931632628659573,1.5902150431751456,20.653800000000047,20.233799999999974,11.563799999999901,23.7537999999995,3.519999999999982,12.190000000000055,0.979664759027391,0.5598872846643173,1.1500934452739664,0.17042868624659743,0.5902061606096712
United Kingdom,UK,2026-04,2026-04-06,uk__standard_employee_scotland,"Royaume-Uni · salarié standard, Écosse","United Kingdom · standard employee, Scotland",2.08,4295.9904,253.47,581.9,183.46,110.08,436.93,691.98,0.10170646563828446,0.16107577894028813,3859.0604,12570.0,36780.38,725.77,3133.2904,4987.9704,1128.91,1854.68,1.2925349393339371,1.5919272595990461,20.653800000000047,20.243799999999737,11.563799999999901,23.75380000000041,3.509999999999991,12.190000000000055,0.9801489314314892,0.5598872846643173,1.1500934452740104,0.1699445138424882,0.5902061606096712
United Kingdom,UK,2026-04,2026-04-06,uk__standard_employee_scotland,"Royaume-Uni · salarié standard, Écosse","United Kingdom · standard employee, Scotland",2.09,4316.6442,253.88,585.0,183.46,110.08,437.34,695.08,0.1013148130207257,0.16102323188925324,3879.3042,12570.0,37028.18,734.44,3144.8642,5011.7242,1132.42,1866.86,1.291913173501578,1.5936218168021374,20.653800000000047,20.243800000000192,11.57380000000012,23.7537999999995,3.509999999999991,12.179999999999836,0.9801489314315113,0.5603714570684375,1.1500934452739664,0.1699445138424882,0.589721988205551
United Kingdom,UK,2026-04,2026-04-06,uk__standard_employee_scotland,"Royaume-Uni · salarié standard, Écosse","United Kingdom · standard employee, Scotland",2.1,4337.298,254.3,588.1,183.46,110.08,437.76,698.18,0.10092919601097271,0.1609711852863234,3899.538,12570.0,37276.1,743.12,3156.418,5035.478,1135.94,1879.06,1.2913011746519716,1.595314055362756,20.653800000000047,20.233799999999974,11.553800000000138,23.75380000000041,3.519999999999982,12.200000000000045,0.979664759027391,0.559403112260219,1.1500934452740104,0.17042868624659743,0.5906903330137804
United Kingdom,UK,2026-04,2026-04-06,uk__standard_employee_scotland,"Royaume-Uni · salarié standard, Écosse","United Kingdom · standard employee, Scotland",2.11,4357.9518,254.71,591.19,183.46,110.08,438.17,701.27,0.10054493948280933,0.16091733736017919,3919.7818,12570.0,37523.9,751.79,3167.9918,5059.2218,1139.44,1891.23,1.2906896501228717,1.5969807118818933,20.653800000000047,20.243800000000192,11.573799999999665,23.743800000000192,3.5,12.170000000000073,0.9801489314315113,0.5603714570684154,1.1496092728698901,0.169460341438379,0.5892378158014527
United Kingdom,UK,2026-04,2026-04-06,uk__standard_employee_scotland,"Royaume-Uni · salarié standard, Écosse","United Kingdom · standard employee, Scotland",2.12,4378.6056,255.12,594.29,183.46,110.08,438.58,704.37,0.10016430801623237,0.16086628126543298,3940.0256,12570.0,37771.82,760.47,3179.5556,5082.9756,1142.95,1903.42,1.2900869476584111,1.5986434079026641,20.653800000000047,20.243799999999737,11.563800000000356,23.7537999999995,3.509999999999991,12.190000000000055,0.9801489314314892,0.5598872846643392,1.1500934452739664,0.1699445138424882,0.5902061606096712
United Kingdom,UK,2026-04,2026-04-06,uk__standard_employee_scotland,"Royaume-Uni · salarié standard, Écosse","United Kingdom · standard employee, Scotland",2.13,4399.2594,255.54,597.39,183.46,110.08,439.0,707.47,0.09978952366391489,0.1608157045706375,3960.2594,12570.0,38019.62,769.14,3191.1194,5106.7294,1146.47,1915.61,1.2894936629656129,1.6002940535537467,20.653800000000047,20.233799999999974,11.563799999999901,23.75380000000041,3.519999999999982,12.189999999999827,0.979664759027391,0.5598872846643173,1.1500934452740104,0.17042868624659743,0.5902061606096602
United Kingdom,UK,2026-04,2026-04-06,uk__standard_employee_scotland,"Royaume-Uni · salarié standard, Écosse","United Kingdom · standard employee, Scotland",2.14,4419.9132,255.95,600.49,183.46,110.08,439.41,710.57,0.09941597948122599,0.1607656005552326,3980.5032,12570.0,38267.42,777.81,3202.6932,5130.4832,1149.98,1927.79,1.2889031718401833,1.6019277775342324,20.653800000000047,20.243800000000192,11.57380000000012,23.7537999999995,3.509999999999991,12.180000000000064,0.9801489314315113,0.5603714570684375,1.1500934452739664,0.1699445138424882,0.589721988205562
United Kingdom,UK,2026-04,2026-04-06,uk__standard_employee_scotland,"Royaume-Uni · salarié standard, Écosse","United Kingdom · standard employee, Scotland",2.15,4440.567,256.36,603.59,183.46,110.08,439.82,713.67,0.09904591012814355,0.16071596262369198,4000.747,12570.0,38515.34,786.49,3214.257,5154.237,1153.49,1939.98,1.2883186564909004,1.6035547250888778,20.653800000000047,20.243799999999737,11.563799999999901,23.75380000000041,3.509999999999991,12.190000000000055,0.9801489314314892,0.5598872846643173,1.1500934452740104,0.1699445138424882,0.5902061606096712
United Kingdom,UK,2026-04,2026-04-06,uk__standard_employee_scotland,"Royaume-Uni · salarié standard, Écosse","United Kingdom · standard employee, Scotland",2.16,4461.2208,256.77,606.68,183.46,110.08,440.23,716.76,0.09867926734314517,0.1606645427637206,4020.9908,12570.0,38763.14,795.16,3225.8308,5177.9808,1156.99,1952.15,1.2877375397128488,1.6051619322377353,20.653800000000047,20.243800000000192,11.57380000000012,23.743800000000192,3.5,12.170000000000073,0.9801489314315113,0.5603714570684375,1.1496092728698901,0.169460341438379,0.5892378158014527
United Kingdom,UK,2026-04,2026-04-06,uk__standard_employee_scotland,"Royaume-Uni · salarié standard, Écosse","United Kingdom · standard employee, Scotland",2.17,4481.8746,257.19,609.78,183.46,110.08,440.65,719.86,0.09831823496355743,0.16061582802874494,4041.2246,12570.0,39010.94,803.84,3237.3846,5201.7346,1160.51,1964.35,1.2871679045010267,1.606770662960465,20.653800000000047,20.233799999999974,11.553799999999683,23.7537999999995,3.519999999999982,12.199999999999818,0.979664759027391,0.559403112260197,1.1500934452739664,0.17042868624659743,0.5906903330137694
United Kingdom,UK,2026-04,2026-04-06,uk__standard_employee_scotland,"Royaume-Uni · salarié standard, Écosse","United Kingdom · standard employee, Scotland",2.18,4502.5284,257.6,612.88,183.46,110.08,441.06,722.96,0.09795829383330487,0.16056756021794333,4061.4684,12570.0,39258.86,812.51,3248.9584,5225.4884,1164.02,1976.53,1.28660077719674,1.6083580509987445,20.653800000000047,20.243800000000192,11.57380000000012,23.75380000000041,3.509999999999991,12.180000000000064,0.9801489314315113,0.5603714570684375,1.1500934452740104,0.1699445138424882,0.589721988205562
United Kingdom,UK,2026-04,2026-04-06,uk__standard_employee_scotland,"Royaume-Uni · salarié standard, Écosse","United Kingdom · standard employee, Scotland",2.19,4523.1822,258.01,615.98,183.46,110.08,441.47,726.06,0.0976016398366619,0.16051973320906684,4081.7122,12570.0,39506.66,821.19,3260.5222,5249.2422,1167.53,1988.72,1.2860392753805623,1.6099391073000517,20.653800000000047,20.243799999999737,11.563799999999901,23.7537999999995,3.509999999999991,12.190000000000055,0.9801489314314892,0.5598872846643173,1.1500934452739664,0.1699445138424882,0.5902061606096712
United Kingdom,UK,2026-04,2026-04-06,uk__standard_employee_scotland,"Royaume-Uni · salarié standard, Écosse","United Kingdom · standard employee, Scotland",2.2,4543.836,258.43,619.08,183.46,110.08,441.89,729.16,0.09725042893273436,0.16047234099118016,4101.946,12570.0,39754.58,829.86,3272.086,5272.996,1171.05,2000.91,1.2854864496022131,1.6115089884556826,20.653800000000047,20.233799999999974,11.563799999999901,23.75380000000041,3.519999999999982,12.190000000000055,0.979664759027391,0.5598872846643173,1.1500934452740104,0.17042868624659743,0.5902061606096712
United Kingdom,UK,2026-04,2026-04-06,uk__standard_employee_scotland,"Royaume-Uni · salarié standard, Écosse","United Kingdom · standard employee, Scotland",2.21,4564.4898,258.84,622.17,183.46,110.08,442.3,732.25,0.09690020558266993,0.1604231868367851,4122.1898,12570.0,40002.38,838.54,3283.6498,5296.7398,1174.55,2013.09,1.2849335079136823,1.6130647671380791,20.653800000000047,20.243800000000192,11.563800000000356,23.743800000000192,3.5,12.179999999999836,0.9801489314315113,0.5598872846643392,1.1496092728698901,0.169460341438379,0.589721988205551
United Kingdom,UK,2026-04,2026-04-06,uk__standard_employee_scotland,"Royaume-Uni · salarié standard, Écosse","United Kingdom · standard employee, Scotland",2.22,4585.1436,259.25,625.27,183.46,110.08,442.71,735.35,0.09655313739792142,0.16037665646938515,4142.4336,12570.0,40250.18,847.21,3295.2236,5320.4936,1178.06,2025.27,1.2843883846442343,1.614607761367089,20.653800000000047,20.243800000000192,11.573799999999665,23.7537999999995,3.509999999999991,12.180000000000064,0.9801489314315113,0.5603714570684154,1.1500934452739664,0.1699445138424882,0.589721988205562
United Kingdom,UK,2026-04,2026-04-06,uk__standard_employee_scotland,"Royaume-Uni · salarié standard, Écosse","United Kingdom · standard employee, Scotland",2.23,4605.7974,259.67,628.37,183.46,110.08,443.13,738.45,0.09621135310901864,0.1603305434146973,4162.6674,12570.0,40498.1,855.89,3306.7774,5344.2474,1181.58,2037.47,1.2838516476238289,1.616149729340717,20.653800000000047,20.233799999999974,11.553800000000138,23.75380000000041,3.519999999999982,12.200000000000045,0.979664759027391,0.559403112260219,1.1500934452740104,0.17042868624659743,0.5906903330137804
United Kingdom,UK,2026-04,2026-04-06,uk__standard_employee_scotland,"Royaume-Uni · salarié standard, Écosse","United Kingdom · standard employee, Scotland",2.24,4626.4512,260.08,631.47,183.46,110.08,443.54,741.55,0.09587045898160558,0.16028484208371202,4182.9112,12570.0,40745.9,864.56,3318.3512,5368.0012,1185.09,2049.65,1.2833170352743801,1.6176712097260832,20.653800000000047,20.243799999999283,11.57380000000012,23.7537999999995,3.509999999999991,12.180000000000064,0.9801489314314672,0.5603714570684375,1.1500934452739664,0.1699445138424882,0.589721988205562
United Kingdom,UK,2026-04,2026-04-06,uk__standard_employee_scotland,"Royaume-Uni · salarié standard, Écosse","United Kingdom · standard employee, Scotland",2.25,4647.105,260.49,634.57,183.46,110.08,443.95,744.65,0.095532595024214,0.16023954698677995,4203.155,12570.0,40993.82,873.24,3329.915,5391.755,1188.6,2061.84,1.2827875726686264,1.6191869762441382,20.653799999999137,20.243800000000192,11.563799999999901,23.75380000000041,3.509999999999991,12.190000000000055,0.9801489314315543,0.5598872846643419,1.150093445274061,0.1699445138424957,0.5902061606096972
United Kingdom,UK,2026-04,2026-04-06,uk__standard_employee_scotland,"Royaume-Uni · salarié standard, Écosse","United Kingdom · standard employee, Scotland",2.26,4667.7588,260.91,637.66,183.46,110.08,444.37,747.74,0.0951998633691184,0.16019251037564325,4223.3888,12570.0,41241.62,881.91,3341.4788,5415.4988,1192.11,2074.02,1.2822638540879778,1.620689258899383,20.653800000000047,20.233799999999974,11.563799999999901,23.743800000000192,3.509999999999991,12.179999999999836,0.979664759027391,0.5598872846643173,1.1496092728698901,0.1699445138424882,0.589721988205551
United Kingdom,UK,2026-04,2026-04-06,uk__standard_employee_scotland,"Royaume-Uni · salarié standard, Écosse","United Kingdom · standard employee, Scotland",2.27,4688.4126,261.32,640.76,183.46,110.08,444.78,750.84,0.09486793035237553,0.16014802110206766,4243.6326,12570.0,41489.42,890.58,3353.0526,5439.2526,1195.62,2086.2,1.2817444658145005,1.6221793239986748,20.653800000000047,20.243800000000192,11.57380000000012,23.7537999999995,3.509999999999991,12.179999999999836,0.9801489314315113,0.5603714570684375,1.1500934452739664,0.1699445138424882,0.589721988205551
United Kingdom,UK,2026-04,2026-04-06,uk__standard_employee_scotland,"Royaume-Uni · salarié standard, Écosse","United Kingdom · standard employee, Scotland",2.28,4709.0664,261.73,643.86,183.46,110.08,445.19,753.94,0.09453890902876207,0.1601039220852779,4263.8764,12570.0,41737.34,899.26,3364.6164,5463.0064,1199.13,2098.39,1.281230009387702,1.6236639635947807,20.653800000000047,20.243800000000192,11.563799999999901,23.75380000000041,3.5100000000002183,12.190000000000055,0.9801489314315113,0.5598872846643173,1.1500934452740104,0.16994451384249923,0.5902061606096712
United Kingdom,UK,2026-04,2026-04-06,uk__standard_employee_scotland,"Royaume-Uni · salarié standard, Écosse","United Kingdom · standard employee, Scotland",2.29,4729.7202,262.14,646.96,183.46,110.08,445.6,757.04,0.09421276125382638,0.1600602082127395,4284.1202,12570.0,41985.14,907.93,3376.1902,5486.7602,1202.64,2110.57,1.2807204148940545,1.6251336195454864,20.653800000000047,20.243800000000192,11.57380000000012,23.7537999999995,3.509999999999991,12.180000000000291,0.9801489314315113,0.5603714570684375,1.1500934452739664,0.1699445138424882,0.589721988205573
United Kingdom,UK,2026-04,2026-04-06,uk__standard_employee_scotland,"Royaume-Uni · salarié standard, Écosse","United Kingdom · standard employee, Scotland",2.3,4750.374,262.56,650.06,183.46,110.08,446.02,760.14,0.09389155464390804,0.16001687446083193,4304.354,12570.0,42232.94,916.61,3387.744,5510.514,1206.16,2122.77,1.2802185879692982,1.6266028365779708,20.653800000000047,20.233799999999974,11.553800000000138,23.75380000000041,3.519999999999982,12.199999999999818,0.979664759027391,0.559403112260219,1.1500934452740104,0.17042868624659743,0.5906903330137694
United Kingdom,UK,2026-04,2026-04-06,uk__standard_employee_scotland,"Royaume-Uni · salarié standard, Écosse","United Kingdom · standard employee, Scotland",2.31,4771.0278,262.97,653.15,183.46,110.08,446.43,763.23,0.09357103305916599,0.15997181990849013,4324.5978,12570.0,42480.86,925.28,3399.3178,5534.2578,1209.66,2134.94,1.2797161853987904,1.628049545705906,20.653800000000047,20.243799999999283,11.573799999999665,23.743800000000192,3.5,12.170000000000073,0.9801489314314672,0.5603714570684154,1.1496092728698901,0.169460341438379,0.5892378158014527
United Kingdom,UK,2026-04,2026-04-06,uk__standard_employee_scotland,"Royaume-Uni · salarié standard, Écosse","United Kingdom · standard employee, Scotland",2.32,4791.6816,263.38,656.25,183.46,110.08,446.84,766.33,0.0932532745915338,0.1599292407074794,4344.8416,12570.0,42728.66,933.96,3410.8816,5558.0116,1213.17,2147.13,1.2792207660688943,1.629494146029578,20.653800000000047,20.243800000000192,11.563800000000356,23.7537999999995,3.509999999999991,12.190000000000055,0.9801489314315113,0.5598872846643392,1.1500934452739664,0.1699445138424882,0.5902061606096712
United Kingdom,UK,2026-04,2026-04-06,uk__standard_employee_scotland,"Royaume-Uni · salarié standard, Écosse","United Kingdom · standard employee, Scotland",2.33,4812.3354,263.8,659.35,183.46,110.08,447.26,769.43,0.09294032165754695,0.15988702699317256,4365.0754,12570.0,42976.58,942.63,3422.4454,5581.7654,1216.69,2159.32,1.278732871372623,1.6309289842870833,20.653800000000047,20.233799999999974,11.563799999999901,23.75380000000041,3.519999999999982,12.190000000000055,0.979664759027391,0.5598872846643173,1.1500934452740104,0.17042868624659743,0.5902061606096712
United Kingdom,UK,2026-04,2026-04-06,uk__standard_employee_scotland,"Royaume-Uni · salarié standard, Écosse","United Kingdom · standard employee, Scotland",2.34,4832.9892,264.21,662.45,183.46,110.08,447.67,772.53,0.09262797442212367,0.15984517407984278,4385.3192,12570.0,43224.38,951.31,3434.0092,5605.5192,1220.2,2171.51,1.2782465641269625,1.6323541590977682,20.653800000000047,20.243800000000192,11.563799999999901,23.7537999999995,3.509999999999991,12.190000000000055,0.9801489314315113,0.5598872846643173,1.1500934452739664,0.1699445138424882,0.5902061606096712
United Kingdom,UK,2026-04,2026-04-06,uk__standard_employee_scotland,"Royaume-Uni · salarié standard, Écosse","United Kingdom · standard employee, Scotland",2.35,4853.643,264.62,665.55,183.46,110.08,448.08,775.63,0.09231828546104442,0.15980367736151999,4405.563,12570.0,43472.18,959.98,3445.583,5629.273,1223.71,2183.69,1.2777647260974363,1.6337650261218493,20.653800000000047,20.243800000000192,11.57380000000012,23.75380000000041,3.509999999999991,12.179999999999836,0.9801489314315113,0.5603714570684375,1.1500934452740104,0.1699445138424882,0.589721988205551
United Kingdom,UK,2026-04,2026-04-06,uk__standard_employee_scotland,"Royaume-Uni · salarié standard, Écosse","United Kingdom · standard employee, Scotland",2.36,4874.2968,265.04,668.65,183.46,110.08,448.5,778.73,0.09201327256066967,0.15976253231030166,4425.7968,12570.0,43720.1,968.66,3457.1368,5653.0268,1227.23,2195.89,1.2772901819622626,1.6351759062586124,20.653800000000047,20.233799999999974,11.553800000000138,23.7537999999995,3.519999999999982,12.199999999999818,0.979664759027391,0.559403112260219,1.1500934452739664,0.17042868624659743,0.5906903330137694
United Kingdom,UK,2026-04,2026-04-06,uk__standard_employee_scotland,"Royaume-Uni · salarié standard, Écosse","United Kingdom · standard employee, Scotland",2.37,4894.9506,265.45,671.74,183.46,110.08,448.91,781.82,0.09170879068728496,0.1597196915531691,4446.0406,12570.0,43967.9,977.33,3468.7106,5676.7706,1230.73,2208.06,1.2768148361038358,1.6365650682994421,20.653800000000047,20.243800000000192,11.573799999999665,23.743800000000192,3.5,12.170000000000073,0.9801489314315113,0.5603714570684154,1.1496092728698901,0.169460341438379,0.5892378158014527
United Kingdom,UK,2026-04,2026-04-06,uk__standard_employee_scotland,"Royaume-Uni · salarié standard, Écosse","United Kingdom · standard employee, Scotland",2.38,4915.6044,265.86,674.84,183.46,110.08,449.32,784.92,0.0914068674851052,0.15967924514023138,4466.2844,12570.0,44215.7,986.0,3480.2844,5700.5244,1234.24,2220.24,1.2763460383311014,1.6379478642607481,20.653800000000047,20.243799999999283,11.57380000000012,23.75380000000041,3.509999999999991,12.179999999999836,0.9801489314314672,0.5603714570684375,1.1500934452740104,0.1699445138424882,0.589721988205551
United Kingdom,UK,2026-04,2026-04-06,uk__standard_employee_scotland,"Royaume-Uni · salarié standard, Écosse","United Kingdom · standard employee, Scotland",2.39,4936.2582,266.28,677.94,183.46,110.08,449.74,788.02,0.09110949666287715,0.15963913719100029,4486.5182,12570.0,44463.62,994.68,3491.8382,5724.2782,1237.76,2232.44,1.2758843149237642,1.6393308830861635,20.653800000000047,20.233800000000883,11.553800000000138,23.7537999999995,3.519999999999982,12.200000000000273,0.979664759027435,0.559403112260219,1.1500934452739664,0.17042868624659743,0.5906903330137915
United Kingdom,UK,2026-04,2026-04-06,uk__standard_employee_scotland,"Royaume-Uni · salarié standard, Écosse","United Kingdom · standard employee, Scotland",2.4,4956.912,266.69,681.04,183.46,110.08,450.15,791.12,0.09081258654581723,0.1595993634746794,4506.762,12570.0,44711.42,1003.35,3503.412,5748.032,1241.27,2244.62,1.275423907452845,1.6406954134997536,20.653800000000047,20.243799999999283,11.573799999999665,23.75380000000041,3.509999999999991,12.179999999999836,0.9801489314314672,0.5603714570684154,1.1500934452740104,0.1699445138424882,0.589721988205551
United Kingdom,UK,2026-04,2026-04-06,uk__standard_employee_scotland,"Royaume-Uni · salarié standard, Écosse","United Kingdom · standard employee, Scotland",2.41,4977.5658,267.1,684.14,183.46,110.08,450.56,794.22,0.09051814041313126,0.15955991983069315,4527.0058,12570.0,44959.34,1012.03,3514.9758,5771.7858,1244.78,2256.81,1.2749676176690563,1.6420556295152873,20.653800000000047,20.243800000000192,11.563800000000356,23.7537999999995,3.509999999999991,12.190000000000055,0.9801489314315113,0.5598872846643392,1.1500934452739664,0.1699445138424882,0.5902061606096712
United Kingdom,UK,2026-04,2026-04-06,uk__standard_employee_scotland,"Royaume-Uni · salarié standard, Écosse","United Kingdom · standard employee, Scotland",2.42,4998.2196,267.51,687.23,183.46,110.08,450.97,797.31,0.09022612771955837,0.15951880145482203,4547.2496,12570.0,45207.14,1020.7,3526.5496,5795.5296,1248.28,2268.98,1.2745131914465395,1.643399429289184,20.653800000000047,20.243800000000192,11.573799999999665,23.743800000000192,3.5,12.170000000000073,0.9801489314315113,0.5603714570684154,1.1496092728698901,0.169460341438379,0.5892378158014527
United Kingdom,UK,2026-04,2026-04-06,uk__standard_employee_scotland,"Royaume-Uni · salarié standard, Écosse","United Kingdom · standard employee, Scotland",2.43,5018.8734,267.93,690.33,183.46,110.08,451.39,800.41,0.08993851090166967,0.15948001398082687,4567.4834,12570.0,45454.94,1029.38,3538.1034,5819.2834,1251.8,2281.18,1.2740677722003324,1.6447465611095482,20.653800000000047,20.233799999999974,11.553800000000138,23.75380000000041,3.519999999999982,12.199999999999818,0.979664759027391,0.559403112260219,1.1500934452740104,0.17042868624659743,0.5906903330137694
United Kingdom,UK,2026-04,2026-04-06,uk__standard_employee_scotland,"Royaume-Uni · salarié standard, Écosse","United Kingdom · standard employee, Scotland",2.44,5039.5272,268.34,693.43,183.46,110.08,451.8,803.51,0.0896512672855501,0.15944154443694636,4587.7272,12570.0,45702.86,1038.05,3549.6772,5843.0372,1255.31,2293.36,1.2736235057742753,1.646075648794206,20.653800000000047,20.243800000000192,11.57380000000012,23.7537999999995,3.509999999999991,12.180000000000291,0.9801489314315113,0.5603714570684375,1.1500934452739664,0.1699445138424882,0.589721988205573
United Kingdom,UK,2026-04,2026-04-06,uk__standard_employee_scotland,"Royaume-Uni · salarié standard, Écosse","United Kingdom · standard employee, Scotland",2.45,5060.181,268.75,696.53,183.46,110.08,452.21,806.61,0.08936636851527643,0.15940338893015882,4607.971,12570.0,45950.66,1046.73,3561.241,5866.791,1258.82,2305.55,1.2731831428626612,1.6474007235118318,20.653799999999137,20.243799999999283,11.563799999999901,23.75380000000041,3.509999999999991,12.190000000000055,0.9801489314315104,0.5598872846643419,1.150093445274061,0.1699445138424957,0.5902061606096972
United Kingdom,UK,2026-04,2026-04-06,uk__standard_employee_scotland,"Royaume-Uni · salarié standard, Écosse","United Kingdom · standard employee, Scotland",2.46,5080.8348,269.17,699.62,183.46,110.08,452.63,809.7,0.08908575417567206,0.159363575450239,4628.2048,12570.0,46198.46,1055.4,3572.8048,5890.5348,1262.33,2317.73,1.2727472215576976,1.6487144217898497,20.653800000000047,20.233800000000883,11.563799999999901,23.743800000000192,3.509999999999991,12.179999999999836,0.979664759027435,0.5598872846643173,1.1496092728698901,0.1699445138424882,0.589721988205551
United Kingdom,UK,2026-04,2026-04-06,uk__standard_employee_scotland,"Royaume-Uni · salarié standard, Écosse","United Kingdom · standard employee, Scotland",2.47,5101.4886,269.58,702.72,183.46,110.08,453.04,812.8,0.08880545180479281,0.1593260445588372,4648.4486,12570.0,46446.38,1064.08,3584.3686,5914.2886,1265.84,2329.92,1.2723145094042774,1.6500224335186955,20.653800000000047,20.243799999999283,11.563799999999901,23.7537999999995,3.509999999999991,12.190000000000055,0.9801489314314672,0.5598872846643173,1.1500934452739664,0.1699445138424882,0.5902061606096712
United Kingdom,UK,2026-04,2026-04-06,uk__standard_employee_scotland,"Royaume-Uni · salarié standard, Écosse","United Kingdom · standard employee, Scotland",2.48,5122.1424,269.99,705.82,183.46,110.08,453.45,815.9,0.08852740993690453,0.15928881633591443,4668.6924,12570.0,46694.18,1072.75,3595.9424,5938.0424,1269.35,2342.1,1.2718855497954844,1.651317440457333,20.653800000000047,20.243800000000192,11.57380000000012,23.75380000000041,3.509999999999991,12.179999999999836,0.9801489314315113,0.5603714570684375,1.1500934452740104,0.1699445138424882,0.589721988205551
United Kingdom,UK,2026-04,2026-04-06,uk__standard_employee_scotland,"Royaume-Uni · salarié standard, Écosse","United Kingdom · standard employee, Scotland",2.49,5142.7962,270.41,708.92,183.46,110.08,453.87,819.0,0.08825354580451777,0.15925188713486252,4688.9262,12570.0,46942.1,1081.43,3607.4962,5961.7962,1272.87,2354.3,1.271463005751722,1.6526133000500458,20.653800000000047,20.233799999999974,11.553800000000138,23.7537999999995,3.519999999999982,12.200000000000273,0.979664759027391,0.559403112260219,1.1500934452739664,0.17042868624659743,0.5906903330137915
United Kingdom,UK,2026-04,2026-04-06,uk__standard_employee_scotland,"Royaume-Uni · salarié standard, Écosse","United Kingdom · standard employee, Scotland",2.5,5163.45,270.82,712.02,183.46,110.08,454.28,822.1,0.08797993589557368,0.15921525336741904,4709.17,12570.0,47189.9,1090.1,3619.07,5985.55,1276.38,2366.48,1.2710413937063219,1.6538917456694673,20.653800000000047,20.243800000000192,11.57380000000012,23.75380000000041,3.5100000000002183,12.179999999999836,0.9801489314315113,0.5603714570684375,1.1500934452740104,0.16994451384249923,0.589721988205551
United Kingdom,UK,2026-04,2026-04-06,uk__standard_employee_scotland,"Royaume-Uni · salarié standard, Écosse","United Kingdom · standard employee, Scotland",2.51,5184.1038,271.23,715.12,183.46,110.08,454.69,825.2,0.08770850614526662,0.15917891150250504,4729.4138,12570.0,47437.7,1098.77,3630.6438,6009.3038,1279.89,2378.66,1.2706233910003812,1.6551620404072687,20.653800000000047,20.243800000000192,11.573799999999665,23.7537999999995,3.509999999999991,12.179999999999836,0.9801489314315113,0.5603714570684154,1.1500934452739664,0.1699445138424882,0.589721988205551
United Kingdom,UK,2026-04,2026-04-06,uk__standard_employee_scotland,"Royaume-Uni · salarié standard, Écosse","United Kingdom · standard employee, Scotland",2.52,5204.7576,271.65,718.21,183.46,110.08,455.11,828.29,0.08744115191839098,0.1591409367460264,4749.6476,12570.0,47685.62,1107.45,3642.1976,6033.0476,1283.4,2390.85,1.2702095203863124,1.6564306121117645,20.653800000000047,20.233799999999974,11.553800000000138,23.743800000000192,3.509999999999991,12.190000000000055,0.979664759027391,0.559403112260219,1.1496092728698901,0.1699445138424882,0.5902061606096712
United Kingdom,UK,2026-04,2026-04-06,uk__standard_employee_scotland,"Royaume-Uni · salarié standard, Écosse","United Kingdom · standard employee, Scotland",2.53,5225.4114,272.06,721.31,183.46,110.08,455.52,831.39,0.08717399743874711,0.15910517591016854,4769.8914,12570.0,47933.42,1116.12,3653.7714,6056.8014,1286.91,2403.03,1.2697985954145623,1.6576848239602509,20.653800000000047,20.243800000000192,11.57380000000012,23.75380000000041,3.509999999999991,12.180000000000291,0.9801489314315113,0.5603714570684375,1.1500934452740104,0.1699445138424882,0.589721988205573
United Kingdom,UK,2026-04,2026-04-06,uk__standard_employee_scotland,"Royaume-Uni · salarié standard, Écosse","United Kingdom · standard employee, Scotland",2.54,5246.0652,272.47,724.41,183.46,110.08,455.93,834.49,0.08690894653768315,0.1590696966556954,4790.1352,12570.0,48181.34,1124.8,3665.3352,6080.5552,1290.42,2415.22,1.269391143698825,1.6589356411386333,20.653800000000047,20.243799999999283,11.563799999999901,23.7537999999995,3.509999999999991,12.1899999999996,0.9801489314314672,0.5598872846643173,1.1500934452739664,0.1699445138424882,0.5902061606096491
United Kingdom,UK,2026-04,2026-04-06,uk__standard_employee_scotland,"Royaume-Uni · salarié standard, Écosse","United Kingdom · standard employee, Scotland",2.55,5266.719,272.88,727.51,183.46,110.08,456.34,837.59,0.08664597446721574,0.1590344956698848,4810.379,12570.0,48429.14,1133.47,3676.909,6104.309,1293.93,2427.4,1.26898712138898,1.6601740755618377,20.653800000000047,20.243800000000192,11.57380000000012,23.75380000000041,3.509999999999991,12.180000000000291,0.9801489314315113,0.5603714570684375,1.1500934452740104,0.1699445138424882,0.589721988205573
United Kingdom,UK,2026-04,2026-04-06,uk__standard_employee_scotland,"Royaume-Uni · salarié standard, Écosse","United Kingdom · standard employee, Scotland",2.56,5287.3728,273.3,730.61,183.46,110.08,456.76,840.69,0.08638694816450242,0.15899956969177587,4830.6128,12570.0,48676.94,1142.15,3688.4628,6128.0628,1297.45,2439.6,1.2685891115098276,1.661413746669751,20.653800000000047,20.233799999999974,11.553799999999683,23.7537999999995,3.519999999999982,12.199999999999818,0.979664759027391,0.559403112260197,1.1500934452739664,0.17042868624659743,0.5906903330137694
United Kingdom,UK,2026-04,2026-04-06,uk__standard_employee_scotland,"Royaume-Uni · salarié standard, Écosse","United Kingdom · standard employee, Scotland",2.57,5308.0266,273.71,733.7,183.46,110.08,457.17,843.78,0.0861280536913662,0.15896303157184632,4850.8566,12570.0,48924.86,1150.82,3700.0366,6151.8066,1300.95,2451.77,1.2681897461161808,1.6626339858367885,20.653800000000047,20.243800000000192,11.57380000000012,23.743800000000192,3.5,12.170000000000073,0.9801489314315113,0.5603714570684375,1.1496092728698901,0.169460341438379,0.5892378158014527
United Kingdom,UK,2026-04,2026-04-06,uk__standard_employee_scotland,"Royaume-Uni · salarié standard, Écosse","United Kingdom · standard employee, Scotland",2.58,5328.6804,274.12,736.8,183.46,110.08,457.58,846.88,0.08587116615213028,0.15892865333038175,4871.1004,12570.0,49172.66,1159.5,3711.6004,6175.5604,1304.46,2463.96,1.2677957530910264,1.6638537920192056,20.653800000000047,20.243800000000192,11.563799999999901,23.75380000000041,3.509999999999991,12.190000000000055,0.9801489314315113,0.5598872846643173,1.1500934452740104,0.1699445138424882,0.5902061606096712
United Kingdom,UK,2026-04,2026-04-06,uk__standard_employee_scotland,"Royaume-Uni · salarié standard, Écosse","United Kingdom · standard employee, Scotland",2.59,5349.3342,274.54,739.9,183.46,110.08,458.0,849.98,0.08561813169197767,0.15889454055796326,4891.3342,12570.0,49420.46,1168.17,3723.1642,6199.3142,1307.98,2476.15,1.267407612426074,1.6650660209936485,20.653800000000047,20.233799999999974,11.563800000000356,23.7537999999995,3.519999999999982,12.190000000000055,0.979664759027391,0.5598872846643392,1.1500934452739664,0.17042868624659743,0.5902061606096712
United Kingdom,UK,2026-04,2026-04-06,uk__standard_employee_scotland,"Royaume-Uni · salarié standard, Écosse","United Kingdom · standard employee, Scotland",2.6,5369.988,274.95,743.0,183.46,110.08,458.41,853.08,0.08536518144919504,0.15886069019148646,4911.578,12570.0,49668.38,1176.85,3734.728,6223.068,1311.49,2488.34,1.267020090081029,1.666270743143811,20.653800000000047,20.243800000000192,11.563799999999901,23.75380000000041,3.509999999999991,12.190000000000055,0.9801489314315113,0.5598872846643173,1.1500934452740104,0.1699445138424882,0.5902061606096712
United Kingdom,UK,2026-04,2026-04-06,uk__standard_employee_scotland,"Royaume-Uni · salarié standard, Écosse","United Kingdom · standard employee, Scotland",2.61,5390.6418,275.36,746.1,183.46,110.08,458.82,856.18,0.08511416952244907,0.15882709921479107,4931.8218,12570.0,49916.18,1185.52,3746.3018,6246.8218,1315.0,2500.52,1.2666357490856623,1.6674635770134696,20.653800000000047,20.243799999999283,11.57380000000012,23.7537999999995,3.509999999999991,12.179999999999836,0.9801489314314672,0.5603714570684375,1.1500934452739664,0.1699445138424882,0.589721988205551
United Kingdom,UK,2026-04,2026-04-06,uk__standard_employee_scotland,"Royaume-Uni · salarié standard, Écosse","United Kingdom · standard employee, Scotland",2.62,5411.2956,275.78,749.2,183.46,110.08,459.24,859.28,0.08486692170355653,0.15879376465776515,4952.0556,12570.0,50164.1,1194.2,3757.8556,6270.5756,1318.52,2512.72,1.266257107452509,1.6686579441743314,20.653800000000047,20.233799999999974,11.553799999999683,23.75380000000041,3.519999999999982,12.199999999999818,0.979664759027391,0.559403112260197,1.1500934452740104,0.17042868624659743,0.5906903330137694
United Kingdom,UK,2026-04,2026-04-06,uk__standard_employee_scotland,"Royaume-Uni · salarié standard, Écosse","United Kingdom · standard employee, Scotland",2.63,5431.9494,276.19,752.29,183.46,110.08,459.65,862.37,0.08461971313650306,0.15875884263575799,4972.2994,12570.0,50411.9,1202.87,3769.4294,6294.3194,1322.02,2524.89,1.2658769904322333,1.6698334766529912,20.653800000000047,20.243800000000192,11.57380000000012,23.743800000000192,3.5,12.170000000000073,0.9801489314315113,0.5603714570684375,1.1496092728698901,0.169460341438379,0.5892378158014527
United Kingdom,UK,2026-04,2026-04-06,uk__standard_employee_scotland,"Royaume-Uni · salarié standard, Écosse","United Kingdom · standard employee, Scotland",2.64,5452.6032,276.6,755.39,183.46,110.08,460.06,865.47,0.08437437736162426,0.15872601916090281,4992.5432,12570.0,50659.7,1211.54,3781.0032,6318.0732,1325.53,2537.07,1.2655019590015768,1.671004457229764,20.653799999999137,20.243800000000192,11.57380000000012,23.7537999999995,3.509999999999991,12.180000000000291,0.9801489314315543,0.5603714570684621,1.150093445274017,0.1699445138424957,0.589721988205599
United Kingdom,UK,2026-04,2026-04-06,uk__standard_employee_scotland,"Royaume-Uni · salarié standard, Écosse","United Kingdom · standard employee, Scotland",2.65,5473.257,277.02,758.49,183.46,110.08,460.48,868.57,0.08413272024317513,0.15869344341038616,5012.777,12570.0,50907.62,1220.22,3792.557,6341.827,1329.05,2549.27,1.265132480459434,1.6721771090058766,20.653800000000047,20.233799999999974,11.553799999999683,23.75380000000041,3.519999999999982,12.199999999999818,0.979664759027391,0.559403112260197,1.1500934452740104,0.17042868624659743,0.5906903330137694
United Kingdom,UK,2026-04,2026-04-06,uk__standard_employee_scotland,"Royaume-Uni · salarié standard, Écosse","United Kingdom · standard employee, Scotland",2.66,5493.9108,277.43,761.59,183.46,110.08,460.89,871.67,0.08389105989853347,0.15866111259032453,5033.0208,12570.0,51155.42,1228.89,3804.1308,6365.5808,1332.56,2561.45,1.2647634597496598,1.6733338401508173,20.653800000000047,20.243800000000192,11.57380000000012,23.7537999999995,3.509999999999991,12.179999999999836,0.9801489314315113,0.5603714570684375,1.1500934452739664,0.1699445138424882,0.589721988205551
United Kingdom,UK,2026-04,2026-04-06,uk__standard_employee_scotland,"Royaume-Uni · salarié standard, Écosse","United Kingdom · standard employee, Scotland",2.67,5514.5646,277.84,764.68,183.46,110.08,461.3,874.76,0.08365120974373932,0.15862721056889967,5053.2646,12570.0,51403.22,1237.57,3815.6946,6389.3246,1336.06,2573.63,1.264395416776711,1.6744853217550484,20.653800000000047,20.243800000000192,11.563799999999901,23.743800000000192,3.5,12.180000000000291,0.9801489314315113,0.5598872846643173,1.1496092728698901,0.169460341438379,0.589721988205573
United Kingdom,UK,2026-04,2026-04-06,uk__standard_employee_scotland,"Royaume-Uni · salarié standard, Écosse","United Kingdom · standard employee, Scotland",2.68,5535.2184,278.25,767.78,183.46,110.08,461.71,877.86,0.0834131495154735,0.15859536816108283,5073.5084,12570.0,51651.14,1246.24,3827.2684,6413.0784,1339.57,2585.81,1.2640322818820995,1.6756280798075198,20.653800000000047,20.243799999999283,11.57380000000012,23.75380000000041,3.509999999999991,12.179999999999836,0.9801489314314672,0.5603714570684375,1.1500934452740104,0.1699445138424882,0.589721988205551
United Kingdom,UK,2026-04,2026-04-06,uk__standard_employee_scotland,"Royaume-Uni · salarié standard, Écosse","United Kingdom · standard employee, Scotland",2.69,5555.8722,278.67,770.88,183.46,110.08,462.13,880.96,0.08317865914914314,0.15856376249979257,5093.7422,12570.0,51898.94,1254.92,3838.8222,6436.8322,1343.09,2598.01,1.263674514191158,1.6767726830380423,20.653800000000047,20.233799999999974,11.553800000000138,23.7537999999995,3.519999999999982,12.200000000000273,0.979664759027391,0.559403112260219,1.1500934452739664,0.17042868624659743,0.5906903330137915
United Kingdom,UK,2026-04,2026-04-06,uk__standard_employee_scotland,"Royaume-Uni · salarié standard, Écosse","United Kingdom · standard employee, Scotland",2.7,5576.526,279.08,773.98,183.46,110.08,462.54,884.06,0.08294411251736294,0.15853239095451183,5113.986,12570.0,52146.86,1263.59,3850.396,6460.586,1346.6,2610.19,1.2633171072427654,1.6779017015392703,20.653800000000047,20.243800000000192,11.57380000000012,23.75380000000041,3.509999999999991,12.179999999999836,0.9801489314315113,0.5603714570684375,1.1500934452740104,0.1699445138424882,0.589721988205551
United Kingdom,UK,2026-04,2026-04-06,uk__standard_employee_scotland,"Royaume-Uni · salarié standard, Écosse","United Kingdom · standard employee, Scotland",2.71,5597.1798,279.49,777.08,183.46,110.08,462.95,887.16,0.08271129685703504,0.15850125093355052,5134.2298,12570.0,52394.66,1272.27,3861.9598,6484.3398,1350.11,2622.38,1.2629625187403961,1.679028300605304,20.653800000000047,20.243800000000192,11.563799999999901,23.7537999999995,3.509999999999991,12.190000000000055,0.9801489314315113,0.5598872846643173,1.1500934452739664,0.1699445138424882,0.5902061606096712
United Kingdom,UK,2026-04,2026-04-06,uk__standard_employee_scotland,"Royaume-Uni · salarié standard, Écosse","United Kingdom · standard employee, Scotland",2.72,5617.8336,279.91,780.17,183.46,110.08,463.37,890.25,0.0824819731221658,0.15846855983772817,5154.4636,12570.0,52642.46,1280.94,3873.5236,6508.0836,1353.62,2634.56,1.2626112249585,1.6801455914712897,20.653800000000047,20.233799999999974,11.563799999999901,23.743800000000192,3.509999999999991,12.179999999999836,0.979664759027391,0.5598872846643173,1.1496092728698901,0.1699445138424882,0.589721988205551
United Kingdom,UK,2026-04,2026-04-06,uk__standard_employee_scotland,"Royaume-Uni · salarié standard, Écosse","United Kingdom · standard employee, Scotland",2.73,5638.4874,280.32,783.27,183.46,110.08,463.78,893.35,0.08225255588936849,0.15843788176240317,5174.7074,12570.0,52890.38,1289.62,3885.0874,6531.8374,1357.13,2646.75,1.2622621715770828,1.681258805142968,20.653800000000047,20.243800000000192,11.563799999999901,23.75380000000041,3.5100000000002183,12.190000000000055,0.9801489314315113,0.5598872846643173,1.1500934452740104,0.16994451384249923,0.5902061606096712
United Kingdom,UK,2026-04,2026-04-06,uk__standard_employee_scotland,"Royaume-Uni · salarié standard, Écosse","United Kingdom · standard employee, Scotland",2.74,5659.1412,280.73,786.37,183.46,110.08,464.19,896.45,0.08202481323491274,0.15840742761463522,5194.9512,12570.0,53138.18,1298.29,3896.6612,6555.5912,1360.64,2658.93,1.2619158385934404,1.6823610941592764,20.653800000000047,20.243800000000192,11.57380000000012,23.7537999999995,3.509999999999991,12.179999999999836,0.9801489314315113,0.5603714570684375,1.1500934452739664,0.1699445138424882,0.589721988205551
United Kingdom,UK,2026-04,2026-04-06,uk__standard_employee_scotland,"Royaume-Uni · salarié standard, Écosse","United Kingdom · standard employee, Scotland",2.75,5679.795,281.15,789.47,183.46,110.08,464.61,899.55,0.08180048751759526,0.15837719495157837,5215.185,12570.0,53386.1,1306.97,3908.215,6579.345,1364.16,2671.13,1.2615746133646266,1.6834654695302076,20.653800000000047,20.233799999999974,11.553800000000138,23.75380000000041,3.519999999999982,12.200000000000273,0.979664759027391,0.559403112260219,1.1500934452740104,0.17042868624659743,0.5906903330137915
United Kingdom,UK,2026-04,2026-04-06,uk__standard_employee_scotland,"Royaume-Uni · salarié standard, Écosse","United Kingdom · standard employee, Scotland",2.76,5700.4488,281.56,792.57,183.46,110.08,465.02,902.65,0.08157603310111301,0.15834718136579,5235.4288,12570.0,53633.9,1315.64,3919.7888,6603.0988,1367.67,2683.31,1.2612336166237235,1.684554739275749,20.653800000000047,20.243799999999283,11.573799999999665,23.7537999999995,3.509999999999991,12.179999999999836,0.9801489314314672,0.5603714570684154,1.1500934452739664,0.1699445138424882,0.589721988205551
United Kingdom,UK,2026-04,2026-04-06,uk__standard_employee_scotland,"Royaume-Uni · salarié standard, Écosse","United Kingdom · standard employee, Scotland",2.77,5721.1026,281.97,795.67,183.46,110.08,465.43,905.75,0.08135319929413608,0.15831738448459218,5255.6726,12570.0,53881.7,1324.31,3931.3626,6626.8526,1371.18,2695.49,1.2608952467853496,1.6856375954738951,20.653800000000047,20.243800000000192,11.57380000000012,23.75380000000041,3.509999999999991,12.179999999999836,0.9801489314315113,0.5603714570684375,1.1500934452740104,0.1699445138424882,0.589721988205551
United Kingdom,UK,2026-04,2026-04-06,uk__standard_employee_scotland,"Royaume-Uni · salarié standard, Écosse","United Kingdom · standard employee, Scotland",2.78,5741.7564,282.39,798.76,183.46,110.08,465.85,908.84,0.08113371023542552,0.15828606034209322,5275.9064,12570.0,54129.62,1332.99,3942.9164,6650.5964,1374.69,2707.68,1.2605599674778158,1.6867201140759667,20.653800000000047,20.233799999999974,11.553800000000138,23.743800000000192,3.509999999999991,12.190000000000055,0.979664759027391,0.559403112260219,1.1496092728698901,0.1699445138424882,0.5902061606096712
United Kingdom,UK,2026-04,2026-04-06,uk__standard_employee_scotland,"Royaume-Uni · salarié standard, Écosse","United Kingdom · standard employee, Scotland",2.79,5762.4102,282.8,801.86,183.46,110.08,466.26,911.94,0.08091405919002434,0.15825669613037963,5296.1502,12570.0,54377.42,1341.66,3954.4902,6674.3502,1378.2,2719.86,1.2602267586746314,1.6877902997458434,20.653800000000047,20.243800000000192,11.57380000000012,23.7537999999995,3.509999999999991,12.180000000000291,0.9801489314315113,0.5603714570684375,1.1500934452739664,0.1699445138424882,0.589721988205573
United Kingdom,UK,2026-04,2026-04-06,uk__standard_employee_scotland,"Royaume-Uni · salarié standard, Écosse","United Kingdom · standard employee, Scotland",2.8,5783.064,283.21,804.96,183.46,110.08,466.67,915.04,0.08069597708066173,0.15822754166303538,5316.394,12570.0,54625.22,1350.34,3966.054,6698.104,1381.71,2732.05,1.2598960874607863,1.6888584976402239,20.653800000000047,20.243800000000192,11.563799999999901,23.75380000000041,3.509999999999991,12.190000000000055,0.9801489314315113,0.5598872846643173,1.1500934452740104,0.1699445138424882,0.5902061606096712
United Kingdom,UK,2026-04,2026-04-06,uk__standard_employee_scotland,"Royaume-Uni · salarié standard, Écosse","United Kingdom · standard employee, Scotland",2.81,5803.7178,283.62,808.06,183.46,110.08,467.08,918.14,0.0804794471571309,0.15819859470079678,5336.6378,12570.0,54873.14,1359.01,3977.6278,6721.8578,1385.22,2744.23,1.259567924958295,1.689916236003781,20.653800000000047,20.243800000000192,11.57380000000012,23.7537999999995,3.509999999999991,12.179999999999836,0.9801489314315113,0.5603714570684375,1.1500934452739664,0.1699445138424882,0.589721988205551
United Kingdom,UK,2026-04,2026-04-06,uk__standard_employee_scotland,"Royaume-Uni · salarié standard, Écosse","United Kingdom · standard employee, Scotland",2.82,5824.3716,284.04,811.16,183.46,110.08,467.5,921.24,0.08026616983023542,0.1581698530361627,5356.8716,12570.0,55120.94,1367.69,3989.1816,6745.6116,1388.74,2756.43,1.25924459343024,1.6909763145403056,20.653800000000047,20.233799999999974,11.553799999999683,23.75380000000041,3.519999999999982,12.199999999999818,0.979664759027391,0.559403112260197,1.1500934452740104,0.17042868624659743,0.5906903330137694
United Kingdom,UK,2026-04,2026-04-06,uk__standard_employee_scotland,"Royaume-Uni · salarié standard, Écosse","United Kingdom · standard employee, Scotland",2.83,5845.0254,284.45,814.25,183.46,110.08,467.91,924.33,0.08005268890704904,0.15813960363628188,5377.1154,12570.0,55368.86,1376.36,4000.7554,6769.3554,1392.24,2768.6,1.258919494270106,1.6920193121528997,20.653800000000047,20.243799999999283,11.57380000000012,23.743800000000192,3.5,12.170000000000073,0.9801489314314672,0.5603714570684375,1.1496092728698901,0.169460341438379,0.5892378158014527
United Kingdom,UK,2026-04,2026-04-06,uk__standard_employee_scotland,"Royaume-Uni · salarié standard, Écosse","United Kingdom · standard employee, Scotland",2.84,5865.6792,284.86,817.35,183.46,110.08,468.32,927.43,0.07984071137064572,0.15811127209275272,5397.3592,12570.0,55616.66,1385.04,4012.3192,6793.1092,1395.75,2780.79,1.2585986865576781,1.6930630045585606,20.653799999999137,20.243800000000192,11.563799999999901,23.7537999999995,3.509999999999991,12.190000000000055,0.9801489314315543,0.5598872846643419,1.150093445274017,0.1699445138424957,0.5902061606096972
United Kingdom,UK,2026-04,2026-04-06,uk__standard_employee_scotland,"Royaume-Uni · salarié standard, Écosse","United Kingdom · standard employee, Scotland",2.85,5886.333,285.28,820.45,183.46,110.08,468.74,930.53,0.07963192024644204,0.15808313936707286,5417.593,12570.0,55864.46,1393.71,4023.883,6816.863,1399.27,2792.98,1.258282598932773,1.6941006982558884,20.653800000000047,20.233799999999974,11.563799999999901,23.75380000000041,3.519999999999982,12.190000000000055,0.979664759027391,0.5598872846643173,1.1500934452740104,0.17042868624659743,0.5902061606096712
United Kingdom,UK,2026-04,2026-04-06,uk__standard_employee_scotland,"Royaume-Uni · salarié standard, Écosse","United Kingdom · standard employee, Scotland",2.86,5906.9868,285.69,823.55,183.46,110.08,469.15,933.63,0.07942289628952616,0.1580552033737404,5437.8368,12570.0,56112.38,1402.39,4035.4468,6840.6168,1402.78,2805.17,1.2579665502282082,1.6951324448137937,20.653800000000047,20.243800000000192,11.563800000000356,23.7537999999995,3.509999999999991,12.190000000000055,0.9801489314315113,0.5598872846643392,1.1500934452739664,0.1699445138424882,0.5902061606096712
United Kingdom,UK,2026-04,2026-04-06,uk__standard_employee_scotland,"Royaume-Uni · salarié standard, Écosse","United Kingdom · standard employee, Scotland",2.87,5927.6406,286.1,826.65,183.46,110.08,469.56,936.73,0.07921532894555045,0.15802746205631965,5458.0806,12570.0,56360.18,1411.06,4047.0206,6864.3706,1406.29,2817.35,1.2576528459473464,1.696154104083384,20.653800000000047,20.243800000000192,11.573799999999665,23.75380000000041,3.509999999999991,12.179999999999836,0.9801489314315113,0.5603714570684154,1.1500934452740104,0.1699445138424882,0.589721988205551
United Kingdom,UK,2026-04,2026-04-06,uk__standard_employee_scotland,"Royaume-Uni · salarié standard, Écosse","United Kingdom · standard employee, Scotland",2.88,5948.2944,286.52,829.74,183.46,110.08,469.98,939.82,0.07901088419564439,0.15799823223275566,5478.3144,12570.0,56607.98,1419.73,4058.5844,6888.1144,1409.8,2829.53,1.2573419298461586,1.6971716542349102,20.653800000000047,20.233799999999974,11.563800000000356,23.743800000000192,3.509999999999991,12.180000000000291,0.979664759027391,0.5598872846643392,1.1496092728698901,0.1699445138424882,0.589721988205573
United Kingdom,UK,2026-04,2026-04-06,uk__standard_employee_scotland,"Royaume-Uni · salarié standard, Écosse","United Kingdom · standard employee, Scotland",2.89,5968.9482,286.93,832.84,183.46,110.08,470.39,942.92,0.07880617895125977,0.1579708800287461,5498.5582,12570.0,56855.9,1428.41,4070.1482,6911.8682,1413.31,2841.72,1.2570328345346968,1.6981858793249838,20.653800000000047,20.243800000000192,11.563799999999901,23.7537999999995,3.509999999999991,12.1899999999996,0.9801489314315113,0.5598872846643173,1.1500934452739664,0.1699445138424882,0.5902061606096491
United Kingdom,UK,2026-04,2026-04-06,uk__standard_employee_scotland,"Royaume-Uni · salarié standard, Écosse","United Kingdom · standard employee, Scotland",2.9,5989.602,287.34,835.94,183.46,110.08,470.8,946.02,0.07860288546718129,0.15794371646062627,5518.802,12570.0,57103.7,1437.08,4081.722,6935.622,1416.82,2853.9,1.2567260068398904,1.6991901947266377,20.653800000000047,20.243799999999283,11.57380000000012,23.75380000000041,3.509999999999991,12.180000000000291,0.9801489314314672,0.5603714570684375,1.1500934452740104,0.1699445138424882,0.589721988205573
United Kingdom,UK,2026-04,2026-04-06,uk__standard_employee_scotland,"Royaume-Uni · salarié standard, Écosse","United Kingdom · standard employee, Scotland",2.91,6010.2558,287.76,839.04,183.46,110.08,471.22,949.12,0.07840265301187346,0.15791673958369623,5539.0358,12570.0,57351.62,1445.76,4093.2758,6959.3758,1420.34,2866.1,1.2564236902025439,1.700197137950001,20.653800000000047,20.233799999999974,11.553799999999683,23.7537999999995,3.519999999999982,12.199999999999818,0.979664759027391,0.559403112260197,1.1500934452739664,0.17042868624659743,0.5906903330137694
United Kingdom,UK,2026-04,2026-04-06,uk__standard_employee_scotland,"Royaume-Uni · salarié standard, Écosse","United Kingdom · standard employee, Scotland",2.92,6030.9096,288.17,842.14,183.46,110.08,471.63,952.22,0.07820213388706738,0.1578899474798959,5559.2796,12570.0,57599.42,1454.43,4104.8496,6983.1296,1423.85,2878.28,1.2561213147113521,1.7011901239938245,20.653800000000047,20.243800000000192,11.573799999999665,23.75380000000041,3.509999999999991,12.180000000000291,0.9801489314315113,0.5603714570684154,1.1500934452740104,0.1699445138424882,0.589721988205573
United Kingdom,UK,2026-04,2026-04-06,uk__standard_employee_scotland,"Royaume-Uni · salarié standard, Écosse","United Kingdom · standard employee, Scotland",2.93,6051.5634,288.58,845.23,183.46,110.08,472.04,955.31,0.07800298349348862,0.15786168579180712,5579.5234,12570.0,57847.22,1463.11,4116.4134,7006.8734,1427.35,2890.46,1.2558193411286707,1.7021792320470046,20.653800000000047,20.243800000000192,11.56380000000081,23.743800000000192,3.5,12.179999999999836,0.9801489314315113,0.5598872846643612,1.1496092728698901,0.169460341438379,0.589721988205551
United Kingdom,UK,2026-04,2026-04-06,uk__standard_employee_scotland,"Royaume-Uni · salarié standard, Écosse","United Kingdom · standard employee, Scotland",2.94,6072.2172,288.99,848.33,183.46,110.08,472.45,958.41,0.07780518786449207,0.15783526320501184,5599.7672,12570.0,58095.14,1471.78,4127.9872,7030.6272,1430.86,2902.64,1.2555213366727103,1.7031610950731628,20.653800000000047,20.243800000000192,11.57379999999921,23.7537999999995,3.509999999999991,12.179999999999836,0.9801489314315113,0.5603714570683934,1.1500934452739664,0.1699445138424882,0.589721988205551
United Kingdom,UK,2026-04,2026-04-06,uk__standard_employee_scotland,"Royaume-Uni · salarié standard, Écosse","United Kingdom · standard employee, Scotland",2.95,6092.871,289.41,851.43,183.46,110.08,472.87,961.51,0.07761037448519753,0.15780901975439818,5620.001,12570.0,58342.94,1480.46,4139.541,7054.381,1434.38,2914.84,1.2552277125929336,1.7041457011779806,20.653800000000047,20.233799999999974,11.553800000000592,23.75380000000041,3.520000000000209,12.200000000000273,0.979664759027391,0.5594031122602411,1.1500934452740104,0.17042868624660842,0.5906903330137915
United Kingdom,UK,2026-04,2026-04-06,uk__standard_employee_scotland,"Royaume-Uni · salarié standard, Écosse","United Kingdom · standard employee, Scotland",2.96,6113.5248,289.82,854.53,183.46,110.08,473.28,964.61,0.07741524169493841,0.15778295362439684,5640.2448,12570.0,58590.74,1489.13,4151.1148,7078.1348,1437.89,2927.02,1.254933970241859,1.7051166110848102,20.653800000000047,20.243800000000192,11.57380000000012,23.7537999999995,3.509999999999991,12.179999999999836,0.9801489314315113,0.5603714570684375,1.1500934452739664,0.1699445138424882,0.589721988205551
United Kingdom,UK,2026-04,2026-04-06,uk__standard_employee_scotland,"Royaume-Uni · salarié standard, Écosse","United Kingdom · standard employee, Scotland",2.97,6134.1786,290.23,857.63,183.46,110.08,473.69,967.71,0.07722142293020291,0.15775706302389042,5660.4886,12570.0,58838.66,1497.81,4162.6786,7101.8886,1441.4,2939.21,1.2546423289325237,1.7060862205407834,20.653800000000047,20.243799999999283,11.563799999999901,23.75380000000041,3.509999999999991,12.190000000000055,0.9801489314314672,0.5598872846643173,1.1500934452740104,0.1699445138424882,0.5902061606096712
United Kingdom,UK,2026-04,2026-04-06,uk__standard_employee_scotland,"Royaume-Uni · salarié standard, Écosse","United Kingdom · standard employee, Scotland",2.98,6154.8324,290.65,860.72,183.46,110.08,474.11,970.8,0.07703052970215728,0.15772972144619243,5680.7224,12570.0,59086.46,1506.48,4174.2424,7125.6324,1444.91,2951.39,1.2543532139503948,1.707048062182493,20.653800000000047,20.233799999999974,11.563799999999901,23.743800000000192,3.509999999999991,12.179999999999836,0.979664759027391,0.5598872846643173,1.1496092728698901,0.1699445138424882,0.589721988205551
United Kingdom,UK,2026-04,2026-04-06,uk__standard_employee_scotland,"Royaume-Uni · salarié standard, Écosse","United Kingdom · standard employee, Scotland",2.99,6175.4862,291.06,863.82,183.46,110.08,474.52,973.9,0.07683929404619184,0.15770418206100112,5700.9662,12570.0,59334.38,1515.16,4185.8062,7149.3862,1448.42,2963.58,1.254065705564085,1.7080069784406167,20.653800000000047,20.243800000000192,11.563799999999901,23.7537999999995,3.509999999999991,12.190000000000055,0.9801489314315113,0.5598872846643173,1.1500934452739664,0.1699445138424882,0.5902061606096712
United Kingdom,UK,2026-04,2026-04-06,uk__standard_employee_scotland,"Royaume-Uni · salarié standard, Écosse","United Kingdom · standard employee, Scotland",3.0,6196.14,291.47,866.92,183.46,110.08,474.93,977.0,0.07664933329459955,0.15767881293837777,5721.21,12570.0,59582.18,1523.83,4197.38,7173.14,1451.93,2975.76,1.2537802318041114,1.7089565395556277,20.653800000000047,20.243800000000192,11.57380000000012,23.75380000000041,3.509999999999991,12.180000000000291,0.9801489314315113,0.5603714570684375,1.1500934452740104,0.1699445138424882,0.589721988205573
United Kingdom,UK,2026-04,2026-04-06,uk__standard_employee_scotland,"Royaume-Uni · salarié standard, Écosse","United Kingdom · standard employee, Scotland",3.01,6216.7938,291.89,870.02,183.46,110.08,475.35,980.1,0.07646224328688528,0.15765361238135325,5741.4438,12570.0,59829.98,1532.5,4208.9438,7196.8938,1455.45,2987.95,1.253498954391925,1.7099049409973117,20.653800000000047,20.233799999999974,11.563799999999901,23.7537999999995,3.519999999999982,12.1899999999996,0.979664759027391,0.5598872846643173,1.1500934452739664,0.17042868624659743,0.5902061606096491
United Kingdom,UK,2026-04,2026-04-06,uk__standard_employee_scotland,"Royaume-Uni · salarié standard, Écosse","United Kingdom · standard employee, Scotland",3.02,6237.4476,292.3,873.12,183.46,110.08,475.76,983.2,0.07627478906596345,0.15762857871543481,5761.6876,12570.0,60077.9,1541.18,4220.5076,7220.6476,1458.96,3000.14,1.2532174774626794,1.7108481453747413,20.653800000000047,20.243800000000192,11.563799999999901,23.75380000000041,3.509999999999991,12.190000000000055,0.9801489314315113,0.5598872846643173,1.1500934452740104,0.1699445138424882,0.5902061606096712
United Kingdom,UK,2026-04,2026-04-06,uk__standard_employee_scotland,"Royaume-Uni · salarié standard, Écosse","United Kingdom · standard employee, Scotland",3.03,6258.1014,292.71,876.22,183.46,110.08,476.17,986.3,0.07608857216663188,0.15760371028823536,5781.9314,12570.0,60325.7,1549.85,4232.0814,7244.4014,1462.47,3012.32,1.2529379715573934,1.7117821505040052,20.653799999999137,20.243800000000192,11.57380000000012,23.7537999999995,3.509999999999991,12.180000000000291,0.9801489314315543,0.5603714570684621,1.150093445274017,0.1699445138424957,0.589721988205599
United Kingdom,UK,2026-04,2026-04-06,uk__standard_employee_scotland,"Royaume-Uni · salarié standard, Écosse","United Kingdom · standard employee, Scotland",3.04,6278.7552,293.13,879.31,183.46,110.08,476.59,989.39,0.07590517305086206,0.1575774127967276,5802.1652,12570.0,60573.62,1558.53,4243.6352,7268.1452,1465.98,3024.51,1.2526608515041937,1.712716776409056,20.653800000000047,20.233799999999974,11.553799999999683,23.743800000000192,3.509999999999991,12.190000000000055,0.979664759027391,0.559403112260197,1.1496092728698901,0.1699445138424882,0.5902061606096712
United Kingdom,UK,2026-04,2026-04-06,uk__standard_employee_scotland,"Royaume-Uni · salarié standard, Écosse","United Kingdom · standard employee, Scotland",3.05,6299.409,293.54,882.41,183.46,110.08,477.0,992.49,0.07572138910173955,0.15755287519829242,5822.409,12570.0,60821.42,1567.2,4255.209,7291.899,1469.49,3036.69,1.2523852240541673,1.7136406225875156,20.653800000000047,20.243799999999283,11.57380000000012,23.75380000000041,3.509999999999991,12.179999999999836,0.9801489314314672,0.5603714570684375,1.1500934452740104,0.1699445138424882,0.589721988205551
United Kingdom,UK,2026-04,2026-04-06,uk__standard_employee_scotland,"Royaume-Uni · salarié standard, Écosse","United Kingdom · standard employee, Scotland",3.06,6320.0628,293.95,885.51,183.46,110.08,477.41,995.59,0.07553880635489886,0.15752849797631757,5842.6528,12570.0,61069.22,1575.88,4266.7728,7315.6528,1473.0,3048.88,1.2521115066087787,1.7145634752335535,20.653800000000047,20.243800000000192,11.563799999999901,23.7537999999995,3.509999999999991,12.190000000000055,0.9801489314315113,0.5598872846643173,1.1500934452739664,0.1699445138424882,0.5902061606096712
United Kingdom,UK,2026-04,2026-04-06,uk__standard_employee_scotland,"Royaume-Uni · salarié standard, Écosse","United Kingdom · standard employee, Scotland",3.07,6340.7166,294.36,888.61,183.46,110.08,477.82,998.69,0.07535741307220702,0.15750427956360644,5862.8966,12570.0,61317.14,1584.55,4278.3466,7339.4066,1476.51,3061.06,1.2518396793830544,1.7154773294898549,20.653800000000047,20.243800000000192,11.57380000000012,23.75380000000041,3.509999999999991,12.179999999999836,0.9801489314315113,0.5603714570684375,1.1500934452740104,0.1699445138424882,0.589721988205551
United Kingdom,UK,2026-04,2026-04-06,uk__standard_employee_scotland,"Royaume-Uni · salarié standard, Écosse","United Kingdom · standard employee, Scotland",3.08,6361.3704,294.78,891.71,183.46,110.08,478.24,1001.79,0.0751787696562992,0.15748021841331547,5883.1304,12570.0,61564.94,1593.23,4289.9004,7363.1604,1480.03,3073.26,1.251571850251696,1.7163942547477327,20.653800000000047,20.233799999999974,11.553800000000592,23.7537999999995,3.519999999999982,12.200000000000273,0.979664759027391,0.5594031122602411,1.1500934452739664,0.17042868624659743,0.5906903330137915
United Kingdom,UK,2026-04,2026-04-06,uk__standard_employee_scotland,"Royaume-Uni · salarié standard, Écosse","United Kingdom · standard employee, Scotland",3.09,6382.0242,295.19,894.8,183.46,110.08,478.65,1004.88,0.07499971560747137,0.15745474609764093,5903.3742,12570.0,61812.74,1601.9,4301.4742,7386.9042,1483.53,3085.43,1.2513020434991229,1.7172959447251825,20.653800000000047,20.243800000000192,11.57379999999921,23.743800000000192,3.5,12.169999999999618,0.9801489314315113,0.5603714570683934,1.1496092728698901,0.169460341438379,0.5892378158014308
United Kingdom,UK,2026-04,2026-04-06,uk__standard_employee_scotland,"Royaume-Uni · salarié standard, Écosse","United Kingdom · standard employee, Scotland",3.1,6402.678,295.6,897.9,183.46,110.08,479.06,1007.98,0.07482181674605533,0.15743099996595172,5923.618,12570.0,62060.66,1610.58,4313.038,7410.658,1487.04,3097.62,1.2510357690181915,1.7181990977125636,20.653800000000047,20.243800000000192,11.563799999999901,23.75380000000041,3.509999999999991,12.190000000000055,0.9801489314315113,0.5598872846643173,1.1500934452740104,0.1699445138424882,0.5902061606096712
United Kingdom,UK,2026-04,2026-04-06,uk__standard_employee_scotland,"Royaume-Uni · salarié standard, Écosse","United Kingdom · standard employee, Scotland",3.11,6423.3318,296.02,901.0,183.46,110.08,479.48,1011.08,0.07464661875321466,0.15740740654250493,5943.8518,12570.0,62308.46,1619.25,4324.6018,7434.4118,1490.56,3109.81,1.2507734126210885,1.719097420715128,20.653800000000047,20.233799999999974,11.56380000000081,23.7537999999995,3.519999999999982,12.190000000000055,0.979664759027391,0.5598872846643612,1.1500934452739664,0.17042868624659743,0.5902061606096712
United Kingdom,UK,2026-04,2026-04-06,uk__standard_employee_scotland,"Royaume-Uni · salarié standard, Écosse","United Kingdom · standard employee, Scotland",3.12,6443.9856,296.43,904.1,183.46,110.08,479.89,1014.18,0.07447099198980207,0.157383964358952,5964.0956,12570.0,62556.38,1628.24,4335.8556,7458.1656,1494.07,3122.31,1.2505107396333486,1.7201139263032652,20.653800000000047,20.243799999999283,11.2537999999995,23.75380000000041,3.509999999999991,12.5,0.9801489314314672,0.5448779401368986,1.1500934452740104,0.1699445138424882,0.6052155051370678
United Kingdom,UK,2026-04,2026-04-06,uk__standard_employee_scotland,"Royaume-Uni · salarié standard, Écosse","United Kingdom · standard employee, Scotland",3.13,6464.6394,296.84,907.2,183.46,110.08,480.3,1017.28,0.07429648744213017,0.15736067196570935,5984.3394,12570.0,62804.18,1637.54,4346.7994,7481.9194,1497.58,3135.12,1.2502498437839271,1.7212479140399255,20.653800000000047,20.243800000000192,10.94380000000001,23.7537999999995,3.509999999999991,12.809999999999945,0.9801489314315113,0.5298685956095239,1.1500934452739664,0.1699445138424882,0.6202248496644645
United Kingdom,UK,2026-04,2026-04-06,uk__standard_employee_scotland,"Royaume-Uni · salarié standard, Écosse","United Kingdom · standard employee, Scotland",3.14,6485.2932,297.26,910.29,183.46,110.08,480.72,1020.37,0.07412463633872404,0.1573359859813277,6004.5732,12570.0,63051.98,1646.83,4357.7432,7505.6632,1501.09,3147.92,1.2499911234323864,1.7223739113401633,20.653800000000047,20.233799999999974,10.94380000000001,23.743800000000192,3.509999999999991,12.800000000000182,0.979664759027391,0.5298685956095239,1.1496092728698901,0.1699445138424882,0.6197406772603663
United Kingdom,UK,2026-04,2026-04-06,uk__standard_employee_scotland,"Royaume-Uni · salarié standard, Écosse","United Kingdom · standard employee, Scotland",3.15,6505.947,297.67,913.39,183.46,110.08,481.13,1023.47,0.07395233929818365,0.15731299378860603,6024.817,12570.0,63299.9,1656.13,4368.687,7529.417,1504.6,3160.73,1.2497337263521864,1.723496556287965,20.653800000000047,20.243800000000192,10.94380000000001,23.75380000000041,3.509999999999991,12.809999999999945,0.9801489314315113,0.5298685956095239,1.1500934452740104,0.1699445138424882,0.6202248496644645
United Kingdom,UK,2026-04,2026-04-06,uk__standard_employee_scotland,"Royaume-Uni · salarié standard, Écosse","United Kingdom · standard employee, Scotland",3.16,6526.6008,298.08,916.49,183.46,110.08,481.54,1026.57,0.07378113274524158,0.15729014711609138,6045.0608,12570.0,63547.7,1665.42,4379.6408,7553.1708,1508.11,3173.53,1.2494780532232197,1.7246096529194812,20.653800000000047,20.243800000000192,10.953800000000228,23.7537999999995,3.509999999999991,12.800000000000182,0.9801489314315113,0.5303527680136442,1.1500934452739664,0.1699445138424882,0.6197406772603663
United Kingdom,UK,2026-04,2026-04-06,uk__standard_employee_scotland,"Royaume-Uni · salarié standard, Écosse","United Kingdom · standard employee, Scotland",3.17,6547.2546,298.5,919.59,183.46,110.08,481.96,1029.67,0.07361253371756767,0.1572674445866211,6065.2946,12570.0,63795.5,1674.71,4390.5846,7576.9246,1511.63,3186.34,1.2492261464101018,1.7257211260659913,20.653800000000047,20.233799999999974,10.94380000000001,23.75380000000041,3.520000000000209,12.809999999999945,0.979664759027391,0.5298685956095239,1.1500934452740104,0.17042868624660842,0.6202248496644645
United Kingdom,UK,2026-04,2026-04-06,uk__standard_employee_scotland,"Royaume-Uni · salarié standard, Écosse","United Kingdom · standard employee, Scotland",3.18,6567.9084,298.91,922.69,183.46,110.08,482.37,1032.77,0.07344347250640706,0.15724488484035495,6085.5384,12570.0,64043.42,1684.01,4401.5284,7600.6784,1515.14,3199.15,1.2489738623619564,1.7268270721597525,20.653800000000047,20.243800000000192,10.94380000000001,23.7537999999995,3.509999999999991,12.809999999999945,0.9801489314315113,0.5298685956095239,1.1500934452739664,0.1699445138424882,0.6202248496644645
United Kingdom,UK,2026-04,2026-04-06,uk__standard_employee_scotland,"Royaume-Uni · salarié standard, Écosse","United Kingdom · standard employee, Scotland",3.19,6588.5622,299.32,925.78,183.46,110.08,482.78,1035.86,0.07327547124014401,0.1572209487526732,6105.7822,12570.0,64291.22,1693.3,4412.4822,7624.4222,1518.64,3211.94,1.2487216134240753,1.7279213500283355,20.653800000000047,20.243799999999283,10.953800000000228,23.743800000000192,3.5,12.789999999999964,0.9801489314314672,0.5303527680136442,1.1496092728698901,0.169460341438379,0.6192565048562461
United Kingdom,UK,2026-04,2026-04-06,uk__standard_employee_scotland,"Royaume-Uni · salarié standard, Écosse","United Kingdom · standard employee, Scotland",3.2,6609.216,299.73,928.88,183.46,110.08,483.19,1038.96,0.07310851998179513,0.15719867530430234,6126.026,12570.0,64539.14,1702.6,4423.426,7648.176,1522.15,3224.75,1.2484726640076291,1.7290163778030878,20.653800000000047,20.243800000000192,10.94380000000001,23.75380000000041,3.509999999999991,12.809999999999945,0.9801489314315113,0.5298685956095239,1.1500934452740104,0.1699445138424882,0.6202248496644645
United Kingdom,UK,2026-04,2026-04-06,uk__standard_employee_scotland,"Royaume-Uni · salarié standard, Écosse","United Kingdom · standard employee, Scotland",3.21,6629.8698,300.15,931.98,183.46,110.08,483.61,1042.06,0.07294411724344874,0.15717654063131073,6146.2598,12570.0,64786.94,1711.89,4434.3698,7671.9298,1525.67,3237.56,1.248227385376713,1.7301060006317017,20.653800000000047,20.233799999999974,10.94380000000001,23.7537999999995,3.519999999999982,12.809999999999945,0.979664759027391,0.5298685956095239,1.1500934452739664,0.17042868624659743,0.6202248496644645
United Kingdom,UK,2026-04,2026-04-06,uk__standard_employee_scotland,"Royaume-Uni · salarié standard, Écosse","United Kingdom · standard employee, Scotland",3.22,6650.5236,300.56,935.08,183.46,110.08,484.02,1045.16,0.07277923199911657,0.15715454344076007,6166.5036,12570.0,65034.74,1721.18,4445.3236,7695.6836,1529.18,3250.36,1.2479816925753517,1.7311863640253324,20.653800000000047,20.243800000000192,10.953799999999319,23.75380000000041,3.509999999999991,12.800000000000182,0.9801489314315113,0.5303527680136001,1.1500934452740104,0.1699445138424882,0.6197406772603663
United Kingdom,UK,2026-04,2026-04-06,uk__standard_employee_scotland,"Royaume-Uni · salarié standard, Écosse","United Kingdom · standard employee, Scotland",3.23,6671.1774,300.97,938.18,183.46,110.08,484.43,1048.26,0.07261536771604965,0.15713268245572362,6186.7474,12570.0,65282.66,1730.48,4456.2674,7719.4374,1532.69,3263.17,1.2477376076482452,1.7322653034689972,20.653799999999137,20.243800000000192,10.94380000000001,23.7537999999995,3.509999999999991,12.809999999999945,0.9801489314315543,0.5298685956095472,1.150093445274017,0.1699445138424957,0.6202248496644918
United Kingdom,UK,2026-04,2026-04-06,uk__standard_employee_scotland,"Royaume-Uni · salarié standard, Écosse","United Kingdom · standard employee, Scotland",3.24,6691.8312,301.39,941.27,183.46,110.08,484.85,1051.35,0.07245400930017482,0.1571094620557673,6206.9812,12570.0,65530.46,1739.77,4467.2112,7743.1812,1536.2,3275.97,1.2474955136000736,1.733336717995335,20.653800000000047,20.233799999999974,10.94380000000001,23.743800000000192,3.509999999999991,12.799999999999727,0.979664759027391,0.5298685956095239,1.1496092728698901,0.1699445138424882,0.6197406772603442
United Kingdom,UK,2026-04,2026-04-06,uk__standard_employee_scotland,"Royaume-Uni · salarié standard, Écosse","United Kingdom · standard employee, Scotland",3.25,6712.485,301.8,944.37,183.46,110.08,485.26,1054.45,0.07229215409792349,0.15708787431182342,6227.225,12570.0,65778.38,1749.07,4478.155,7766.935,1539.71,3288.78,1.2472545957469017,1.73440512889795,20.653800000000047,20.243800000000192,10.94380000000001,23.75380000000041,3.509999999999991,12.8100000000004,0.9801489314315113,0.5298685956095239,1.1500934452740104,0.1699445138424882,0.6202248496644865
United Kingdom,UK,2026-04,2026-04-06,uk__standard_employee_scotland,"Royaume-Uni · salarié standard, Écosse","United Kingdom · standard employee, Scotland",3.26,6733.1388,302.21,947.47,183.46,110.08,485.67,1057.55,0.0721312918723731,0.1570664190080264,6247.4688,12570.0,66026.18,1758.36,4489.1088,7790.6888,1543.22,3301.58,1.2470152391957525,1.7354644645725672,20.653800000000047,20.243799999999283,10.953800000000228,23.7537999999995,3.509999999999991,12.799999999999727,0.9801489314314672,0.5303527680136442,1.1500934452739664,0.1699445138424882,0.6197406772603442
United Kingdom,UK,2026-04,2026-04-06,uk__standard_employee_scotland,"Royaume-Uni · salarié standard, Écosse","United Kingdom · standard employee, Scotland",3.27,6753.7926,302.63,950.57,183.46,110.08,486.09,1060.65,0.0719728941631995,0.15704509492932903,6267.7026,12570.0,66273.98,1767.65,4500.0526,7814.4426,1546.74,3314.39,1.246779418027907,1.736522501981421,20.653800000000047,20.233799999999974,10.94380000000001,23.75380000000041,3.519999999999982,12.809999999999945,0.979664759027391,0.5298685956095239,1.1500934452740104,0.17042868624659743,0.6202248496644645
United Kingdom,UK,2026-04,2026-04-06,uk__standard_employee_scotland,"Royaume-Uni · salarié standard, Écosse","United Kingdom · standard employee, Scotland",3.28,6774.4464,303.04,953.67,183.46,110.08,486.5,1063.75,0.0718139861583376,0.1570239008755018,6287.9464,12570.0,66521.9,1776.95,4510.9964,7838.1964,1550.25,3327.2,1.2465431321106681,1.737575405735194,20.653800000000047,20.243800000000192,10.94380000000001,23.7537999999995,3.509999999999991,12.809999999999945,0.9801489314315113,0.5298685956095239,1.1500934452739664,0.1699445138424882,0.6202248496644645
United Kingdom,UK,2026-04,2026-04-06,uk__standard_employee_scotland,"Royaume-Uni · salarié standard, Écosse","United Kingdom · standard employee, Scotland",3.29,6795.1002,303.45,956.77,183.46,110.08,486.91,1066.85,0.07165604415958426,0.1570028356609075,6308.1902,12570.0,66769.7,1786.24,4521.9502,7861.9502,1553.76,3340.0,1.2463083627376994,1.738619368253989,20.653800000000047,20.243800000000192,10.953800000000228,23.75380000000041,3.509999999999991,12.800000000000182,0.9801489314315113,0.5303527680136442,1.1500934452740104,0.1699445138424882,0.6197406772603663
United Kingdom,UK,2026-04,2026-04-06,uk__standard_employee_scotland,"Royaume-Uni · salarié standard, Écosse","United Kingdom · standard employee, Scotland",3.3,6815.754,303.87,959.86,183.46,110.08,487.33,1069.94,0.07150052657416921,0.1569804309251772,6328.424,12570.0,67017.5,1795.54,4532.884,7885.694,1557.27,3352.81,1.2460754841963813,1.7396637549074716,20.653800000000047,20.233799999999974,10.933799999999792,23.743800000000192,3.509999999999991,12.809999999999945,0.979664759027391,0.5293844232054037,1.1496092728698901,0.1699445138424882,0.6202248496644645
United Kingdom,UK,2026-04,2026-04-06,uk__standard_employee_scotland,"Royaume-Uni · salarié standard, Écosse","United Kingdom · standard employee, Scotland",3.31,6836.4078,304.28,962.96,183.46,110.08,487.74,1073.04,0.07134448591554178,0.15695962432200136,6348.6678,12570.0,67265.42,1804.83,4543.8378,7909.4478,1560.78,3365.61,1.2458437028316396,1.7406976543044734,20.653800000000047,20.243800000000192,10.953800000000228,23.7537999999995,3.509999999999991,12.800000000000182,0.9801489314315113,0.5303527680136442,1.1500934452739664,0.1699445138424882,0.6197406772603663
United Kingdom,UK,2026-04,2026-04-06,uk__standard_employee_scotland,"Royaume-Uni · salarié standard, Écosse","United Kingdom · standard employee, Scotland",3.32,6857.0616,304.69,966.06,183.46,110.08,488.15,1076.14,0.071189385260882,0.15693894305980857,6368.9116,12570.0,67513.22,1814.13,4554.7816,7933.2016,1564.29,3378.42,1.2456133949166448,1.7417304048123845,20.653800000000047,20.243800000000192,10.94380000000001,23.75380000000041,3.509999999999991,12.809999999999945,0.9801489314315113,0.5298685956095239,1.1500934452740104,0.1699445138424882,0.6202248496644645
United Kingdom,UK,2026-04,2026-04-06,uk__standard_employee_scotland,"Royaume-Uni · salarié standard, Écosse","United Kingdom · standard employee, Scotland",3.33,6877.7154,305.1,969.16,183.46,110.08,488.56,1079.24,0.07103521614168565,0.15691838600940072,6389.1554,12570.0,67761.14,1823.42,4565.7354,7956.9554,1567.8,3391.22,1.2453845464456852,1.7427543873874074,20.653800000000047,20.243799999999283,10.953799999999319,23.7537999999995,3.509999999999991,12.799999999999727,0.9801489314314672,0.5303527680136001,1.1500934452739664,0.1699445138424882,0.6197406772603442
United Kingdom,UK,2026-04,2026-04-06,uk__standard_employee_scotland,"Royaume-Uni · salarié standard, Écosse","United Kingdom · standard employee, Scotland",3.34,6898.3692,305.52,972.26,183.46,110.08,488.98,1082.34,0.07088341980884409,0.1568979520551031,6409.3892,12570.0,68008.94,1832.71,4576.6792,7980.7092,1571.32,3404.03,1.245159086297958,1.7437772785123329,20.653800000000047,20.233799999999974,10.94380000000001,23.75380000000041,3.519999999999982,12.8100000000004,0.979664759027391,0.5298685956095239,1.1500934452740104,0.17042868624659743,0.6202248496644865
United Kingdom,UK,2026-04,2026-04-06,uk__standard_employee_scotland,"Royaume-Uni · salarié standard, Écosse","United Kingdom · standard employee, Scotland",3.35,6919.023,305.93,975.35,183.46,110.08,489.39,1085.43,0.07073108443200724,0.15687619480380396,6429.633,12570.0,68256.74,1842.01,4587.623,8004.453,1574.82,3416.83,1.2449315536361096,1.7447931096343359,20.653800000000047,20.243800000000192,10.94380000000001,23.743800000000192,3.5,12.799999999999727,0.9801489314315113,0.5298685956095239,1.1496092728698901,0.169460341438379,0.6197406772603442
United Kingdom,UK,2026-04,2026-04-06,uk__standard_employee_scotland,"Royaume-Uni · salarié standard, Écosse","United Kingdom · standard employee, Scotland",3.36,6939.6768,306.34,978.45,183.46,110.08,489.8,1088.53,0.07057965581336582,0.15685600804925093,6449.8768,12570.0,68504.66,1851.3,4598.5768,8028.2068,1578.33,3429.63,1.2447069996747844,1.745802483933725,20.653800000000047,20.243800000000192,10.953800000000228,23.7537999999995,3.509999999999991,12.800000000000182,0.9801489314315113,0.5303527680136442,1.1500934452739664,0.1699445138424882,0.6197406772603663
United Kingdom,UK,2026-04,2026-04-06,uk__standard_employee_scotland,"Royaume-Uni · salarié standard, Écosse","United Kingdom · standard employee, Scotland",3.37,6960.3306,306.76,981.55,183.46,110.08,490.22,1091.63,0.07043056259425379,0.15683594109739554,6470.1106,12570.0,68752.46,1860.6,4609.5106,8051.9606,1581.85,3442.45,1.2444857743235487,1.746814640148566,20.653800000000047,20.233799999999974,10.933799999999792,23.75380000000041,3.519999999999982,12.819999999999709,0.979664759027391,0.5293844232054037,1.1500934452740104,0.17042868624659743,0.6207090220685627
United Kingdom,UK,2026-04,2026-04-06,uk__standard_employee_scotland,"Royaume-Uni · salarié standard, Écosse","United Kingdom · standard employee, Scotland",3.38,6980.9844,307.17,984.65,183.46,110.08,490.63,1094.73,0.0702809191208048,0.1568159928849003,6490.3544,12570.0,69000.26,1869.89,4620.4644,8075.7144,1585.36,3455.25,1.2442640112225614,1.7478144404705296,20.653800000000047,20.243800000000192,10.953800000000228,23.7537999999995,3.509999999999991,12.800000000000182,0.9801489314315113,0.5303527680136442,1.1500934452739664,0.1699445138424882,0.6197406772603663
United Kingdom,UK,2026-04,2026-04-06,uk__standard_employee_scotland,"Royaume-Uni · salarié standard, Écosse","United Kingdom · standard employee, Scotland",3.39,7001.6382,307.58,987.75,183.46,110.08,491.04,1097.83,0.07013215849970653,0.1567961623609743,6510.5982,12570.0,69248.18,1879.19,4631.4082,8099.4682,1588.87,3468.06,1.24404362720464,1.748813287500765,20.653800000000047,20.243800000000192,10.94380000000001,23.75380000000041,3.509999999999991,12.809999999999945,0.9801489314315113,0.5298685956095239,1.1500934452740104,0.1699445138424882,0.6202248496644645
United Kingdom,UK,2026-04,2026-04-06,uk__standard_employee_scotland,"Royaume-Uni · salarié standard, Écosse","United Kingdom · standard employee, Scotland",3.4,7022.292,308.0,990.84,183.46,110.08,491.46,1100.92,0.06998569697756801,0.1567750244507064,6530.832,12570.0,69495.98,1888.48,4642.352,8123.212,1592.38,3480.86,1.243824982789329,1.74980527112119,20.653800000000047,20.233799999999974,10.94380000000001,23.743800000000192,3.5100000000002183,12.800000000000182,0.979664759027391,0.5298685956095239,1.1496092728698901,0.16994451384249923,0.6197406772603663
United Kingdom,UK,2026-04,2026-04-06,uk__standard_employee_scotland,"Royaume-Uni · salarié standard, Écosse","United Kingdom · standard employee, Scotland",3.41,7042.9458,308.41,993.94,183.46,110.08,491.87,1104.02,0.06983867460686691,0.1567554303768744,6551.0758,12570.0,69743.9,1897.78,4653.2958,8146.9658,1595.89,3493.67,1.2436073171371334,1.7507947377856354,20.653800000000047,20.243799999999283,10.94380000000001,23.7537999999995,3.509999999999991,12.809999999999945,0.9801489314314672,0.5298685956095239,1.1500934452739664,0.1699445138424882,0.6202248496644645
United Kingdom,UK,2026-04,2026-04-06,uk__standard_employee_scotland,"Royaume-Uni · salarié standard, Écosse","United Kingdom · standard employee, Scotland",3.42,7063.5996,308.82,997.04,183.46,110.08,492.28,1107.12,0.06969251201611144,0.15673595088826947,6571.3196,12570.0,69991.7,1907.07,4664.2496,8170.7196,1599.4,3506.47,1.243390992579329,1.7517758054800494,20.653799999999137,20.243800000000192,10.953800000000228,23.75380000000041,3.509999999999991,12.799999999999727,0.9801489314315543,0.5303527680136675,1.150093445274061,0.1699445138424957,0.6197406772603715
United Kingdom,UK,2026-04,2026-04-06,uk__standard_employee_scotland,"Royaume-Uni · salarié standard, Écosse","United Kingdom · standard employee, Scotland",3.43,7084.2534,309.24,1000.14,183.46,110.08,492.7,1110.22,0.06954861326671347,0.1567165849826885,6591.5534,12570.0,70239.5,1916.36,4675.1934,8194.4734,1602.92,3519.28,1.2431778827734294,1.752756025023478,20.653800000000047,20.233799999999974,10.94380000000001,23.75380000000041,3.519999999999982,12.8100000000004,0.979664759027391,0.5298685956095239,1.1500934452740104,0.17042868624659743,0.6202248496644865
United Kingdom,UK,2026-04,2026-04-06,uk__standard_employee_scotland,"Royaume-Uni · salarié standard, Écosse","United Kingdom · standard employee, Scotland",3.44,7104.9072,309.65,1003.24,183.46,110.08,493.11,1113.32,0.0694041436600326,0.1566973316695818,6611.7972,12570.0,70487.42,1925.66,4686.1372,8218.2272,1606.43,3532.09,1.2429641973894783,1.753731666243148,20.653800000000047,20.243800000000192,10.94380000000001,23.75379999999859,3.509999999999991,12.809999999999945,0.9801489314315113,0.5298685956095239,1.1500934452739224,0.1699445138424882,0.6202248496644645
United Kingdom,UK,2026-04,2026-04-06,uk__standard_employee_scotland,"Royaume-Uni · salarié standard, Écosse","United Kingdom · standard employee, Scotland",3.45,7125.561,310.06,1006.33,183.46,110.08,493.52,1116.41,0.069260511558318,0.1566767865716117,6632.041,12570.0,70735.22,1934.95,4697.091,8241.971,1609.93,3544.88,1.2427503086907936,1.754696896440797,20.653800000000047,20.243800000000192,10.953800000000228,23.743800000000192,3.5,12.789999999999964,0.9801489314315113,0.5303527680136442,1.1496092728698901,0.169460341438379,0.6192565048562461
United Kingdom,UK,2026-04,2026-04-06,uk__standard_employee_scotland,"Royaume-Uni · salarié standard, Écosse","United Kingdom · standard employee, Scotland",3.46,7146.2148,310.47,1009.43,183.46,110.08,493.93,1119.51,0.06911770969996592,0.1566577595736417,6652.2848,12570.0,70983.02,1944.24,4708.0448,8265.7248,1613.44,3557.68,1.2425392250193497,1.7556597592274397,20.653800000000047,20.243800000000192,10.953799999999319,23.75380000000041,3.509999999999991,12.799999999999727,0.9801489314315113,0.5303527680136001,1.1500934452740104,0.1699445138424882,0.6197406772603442
United Kingdom,UK,2026-04,2026-04-06,uk__standard_employee_scotland,"Royaume-Uni · salarié standard, Écosse","United Kingdom · standard employee, Scotland",3.47,7166.8686,310.89,1012.53,183.46,110.08,494.35,1122.61,0.06897712621660176,0.15663884224136604,6672.5186,12570.0,71230.94,1953.54,4718.9786,8289.4786,1616.96,3570.5,1.242331284022198,1.7566255969035334,20.653800000000047,20.233799999999974,10.933800000000701,23.75380000000041,3.519999999999982,12.820000000000164,0.979664759027391,0.5293844232054478,1.1500934452740104,0.17042868624659743,0.6207090220685847
United Kingdom,UK,2026-04,2026-04-06,uk__standard_employee_scotland,"Royaume-Uni · salarié standard, Écosse","United Kingdom · standard employee, Scotland",3.48,7187.5224,311.3,1015.63,183.46,110.08,494.76,1125.71,0.06883595938427961,0.15662003362939084,6692.7624,12570.0,71478.74,1962.83,4729.9324,8313.2324,1620.47,3583.3,1.242122744414175,1.7575795375003667,20.653800000000047,20.243799999999283,10.953799999999319,23.75380000000041,3.509999999999991,12.800000000000182,0.9801489314314672,0.5303527680136001,1.1500934452740104,0.1699445138424882,0.6197406772603663
United Kingdom,UK,2026-04,2026-04-06,uk__standard_employee_scotland,"Royaume-Uni · salarié standard, Écosse","United Kingdom · standard employee, Scotland",3.49,7208.1762,311.71,1018.73,183.46,110.08,495.17,1128.81,0.06869560153093926,0.15660133280315758,6713.0062,12570.0,71726.66,1972.13,4740.8762,8336.9862,1623.98,3596.11,1.2419154625538704,1.7585327792360408,20.653800000000047,20.243800000000192,10.94380000000001,23.75379999999859,3.509999999999991,12.809999999999945,0.9801489314315113,0.5298685956095239,1.1500934452739224,0.1699445138424882,0.6202248496644645
United Kingdom,UK,2026-04,2026-04-06,uk__standard_employee_scotland,"Royaume-Uni · salarié standard, Écosse","United Kingdom · standard employee, Scotland",3.5,7228.83,312.13,1021.82,183.46,110.08,495.59,1131.9,0.06855742907220118,0.15658135548906255,6733.24,12570.0,71974.46,1981.42,4751.82,8360.73,1627.49,3608.91,1.2417097860762427,1.7594795257396114,20.653800000000047,20.233799999999974,10.94380000000001,23.743800000000192,3.509999999999991,12.799999999999727,0.979664759027391,0.5298685956095239,1.1496092728698901,0.1699445138424882,0.6197406772603442
United Kingdom,UK,2026-04,2026-04-06,uk__standard_employee_scotland,"Royaume-Uni · salarié standard, Écosse","United Kingdom · standard employee, Scotland",3.51,7249.4838,312.54,1024.92,183.46,110.08,496.0,1135.0,0.06841866451236156,0.15656287141437575,6753.4838,12570.0,72222.26,1990.71,4762.7738,8384.4838,1631.0,3621.71,1.2415049844348482,1.7604203248115626,20.653800000000047,20.243800000000192,10.953800000000228,23.75380000000041,3.509999999999991,12.800000000000182,0.9801489314315113,0.5303527680136442,1.1500934452740104,0.1699445138424882,0.6197406772603663
United Kingdom,UK,2026-04,2026-04-06,uk__standard_employee_scotland,"Royaume-Uni · salarié standard, Écosse","United Kingdom · standard employee, Scotland",3.52,7270.1376,312.95,1028.02,183.46,110.08,496.41,1138.1,0.06828068838752102,0.15654449236284054,6773.7276,12570.0,72470.18,2000.01,4773.7176,8408.2376,1634.51,3634.52,1.2413014069240105,1.761360496062859,20.653800000000047,20.243800000000192,10.94380000000001,23.75380000000041,3.509999999999991,12.809999999999945,0.9801489314315113,0.5298685956095239,1.1500934452740104,0.1699445138424882,0.6202248496644645
United Kingdom,UK,2026-04,2026-04-06,uk__standard_employee_scotland,"Royaume-Uni · salarié standard, Écosse","United Kingdom · standard employee, Scotland",3.53,7290.7914,313.37,1031.12,183.46,110.08,496.83,1141.2,0.06814486559031165,0.15652621744190895,6793.9614,12570.0,72717.98,2009.3,4784.6614,8431.9914,1638.03,3647.33,1.241100869369084,1.7622963664680638,20.653800000000047,20.233799999999974,10.94380000000001,23.75380000000041,3.519999999999982,12.809999999999945,0.979664759027391,0.5298685956095239,1.1500934452740104,0.17042868624659743,0.6202248496644645
United Kingdom,UK,2026-04,2026-04-06,uk__standard_employee_scotland,"Royaume-Uni · salarié standard, Écosse","United Kingdom · standard employee, Scotland",3.54,7311.4452,313.78,1034.22,183.46,110.08,497.24,1144.3,0.06800844243488278,0.15650804576911825,6814.2052,12570.0,72965.9,2018.6,4795.6052,8455.7452,1641.54,3660.14,1.24089970169962,1.763227965471386,20.653800000000047,20.243800000000192,10.94380000000001,23.75379999999859,3.509999999999991,12.809999999999945,0.9801489314315113,0.5298685956095239,1.1500934452739224,0.1699445138424882,0.6202248496644645
United Kingdom,UK,2026-04,2026-04-06,uk__standard_employee_scotland,"Royaume-Uni · salarié standard, Écosse","United Kingdom · standard employee, Scotland",3.55,7332.099,314.19,1037.32,183.46,110.08,497.65,1147.4,0.06787278786061127,0.15648997647194887,6834.449,12570.0,73213.7,2027.89,4806.559,8479.499,1645.05,3672.94,1.2406997257569703,1.7641516519406086,20.653800000000047,20.243799999999283,10.953800000000228,23.75380000000041,3.509999999999991,12.800000000000182,0.9801489314314672,0.5303527680136442,1.1500934452740104,0.1699445138424882,0.6197406772603663
United Kingdom,UK,2026-04,2026-04-06,uk__standard_employee_scotland,"Royaume-Uni · salarié standard, Écosse","United Kingdom · standard employee, Scotland",3.56,7352.7528,314.61,1040.41,183.46,110.08,498.07,1150.49,0.06773925542553261,0.15647064865284196,6854.6828,12570.0,73461.5,2037.19,4817.4928,8503.2428,1648.56,3685.75,1.240501281839037,1.765076389942918,20.653800000000047,20.233799999999974,10.933799999999792,23.743800000000192,3.509999999999991,12.809999999999945,0.979664759027391,0.5293844232054037,1.1496092728698901,0.1699445138424882,0.6202248496644645
United Kingdom,UK,2026-04,2026-04-06,uk__standard_employee_scotland,"Royaume-Uni · salarié standard, Écosse","United Kingdom · standard employee, Scotland",3.57,7373.4066,315.02,1043.51,183.46,110.08,498.48,1153.59,0.06760511484610113,0.15645278533805526,6874.9266,12570.0,73709.42,2046.48,4828.4466,8526.9966,1652.07,3698.55,1.2403036564783105,1.765991695962838,20.653800000000047,20.243800000000192,10.953800000000228,23.75380000000041,3.509999999999991,12.800000000000182,0.9801489314315113,0.5303527680136442,1.1500934452740104,0.1699445138424882,0.6197406772603663
United Kingdom,UK,2026-04,2026-04-06,uk__standard_employee_scotland,"Royaume-Uni · salarié standard, Écosse","United Kingdom · standard employee, Scotland",3.58,7394.0604,315.43,1046.61,183.46,110.08,498.89,1156.69,0.06747172365538155,0.15643502181832322,6895.1704,12570.0,73957.22,2055.78,4839.3904,8550.7504,1655.58,3711.36,1.24010719154961,1.766906509547153,20.653800000000047,20.243800000000192,10.94380000000001,23.75380000000041,3.509999999999991,12.809999999999945,0.9801489314315113,0.5298685956095239,1.1500934452740104,0.1699445138424882,0.6202248496644645
United Kingdom,UK,2026-04,2026-04-06,uk__standard_employee_scotland,"Royaume-Uni · salarié standard, Écosse","United Kingdom · standard employee, Scotland",3.59,7414.7142,315.84,1049.71,183.46,110.08,499.3,1159.79,0.06733907559107268,0.15641735725970393,6915.4142,12570.0,74205.02,2065.07,4850.3442,8574.5042,1659.09,3724.16,1.2399118768619817,1.7678135502218586,20.653800000000047,20.243800000000192,10.953799999999319,23.75379999999859,3.509999999999991,12.799999999999727,0.9801489314315113,0.5303527680136001,1.1500934452739224,0.1699445138424882,0.6197406772603442
United Kingdom,UK,2026-04,2026-04-06,uk__standard_employee_scotland,"Royaume-Uni · salarié standard, Écosse","United Kingdom · standard employee, Scotland",3.6,7435.368,316.26,1052.81,183.46,110.08,499.72,1162.89,0.06720850938379916,0.1563997908375214,6935.648,12570.0,74452.94,2074.36,4861.288,8598.258,1662.61,3736.97,1.239719489801097,1.7687201416579308,20.653800000000047,20.233799999999974,10.94380000000001,23.75380000000041,3.519999999999982,12.809999999999945,0.979664759027391,0.5298685956095239,1.1500934452740104,0.17042868624659743,0.6202248496644645
United Kingdom,UK,2026-04,2026-04-06,uk__standard_employee_scotland,"Royaume-Uni · salarié standard, Écosse","United Kingdom · standard employee, Scotland",3.61,7456.0218,316.67,1055.9,183.46,110.08,500.13,1165.98,0.06707732533721937,0.1563809805384421,6955.8918,12570.0,74700.74,2083.66,4872.2318,8622.0018,1666.11,3749.77,1.2395250023871849,1.7696206079521912,20.653800000000047,20.243800000000192,10.94380000000001,23.743800000000192,3.5,12.800000000000182,0.9801489314315113,0.5298685956095239,1.1496092728698901,0.169460341438379,0.6197406772603663
United Kingdom,UK,2026-04,2026-04-06,uk__standard_employee_scotland,"Royaume-Uni · salarié standard, Écosse","United Kingdom · standard employee, Scotland",3.62,7476.6756,317.08,1059.0,183.46,110.08,500.54,1169.08,0.06694686606437758,0.1563636116564961,6976.1356,12570.0,74948.66,2092.95,4883.1856,8645.7556,1669.62,3762.57,1.2393330771838782,1.7705154602356297,20.653799999999137,20.243799999999283,10.953800000000228,23.75380000000041,3.509999999999991,12.800000000000182,0.9801489314315104,0.5303527680136675,1.150093445274061,0.1699445138424957,0.6197406772603936
United Kingdom,UK,2026-04,2026-04-06,uk__standard_employee_scotland,"Royaume-Uni · salarié standard, Écosse","United Kingdom · standard employee, Scotland",3.63,7497.3294,317.5,1062.1,183.46,110.08,500.96,1172.18,0.06681845938368401,0.15634633847086934,6996.3694,12570.0,75196.46,2102.25,4894.1194,8669.5094,1673.14,3775.39,1.239144033761282,1.7714135458158213,20.653800000000047,20.233799999999974,10.933799999999792,23.75380000000041,3.520000000000209,12.819999999999709,0.979664759027391,0.5293844232054037,1.1500934452740104,0.17042868624660842,0.6207090220685627
United Kingdom,UK,2026-04,2026-04-06,uk__standard_employee_scotland,"Royaume-Uni · salarié standard, Écosse","United Kingdom · standard employee, Scotland",3.64,7517.9832,317.91,1065.2,183.46,110.08,501.37,1175.28,0.06668942809023569,0.15632916019285595,7016.6132,12570.0,75444.26,2111.54,4905.0732,8693.2632,1676.65,3788.19,1.2389543148822855,1.7723004011438606,20.653800000000047,20.243800000000192,10.953800000000228,23.75379999999859,3.509999999999991,12.800000000000182,0.9801489314315113,0.5303527680136442,1.1500934452739224,0.1699445138424882,0.6197406772603663
United Kingdom,UK,2026-04,2026-04-06,uk__standard_employee_scotland,"Royaume-Uni · salarié standard, Écosse","United Kingdom · standard employee, Scotland",3.65,7538.637,318.32,1068.3,183.46,110.08,501.78,1178.38,0.06656110381757338,0.1563120760423933,7036.857,12570.0,75692.18,2120.84,4916.017,8717.017,1680.16,3801.0,1.2387656875789856,1.773186911273903,20.653800000000047,20.243800000000192,10.94380000000001,23.75380000000041,3.509999999999991,12.809999999999945,0.9801489314315113,0.5298685956095239,1.1500934452740104,0.1699445138424882,0.6202248496644645
United Kingdom,UK,2026-04,2026-04-06,uk__standard_employee_scotland,"Royaume-Uni · salarié standard, Écosse","United Kingdom · standard employee, Scotland",3.66,7559.2908,318.74,1071.39,183.46,110.08,502.2,1181.47,0.06643480364586582,0.15629376237252307,7057.0908,12570.0,75939.98,2130.13,4926.9608,8740.7608,1683.67,3813.8,1.2385784805262814,1.7740674535100824,20.653800000000047,20.233799999999974,10.94380000000001,23.743800000000192,3.509999999999991,12.800000000000182,0.979664759027391,0.5298685956095239,1.1496092728698901,0.1699445138424882,0.6197406772603663
United Kingdom,UK,2026-04,2026-04-06,uk__standard_employee_scotland,"Royaume-Uni · salarié standard, Écosse","United Kingdom · standard employee, Scotland",3.67,7579.9446,319.15,1074.49,183.46,110.08,502.61,1184.57,0.06630787248761687,0.15627686777552438,7077.3346,12570.0,76187.78,2139.42,4937.9146,8764.5146,1687.18,3826.6,1.2383920070700063,1.7749425233073088,20.653800000000047,20.243800000000192,10.953800000000228,23.75380000000041,3.509999999999991,12.799999999999727,0.9801489314315113,0.5303527680136442,1.1500934452740104,0.1699445138424882,0.6197406772603442
United Kingdom,UK,2026-04,2026-04-06,uk__standard_employee_scotland,"Royaume-Uni · salarié standard, Écosse","United Kingdom · standard employee, Scotland",3.68,7600.5984,319.56,1077.59,183.46,110.08,503.02,1187.67,0.06618163117261924,0.15626006499698758,7097.5784,12570.0,76435.7,2148.72,4948.8584,8788.2684,1690.69,3839.41,1.2382065973374807,1.7758173076845356,20.653800000000047,20.243800000000192,10.94380000000001,23.75380000000041,3.509999999999991,12.809999999999945,0.9801489314315113,0.5298685956095239,1.1500934452740104,0.1699445138424882,0.6202248496644645
United Kingdom,UK,2026-04,2026-04-06,uk__standard_employee_scotland,"Royaume-Uni · salarié standard, Écosse","United Kingdom · standard employee, Scotland",3.69,7621.2522,319.98,1080.69,183.46,110.08,503.44,1190.77,0.06605738621272762,0.15624335329042122,7117.8122,12570.0,76683.5,2158.01,4959.8022,8812.0222,1694.21,3852.22,1.2380239815824305,1.77668823163956,20.653800000000047,20.233799999999974,10.94380000000001,23.75379999999859,3.519999999999982,12.809999999999945,0.979664759027391,0.5298685956095239,1.1500934452739224,0.17042868624659743,0.6202248496644645
United Kingdom,UK,2026-04,2026-04-06,uk__standard_employee_scotland,"Royaume-Uni · salarié standard, Écosse","United Kingdom · standard employee, Scotland",3.7,7641.906,320.39,1083.79,183.46,110.08,503.85,1193.87,0.0659325042731486,0.15622673191740383,7138.056,12570.0,76931.42,2167.31,4970.746,8835.776,1697.72,3865.03,1.2378406669827193,1.777555320670177,20.653800000000047,20.243799999999283,10.94380000000001,23.75380000000041,3.509999999999991,12.8100000000004,0.9801489314314672,0.5298685956095239,1.1500934452740104,0.1699445138424882,0.6202248496644865
United Kingdom,UK,2026-04,2026-04-06,uk__standard_employee_scotland,"Royaume-Uni · salarié standard, Écosse","United Kingdom · standard employee, Scotland",3.71,7662.5598,320.8,1086.88,183.46,110.08,504.26,1196.96,0.06580829555157272,0.15620889510056418,7158.2998,12570.0,77179.22,2176.6,4981.6998,8859.5198,1701.22,3877.82,1.237656992237179,1.7784130227999686,20.653800000000047,20.243800000000192,10.953800000000228,23.743800000000192,3.5,12.789999999999964,0.9801489314315113,0.5303527680136442,1.1496092728698901,0.169460341438379,0.6192565048562461
United Kingdom,UK,2026-04,2026-04-06,uk__standard_employee_scotland,"Royaume-Uni · salarié standard, Écosse","United Kingdom · standard employee, Scotland",3.72,7683.2136,321.21,1089.98,183.46,110.08,504.67,1200.06,0.0656847546188225,0.15619245571930992,7178.5436,12570.0,77427.02,2185.89,4992.6536,8883.2736,1704.73,3890.62,1.2374757464731425,1.779268964303872,20.653800000000047,20.243800000000192,10.953799999999319,23.75380000000041,3.509999999999991,12.799999999999727,0.9801489314315113,0.5303527680136001,1.1500934452740104,0.1699445138424882,0.6197406772603442
United Kingdom,UK,2026-04,2026-04-06,uk__standard_employee_scotland,"Royaume-Uni · salarié standard, Écosse","United Kingdom · standard employee, Scotland",3.73,7703.8674,321.63,1093.08,183.46,110.08,505.09,1203.16,0.06556317415328307,0.1561761044848721,7198.7774,12570.0,77674.94,2195.19,5003.5874,8907.0274,1708.25,3903.44,1.2372972388339163,1.7801282735662813,20.653800000000047,20.233799999999974,10.933800000000701,23.75380000000041,3.519999999999982,12.820000000000164,0.979664759027391,0.5293844232054478,1.1500934452740104,0.17042868624659743,0.6207090220685847
United Kingdom,UK,2026-04,2026-04-06,uk__standard_employee_scotland,"Royaume-Uni · salarié standard, Écosse","United Kingdom · standard employee, Scotland",3.74,7724.5212,322.04,1096.18,183.46,110.08,505.5,1206.26,0.0654409492720403,0.1561598406901906,7219.0212,12570.0,77922.74,2204.48,5014.5412,8930.7812,1711.76,3916.24,1.2371180181601351,1.7809767322282641,20.653800000000047,20.243800000000192,10.953799999999319,23.75379999999859,3.509999999999991,12.799999999999727,0.9801489314315113,0.5303527680136001,1.1500934452739224,0.1699445138424882,0.6197406772603442
United Kingdom,UK,2026-04,2026-04-06,uk__standard_employee_scotland,"Royaume-Uni · salarié standard, Écosse","United Kingdom · standard employee, Scotland",3.75,7745.175,322.45,1099.28,183.46,110.08,505.91,1209.36,0.06531937625683086,0.1561436636357474,7239.265,12570.0,78170.66,2213.78,5025.485,8954.535,1715.27,3929.05,1.236939799827745,1.7818250377824227,20.653800000000047,20.243800000000192,10.94380000000001,23.75380000000041,3.509999999999991,12.8100000000004,0.9801489314315113,0.5298685956095239,1.1500934452740104,0.1699445138424882,0.6202248496644865
United Kingdom,UK,2026-04,2026-04-06,uk__standard_employee_scotland,"Royaume-Uni · salarié standard, Écosse","United Kingdom · standard employee, Scotland",3.76,7765.8288,322.87,1102.37,183.46,110.08,506.33,1212.45,0.06519973759916006,0.156126284936902,7259.4988,12570.0,78418.46,2223.07,5036.4288,8978.2788,1718.78,3941.85,1.2367629015931512,1.7826676711879657,20.653800000000047,20.233799999999974,10.94380000000001,23.743800000000192,3.509999999999991,12.799999999999727,0.979664759027391,0.5298685956095239,1.1496092728698901,0.1699445138424882,0.6197406772603442
United Kingdom,UK,2026-04,2026-04-06,uk__standard_employee_scotland,"Royaume-Uni · salarié standard, Écosse","United Kingdom · standard employee, Scotland",3.77,7786.4826,323.28,1105.47,183.46,110.08,506.74,1215.55,0.06507944935239436,0.15611028270967944,7279.7426,12570.0,78666.26,2232.36,5047.3826,9002.0326,1722.29,3954.65,1.2365866617316936,1.7835050982661784,20.653800000000047,20.243799999999283,10.953800000000228,23.75380000000041,3.509999999999991,12.800000000000182,0.9801489314314672,0.5303527680136442,1.1500934452740104,0.1699445138424882,0.6197406772603663
United Kingdom,UK,2026-04,2026-04-06,uk__standard_employee_scotland,"Royaume-Uni · salarié standard, Écosse","United Kingdom · standard employee, Scotland",3.78,7807.1364,323.69,1108.57,183.46,110.08,507.15,1218.65,0.06495979755137876,0.15609436515032576,7299.9864,12570.0,78914.18,2241.66,5058.3264,9025.7864,1725.8,3967.46,1.2364113993417851,1.7843424259850056,20.653800000000047,20.243800000000192,10.94380000000001,23.75380000000041,3.509999999999991,12.809999999999945,0.9801489314315113,0.5298685956095239,1.1500934452740104,0.1699445138424882,0.6202248496644645
United Kingdom,UK,2026-04,2026-04-06,uk__standard_employee_scotland,"Royaume-Uni · salarié standard, Écosse","United Kingdom · standard employee, Scotland",3.79,7827.7902,324.11,1111.67,183.46,110.08,507.57,1221.75,0.06484205465803108,0.15607853158864682,7320.2202,12570.0,79161.98,2250.95,5069.2702,9049.5402,1729.32,3980.27,1.2362387951116551,1.785176138371949,20.653800000000047,20.233799999999974,10.94380000000001,23.75379999999859,3.519999999999982,12.809999999999945,0.979664759027391,0.5298685956095239,1.1500934452739224,0.17042868624659743,0.6202248496644645
United Kingdom,UK,2026-04,2026-04-06,uk__standard_employee_scotland,"Royaume-Uni · salarié standard, Écosse","United Kingdom · standard employee, Scotland",3.8,7848.444,324.52,1114.77,183.46,110.08,507.98,1224.85,0.0647236573262165,0.15606278136150298,7340.464,12570.0,79409.78,2260.25,5080.214,9073.294,1732.83,3993.08,1.2360654585323216,1.7860062587914602,20.653800000000047,20.243800000000192,10.94380000000001,23.75380000000041,3.509999999999991,12.809999999999945,0.9801489314315113,0.5298685956095239,1.1500934452740104,0.1699445138424882,0.6202248496644645
United Kingdom,UK,2026-04,2026-04-06,uk__standard_employee_scotland,"Royaume-Uni · salarié standard, Écosse","United Kingdom · standard employee, Scotland",3.81,7869.0978,324.93,1117.87,183.46,110.08,508.39,1227.95,0.06460588150270542,0.15604711381271685,7360.7078,12570.0,79657.7,2269.54,5091.1678,9097.0478,1736.34,4005.88,1.2358930753914725,1.7868293007352851,20.653799999999137,20.243800000000192,10.953800000000228,23.75380000000041,3.509999999999991,12.800000000000182,0.9801489314315543,0.5303527680136675,1.150093445274061,0.1699445138424957,0.6197406772603936
United Kingdom,UK,2026-04,2026-04-06,uk__standard_employee_scotland,"Royaume-Uni · salarié standard, Écosse","United Kingdom · standard employee, Scotland",3.82,7889.7516,325.35,1120.96,183.46,110.08,508.81,1231.04,0.06448998977356905,0.15603026082595553,7380.9416,12570.0,79905.5,2278.84,5102.1016,9120.7916,1739.85,4018.69,1.235721957209362,1.7876538562070188,20.653800000000047,20.233799999999974,10.933799999999792,23.743800000000192,3.509999999999991,12.809999999999945,0.979664759027391,0.5293844232054037,1.1496092728698901,0.1699445138424882,0.6202248496644645
United Kingdom,UK,2026-04,2026-04-06,uk__standard_employee_scotland,"Royaume-Uni · salarié standard, Écosse","United Kingdom · standard employee, Scotland",3.83,7910.4054,325.76,1124.06,183.46,110.08,509.22,1234.14,0.06437343906546181,0.15601476000206005,7401.1854,12570.0,80153.42,2288.13,5113.0554,9144.5454,1743.36,4031.49,1.2355514563923775,1.7884698452514323,20.653800000000047,20.243800000000192,10.953800000000228,23.75380000000041,3.509999999999991,12.799999999999727,0.9801489314315113,0.5303527680136442,1.1500934452740104,0.1699445138424882,0.6197406772603442
United Kingdom,UK,2026-04,2026-04-06,uk__standard_employee_scotland,"Royaume-Uni · salarié standard, Écosse","United Kingdom · standard employee, Scotland",3.84,7931.0592,326.17,1127.16,183.46,110.08,509.63,1237.24,0.06425749539229263,0.1559993399116224,7421.4292,12570.0,80401.22,2297.43,5123.9992,9168.2992,1746.87,4044.3,1.235381885742439,1.789285837515353,20.653800000000047,20.243799999999283,10.94380000000001,23.75379999999859,3.509999999999991,12.8100000000004,0.9801489314314672,0.5298685956095239,1.1500934452739224,0.1699445138424882,0.6202248496644865
United Kingdom,UK,2026-04,2026-04-06,uk__standard_employee_scotland,"Royaume-Uni · salarié standard, Écosse","United Kingdom · standard employee, Scotland",3.85,7951.713,326.58,1130.26,183.46,110.08,510.04,1240.34,0.06414215402391911,0.15598399992555062,7441.673,12570.0,80649.02,2306.72,5134.953,9192.053,1750.38,4057.1,1.235213237668465,1.7900948655226245,20.653800000000047,20.243800000000192,10.953800000000228,23.75380000000041,3.5100000000002183,12.799999999999727,0.9801489314315113,0.5303527680136442,1.1500934452740104,0.16994451384249923,0.6197406772603442
United Kingdom,UK,2026-04,2026-04-06,uk__standard_employee_scotland,"Royaume-Uni · salarié standard, Écosse","United Kingdom · standard employee, Scotland",3.86,7972.3668,327.0,1133.36,183.46,110.08,510.46,1243.44,0.0640286646118691,0.15596873942127196,7461.9068,12570.0,80896.94,2316.01,5145.8968,9215.8068,1753.9,4069.91,1.2350471597956705,1.7909039295152598,20.653800000000047,20.233799999999974,10.94380000000001,23.75380000000041,3.519999999999982,12.809999999999945,0.979664759027391,0.5298685956095239,1.1500934452740104,0.17042868624659743,0.6202248496644645
United Kingdom,UK,2026-04,2026-04-06,uk__standard_employee_scotland,"Royaume-Uni · salarié standard, Écosse","United Kingdom · standard employee, Scotland",3.87,7993.0206,327.41,1136.45,183.46,110.08,510.87,1246.53,0.06391451061692496,0.15595230669116503,7482.1506,12570.0,81144.74,2325.31,5156.8406,9239.5506,1757.4,4082.71,1.2348789932135287,1.7917076203596438,20.653800000000047,20.243800000000192,10.94380000000001,23.743800000000192,3.5,12.800000000000182,0.9801489314315113,0.5298685956095239,1.1496092728698901,0.169460341438379,0.6197406772603663
United Kingdom,UK,2026-04,2026-04-06,uk__standard_employee_scotland,"Royaume-Uni · salarié standard, Écosse","United Kingdom · standard employee, Scotland",3.88,8013.6744,327.82,1139.55,183.46,110.08,511.28,1249.63,0.0638009450446352,0.15593720653287335,7502.3944,12570.0,81392.54,2334.6,5167.7944,9263.3044,1760.91,4095.51,1.2347130670709605,1.7925063737055789,20.653800000000047,20.243800000000192,10.953799999999319,23.75380000000041,3.509999999999991,12.800000000000182,0.9801489314315113,0.5303527680136001,1.1500934452740104,0.1699445138424882,0.6197406772603663
United Kingdom,UK,2026-04,2026-04-06,uk__standard_employee_scotland,"Royaume-Uni · salarié standard, Écosse","United Kingdom · standard employee, Scotland",3.89,8034.3282,328.24,1142.65,183.46,110.08,511.7,1252.73,0.06368920801617241,0.15592218401035696,7522.6282,12570.0,81640.46,2343.9,5178.7282,9287.0582,1764.43,4108.33,1.234549675072337,1.7933086737396255,20.653800000000047,20.233799999999974,10.933799999999792,23.75379999999859,3.519999999999982,12.819999999999709,0.979664759027391,0.5293844232054037,1.1500934452739224,0.17042868624659743,0.6207090220685627
United Kingdom,UK,2026-04,2026-04-06,uk__standard_employee_scotland,"Royaume-Uni · salarié standard, Écosse","United Kingdom · standard employee, Scotland",3.9,8054.982,328.65,1145.75,183.46,110.08,512.11,1255.83,0.06357680253040913,0.15590723852641755,7542.872,12570.0,81888.26,2353.19,5189.682,9310.812,1767.94,4121.13,1.23438552318003,1.794100679001141,20.653800000000047,20.243800000000192,10.953800000000228,23.75380000000041,3.509999999999991,12.800000000000182,0.9801489314315113,0.5303527680136442,1.1500934452740104,0.1699445138424882,0.6197406772603663
United Kingdom,UK,2026-04,2026-04-06,uk__standard_employee_scotland,"Royaume-Uni · salarié standard, Écosse","United Kingdom · standard employee, Scotland",3.91,8075.6358,329.06,1148.85,183.46,110.08,512.52,1258.93,0.0634649720087674,0.15589236948996632,7563.1158,12570.0,82136.18,2362.49,5200.6258,9334.5658,1771.45,4133.94,1.2342222500414444,1.7948927992473516,20.653800000000047,20.243799999999283,10.94380000000001,23.75380000000041,3.509999999999991,12.80999999999949,0.9801489314314672,0.5298685956095239,1.1500934452740104,0.1699445138424882,0.6202248496644425
United Kingdom,UK,2026-04,2026-04-06,uk__standard_employee_scotland,"Royaume-Uni · salarié standard, Écosse","United Kingdom · standard employee, Scotland",3.92,8096.2896,329.48,1151.94,183.46,110.08,512.94,1262.02,0.06335494718469557,0.15587634118226204,7583.3496,12570.0,82383.98,2371.78,5211.5696,9358.3096,1774.96,4146.74,1.2340601572687617,1.7956796739316314,20.653800000000047,20.233799999999974,10.94380000000001,23.743800000000192,3.509999999999991,12.800000000000182,0.979664759027391,0.5298685956095239,1.1496092728698901,0.1699445138424882,0.6197406772603663
United Kingdom,UK,2026-04,2026-04-06,uk__standard_employee_scotland,"Royaume-Uni · salarié standard, Écosse","United Kingdom · standard employee, Scotland",3.93,8116.9434,329.89,1155.04,183.46,110.08,513.35,1265.12,0.06324425029254238,0.15586162643440382,7603.5934,12570.0,82631.78,2381.07,5222.5234,9382.0634,1778.47,4159.54,1.233898619565849,1.7964617257626843,20.653800000000047,20.243800000000192,10.953800000000228,23.75379999999859,3.509999999999991,12.800000000000182,0.9801489314315113,0.5303527680136442,1.1500934452739224,0.1699445138424882,0.6197406772603663
United Kingdom,UK,2026-04,2026-04-06,uk__standard_employee_scotland,"Royaume-Uni · salarié standard, Écosse","United Kingdom · standard employee, Scotland",3.94,8137.5972,330.3,1158.14,183.46,110.08,513.76,1268.22,0.06313411531354735,0.15584698638069724,7623.8372,12570.0,82879.7,2390.37,5233.4672,9405.8172,1781.98,4172.35,1.2337379397345998,1.7972439380149359,20.653800000000047,20.243800000000192,10.94380000000001,23.75380000000041,3.509999999999991,12.8100000000004,0.9801489314315113,0.5298685956095239,1.1500934452740104,0.1699445138424882,0.6202248496644865
United Kingdom,UK,2026-04,2026-04-06,uk__standard_employee_scotland,"Royaume-Uni · salarié standard, Écosse","United Kingdom · standard employee, Scotland",3.95,8158.251,330.72,1161.24,183.46,110.08,514.18,1271.32,0.06302576373293736,0.1558324204538448,7644.071,12570.0,83127.5,2399.66,5244.411,9429.571,1785.5,4185.16,1.233579724730448,1.7980228856967924,20.653800000000047,20.233799999999974,10.94380000000001,23.75380000000041,3.519999999999982,12.80999999999949,0.979664759027391,0.5298685956095239,1.1500934452740104,0.17042868624659743,0.6202248496644425
United Kingdom,UK,2026-04,2026-04-06,uk__standard_employee_scotland,"Royaume-Uni · salarié standard, Écosse","United Kingdom · standard employee, Scotland",3.96,8178.9048,331.13,1164.34,183.46,110.08,514.59,1274.42,0.06291673672494635,0.1558179280922795,7664.3148,12570.0,83375.3,2408.95,5255.3648,9453.3248,1789.01,4197.96,1.2334207357975433,1.7987951664173722,20.653800000000047,20.243800000000192,10.953800000000228,23.75380000000041,3.509999999999991,12.800000000000182,0.9801489314315113,0.5303527680136442,1.1500934452740104,0.1699445138424882,0.6197406772603663
United Kingdom,UK,2026-04,2026-04-06,uk__standard_employee_scotland,"Royaume-Uni · salarié standard, Écosse","United Kingdom · standard employee, Scotland",3.97,8199.5586,331.54,1167.43,183.46,110.08,515.0,1277.51,0.06280825897140366,0.1558022891622483,7684.5586,12570.0,83623.22,2418.25,5266.3086,9477.0686,1792.51,4210.76,1.2332612832180108,1.7995657527551652,20.653800000000047,20.243800000000192,10.94380000000001,23.743800000000192,3.5,12.800000000000182,0.9801489314315113,0.5298685956095239,1.1496092728698901,0.169460341438379,0.6197406772603663
United Kingdom,UK,2026-04,2026-04-06,uk__standard_employee_scotland,"Royaume-Uni · salarié standard, Écosse","United Kingdom · standard employee, Scotland",3.98,8220.2124,331.95,1170.53,183.46,110.08,515.41,1280.61,0.06270032633220037,0.15578794533338333,7704.8024,12570.0,83871.02,2427.54,5277.2624,9500.8224,1796.02,4223.56,1.23310396643008,1.8003316264887643,20.653800000000047,20.243799999999283,10.953799999999319,23.75379999999859,3.509999999999991,12.800000000000182,0.9801489314314672,0.5303527680136001,1.1500934452739224,0.1699445138424882,0.6197406772603663
United Kingdom,UK,2026-04,2026-04-06,uk__standard_employee_scotland,"Royaume-Uni · salarié standard, Écosse","United Kingdom · standard employee, Scotland",3.99,8240.8662,332.37,1173.63,183.46,110.08,515.83,1283.71,0.06259414817340439,0.15577367340340995,7725.0362,12570.0,84118.94,2436.84,5288.1962,9524.5762,1799.54,4236.38,1.2329490701933539,1.8011011391748284,20.653800000000047,20.233799999999974,10.933800000000701,23.75380000000041,3.519999999999982,12.819999999999709,0.979664759027391,0.5293844232054478,1.1500934452740104,0.17042868624659743,0.6207090220685627
United Kingdom,UK,2026-04,2026-04-06,uk__standard_employee_scotland,"Royaume-Uni · salarié standard, Écosse","United Kingdom · standard employee, Scotland",4.0,8261.52,332.78,1176.73,183.46,110.08,516.24,1286.81,0.06248729047439212,0.1557594728330864,7745.28,12570.0,84366.74,2446.13,5299.15,9548.33,1803.05,4249.18,1.232793391588167,1.8018606757687552,20.653800000000047,20.243800000000192,10.953799999999319,23.75380000000041,3.509999999999991,12.800000000000182,0.9801489314315113,0.5303527680136001,1.1500934452740104,0.1699445138424882,0.6197406772603663
United Kingdom,UK,2026-04,2026-04-06,uk__standard_employee_scotland,"Royaume-Uni · salarié standard, Écosse","United Kingdom · standard employee, Scotland",4.01,8282.1738,333.19,1179.83,183.46,110.08,516.65,1289.91,0.06238096573148464,0.15574534308854998,7765.5238,12570.0,84614.54,2455.42,5310.1038,9572.0838,1806.56,4261.98,1.2326385246543188,1.8026170787847875,20.653800000000047,20.243800000000192,10.953800000000228,23.75380000000041,3.509999999999991,12.799999999999272,0.9801489314315113,0.5303527680136442,1.1500934452740104,0.1699445138424882,0.6197406772603222
United Kingdom,UK,2026-04,2026-04-06,uk__standard_employee_scotland,"Royaume-Uni · salarié standard, Écosse","United Kingdom · standard employee, Scotland",4.02,8302.8276,333.61,1182.92,183.46,110.08,517.07,1293.0,0.062276374376363075,0.15573007923228468,7785.7576,12570.0,84862.46,2464.72,5321.0376,9595.8276,1810.07,4274.79,1.2324847616627572,1.803375266508171,20.653800000000047,20.233799999999974,10.933799999999792,23.743800000000192,3.509999999999991,12.8100000000004,0.979664759027391,0.5293844232054037,1.1496092728698901,0.1699445138424882,0.6202248496644865
United Kingdom,UK,2026-04,2026-04-06,uk__standard_employee_scotland,"Royaume-Uni · salarié standard, Écosse","United Kingdom · standard employee, Scotland",4.03,8323.4814,334.02,1186.02,183.46,110.08,517.48,1296.1,0.062171100664681005,0.15571609254752464,7806.0014,12570.0,85110.26,2474.01,5331.9914,9619.5814,1813.58,4287.59,1.2323314981726752,1.8041254530155468,20.653800000000047,20.243800000000192,10.953800000000228,23.75379999999859,3.509999999999991,12.800000000000182,0.9801489314315113,0.5303527680136442,1.1500934452739224,0.1699445138424882,0.6197406772603663
United Kingdom,UK,2026-04,2026-04-06,uk__standard_employee_scotland,"Royaume-Uni · salarié standard, Écosse","United Kingdom · standard employee, Scotland",4.04,8344.1352,334.43,1189.12,183.46,110.08,517.89,1299.2,0.06206634810998747,0.15570217510377823,7826.2452,12570.0,85358.18,2483.31,5342.9352,9643.3352,1817.09,4300.4,1.232179027562285,1.8048759415985434,20.653800000000047,20.243800000000192,10.94380000000001,23.75380000000041,3.509999999999991,12.80999999999949,0.9801489314315113,0.5298685956095239,1.1500934452740104,0.1699445138424882,0.6202248496644425
United Kingdom,UK,2026-04,2026-04-06,uk__standard_employee_scotland,"Royaume-Uni · salarié standard, Écosse","United Kingdom · standard employee, Scotland",4.05,8364.789,334.85,1192.22,183.46,110.08,518.31,1302.3,0.0619633083392779,0.15568832638814917,7846.479,12570.0,85605.98,2492.6,5353.879,9667.089,1820.61,4313.21,1.232028913860599,1.8056233620520745,20.653800000000047,20.233799999999974,10.94380000000001,23.75380000000041,3.519999999999982,12.8100000000004,0.979664759027391,0.5298685956095239,1.1500934452740104,0.17042868624659743,0.6202248496644865
United Kingdom,UK,2026-04,2026-04-06,uk__standard_employee_scotland,"Royaume-Uni · salarié standard, Écosse","United Kingdom · standard employee, Scotland",4.06,8385.4428,335.26,1195.32,183.46,110.08,518.72,1305.4,0.061859583610778444,0.15567454589279411,7866.7228,12570.0,85853.78,2501.9,5364.8228,9690.8428,1824.12,4326.02,1.2318780064298185,1.8063677331523422,20.653800000000047,20.243799999999283,10.94380000000001,23.75380000000041,3.509999999999991,12.8100000000004,0.9801489314314672,0.5298685956095239,1.1500934452740104,0.1699445138424882,0.6202248496644865
United Kingdom,UK,2026-04,2026-04-06,uk__standard_employee_scotland,"Royaume-Uni · salarié standard, Écosse","United Kingdom · standard employee, Scotland",4.07,8406.0966,335.67,1198.42,183.46,110.08,519.13,1308.5,0.06175636858610451,0.15566083311486092,7886.9666,12570.0,86101.7,2511.19,5375.7766,9714.5966,1827.63,4338.82,1.231727873679597,1.8071057119449492,20.653800000000047,20.243800000000192,10.953800000000228,23.75380000000041,3.5100000000002183,12.799999999999272,0.9801489314315113,0.5303527680136442,1.1500934452740104,0.16994451384249923,0.6197406772603222
United Kingdom,UK,2026-04,2026-04-06,uk__standard_employee_scotland,"Royaume-Uni · salarié standard, Écosse","United Kingdom · standard employee, Scotland",4.08,8426.7504,336.09,1201.51,183.46,110.08,519.55,1311.59,0.0616548462145028,0.15564600085935854,7907.2004,12570.0,86349.5,2520.49,5386.7104,9738.3404,1831.14,4351.63,1.2315788025304126,1.8078455452143853,20.653800000000047,20.233799999999974,10.933799999999792,23.743799999998373,3.509999999999991,12.8100000000004,0.979664759027391,0.5293844232054037,1.1496092728698022,0.1699445138424882,0.6202248496644865
United Kingdom,UK,2026-04,2026-04-06,uk__standard_employee_scotland,"Royaume-Uni · salarié standard, Écosse","United Kingdom · standard employee, Scotland",4.09,8447.4042,336.5,1204.61,183.46,110.08,519.96,1314.69,0.06155263648920694,0.15563242492883195,7927.4442,12570.0,86597.3,2529.78,5397.6642,9762.0942,1834.65,4364.43,1.2314302004169264,1.80857753248155,20.653800000000047,20.243800000000192,10.953800000000228,23.75380000000041,3.509999999999991,12.800000000000182,0.9801489314315113,0.5303527680136442,1.1500934452740104,0.1699445138424882,0.6197406772603663
United Kingdom,UK,2026-04,2026-04-06,uk__standard_employee_scotland,"Royaume-Uni · salarié standard, Écosse","United Kingdom · standard employee, Scotland",4.1,8468.058,336.91,1207.71,183.46,110.08,520.37,1317.79,0.061450925347936926,0.15561891522235677,7947.688,12570.0,86845.22,2539.08,5408.608,9785.848,1838.16,4377.24,1.231282355321447,1.8093099000704063,20.653800000000047,20.243800000000192,10.94380000000001,23.75380000000041,3.509999999999991,12.80999999999949,0.9801489314315113,0.5298685956095239,1.1500934452740104,0.1699445138424882,0.6202248496644425
United Kingdom,UK,2026-04,2026-04-06,uk__standard_employee_scotland,"Royaume-Uni · salarié standard, Écosse","United Kingdom · standard employee, Scotland",4.11,8488.7118,337.32,1210.81,183.46,110.08,520.78,1320.89,0.061349709151393254,0.15560547125654564,7967.9318,12570.0,87093.02,2548.37,5419.5618,9809.6018,1841.67,4390.04,1.2311352614739999,1.8100359700668047,20.653799999998228,20.243800000000192,10.953800000000228,23.75380000000041,3.509999999999991,12.800000000000182,0.9801489314315975,0.5303527680136909,1.1500934452741118,0.16994451384250317,0.6197406772604208
United Kingdom,UK,2026-04,2026-04-06,uk__standard_employee_scotland,"Royaume-Uni · salarié standard, Écosse","United Kingdom · standard employee, Scotland",4.12,8509.3656,337.74,1213.91,183.46,110.08,521.2,1323.99,0.06125015947134766,0.1555920925527045,7988.1656,12570.0,87340.94,2557.66,5430.5056,9833.3556,1845.19,4402.85,1.2309904541788668,1.810762445397349,20.653800000000047,20.233799999999974,10.94380000000001,23.75380000000041,3.519999999999982,12.8100000000004,0.979664759027391,0.5298685956095239,1.1500934452740104,0.17042868624659743,0.6202248496644865
United Kingdom,UK,2026-04,2026-04-06,uk__standard_employee_scotland,"Royaume-Uni · salarié standard, Écosse","United Kingdom · standard employee, Scotland",4.13,8530.0194,338.15,1217.0,183.46,110.08,521.61,1327.08,0.0611499195418008,0.1555776063064991,8008.4094,12490.629999999997,87668.11,2569.93,5438.4794,9857.0994,1848.69,4418.62,1.2308435929861428,1.8124734277746823,20.653800000000047,20.243799999999283,7.9737999999997555,23.743799999998373,3.5,15.769999999999527,0.9801489314314672,0.38606939158894427,1.1496092728698022,0.169460341438379,0.7635398812809019
United Kingdom,UK,2026-04,2026-04-06,uk__standard_employee_scotland,"Royaume-Uni · salarié standard, Écosse","United Kingdom · standard employee, Scotland",4.14,8550.6732,338.56,1220.1,183.46,110.08,522.02,1330.18,0.06105016386312133,0.15556435954072012,8028.6532,12366.730000000003,88039.81,2583.87,5444.7832,9880.8532,1852.2,4436.07,1.2306987179369013,1.8147376740363146,20.653800000000047,20.243800000000192,6.303799999999683,23.75380000000041,3.509999999999991,17.449999999999818,0.9801489314315113,0.3052126001026285,1.1500934452740104,0.1699445138424882,0.8448808451713379
United Kingdom,UK,2026-04,2026-04-06,uk__standard_employee_scotland,"Royaume-Uni · salarié standard, Écosse","United Kingdom · standard employee, Scotland",4.15,8571.327,338.98,1223.2,183.46,110.08,522.44,1333.28,0.060952055615192374,0.1555511766147762,8048.887,12242.769999999997,88411.69,2597.82,5451.067,9904.607,1855.72,4453.54,1.2305561004894219,1.817003349986342,20.653800000000047,20.233799999999974,6.283800000000156,23.75380000000041,3.519999999999982,17.470000000000255,0.979664759027391,0.3042442552944321,1.1500934452740104,0.17042868624659743,0.8458491899795784
United Kingdom,UK,2026-04,2026-04-06,uk__standard_employee_scotland,"Royaume-Uni · salarié standard, Écosse","United Kingdom · standard employee, Scotland",4.16,8591.9808,339.39,1226.3,183.46,110.08,522.85,1336.38,0.060853255165560886,0.1555380570682839,8069.1308,12118.870000000003,88783.39,2611.76,5457.3708,9928.3608,1859.23,4470.99,1.2304126734443317,1.8192571411860083,20.653800000000047,20.243800000000192,6.303799999999683,23.75380000000041,3.509999999999991,17.449999999999818,0.9801489314315113,0.3052126001026285,1.1500934452740104,0.1699445138424882,0.8448808451713379
United Kingdom,UK,2026-04,2026-04-06,uk__standard_employee_scotland,"Royaume-Uni · salarié standard, Écosse","United Kingdom · standard employee, Scotland",4.17,8612.6346,339.8,1229.39,183.46,110.08,523.26,1339.47,0.06075492857899719,0.15552383936037414,8089.3746,11994.970000000001,89155.09,2625.7,5463.6746,9952.1046,1862.73,4488.43,1.2302687280670621,1.8215039014219478,20.653800000000047,20.243800000000192,6.303800000000592,23.743800000000192,3.5,17.44000000000051,0.9801489314315113,0.30521260010267254,1.1496092728698901,0.169460341438379,0.8443966727672617
United Kingdom,UK,2026-04,2026-04-06,uk__standard_employee_scotland,"Royaume-Uni · salarié standard, Écosse","United Kingdom · standard employee, Scotland",4.18,8633.2884,340.22,1232.49,183.46,110.08,523.68,1342.57,0.060658230761757026,0.15551084798696171,8109.6084,11871.010000000002,89526.97,2639.64,5469.9684,9975.8584,1866.25,4505.89,1.2301282513222216,1.8237506454333448,20.653800000000047,20.233799999999974,6.2937999999994645,23.75379999999859,3.519999999999982,17.460000000000036,0.979664759027391,0.3047284276985083,1.1500934452739224,0.17042868624659743,0.8453650175754581
United Kingdom,UK,2026-04,2026-04-06,uk__standard_employee_scotland,"Royaume-Uni · salarié standard, Écosse","United Kingdom · standard employee, Scotland",4.19,8653.9422,340.63,1235.59,183.46,110.08,524.09,1345.67,0.06056083896654636,0.15549791862487822,8129.8522,11747.11,89898.67,2653.58,5476.2722,9999.6122,1869.76,4523.34,1.2299869608945657,1.8259888907640491,20.653800000000047,20.243800000000192,6.303800000000592,23.75380000000041,3.509999999999991,17.449999999999818,0.9801489314315113,0.30521260010267254,1.1500934452740104,0.1699445138424882,0.8448808451713379
United Kingdom,UK,2026-04,2026-04-06,uk__standard_employee_scotland,"Royaume-Uni · salarié standard, Écosse","United Kingdom · standard employee, Scotland",4.2,8674.596,341.04,1238.69,183.46,110.08,524.5,1348.77,0.060463910941789094,0.15548505083118566,8150.096,11623.150000000001,90270.55,2667.53,5482.566,10023.366,1873.27,4540.8,1.229846372361749,1.828225323689674,20.653800000000047,20.243799999999283,6.2937999999994645,23.75380000000041,3.509999999999991,17.460000000000036,0.9801489314314672,0.3047284276985083,1.1500934452740104,0.1699445138424882,0.8453650175754581
United Kingdom,UK,2026-04,2026-04-06,uk__standard_employee_scotland,"Royaume-Uni · salarié standard, Écosse","United Kingdom · standard employee, Scotland",4.21,8695.2498,341.46,1241.79,183.46,110.08,524.92,1351.87,0.06036859343592406,0.15547224416715433,8170.3298,11499.25,90642.25,2681.46,5488.8698,10047.1198,1876.79,4558.25,1.2297079855944126,1.8304532929529502,20.653800000000047,20.233800000000883,6.303800000000592,23.75380000000041,3.519999999999982,17.449999999999818,0.979664759027435,0.30521260010267254,1.1500934452740104,0.17042868624659743,0.8448808451713379
United Kingdom,UK,2026-04,2026-04-06,uk__standard_employee_scotland,"Royaume-Uni · salarié standard, Écosse","United Kingdom · standard employee, Scotland",4.22,8715.9036,341.87,1244.89,183.46,110.08,525.33,1354.97,0.06027258034382116,0.15545949819821323,8190.5736,11375.349999999999,91013.95,2695.4,5495.1736,10070.8736,1880.3,4575.7,1.2295687813610514,1.8326761505769351,20.653800000000047,20.243799999999283,6.303799999999683,23.75380000000041,3.509999999999991,17.449999999999818,0.9801489314314672,0.3052126001026285,1.1500934452740104,0.1699445138424882,0.8448808451713379
United Kingdom,UK,2026-04,2026-04-06,uk__standard_employee_scotland,"Royaume-Uni · salarié standard, Écosse","United Kingdom · standard employee, Scotland",4.23,8736.5574,342.28,1247.98,183.46,110.08,525.74,1358.06,0.06017702121432865,0.15544566787828804,8210.8174,11251.39,91385.83,2709.35,5501.4674,10094.6174,1883.8,4593.15,1.2294290456392318,1.8348954317169994,20.653800000000047,20.243800000000192,6.293800000000374,23.743799999998373,3.5,17.449999999999818,0.9801489314315113,0.3047284276985523,1.1496092728698022,0.169460341438379,0.8448808451713379
United Kingdom,UK,2026-04,2026-04-06,uk__standard_employee_scotland,"Royaume-Uni · salarié standard, Écosse","United Kingdom · standard employee, Scotland",4.24,8757.2112,342.69,1251.08,183.46,110.08,526.15,1361.16,0.06008191283544696,0.15543304471176847,8231.0612,11127.489999999998,91757.53,2723.29,5507.7712,10118.3712,1887.31,4610.6,1.229291212170795,1.837108120976412,20.653800000000047,20.243800000000192,6.303799999999683,23.75380000000041,3.509999999999991,17.450000000000728,0.9801489314315113,0.3052126001026285,1.1500934452740104,0.1699445138424882,0.844880845171382
United Kingdom,UK,2026-04,2026-04-06,uk__standard_employee_scotland,"Royaume-Uni · salarié standard, Écosse","United Kingdom · standard employee, Scotland",4.25,8777.865,343.11,1254.18,183.46,110.08,526.57,1364.26,0.05998839125459324,0.1554204809483855,8251.295,11003.529999999999,92129.41,2737.23,5514.065,10142.125,1890.83,4628.06,1.2291555446751086,1.8393190867354663,20.653800000000047,20.233799999999974,6.2937999999994645,23.75380000000041,3.519999999999982,17.460000000000036,0.979664759027391,0.3047284276985083,1.1500934452740104,0.17042868624659743,0.8453650175754581
United Kingdom,UK,2026-04,2026-04-06,uk__standard_employee_scotland,"Royaume-Uni · salarié standard, Écosse","United Kingdom · standard employee, Scotland",4.26,8798.5188,343.52,1257.28,183.46,110.08,526.98,1367.36,0.05989417218725498,0.15540797616980712,8271.5388,10879.629999999997,92501.11,2751.17,5520.3688,10165.8788,1894.34,4645.51,1.229019055075943,1.841521675146052,20.653800000000047,20.243800000000192,6.303800000000592,23.75380000000041,3.509999999999991,17.449999999999818,0.9801489314315113,0.30521260010267254,1.1500934452740104,0.1699445138424882,0.8448808451713379
United Kingdom,UK,2026-04,2026-04-06,uk__standard_employee_scotland,"Royaume-Uni · salarié standard, Écosse","United Kingdom · standard employee, Scotland",4.27,8819.1726,343.93,1260.38,183.46,110.08,527.39,1370.46,0.05980039442702369,0.1553955299616202,8291.7826,10755.730000000003,92872.81,2765.11,5526.6726,10189.6326,1897.85,4662.96,1.2288832319361582,1.8437192389503951,20.653800000000047,20.243800000000192,6.303799999999683,23.75380000000041,3.509999999999991,17.449999999999818,0.9801489314315113,0.3052126001026285,1.1500934452740104,0.1699445138424882,0.8448808451713379
United Kingdom,UK,2026-04,2026-04-06,uk__standard_employee_scotland,"Royaume-Uni · salarié standard, Écosse","United Kingdom · standard employee, Scotland",4.28,8839.8264,344.35,1263.47,183.46,110.08,527.81,1373.55,0.05970818612456009,0.15538201066934976,8312.0164,10631.769999999997,93244.69,2779.06,5532.9564,10213.3764,1901.36,4680.42,1.2287483455879609,1.8459166603951545,20.653800000000047,20.233799999999974,6.283800000000156,23.743799999998373,3.509999999999991,17.460000000000036,0.979664759027391,0.3042442552944321,1.1496092728698022,0.1699445138424882,0.8453650175754581
United Kingdom,UK,2026-04,2026-04-06,uk__standard_employee_scotland,"Royaume-Uni · salarié standard, Écosse","United Kingdom · standard employee, Scotland",4.29,8860.4802,344.76,1266.57,183.46,110.08,528.22,1376.65,0.05961527909062988,0.15536968301108556,8332.2602,10507.870000000003,93616.39,2792.99,5539.2702,10237.1302,1904.87,4697.86,1.2286138399758566,1.8481008924244204,20.653800000000047,20.243800000000192,6.313799999999901,23.75380000000041,3.509999999999991,17.4399999999996,0.9801489314315113,0.3056967725067487,1.1500934452740104,0.1699445138424882,0.8443966727672176
United Kingdom,UK,2026-04,2026-04-06,uk__standard_employee_scotland,"Royaume-Uni · salarié standard, Écosse","United Kingdom · standard employee, Scotland",4.3,8881.134,345.17,1269.67,183.46,110.08,528.63,1379.75,0.05952280418243886,0.15535741269076675,8352.504,10383.970000000001,93988.09,2806.93,5545.574,10260.884,1908.38,4715.31,1.228479986360976,1.8502834873360268,20.653800000000047,20.243800000000192,6.303799999999683,23.75380000000041,3.5100000000002183,17.450000000000728,0.9801489314315113,0.3052126001026285,1.1500934452740104,0.16994451384249923,0.844880845171382
United Kingdom,UK,2026-04,2026-04-06,uk__standard_employee_scotland,"Royaume-Uni · salarié standard, Écosse","United Kingdom · standard employee, Scotland",4.31,8901.7878,345.59,1272.77,183.46,110.08,529.05,1382.85,0.05943188176199841,0.1553451993092893,8372.7378,10260.010000000002,94359.97,2820.88,5551.8578,10284.6378,1911.9,4732.78,1.2283482470930833,1.8524677991572478,20.653800000000047,20.233799999999974,6.283800000000156,23.75380000000041,3.519999999999982,17.469999999999345,0.979664759027391,0.3042442552944321,1.1500934452740104,0.17042868624659743,0.8458491899795343
United Kingdom,UK,2026-04,2026-04-06,uk__standard_employee_scotland,"Royaume-Uni · salarié standard, Écosse","United Kingdom · standard employee, Scotland",4.32,8922.4416,346.0,1275.87,183.46,110.08,529.46,1385.95,0.05934025950923567,0.15533304247124458,8392.9816,10136.11,94731.67,2834.82,5558.1616,10308.3916,1915.41,4750.23,1.2282156796340409,1.854640498397887,20.653800000000047,20.243799999998373,6.303800000000592,23.75380000000041,3.509999999999991,17.449999999999818,0.9801489314314231,0.30521260010267254,1.1500934452740104,0.1699445138424882,0.8448808451713379
United Kingdom,UK,2026-04,2026-04-06,uk__standard_employee_scotland,"Royaume-Uni · salarié standard, Écosse","United Kingdom · standard employee, Scotland",4.33,8943.0954,346.41,1278.97,183.46,110.08,529.87,1389.05,0.05924906045394528,0.15532094178487685,8413.2254,10012.150000000001,95103.55,2848.76,5564.4654,10332.1454,1918.92,4767.68,1.2280837501393937,1.8568082748793804,20.653800000000047,20.243800000000192,6.303799999999683,23.75379999999859,3.509999999999991,17.450000000000728,0.9801489314315113,0.3052126001026285,1.1500934452739224,0.1699445138424882,0.844880845171382
United Kingdom,UK,2026-04,2026-04-06,uk__standard_employee_scotland,"Royaume-Uni · salarié standard, Écosse","United Kingdom · standard employee, Scotland",4.34,8963.7492,346.83,1282.06,183.46,110.08,530.29,1392.14,0.05915939727541685,0.15530778125742295,8433.4592,9888.25,95475.25,2862.7,5570.7592,10355.8892,1922.43,4785.13,1.2279527243103279,1.8589726872416237,20.653800000000047,20.233799999999974,6.293800000000374,23.743800000000192,3.509999999999991,17.449999999999818,0.979664759027391,0.3047284276985523,1.1496092728698901,0.1699445138424882,0.8448808451713379
United Kingdom,UK,2026-04,2026-04-06,uk__standard_employee_scotland,"Royaume-Uni · salarié standard, Écosse","United Kingdom · standard employee, Scotland",4.35,8984.403,347.24,1285.16,183.46,110.08,530.7,1395.24,0.05906903330137796,0.1552957942781507,8453.703,9764.349999999999,95846.95,2876.64,5577.063,10379.643,1925.94,4802.58,1.2278220562042457,1.8611306703904904,20.653800000000047,20.243800000000192,6.303799999999683,23.75380000000041,3.509999999999991,17.449999999999818,0.9801489314315113,0.3052126001026285,1.1500934452740104,0.1699445138424882,0.8448808451713379
United Kingdom,UK,2026-04,2026-04-06,uk__standard_employee_scotland,"Royaume-Uni · salarié standard, Écosse","United Kingdom · standard employee, Scotland",4.36,9005.0568,347.65,1288.26,183.46,110.08,531.11,1398.34,0.05897908384098144,0.1552838622850219,8473.9468,9640.39,96218.83,2890.59,5583.3568,10403.3968,1929.45,4820.04,1.2276920124162216,1.8632871178857853,20.653800000000047,20.243800000000192,6.2937999999994645,23.75380000000041,3.509999999999991,17.460000000000036,0.9801489314315113,0.3047284276985083,1.1500934452740104,0.1699445138424882,0.8453650175754581
United Kingdom,UK,2026-04,2026-04-06,uk__standard_employee_scotland,"Royaume-Uni · salarié standard, Écosse","United Kingdom · standard employee, Scotland",4.37,9025.7106,348.06,1291.36,183.46,110.08,531.52,1401.44,0.05888954604859588,0.15527198490055727,8494.1906,9516.489999999998,96590.53,2904.52,5589.6706,10427.1506,1932.96,4837.48,1.2275625884825332,1.8654320345817876,20.653800000000047,20.243800000000192,6.3138000000008105,23.75380000000041,3.509999999999991,17.4399999999996,0.9801489314315113,0.3056967725067928,1.1500934452740104,0.1699445138424882,0.8443966727672176
United Kingdom,UK,2026-04,2026-04-06,uk__standard_employee_scotland,"Royaume-Uni · salarié standard, Écosse","United Kingdom · standard employee, Scotland",4.38,9046.3644,348.48,1294.45,183.46,110.08,531.94,1404.53,0.058801522521025135,0.15525905633427722,8514.4244,9392.589999999997,96962.23,2918.46,5595.9644,10450.8944,1936.47,4854.93,1.2274340470977698,1.8675769988815514,20.653800000000047,20.233799999999974,6.2937999999994645,23.743799999998373,3.509999999999991,17.450000000000728,0.979664759027391,0.3047284276985083,1.1496092728698022,0.1699445138424882,0.844880845171382
United Kingdom,UK,2026-04,2026-04-06,uk__standard_employee_scotland,"Royaume-Uni · salarié standard, Écosse","United Kingdom · standard employee, Scotland",4.39,9067.0182,348.89,1297.55,183.46,110.08,532.35,1407.63,0.05871279711338839,0.15524728956648612,8534.6682,9268.629999999997,97334.11,2932.41,5602.2582,10474.6482,1939.98,4872.39,1.2273058488670947,1.8697189286991447,20.653800000000047,20.243800000000192,6.293800000000374,23.75380000000041,3.509999999999991,17.460000000000036,0.9801489314315113,0.3047284276985523,1.1500934452740104,0.1699445138424882,0.8453650175754581
United Kingdom,UK,2026-04,2026-04-06,uk__standard_employee_scotland,"Royaume-Uni · salarié standard, Écosse","United Kingdom · standard employee, Scotland",4.4,9087.672,349.3,1300.65,183.46,110.08,532.76,1410.73,0.05862447500305908,0.1552355762840032,8554.912,9144.730000000003,97705.81,2946.35,5608.562,10498.402,1943.49,4889.84,1.2271782573567092,1.8718527137615668,20.653800000000047,20.243800000000192,6.303799999999683,23.75380000000041,3.509999999999991,17.449999999999818,0.9801489314315113,0.3052126001026285,1.1500934452740104,0.1699445138424882,0.8448808451713379
United Kingdom,UK,2026-04,2026-04-06,uk__standard_employee_scotland,"Royaume-Uni · salarié standard, Écosse","United Kingdom · standard employee, Scotland",4.41,9108.3258,349.72,1303.75,183.46,110.08,533.18,1413.83,0.05853765134312609,0.15522391612298275,8575.1458,9020.769999999997,98077.69,2960.29,5614.8558,10522.1558,1947.01,4907.3,1.2270526992089161,1.8739850451724869,20.653800000000047,20.233799999999974,6.293800000000374,23.75380000000041,3.519999999999982,17.460000000000036,0.979664759027391,0.3047284276985523,1.1500934452740104,0.17042868624659743,0.8453650175754581
United Kingdom,UK,2026-04,2026-04-06,uk__standard_employee_scotland,"Royaume-Uni · salarié standard, Écosse","United Kingdom · standard employee, Scotland",4.42,9128.9796,350.13,1306.85,183.46,110.08,533.59,1416.93,0.05845012513775362,0.15521230872287192,8595.3896,8896.870000000003,98449.39,2974.23,5621.1596,10545.9096,1950.52,4924.75,1.226926304771572,1.876109264003107,20.653800000000047,20.243800000000192,6.303799999999683,23.75380000000041,3.509999999999991,17.449999999999818,0.9801489314315113,0.3052126001026285,1.1500934452740104,0.1699445138424882,0.8448808451713379
United Kingdom,UK,2026-04,2026-04-06,uk__standard_employee_scotland,"Royaume-Uni · salarié standard, Écosse","United Kingdom · standard employee, Scotland",4.43,9149.6334,350.54,1309.94,183.46,110.08,534.0,1420.02,0.058362994084549875,0.1551996607864092,8615.6334,8772.970000000001,98821.09,2988.17,5627.4634,10569.6534,1954.02,4942.19,1.226799343621097,1.8782269467980903,20.653800000000047,20.243800000000192,6.303799999999683,23.743799999998373,3.5,17.4399999999996,0.9801489314315113,0.3052126001026285,1.1496092728698022,0.169460341438379,0.8443966727672176
United Kingdom,UK,2026-04,2026-04-06,uk__standard_employee_scotland,"Royaume-Uni · salarié standard, Écosse","United Kingdom · standard employee, Scotland",4.44,9170.2872,350.96,1313.04,183.46,110.08,534.42,1423.12,0.0582773459919554,0.15518816030102087,8635.8672,8649.010000000002,99192.97,3002.12,5633.7472,10593.4072,1957.54,4959.66,1.2266755561039662,1.8803483407988204,20.653800000000047,20.233799999999974,6.283800000000156,23.75380000000041,3.519999999999982,17.470000000000255,0.979664759027391,0.3042442552944321,1.1500934452740104,0.17042868624659743,0.8458491899795784
United Kingdom,UK,2026-04,2026-04-06,uk__standard_employee_scotland,"Royaume-Uni · salarié standard, Écosse","United Kingdom · standard employee, Scotland",4.45,9190.941,351.37,1316.14,183.46,110.08,534.83,1426.22,0.058190994806734155,0.15517671150320733,8656.111,8525.11,99564.67,3016.05,5640.061,10617.161,1961.05,4977.1,1.2265509303196318,1.8824549947243476,20.653800000000047,20.243800000000192,6.313799999999901,23.75380000000041,3.509999999999991,17.44000000000051,0.9801489314315113,0.3056967725067487,1.1500934452740104,0.1699445138424882,0.8443966727672617
United Kingdom,UK,2026-04,2026-04-06,uk__standard_employee_scotland,"Royaume-Uni · salarié standard, Écosse","United Kingdom · standard employee, Scotland",4.46,9211.5948,351.78,1319.24,183.46,110.08,535.24,1429.32,0.05810503084655873,0.1551653140452943,8676.3548,8401.21,99936.37,3029.99,5646.3648,10640.9148,1964.56,4994.55,1.2264268860927632,1.884560274957792,20.653800000000047,20.243799999998373,6.303800000000592,23.75380000000041,3.509999999999991,17.449999999999818,0.9801489314314231,0.30521260010267254,1.1500934452740104,0.1699445138424882,0.8448808451713379
United Kingdom,UK,2026-04,2026-04-06,uk__standard_employee_scotland,"Royaume-Uni · salarié standard, Écosse","United Kingdom · standard employee, Scotland",4.47,9232.2486,352.2,1322.34,183.46,110.08,535.66,1432.42,0.05802053467234406,0.15515396758271865,8696.5886,8277.25,100308.25,3043.94,5652.6486,10664.6686,1968.08,5012.02,1.2263048294592203,1.8866675349322086,20.653800000000047,20.233799999999974,6.283800000000156,23.75380000000041,3.519999999999982,17.470000000000255,0.979664759027391,0.3042442552944321,1.1500934452740104,0.17042868624659743,0.8458491899795784
United Kingdom,UK,2026-04,2026-04-06,uk__standard_employee_scotland,"Royaume-Uni · salarié standard, Écosse","United Kingdom · standard employee, Scotland",4.48,9252.9024,352.61,1325.44,183.46,110.08,536.07,1435.52,0.05793533497121941,0.15514267177399385,8716.8324,8153.3499999999985,100679.95,3057.88,5658.9524,10688.4224,1971.59,5029.47,1.2261819327855839,1.8887634396783404,20.653800000000047,20.243800000000192,6.303799999999683,23.75379999999859,3.509999999999991,17.449999999999818,0.9801489314315113,0.3052126001026285,1.1500934452739224,0.1699445138424882,0.8448808451713379
United Kingdom,UK,2026-04,2026-04-06,uk__standard_employee_scotland,"Royaume-Uni · salarié standard, Écosse","United Kingdom · standard employee, Scotland",4.49,9273.5562,353.02,1328.53,183.46,110.08,536.48,1438.61,0.05785051477878572,0.1551303479456996,8737.0762,8029.389999999999,101051.83,3071.82,5665.2562,10712.1662,1975.09,5046.91,1.2260584610673304,1.890852915001443,20.653800000000047,20.243800000000192,6.303799999999683,23.743800000000192,3.5,17.4399999999996,0.9801489314315113,0.3052126001026285,1.1496092728698901,0.169460341438379,0.8443966727672176
United Kingdom,UK,2026-04,2026-04-06,uk__standard_employee_scotland,"Royaume-Uni · salarié standard, Écosse","United Kingdom · standard employee, Scotland",4.5,9294.21,353.43,1331.63,183.46,110.08,536.89,1441.71,0.057766071564985075,0.15511915482865138,8757.32,7905.489999999998,101423.53,3085.76,5671.56,10735.92,1978.6,5064.36,1.225936702096075,1.8929395087065992,20.653799999998228,20.243800000000192,6.303800000000592,23.75380000000041,3.509999999999991,17.449999999999818,0.9801489314315975,0.3052126001026994,1.1500934452741118,0.16994451384250317,0.8448808451714123
United Kingdom,UK,2026-04,2026-04-06,uk__standard_employee_scotland,"Royaume-Uni · salarié standard, Écosse","United Kingdom · standard employee, Scotland",4.51,9314.8638,353.85,1334.73,183.46,110.08,537.31,1444.81,0.05768307637520155,0.15510801134848584,8777.5538,7781.5899999999965,101795.23,3099.7,5677.8538,10759.6738,1982.12,5081.82,1.2258169012874633,1.895024806732431,20.653800000000047,20.233799999999974,6.2937999999994645,23.75380000000041,3.519999999999982,17.460000000000036,0.979664759027391,0.3047284276985083,1.1500934452740104,0.17042868624659743,0.8453650175754581
United Kingdom,UK,2026-04,2026-04-06,uk__standard_employee_scotland,"Royaume-Uni · salarié standard, Écosse","United Kingdom · standard employee, Scotland",4.52,9335.5176,354.26,1337.83,183.46,110.08,537.72,1447.91,0.05759937724288582,0.15509691717575466,8797.7976,7657.629999999997,102167.11,3113.65,5684.1476,10783.4276,1985.63,5099.28,1.225696258345384,1.897105486845556,20.653800000000047,20.243800000000192,6.293800000000374,23.75380000000041,3.5100000000002183,17.460000000000036,0.9801489314315113,0.3047284276985523,1.1500934452740104,0.16994451384249923,0.8453650175754581
United Kingdom,UK,2026-04,2026-04-06,uk__standard_employee_scotland,"Royaume-Uni · salarié standard, Écosse","United Kingdom · standard employee, Scotland",4.53,9356.1714,354.67,1340.93,183.46,110.08,538.13,1451.01,0.05751604764316309,0.15508587198391854,8818.0414,7533.730000000003,102538.81,3127.58,5690.4614,10807.1814,1989.14,5116.72,1.2255761693293932,1.8991748894035196,20.653800000000047,20.243800000000192,6.313799999999901,23.75379999999859,3.509999999999991,17.44000000000051,0.9801489314315113,0.3056967725067487,1.1500934452739224,0.1699445138424882,0.8443966727672617
United Kingdom,UK,2026-04,2026-04-06,uk__standard_employee_scotland,"Royaume-Uni · salarié standard, Écosse","United Kingdom · standard employee, Scotland",4.54,9376.8252,355.09,1344.02,183.46,110.08,538.55,1454.1,0.05743415159322794,0.15507380899027529,8838.2752,7409.769999999997,102910.69,3141.53,5696.7452,10830.9252,1992.65,5134.18,1.2254568855244516,1.9012479617308493,20.653800000000047,20.233799999999974,6.283800000000156,23.743800000000192,3.509999999999991,17.460000000000036,0.979664759027391,0.3042442552944321,1.1496092728698901,0.1699445138424882,0.8453650175754581
United Kingdom,UK,2026-04,2026-04-06,uk__standard_employee_scotland,"Royaume-Uni · salarié standard, Écosse","United Kingdom · standard employee, Scotland",4.55,9397.479,355.5,1347.12,183.46,110.08,538.96,1457.2,0.05735155141075602,0.1550628631359538,8858.519,7285.870000000003,103282.39,3155.47,5703.049,10854.679,1996.16,5151.63,1.2253378922594171,1.9033115444037039,20.653800000000047,20.243800000000192,6.303799999999683,23.75380000000041,3.509999999999991,17.449999999999818,0.9801489314315113,0.3052126001026285,1.1500934452740104,0.1699445138424882,0.8448808451713379
United Kingdom,UK,2026-04,2026-04-06,uk__standard_employee_scotland,"Royaume-Uni · salarié standard, Écosse","United Kingdom · standard employee, Scotland",4.56,9418.1328,355.91,1350.22,183.46,110.08,539.37,1460.3,0.057269313509786146,0.1550519652897653,8878.7628,7161.970000000001,103654.09,3169.41,5709.3528,10878.4328,1999.67,5169.08,1.22521944160959,1.9053705701984296,20.653800000000047,20.243800000000192,6.303799999999683,23.75380000000041,3.509999999999991,17.449999999999818,0.9801489314315113,0.3052126001026285,1.1500934452740104,0.1699445138424882,0.8448808451713379
United Kingdom,UK,2026-04,2026-04-06,uk__standard_employee_scotland,"Royaume-Uni · salarié standard, Écosse","United Kingdom · standard employee, Scotland",4.57,9438.7866,356.33,1353.32,183.46,110.08,539.79,1463.4,0.057188494970317465,0.15504111513655788,8898.9966,7038.010000000002,104025.97,3183.35,5715.6466,10902.1866,2003.19,5186.54,1.2251029065456658,1.9074283913914478,20.653800000000047,20.233799999999974,6.293800000000374,23.75380000000041,3.519999999999982,17.460000000000036,0.979664759027391,0.3047284276985523,1.1500934452740104,0.17042868624659743,0.8453650175754581
United Kingdom,UK,2026-04,2026-04-06,uk__standard_employee_scotland,"Royaume-Uni · salarié standard, Écosse","United Kingdom · standard employee, Scotland",4.58,9459.4404,356.74,1356.42,183.46,110.08,540.2,1466.5,0.05710697220524799,0.1550303123639322,8919.2404,6914.110000000001,104397.67,3197.29,5721.9504,10925.9404,2006.7,5203.99,1.2249855267944119,1.9094783485015878,20.653800000000047,20.243800000000192,6.303799999999683,23.75379999999859,3.509999999999991,17.449999999999818,0.9801489314315113,0.3052126001026285,1.1500934452739224,0.1699445138424882,0.8448808451713379
United Kingdom,UK,2026-04,2026-04-06,uk__standard_employee_scotland,"Royaume-Uni · salarié standard, Écosse","United Kingdom · standard employee, Scotland",4.59,9480.0942,357.15,1359.51,183.46,110.08,540.61,1469.59,0.05702580465919843,0.15501850182037222,8939.4842,6790.209999999999,104769.37,3211.23,5728.2542,10949.6842,2010.2,5221.43,1.224867560032155,1.9115220480264303,20.653800000000047,20.243800000000192,6.303800000000592,23.743800000000192,3.5,17.44000000000051,0.9801489314315113,0.30521260010267254,1.1496092728698901,0.169460341438379,0.8443966727672617
United Kingdom,UK,2026-04,2026-04-06,uk__standard_employee_scotland,"Royaume-Uni · salarié standard, Écosse","United Kingdom · standard employee, Scotland",4.6,9500.748,357.57,1362.61,183.46,110.08,541.03,1472.69,0.05694604256422758,0.15500779517570615,8959.718,6666.25,105141.25,3225.18,5734.538,10973.438,2013.72,5238.9,1.2247526094013228,1.9135696720468158,20.653800000000047,20.233799999999974,6.283799999999246,23.75380000000041,3.519999999999982,17.469999999999345,0.979664759027391,0.30424425529438803,1.1500934452740104,0.17042868624659743,0.8458491899795343
United Kingdom,UK,2026-04,2026-04-06,uk__standard_employee_scotland,"Royaume-Uni · salarié standard, Écosse","United Kingdom · standard employee, Scotland",4.61,9521.4018,357.98,1365.71,183.46,110.08,541.44,1475.79,0.05686557624319562,0.15499713498069156,8979.9618,6542.3499999999985,105512.95,3239.12,5740.8418,10997.1918,2017.23,5256.35,1.2246368130430132,1.9156061398521727,20.653800000000047,20.243799999998373,6.303800000000592,23.75380000000041,3.509999999999991,17.450000000000728,0.9801489314314231,0.30521260010267254,1.1500934452740104,0.1699445138424882,0.844880845171382
United Kingdom,UK,2026-04,2026-04-06,uk__standard_employee_scotland,"Royaume-Uni · salarié standard, Écosse","United Kingdom · standard employee, Scotland",4.62,9542.0556,358.39,1368.81,183.46,110.08,541.85,1478.89,0.05678545826121574,0.15498652093370738,9000.2056,6418.389999999999,105884.83,3253.06,5747.1456,11020.9456,2020.74,5273.8,1.2245215375968743,1.9176381402273848,20.653800000000047,20.243800000000192,6.303799999999683,23.75379999999859,3.509999999999991,17.449999999999818,0.9801489314315113,0.3052126001026285,1.1500934452739224,0.1699445138424882,0.8448808451713379
United Kingdom,UK,2026-04,2026-04-06,uk__standard_employee_scotland,"Royaume-Uni · salarié standard, Écosse","United Kingdom · standard employee, Scotland",4.63,9562.7094,358.8,1371.91,183.46,110.08,542.26,1481.99,0.056705686361231473,0.15497595273573828,9020.4494,6294.489999999998,106256.53,3267.0,5753.4494,11044.6994,2024.25,5291.25,1.2244067795557947,1.919665687856749,20.653800000000047,20.243800000000192,6.303800000000592,23.75380000000041,3.509999999999991,17.449999999999818,0.9801489314315113,0.30521260010267254,1.1500934452740104,0.1699445138424882,0.8448808451713379
United Kingdom,UK,2026-04,2026-04-06,uk__standard_employee_scotland,"Royaume-Uni · salarié standard, Écosse","United Kingdom · standard employee, Scotland",4.64,9583.3632,359.22,1375.0,183.46,110.08,542.68,1485.08,0.05662730178065255,0.1549643866153377,9040.6832,6170.5899999999965,106628.23,3280.94,5759.7432,11068.4432,2027.76,5308.7,1.2242927835365363,1.9216903975857815,20.653800000000047,20.233799999999974,6.2937999999994645,23.743800000000192,3.509999999999991,17.449999999999818,0.979664759027391,0.3047284276985083,1.1496092728698901,0.1699445138424882,0.8448808451713379
United Kingdom,UK,2026-04,2026-04-06,uk__standard_employee_scotland,"Royaume-Uni · salarié standard, Écosse","United Kingdom · standard employee, Scotland",4.65,9604.017,359.63,1378.1,183.46,110.08,543.09,1488.18,0.056548213107078,0.1549539114726681,9060.927,6046.629999999997,107000.11,3294.88,5766.047,11092.197,2031.27,5326.15,1.224179049229731,1.9237090852710703,20.653800000000047,20.243800000000192,6.303799999999683,23.75380000000041,3.509999999999991,17.449999999999818,0.9801489314315113,0.3052126001026285,1.1500934452740104,0.1699445138424882,0.8448808451713379
United Kingdom,UK,2026-04,2026-04-06,uk__standard_employee_scotland,"Royaume-Uni · salarié standard, Écosse","United Kingdom · standard employee, Scotland",4.66,9624.6708,360.04,1381.2,183.46,110.08,543.5,1491.28,0.05646946386987074,0.15494348128769242,9081.1708,5922.730000000003,107371.81,3308.82,5772.3508,11115.9508,2034.78,5343.6,1.2240658219973135,1.9257233638676288,20.653800000000047,20.243800000000192,6.303800000000592,23.75380000000041,3.509999999999991,17.450000000000728,0.9801489314315113,0.30521260010267254,1.1500934452740104,0.1699445138424882,0.844880845171382
United Kingdom,UK,2026-04,2026-04-06,uk__standard_employee_scotland,"Royaume-Uni · salarié standard, Écosse","United Kingdom · standard employee, Scotland",4.67,9645.3246,360.46,1384.3,183.46,110.08,543.92,1494.38,0.056392088660240626,0.15493309577160316,9101.4046,5798.830000000002,107743.51,3322.76,5778.6446,11139.7046,2038.3,5361.06,1.2239544432515395,1.927736583765681,20.653800000000047,20.233799999999974,6.2937999999994645,23.75379999999859,3.519999999999982,17.460000000000036,0.979664759027391,0.3047284276985083,1.1500934452739224,0.17042868624659743,0.8453650175754581
United Kingdom,UK,2026-04,2026-04-06,uk__standard_employee_scotland,"Royaume-Uni · salarié standard, Écosse","United Kingdom · standard employee, Scotland",4.68,9665.9784,360.87,1387.4,183.46,110.08,544.33,1497.48,0.0563140095574805,0.15492275463806127,9121.6484,5674.870000000003,108115.39,3336.71,5784.9384,11163.4584,2041.81,5378.52,1.2238422169396488,1.9297454230454727,20.653800000000047,20.243800000000192,6.293800000000374,23.75380000000041,3.509999999999991,17.460000000000036,0.9801489314315113,0.3047284276985523,1.1500934452740104,0.1699445138424882,0.8453650175754581
United Kingdom,UK,2026-04,2026-04-06,uk__standard_employee_scotland,"Royaume-Uni · salarié standard, Écosse","United Kingdom · standard employee, Scotland",4.69,9686.6322,361.28,1390.49,183.46,110.08,544.74,1500.57,0.056236263414646825,0.15491142525262802,9141.8922,5550.970000000001,108487.09,3350.65,5791.2422,11187.2022,2045.31,5395.96,1.2237293937900513,1.931744833604092,20.653800000000047,20.243800000000192,6.303799999999683,23.743800000000192,3.5,17.4399999999996,0.9801489314315113,0.3052126001026285,1.1496092728698901,0.169460341438379,0.8443966727672176
United Kingdom,UK,2026-04,2026-04-06,uk__standard_employee_scotland,"Royaume-Uni · salarié standard, Écosse","United Kingdom · standard employee, Scotland",4.7,9707.286,361.7,1393.59,183.46,110.08,545.16,1503.67,0.05615987826051483,0.1549011742313969,9162.126,5427.010000000002,108858.97,3364.59,5797.536,11210.956,2048.83,5413.42,1.2236194961737046,1.9337449564780624,20.653800000000047,20.233799999999974,6.293800000000374,23.75380000000041,3.519999999999982,17.460000000000036,0.979664759027391,0.3047284276985523,1.1500934452740104,0.17042868624659743,0.8453650175754581
United Kingdom,UK,2026-04,2026-04-06,uk__standard_employee_scotland,"Royaume-Uni · salarié standard, Écosse","United Kingdom · standard employee, Scotland",4.71,9727.9398,362.11,1396.69,183.46,110.08,545.57,1506.77,0.05608278949259123,0.15489096673891833,9182.3698,5303.110000000001,109230.67,3378.53,5803.8398,11234.7098,2052.34,5430.87,1.2235087504317241,1.9357374061220645,20.653800000000047,20.243800000000192,6.303799999999683,23.75380000000041,3.5100000000002183,17.449999999999818,0.9801489314315113,0.3052126001026285,1.1500934452740104,0.16994451384249923,0.8448808451713379
United Kingdom,UK,2026-04,2026-04-06,uk__standard_employee_scotland,"Royaume-Uni · salarié standard, Écosse","United Kingdom · standard employee, Scotland",4.72,9748.5936,362.52,1399.79,183.46,110.08,545.98,1509.87,0.05600602737198933,0.15488080249852654,9202.6136,5179.209999999999,109602.37,3392.47,5810.1436,11258.4636,2055.85,5448.32,1.2233984919240768,1.9377255322914906,20.653800000000047,20.243800000000192,6.303800000000592,23.75379999999859,3.5099999999997635,17.449999999999818,0.9801489314315113,0.30521260010267254,1.1500934452739224,0.1699445138424772,0.8448808451713379
United Kingdom,UK,2026-04,2026-04-06,uk__standard_employee_scotland,"Royaume-Uni · salarié standard, Écosse","United Kingdom · standard employee, Scotland",4.73,9769.2474,362.94,1402.89,183.46,110.08,546.4,1512.97,0.05593061344725489,0.15487068123589537,9222.8474,5055.25,109974.25,3406.41,5816.4374,11282.2174,2059.37,5465.78,1.2232900438101142,1.9397126839188532,20.653800000000047,20.233799999999974,6.2937999999994645,23.75380000000041,3.519999999999982,17.460000000000036,0.979664759027391,0.3047284276985083,1.1500934452740104,0.17042868624659743,0.8453650175754581
United Kingdom,UK,2026-04,2026-04-06,uk__standard_employee_scotland,"Royaume-Uni · salarié standard, Écosse","United Kingdom · standard employee, Scotland",4.74,9789.9012,363.35,1405.99,183.46,110.08,546.81,1516.07,0.05585449626396639,0.15486060267901375,9243.0912,4931.3499999999985,110345.95,3420.35,5822.7412,11305.9712,2062.88,5483.23,1.2231807471509097,1.9416922050390972,20.653800000000047,20.243800000000192,6.303800000000592,23.75380000000041,3.5100000000002183,17.449999999999818,0.9801489314315113,0.30521260010267254,1.1500934452740104,0.16994451384249923,0.8448808451713379
United Kingdom,UK,2026-04,2026-04-06,uk__standard_employee_scotland,"Royaume-Uni · salarié standard, Écosse","United Kingdom · standard employee, Scotland",4.75,9810.555,363.76,1409.08,183.46,110.08,547.22,1519.16,0.05577869957408118,0.15484954724783662,9263.335,4807.389999999999,110717.83,3434.3,5829.035,11329.715,2066.38,5500.68,1.2230708486738306,1.943669063575703,20.653800000000047,20.243799999998373,6.2937999999994645,23.743800000000192,3.5,17.450000000000728,0.9801489314314231,0.3047284276985083,1.1496092728698901,0.169460341438379,0.844880845171382
United Kingdom,UK,2026-04,2026-04-06,uk__standard_employee_scotland,"Royaume-Uni · salarié standard, Écosse","United Kingdom · standard employee, Scotland",4.76,9831.2088,364.17,1412.18,183.46,110.08,547.63,1522.26,0.05570322135768289,0.1548395554369672,9283.5788,4683.489999999998,111089.53,3448.24,5835.3388,11353.4688,2069.89,5518.13,1.222962506657454,1.945640037216005,20.653800000000047,20.243800000000192,6.303800000000592,23.75380000000041,3.5099999999997635,17.449999999999818,0.9801489314315113,0.30521260010267254,1.1500934452740104,0.1699445138424772,0.8448808451713379
United Kingdom,UK,2026-04,2026-04-06,uk__standard_employee_scotland,"Royaume-Uni · salarié standard, Écosse","United Kingdom · standard employee, Scotland",4.77,9851.8626,364.59,1415.28,183.46,110.08,548.05,1525.36,0.05562907464828021,0.15482960552048297,9303.8126,4559.5899999999965,111461.23,3462.18,5841.6326,11377.2226,2073.41,5535.59,1.222855950473465,1.9476100910557093,20.653800000000047,20.233799999999974,6.2937999999994645,23.75379999999859,3.519999999999982,17.460000000000036,0.979664759027391,0.3047284276985083,1.1500934452739224,0.17042868624659743,0.8453650175754581
United Kingdom,UK,2026-04,2026-04-06,uk__standard_employee_scotland,"Royaume-Uni · salarié standard, Écosse","United Kingdom · standard employee, Scotland",4.78,9872.5164,365.0,1418.38,183.46,110.08,548.46,1528.46,0.05555422526317606,0.1548196972354485,9324.0564,4435.629999999997,111833.11,3476.12,5847.9364,11400.9764,2076.92,5553.04,1.222748545364869,1.9495725705908835,20.653800000000047,20.243800000000192,6.303799999999683,23.75380000000041,3.5100000000002183,17.449999999999818,0.9801489314315113,0.3052126001026285,1.1500934452740104,0.16994451384249923,0.8448808451713379
United Kingdom,UK,2026-04,2026-04-06,uk__standard_employee_scotland,"Royaume-Uni · salarié standard, Écosse","United Kingdom · standard employee, Scotland",4.79,9893.1702,365.41,1421.48,183.46,110.08,548.87,1531.56,0.05547968840160053,0.15480983032112394,9344.3002,4311.730000000003,112204.81,3490.06,5854.2402,11424.7302,2080.43,5570.49,1.2226416056282097,1.95153082376087,20.653800000000047,20.243800000000192,6.303800000000592,23.75380000000041,3.5099999999997635,17.449999999999818,0.9801489314315113,0.30521260010267254,1.1500934452740104,0.1699445138424772,0.8448808451713379
United Kingdom,UK,2026-04,2026-04-06,uk__standard_employee_scotland,"Royaume-Uni · salarié standard, Écosse","United Kingdom · standard employee, Scotland",4.8,9913.824,365.83,1424.57,183.46,110.08,549.29,1534.65,0.05540647080279012,0.15479899582643386,9364.534,4187.830000000002,112576.51,3504.01,5860.524,11448.474,2083.94,5587.95,1.222535365881527,1.953489824459383,20.653800000000047,20.233799999999974,6.283800000000156,23.743800000000192,3.5100000000002183,17.460000000000036,0.979664759027391,0.3042442552944321,1.1496092728698901,0.16994451384249923,0.8453650175754581
United Kingdom,UK,2026-04,2026-04-06,uk__standard_employee_scotland,"Royaume-Uni · salarié standard, Écosse","United Kingdom · standard employee, Scotland",4.81,9934.4778,366.24,1427.67,183.46,110.08,549.7,1537.75,0.05533255104762527,0.1547892129770525,9384.7778,4063.8700000000026,112948.39,3518.89,5865.8878,11472.2278,2087.45,5606.34,1.2224293472350514,1.9557530234383276,20.653800000000047,20.243800000000192,5.363800000000083,23.75380000000041,3.5099999999997635,18.390000000000327,0.9801489314315113,0.2597003941163404,1.1500934452740104,0.1699445138424772,0.8903930511576701
United Kingdom,UK,2026-04,2026-04-06,uk__standard_employee_scotland,"Royaume-Uni · salarié standard, Écosse","United Kingdom · standard employee, Scotland",4.82,9955.1316,366.65,1430.77,183.46,110.08,550.11,1540.85,0.055258938013436204,0.15477947072040713,9405.0216,3939.970000000001,113320.09,3533.76,5871.2616,11495.9816,2090.96,5624.72,1.2223237849873732,1.9580087523267573,20.653800000000047,20.243800000000192,5.373799999999392,23.75379999999859,3.5100000000002183,18.38000000000011,0.9801489314315113,0.26018456652041655,1.1500934452739224,0.16994451384249923,0.8899088787535498
United Kingdom,UK,2026-04,2026-04-06,uk__standard_employee_scotland,"Royaume-Uni · salarié standard, Écosse","United Kingdom · standard employee, Scotland",4.83,9975.7854,367.07,1433.87,183.46,110.08,550.53,1543.95,0.055186632222461396,0.154769768804369,9425.2554,3816.010000000002,113691.97,3548.63,5876.6254,11519.7354,2094.48,5643.11,1.2222199729463035,1.9602636914716398,20.653800000000047,20.233799999999974,5.363800000000083,23.75380000000041,3.519999999999982,18.389999999999418,0.979664759027391,0.2597003941163404,1.1500934452740104,0.17042868624659743,0.890393051157626
United Kingdom,UK,2026-04,2026-04-06,uk__standard_employee_scotland,"Royaume-Uni · salarié standard, Écosse","United Kingdom · standard employee, Scotland",4.84,9996.4392,367.48,1436.97,183.46,110.08,550.94,1547.05,0.05511362485953999,0.15476010697889303,9445.4992,3692.1100000000006,114063.67,3563.5,5881.9992,11543.4892,2097.99,5661.49,1.222115311809036,1.962511181572415,20.653800000000047,20.243800000000192,5.373800000000301,23.75380000000041,3.5099999999997635,18.38000000000011,0.9801489314315113,0.2601845665204606,1.1500934452740104,0.1699445138424772,0.8899088787535498
United Kingdom,UK,2026-04,2026-04-06,uk__standard_employee_scotland,"Royaume-Uni · salarié standard, Écosse","United Kingdom · standard employee, Scotland",4.85,10017.093,367.89,1440.06,183.46,110.08,551.35,1550.14,0.05504091855790898,0.15474948670237962,9465.743,3568.209999999999,114435.37,3578.37,5887.373,11567.233,2101.49,5679.86,1.2220100418952848,1.9647528702529975,20.653800000000047,20.243800000000192,5.373799999999392,23.743800000000192,3.5,18.36999999999989,0.9801489314315113,0.26018456652041655,1.1496092728698901,0.169460341438379,0.8894247063494296
United Kingdom,UK,2026-04,2026-04-06,uk__standard_employee_scotland,"Royaume-Uni · salarié standard, Écosse","United Kingdom · standard employee, Scotland",4.86,10037.7468,368.31,1443.16,183.46,110.08,551.77,1553.24,0.05496950769867994,0.15473990637022245,9485.9768,3444.25,114807.25,3593.24,5892.7368,11590.9868,2105.01,5698.25,1.2219075635942942,1.966995505382151,20.653800000000047,20.233799999999974,5.363800000000083,23.75380000000041,3.5200000000004366,18.390000000000327,0.979664759027391,0.2597003941163404,1.1500934452740104,0.17042868624661944,0.8903930511576701
United Kingdom,UK,2026-04,2026-04-06,uk__standard_employee_scotland,"Royaume-Uni · salarié standard, Écosse","United Kingdom · standard employee, Scotland",4.87,10058.4006,368.72,1446.26,183.46,110.08,552.18,1556.34,0.054897395914018376,0.15473036538234516,9506.2206,3320.3499999999985,115178.95,3608.11,5898.1106,11614.7406,2108.52,5716.63,1.2218042362703008,1.9692307228012986,20.653800000000047,20.243800000000192,5.373800000000301,23.75379999999859,3.5099999999997635,18.38000000000011,0.9801489314315113,0.2601845665204606,1.1500934452739224,0.1699445138424772,0.8899088787535498
United Kingdom,UK,2026-04,2026-04-06,uk__standard_employee_scotland,"Royaume-Uni · salarié standard, Écosse","United Kingdom · standard employee, Scotland",4.88,10079.0544,369.13,1449.36,183.46,110.08,552.59,1559.44,0.05482557966945788,0.15472086349687722,9526.4644,3196.449999999997,115550.65,3622.98,5903.4844,11638.4944,2112.03,5735.01,1.2217013480888042,1.971461870891028,20.653800000000047,20.243800000000192,5.373800000000301,23.75380000000041,3.5100000000002183,18.38000000000011,0.9801489314315113,0.2601845665204606,1.1500934452740104,0.16994451384249923,0.8899088787535498
United Kingdom,UK,2026-04,2026-04-06,uk__standard_employee_scotland,"Royaume-Uni · salarié standard, Écosse","United Kingdom · standard employee, Scotland",4.89,10099.7082,369.54,1452.46,183.46,110.08,553.0,1562.54,0.054754057151869005,0.15471140047392656,9546.7082,3072.489999999998,115922.53,3637.86,5908.8482,11662.2482,2115.54,5753.4,1.2215988962561986,1.9736923009800795,20.653799999998228,20.243799999998373,5.363800000000083,23.75380000000041,3.5099999999997635,18.389999999999418,0.9801489314315095,0.25970039411636325,1.1500934452741118,0.16994451384249218,0.8903930511577044
United Kingdom,UK,2026-04,2026-04-06,uk__standard_employee_scotland,"Royaume-Uni · salarié standard, Écosse","United Kingdom · standard employee, Scotland",4.9,10120.362,369.96,1455.55,183.46,110.08,553.42,1565.63,0.0546838146698705,0.15470098796861217,9566.942,2948.5899999999965,116294.23,3652.72,5914.222,11685.992,2119.05,5771.77,1.221497109525698,1.9759136535625474,20.653800000000047,20.233799999999974,5.373799999999392,23.743800000000192,3.5100000000002183,18.3700000000008,0.979664759027391,0.26018456652041655,1.1496092728698901,0.16994451384249923,0.8894247063494737
United Kingdom,UK,2026-04,2026-04-06,uk__standard_employee_scotland,"Royaume-Uni · salarié standard, Écosse","United Kingdom · standard employee, Scotland",4.91,10141.0158,370.37,1458.65,183.46,110.08,553.83,1568.73,0.05461287221345223,0.1546916039712708,9587.1858,2824.6299999999974,116666.11,3667.6,5919.5858,11709.7458,2122.56,5790.16,1.2213955215095549,1.9781360040427152,20.653800000000047,20.243800000000192,5.363800000000083,23.75380000000041,3.5099999999997635,18.389999999999418,0.9801489314315113,0.2597003941163404,1.1500934452740104,0.1699445138424772,0.890393051157626
United Kingdom,UK,2026-04,2026-04-06,uk__standard_employee_scotland,"Royaume-Uni · salarié standard, Écosse","United Kingdom · standard employee, Scotland",4.92,10161.6696,370.78,1461.75,183.46,110.08,554.24,1571.83,0.05454221814100312,0.15468225812026007,9607.4296,2700.730000000003,117037.81,3682.47,5924.9596,11733.4996,2126.07,5808.54,1.2212943616053142,1.980350988384798,20.653800000000047,20.243800000000192,5.373800000000301,23.75379999999859,3.5100000000002183,18.38000000000011,0.9801489314315113,0.2601845665204606,1.1500934452739224,0.16994451384249923,0.8899088787535498
United Kingdom,UK,2026-04,2026-04-06,uk__standard_employee_scotland,"Royaume-Uni · salarié standard, Écosse","United Kingdom · standard employee, Scotland",4.93,10182.3234,371.2,1464.85,183.46,110.08,554.66,1574.93,0.05447283279177717,0.15467295018345223,9627.6634,2576.8300000000017,117409.51,3697.33,5930.3334,11757.2534,2129.59,5826.92,1.2211948955340504,1.9825619584895515,20.653800000000047,20.233799999999974,5.373800000000301,23.75380000000041,3.519999999999982,18.38000000000011,0.979664759027391,0.2601845665204606,1.1500934452740104,0.17042868624659743,0.8899088787535498
United Kingdom,UK,2026-04,2026-04-06,uk__standard_employee_scotland,"Royaume-Uni · salarié standard, Écosse","United Kingdom · standard employee, Scotland",4.94,10202.9772,371.61,1467.95,183.46,110.08,555.07,1578.03,0.05440274824881506,0.15466367993059907,9647.9072,2452.8700000000026,117781.39,3712.21,5935.6972,11781.0072,2133.1,5845.31,1.2210945810092368,1.9847722690436431,20.653800000000047,20.243800000000192,5.3637999999991735,23.75380000000041,3.5099999999997635,18.390000000000327,0.9801489314315113,0.25970039411629636,1.1500934452740104,0.1699445138424772,0.8903930511576701
United Kingdom,UK,2026-04,2026-04-06,uk__standard_employee_scotland,"Royaume-Uni · salarié standard, Écosse","United Kingdom · standard employee, Scotland",4.95,10223.631,372.02,1471.04,183.46,110.08,555.48,1581.12,0.0543329468757235,0.15465346900724408,9668.151,2328.970000000001,118153.09,3727.08,5941.071,11804.751,2136.6,5863.68,1.2209936522505698,1.9869735608276684,20.653800000000047,20.243800000000192,5.373800000000301,23.743800000000192,3.5,18.36999999999989,0.9801489314315113,0.2601845665204606,1.1496092728698901,0.169460341438379,0.8894247063494296
United Kingdom,UK,2026-04,2026-04-06,uk__standard_employee_scotland,"Royaume-Uni · salarié standard, Écosse","United Kingdom · standard employee, Scotland",4.96,10244.2848,372.44,1474.14,183.46,110.08,555.9,1584.22,0.05426440311382205,0.1546442754110077,9688.3848,2205.0699999999997,118524.79,3741.95,5946.4348,11828.5048,2140.12,5882.07,1.2208954375965744,1.9891759008271641,20.653800000000047,20.233799999999974,5.363800000000083,23.75380000000041,3.519999999999982,18.389999999999418,0.979664759027391,0.2597003941163404,1.1500934452740104,0.17042868624659743,0.890393051157626
United Kingdom,UK,2026-04,2026-04-06,uk__standard_employee_scotland,"Royaume-Uni · salarié standard, Écosse","United Kingdom · standard employee, Scotland",4.97,10264.9386,372.85,1477.24,183.46,110.08,556.31,1587.32,0.05419516099200049,0.15463511881113443,9708.6286,2081.1100000000006,118896.67,3756.82,5951.8086,11852.2586,2143.63,5900.45,1.2207963748865622,1.9913709254696126,20.653800000000047,20.243800000000192,5.373800000000301,23.75379999999859,3.5100000000002183,18.38000000000011,0.9801489314315113,0.2601845665204606,1.1500934452739224,0.16994451384249923,0.8899088787535498
United Kingdom,UK,2026-04,2026-04-06,uk__standard_employee_scotland,"Royaume-Uni · salarié standard, Écosse","United Kingdom · standard employee, Scotland",4.98,10285.5924,373.26,1480.34,183.46,110.08,556.72,1590.42,0.05412619695098942,0.1546259989847546,9728.8724,1957.2099999999991,119268.37,3771.69,5957.1824,11876.0124,2147.14,5918.83,1.2206977244351565,1.9935619899770063,20.653800000000047,20.243800000000192,5.373799999999392,23.75380000000041,3.5099999999997635,18.38000000000011,0.9801489314315113,0.26018456652041655,1.1500934452740104,0.1699445138424772,0.8899088787535498
United Kingdom,UK,2026-04,2026-04-06,uk__standard_employee_scotland,"Royaume-Uni · salarié standard, Écosse","United Kingdom · standard employee, Scotland",4.99,10306.2462,373.68,1483.44,183.46,110.08,557.14,1593.52,0.05405847960433935,0.15461691571078515,9749.1062,1833.25,119640.25,3786.56,5962.5462,11899.7662,2150.66,5937.22,1.2206007356859032,1.9957524521990282,20.653800000000047,20.233799999999974,5.363800000000083,23.75380000000041,3.519999999999982,18.390000000000327,0.979664759027391,0.2597003941163404,1.1500934452740104,0.17042868624659743,0.8903930511576701
United Kingdom,UK,2026-04,2026-04-06,uk__standard_employee_scotland,"Royaume-Uni · salarié standard, Écosse","United Kingdom · standard employee, Scotland",5.0,10326.9,374.09,1486.54,183.46,110.08,557.55,1596.62,0.05399006478226766,0.15460786876991156,9769.35,1709.3499999999985,120011.95,3801.43,5967.92,11923.52,2154.17,5955.6,1.2205028993740625,1.9979356291639292,20.653800000000047,20.243800000000192,5.373800000000301,23.75380000000041,3.5100000000002183,18.38000000000011,0.9801489314315113,0.2601845665204606,1.1500934452740104,0.16994451384249923,0.8899088787535498
United Kingdom,UK,2026-04,2026-04-06,uk__standard_employee_scotland,"Royaume-Uni · salarié standard, Écosse","United Kingdom · standard employee, Scotland",5.01,10347.5538,374.5,1489.63,183.46,110.08,557.96,1599.71,0.05392192307325815,0.15459789153258618,9789.5938,1585.449999999997,120383.65,3816.3,5973.2938,11947.2638,2157.67,5973.97,1.220404446198779,2.000113203874218,20.653800000000047,20.243800000000192,5.373800000000301,23.743800000000192,3.5,18.36999999999989,0.9801489314315113,0.2601845665204606,1.1496092728698901,0.169460341438379,0.8894247063494296
United Kingdom,UK,2026-04,2026-04-06,uk__standard_employee_scotland,"Royaume-Uni · salarié standard, Écosse","United Kingdom · standard employee, Scotland",5.02,10368.2076,374.91,1492.73,183.46,110.08,558.37,1602.81,0.05385405284516101,0.15458891853207105,9809.8376,1461.489999999998,120755.53,3831.18,5978.6576,11971.0176,2161.18,5992.36,1.220307418748706,2.002291885723645,20.653800000000047,20.243800000000192,5.3637999999991735,23.75379999999859,3.5099999999997635,18.389999999999418,0.9801489314315113,0.25970039411629636,1.1500934452739224,0.1699445138424772,0.890393051157626
United Kingdom,UK,2026-04,2026-04-06,uk__standard_employee_scotland,"Royaume-Uni · salarié standard, Écosse","United Kingdom · standard employee, Scotland",5.03,10388.8614,375.33,1495.83,183.46,110.08,558.79,1605.91,0.053787415048197666,0.15457998120949035,9830.0714,1337.5899999999965,121127.23,3846.04,5984.0314,11994.7714,2164.7,6010.74,1.220212032234069,2.0044633121410427,20.653800000000047,20.233799999999974,5.373800000000301,23.75380000000041,3.519999999999982,18.38000000000011,0.979664759027391,0.2601845665204606,1.1500934452740104,0.17042868624659743,0.8899088787535498
United Kingdom,UK,2026-04,2026-04-06,uk__standard_employee_scotland,"Royaume-Uni · salarié standard, Écosse","United Kingdom · standard employee, Scotland",5.04,10409.5152,375.74,1498.93,183.46,110.08,559.2,1609.01,0.05372008102740462,0.15457107935247552,9850.3152,1213.6299999999974,121499.11,3860.92,5989.3952,12018.5252,2168.21,6029.13,1.220115798934028,2.00663419238056,20.653800000000047,20.243799999998373,5.363800000000083,23.75380000000041,3.5100000000002183,18.390000000000327,0.9801489314314231,0.2597003941163404,1.1500934452740104,0.16994451384249923,0.8903930511576701
United Kingdom,UK,2026-04,2026-04-06,uk__standard_employee_scotland,"Royaume-Uni · salarié standard, Écosse","United Kingdom · standard employee, Scotland",5.05,10430.169,376.15,1502.03,183.46,110.08,559.61,1612.11,0.05365301367600084,0.1545622127503399,9870.559,1089.7300000000032,121870.81,3875.79,5994.769,12042.279,2171.72,6047.51,1.2200199603690127,2.00879783691415,20.653800000000047,20.243800000000192,5.373800000000301,23.75380000000041,3.5099999999997635,18.38000000000011,0.9801489314315113,0.2601845665204606,1.1500934452740104,0.1699445138424772,0.8899088787535498
United Kingdom,UK,2026-04,2026-04-06,uk__standard_employee_scotland,"Royaume-Uni · salarié standard, Écosse","United Kingdom · standard employee, Scotland",5.06,10450.8228,376.57,1505.12,183.46,110.08,560.03,1615.2,0.05358716827540124,0.1545524243316038,9890.7928,965.8300000000017,122242.51,3890.65,6000.1428,12066.0228,2175.23,6065.88,1.2199247364680412,2.010955939248646,20.653800000000047,20.233799999999974,5.373799999999392,23.743800000000192,3.5100000000002183,18.36999999999989,0.979664759027391,0.26018456652041655,1.1496092728698901,0.16994451384249923,0.8894247063494296
United Kingdom,UK,2026-04,2026-04-06,uk__standard_employee_scotland,"Royaume-Uni · salarié standard, Écosse","United Kingdom · standard employee, Scotland",5.07,10471.4766,376.98,1508.22,183.46,110.08,560.44,1618.3,0.053520627644815626,0.15454362950111541,9911.0366,841.8700000000026,122614.39,3905.53,6005.5066,12089.7766,2178.74,6084.27,1.2198296795715595,2.0131151966430276,20.653800000000047,20.243800000000192,5.363800000000083,23.75379999999859,3.5099999999997635,18.390000000000327,0.9801489314315113,0.2597003941163404,1.1500934452739224,0.1699445138424772,0.8903930511576701
United Kingdom,UK,2026-04,2026-04-06,uk__standard_employee_scotland,"Royaume-Uni · salarié standard, Écosse","United Kingdom · standard employee, Scotland",5.08,10492.1304,377.39,1511.32,183.46,110.08,560.85,1621.4,0.05345434898521658,0.15453486929594393,9931.2804,717.9700000000012,122986.09,3920.4,6010.8804,12113.5304,2182.25,6102.65,1.2197350102006987,2.0152672477063427,20.653800000000047,20.243800000000192,5.373800000000301,23.75380000000041,3.5100000000002183,18.3799999999992,0.9801489314315113,0.2601845665204606,1.1500934452740104,0.16994451384249923,0.8899088787535058
United Kingdom,UK,2026-04,2026-04-06,uk__standard_employee_scotland,"Royaume-Uni · salarié standard, Écosse","United Kingdom · standard employee, Scotland",5.09,10512.7842,377.81,1514.42,183.46,110.08,561.27,1624.5,0.053389281975368616,0.15452614351201083,9951.5142,594.0699999999997,123357.79,3935.27,6016.2442,12137.2842,2185.77,6121.04,1.2196419515735606,2.0174188075676853,20.653800000000047,20.233799999999974,5.363800000000083,23.75380000000041,3.519999999999982,18.390000000000327,0.979664759027391,0.2597003941163404,1.1500934452740104,0.17042868624659743,0.8903930511576701
United Kingdom,UK,2026-04,2026-04-06,uk__standard_employee_scotland,"Royaume-Uni · salarié standard, Écosse","United Kingdom · standard employee, Scotland",5.1,10533.438,378.22,1517.52,183.46,110.08,561.68,1627.6,0.05332352077261005,0.15451745194683825,9971.758,470.1100000000006,123729.67,3950.14,6021.618,12161.038,2189.28,6139.42,1.2195480475960208,2.019563180527227,20.653800000000047,20.243800000000192,5.373800000000301,23.75380000000041,3.5100000000002183,18.38000000000011,0.9801489314315113,0.2601845665204606,1.1500934452740104,0.16994451384249923,0.8899088787535498
United Kingdom,UK,2026-04,2026-04-06,uk__standard_employee_scotland,"Royaume-Uni · salarié standard, Écosse","United Kingdom · standard employee, Scotland",5.11,10554.0918,378.63,1520.61,183.46,110.08,562.09,1630.69,0.053258016952249736,0.15450784689972089,9992.0018,346.2099999999991,124101.37,3965.01,6026.9918,12184.7818,2192.78,6157.79,1.2194535233170194,2.0217020703429527,20.653800000000047,20.243800000000192,5.373799999999392,23.743800000000192,3.5,18.36999999999989,0.9801489314315113,0.26018456652041655,1.1496092728698901,0.169460341438379,0.8894247063494296
United Kingdom,UK,2026-04,2026-04-06,uk__standard_employee_scotland,"Royaume-Uni · salarié standard, Écosse","United Kingdom · standard employee, Scotland",5.12,10574.7456,379.05,1523.71,183.46,110.08,562.51,1633.79,0.0531937146554145,0.15449922502154567,10012.2356,222.25,124473.25,3979.88,6032.3556,12208.5356,2196.3,6176.18,1.219361597923245,2.0238421620900464,20.653800000000047,20.233799999999974,5.363800000000083,23.75379999999859,3.519999999999982,18.390000000000327,0.979664759027391,0.2597003941163404,1.1500934452739224,0.17042868624659743,0.8903930511576701
United Kingdom,UK,2026-04,2026-04-06,uk__standard_employee_scotland,"Royaume-Uni · salarié standard, Écosse","United Kingdom · standard employee, Scotland",5.13,10595.3994,379.46,1526.81,183.46,110.08,562.92,1636.89,0.05312871924393902,0.15449063675693053,10032.4794,98.34999999999854,124844.95,3994.75,6037.7294,12232.2894,2199.81,6194.56,1.2192688280027766,2.025975095869649,20.653800000000047,20.243800000000192,5.373800000000301,23.75380000000041,3.5099999999997635,18.38000000000011,0.9801489314315113,0.2601845665204606,1.1500934452740104,0.1699445138424772,0.8899088787535498
United Kingdom,UK,2026-04,2026-04-06,uk__standard_employee_scotland,"Royaume-Uni · salarié standard, Écosse","United Kingdom · standard employee, Scotland",5.14,10616.0532,379.87,1529.91,183.46,110.08,563.33,1639.99,0.05306397673289731,0.15448208190968749,10052.7232,0.0,125191.1,4008.6,6044.1232,12256.0432,2203.32,6211.92,1.2191764317155376,2.0277619754673433,20.653800000000047,20.243800000000192,6.393799999999828,23.75380000000041,3.5100000000002183,17.359999999999673,0.9801489314315113,0.30957015173962243,1.1500934452740104,0.16994451384249923,0.840523293534344
United Kingdom,UK,2026-04,2026-04-06,uk__standard_employee_scotland,"Royaume-Uni · salarié standard, Écosse","United Kingdom · standard employee, Scotland",5.15,10636.707,380.28,1533.01,183.46,110.08,563.74,1643.09,0.052999485649082925,0.15447356028515213,10072.967,0.0,125439.02,4018.52,6054.447,12279.797,2206.83,6225.35,1.2190844068088378,2.0282276812399216,20.653800000000047,20.243800000000192,10.32380000000012,23.75380000000041,3.5099999999997635,13.430000000000291,0.9801489314315113,0.49984990655473066,1.1500934452740104,0.1699445138424772,0.6502435387192798
United Kingdom,UK,2026-04,2026-04-06,uk__standard_employee_scotland,"Royaume-Uni · salarié standard, Écosse","United Kingdom · standard employee, Scotland",5.16,10657.3608,380.7,1536.1,183.46,110.08,564.16,1646.18,0.05293618284932231,0.15446413337155665,10093.2008,0.0,125686.82,4028.43,6064.7708,12303.5408,2210.34,6238.77,1.2189929680186289,2.0286901526435264,20.653800000000047,20.233799999999974,10.32380000000012,23.743800000000192,3.5100000000002183,13.420000000000073,0.979664759027391,0.49984990655473066,1.1496092728698901,0.16994451384249923,0.6497593663151595
United Kingdom,UK,2026-04,2026-04-06,uk__standard_employee_scotland,"Royaume-Uni · salarié standard, Écosse","United Kingdom · standard employee, Scotland",5.17,10678.0146,381.11,1539.2,183.46,110.08,564.57,1649.28,0.052872188430984166,0.15445567942939503,10113.4446,0.0,125934.62,4038.34,6075.1046,12327.2946,2213.85,6252.19,1.2189016786624807,2.029149358185536,20.653800000000047,20.243800000000192,10.333799999999428,23.75379999999859,3.5099999999997635,13.419999999999163,0.9801489314315113,0.5003340789588069,1.1500934452739224,0.1699445138424772,0.6497593663151155
United Kingdom,UK,2026-04,2026-04-06,uk__standard_employee_scotland,"Royaume-Uni · salarié standard, Écosse","United Kingdom · standard employee, Scotland",5.18,10698.6684,381.52,1542.3,183.46,110.08,564.98,1652.38,0.052808441095342294,0.15444725812793672,10133.6884,0.0,126182.54,4048.26,6085.4284,12351.0484,2217.36,6265.62,1.2188107540389734,2.0296103393476783,20.653800000000047,20.243799999998373,10.32380000000012,23.75380000000041,3.5100000000002183,13.430000000000291,0.9801489314314231,0.49984990655473066,1.1500934452740104,0.16994451384249923,0.6502435387192798
United Kingdom,UK,2026-04,2026-04-06,uk__standard_employee_scotland,"Royaume-Uni · salarié standard, Écosse","United Kingdom · standard employee, Scotland",5.19,10719.3222,381.94,1545.4,183.46,110.08,565.4,1655.48,0.052745872308978634,0.15443886927850717,10153.9222,0.0,126430.34,4058.17,6095.7522,12374.8022,2220.88,6279.05,1.218721392212361,2.0300697590692742,20.653800000000047,20.233800000001793,10.32380000000012,23.75380000000041,3.519999999999982,13.430000000000291,0.9796647590274791,0.49984990655473066,1.1500934452740104,0.17042868624659743,0.6502435387192798
United Kingdom,UK,2026-04,2026-04-06,uk__standard_employee_scotland,"Royaume-Uni · salarié standard, Écosse","United Kingdom · standard employee, Scotland",5.2,10739.976,382.35,1548.5,183.46,110.08,565.81,1658.58,0.052682613071016175,0.1544305126938831,10174.166,0.0,126678.26,4068.08,6106.086,12398.556,2224.39,6292.47,1.2186311880502048,2.0305242998542763,20.653800000000047,20.243799999998373,10.333800000000338,23.75380000000041,3.5099999999997635,13.420000000000073,0.9801489314314231,0.5003340789588508,1.1500934452740104,0.1699445138424772,0.6497593663151595
United Kingdom,UK,2026-04,2026-04-06,uk__standard_employee_scotland,"Royaume-Uni · salarié standard, Écosse","United Kingdom · standard employee, Scotland",5.21,10760.6298,382.76,1551.59,183.46,110.08,566.22,1661.67,0.0526195966708194,0.15442125887464317,10194.4098,0.0,126926.06,4078.0,6116.4098,12422.2998,2227.89,6305.89,1.2185403612085517,2.030978990322067,20.653800000000047,20.243800000000192,10.32380000000012,23.743800000000192,3.5,13.420000000000073,0.9801489314315113,0.49984990655473066,1.1496092728698901,0.169460341438379,0.6497593663151595
United Kingdom,UK,2026-04,2026-04-06,uk__standard_employee_scotland,"Royaume-Uni · salarié standard, Écosse","United Kingdom · standard employee, Scotland",5.22,10781.2836,383.18,1554.69,183.46,110.08,566.64,1664.77,0.05255774924611017,0.1544129680439906,10214.6436,0.0,127173.86,4087.91,6126.7336,12446.0536,2231.41,6319.32,1.2184520662081642,2.0314337806363896,20.653800000000047,20.233799999999974,10.32379999999921,23.75379999999859,3.519999999999982,13.429999999999382,0.979664759027391,0.49984990655468664,1.1500934452739224,0.17042868624659743,0.6502435387192358
United Kingdom,UK,2026-04,2026-04-06,uk__standard_employee_scotland,"Royaume-Uni · salarié standard, Écosse","United Kingdom · standard employee, Scotland",5.23,10801.9374,383.59,1557.79,183.46,110.08,567.05,1667.87,0.052495212571774384,0.15440470891823532,10234.8874,0.0,127421.78,4097.83,6137.0574,12469.8074,2234.92,6332.75,1.2183629299136207,2.0318870408479475,20.653800000000047,20.243800000000192,10.32380000000012,23.75380000000041,3.5100000000002183,13.430000000000291,0.9801489314315113,0.49984990655473066,1.1500934452740104,0.16994451384249923,0.6502435387192798
United Kingdom,UK,2026-04,2026-04-06,uk__standard_employee_scotland,"Royaume-Uni · salarié standard, Écosse","United Kingdom · standard employee, Scotland",5.24,10822.5912,384.0,1560.89,183.46,110.08,567.46,1670.97,0.05243291458703531,0.15439648131586084,10255.1312,0.0,127669.58,4107.74,6147.3912,12493.5612,2238.43,6346.17,1.218274145532141,2.032335472647324,20.653800000000047,20.243800000000192,10.333800000000338,23.75380000000041,3.5099999999997635,13.420000000000073,0.9801489314315113,0.5003340789588508,1.1500934452740104,0.1699445138424772,0.6497593663151595
United Kingdom,UK,2026-04,2026-04-06,uk__standard_employee_scotland,"Royaume-Uni · salarié standard, Écosse","United Kingdom · standard employee, Scotland",5.25,10843.245,384.42,1563.99,183.46,110.08,567.88,1674.07,0.05237177616110306,0.15438828505673347,10275.365,0.0,127917.5,4117.65,6157.715,12517.315,2241.95,6359.6,1.2181868965238702,2.032785700539891,20.653800000000047,20.233799999999974,10.32380000000012,23.75380000000041,3.519999999999982,13.430000000000291,0.979664759027391,0.49984990655473066,1.1500934452740104,0.17042868624659743,0.6502435387192798
United Kingdom,UK,2026-04,2026-04-06,uk__standard_employee_scotland,"Royaume-Uni · salarié standard, Écosse","United Kingdom · standard employee, Scotland",5.26,10863.8988,384.83,1567.09,183.46,110.08,568.29,1677.17,0.05230994972081293,0.15438011996208945,10295.6088,0.0,128165.3,4127.57,6168.0388,12541.0688,2245.46,6373.03,1.2180988073284214,2.033234421288011,20.653800000000047,20.243800000000192,10.32380000000012,23.75379999999859,3.5100000000002183,13.429999999999382,0.9801489314315113,0.49984990655473066,1.1500934452739224,0.16994451384249923,0.6502435387192358
United Kingdom,UK,2026-04,2026-04-06,uk__standard_employee_scotland,"Royaume-Uni · salarié standard, Écosse","United Kingdom · standard employee, Scotland",5.27,10884.5526,385.24,1570.18,183.46,110.08,568.7,1680.26,0.05224835791596984,0.15437106712130733,10315.8526,0.0,128413.1,4137.48,6178.3726,12564.8126,2248.96,6386.44,1.218010094483126,2.0336767322838383,20.653800000000047,20.243800000000192,10.333799999999428,23.743800000000192,3.5,13.409999999999854,0.9801489314315113,0.5003340789588069,1.1496092728698901,0.169460341438379,0.6492751939110394
United Kingdom,UK,2026-04,2026-04-06,uk__standard_employee_scotland,"Royaume-Uni · salarié standard, Écosse","United Kingdom · standard employee, Scotland",5.28,10905.2064,385.65,1573.28,183.46,110.08,569.11,1683.36,0.05218699941341779,0.15436296556477827,10336.0964,0.0,128661.02,4147.4,6188.6964,12588.5664,2252.47,6399.87,1.2179226966188126,2.034122468828815,20.653799999998228,20.243800000000192,10.32380000000012,23.75380000000041,3.5099999999997635,13.430000000000291,0.9801489314315975,0.4998499065547747,1.1500934452741118,0.16994451384249218,0.650243538719337
United Kingdom,UK,2026-04,2026-04-06,uk__standard_employee_scotland,"Royaume-Uni · salarié standard, Écosse","United Kingdom · standard employee, Scotland",5.29,10925.8602,386.07,1576.38,183.46,110.08,569.53,1686.46,0.05212678814982457,0.15435489463795263,10356.3302,0.0,128908.82,4157.31,6199.0202,12612.3202,2255.99,6413.3,1.2178368163657047,2.034566720721446,20.653800000000047,20.233799999999974,10.32380000000012,23.75380000000041,3.519999999999982,13.430000000000291,0.979664759027391,0.49984990655473066,1.1500934452740104,0.17042868624659743,0.6502435387192798
United Kingdom,UK,2026-04,2026-04-06,uk__standard_employee_scotland,"Royaume-Uni · salarié standard, Écosse","United Kingdom · standard employee, Scotland",5.3,10946.514,386.48,1579.48,183.46,110.08,569.94,1689.56,0.052065890565708865,0.15434685416745456,10376.574,0.0,129156.62,4167.22,6209.354,12636.074,2259.5,6426.72,1.2177500974791873,2.0350062180381405,20.653800000000047,20.243800000000192,10.333800000000338,23.75380000000041,3.5100000000002183,13.420000000000073,0.9801489314315113,0.5003340789588508,1.1500934452740104,0.16994451384249923,0.6497593663151595
United Kingdom,UK,2026-04,2026-04-06,uk__standard_employee_scotland,"Royaume-Uni · salarié standard, Écosse","United Kingdom · standard employee, Scotland",5.31,10967.1678,386.89,1582.58,183.46,110.08,570.35,1692.66,0.05200522235102485,0.15433884398121456,10396.8178,0.0,129404.54,4177.14,6219.6778,12659.8278,2263.01,6440.15,1.2176637162959614,2.0354475275230497,20.653800000000047,20.243800000000192,10.32380000000012,23.75379999999859,3.5100000000002183,13.429999999999382,0.9801489314315113,0.49984990655473066,1.1500934452739224,0.16994451384249923,0.6502435387192358
United Kingdom,UK,2026-04,2026-04-06,uk__standard_employee_scotland,"Royaume-Uni · salarié standard, Écosse","United Kingdom · standard employee, Scotland",5.32,10987.8216,387.31,1585.67,183.46,110.08,570.77,1695.75,0.05194569231083984,0.15432995380995262,10417.0516,0.0,129652.34,4187.05,6230.0016,12683.5716,2266.52,6453.57,1.2175778797140642,2.035885769274923,20.653800000000047,20.233799999999974,10.32379999999921,23.743800000000192,3.5099999999997635,13.420000000000073,0.979664759027391,0.49984990655468664,1.1496092728698901,0.1699445138424772,0.6497593663151595
United Kingdom,UK,2026-04,2026-04-06,uk__standard_employee_scotland,"Royaume-Uni · salarié standard, Écosse","United Kingdom · standard employee, Scotland",5.33,11008.4754,387.72,1588.77,183.46,110.08,571.18,1698.85,0.05188547725691425,0.1543220053886844,10437.2954,0.0,129900.26,4196.96,6240.3354,12707.3254,2270.03,6466.99,1.2174921675590402,2.036320900315711,20.653800000000047,20.243800000000192,10.333800000000338,23.75380000000041,3.5100000000002183,13.420000000000073,0.9801489314315113,0.5003340789588508,1.1500934452740104,0.16994451384249923,0.6497593663151595
United Kingdom,UK,2026-04,2026-04-06,uk__standard_employee_scotland,"Royaume-Uni · salarié standard, Écosse","United Kingdom · standard employee, Scotland",5.34,11029.1292,388.13,1591.87,183.46,110.08,571.59,1701.95,0.051825487727535195,0.15431408673678426,10457.5392,0.0,130148.06,4206.88,6250.6592,12731.0792,2273.54,6480.42,1.2174067872487633,2.0367578510759317,20.653800000000047,20.243799999998373,10.32380000000012,23.75380000000041,3.5099999999997635,13.430000000000291,0.9801489314314231,0.49984990655473066,1.1500934452740104,0.1699445138424772,0.6502435387192798
United Kingdom,UK,2026-04,2026-04-06,uk__standard_employee_scotland,"Royaume-Uni · salarié standard, Écosse","United Kingdom · standard employee, Scotland",5.35,11049.783,388.55,1594.97,183.46,110.08,572.01,1705.05,0.05176662745322691,0.1543061976873211,10477.773,0.0,130395.86,4216.79,6260.983,12754.833,2277.06,6493.85,1.2173228986732199,2.037193360850844,20.653800000000047,20.233799999999974,10.32380000000012,23.75380000000041,3.519999999999982,13.430000000000291,0.979664759027391,0.49984990655473066,1.1500934452740104,0.17042868624659743,0.6502435387192798
United Kingdom,UK,2026-04,2026-04-06,uk__standard_employee_scotland,"Royaume-Uni · salarié standard, Écosse","United Kingdom · standard employee, Scotland",5.36,11070.4368,388.96,1598.07,183.46,110.08,572.42,1708.15,0.051707083500083746,0.15429833807460963,10498.0168,0.0,130643.78,4226.71,6271.3068,12778.5868,2280.57,6507.28,1.2172381739758693,2.037627436756881,20.653800000000047,20.243800000000192,10.32380000000012,23.75379999999859,3.5100000000002183,13.429999999999382,0.9801489314315113,0.49984990655473066,1.1500934452739224,0.16994451384249923,0.6502435387192358
United Kingdom,UK,2026-04,2026-04-06,uk__standard_employee_scotland,"Royaume-Uni · salarié standard, Écosse","United Kingdom · standard employee, Scotland",5.37,11091.0906,389.37,1601.16,183.46,110.08,572.83,1711.24,0.05164776131212921,0.15428960610961015,10518.2606,0.0,130891.58,4236.62,6281.6406,12802.3306,2284.07,6520.69,1.2171528246790158,2.0380552494518707,20.653800000000047,20.243800000000192,10.333799999999428,23.743800000000192,3.5,13.409999999999854,0.9801489314315113,0.5003340789588069,1.1496092728698901,0.169460341438379,0.6492751939110394
United Kingdom,UK,2026-04,2026-04-06,uk__standard_employee_scotland,"Royaume-Uni · salarié standard, Écosse","United Kingdom · standard employee, Scotland",5.38,11111.7444,389.79,1604.26,183.46,110.08,573.25,1714.34,0.05158955960146096,0.15428180655415363,10538.4944,0.0,131139.38,4246.53,6291.9644,12826.0844,2287.59,6534.12,1.2170699070637643,2.0384864860328835,20.653800000000047,20.233799999999974,10.32380000000012,23.75380000000041,3.519999999999982,13.430000000000291,0.979664759027391,0.49984990655473066,1.1500934452740104,0.17042868624659743,0.6502435387192798
United Kingdom,UK,2026-04,2026-04-06,uk__standard_employee_scotland,"Royaume-Uni · salarié standard, Écosse","United Kingdom · standard employee, Scotland",5.39,11132.3982,390.2,1607.36,183.46,110.08,573.66,1717.44,0.05153067557357048,0.15427403593953368,10558.7382,0.0,131387.3,4256.45,6302.2882,12849.8382,2291.1,6547.55,1.2169861546524565,2.0389163097936396,20.653800000000047,20.243800000000192,10.32380000000012,23.75380000000041,3.5099999999997635,13.430000000000291,0.9801489314315113,0.49984990655473066,1.1500934452740104,0.1699445138424772,0.6502435387192798
United Kingdom,UK,2026-04,2026-04-06,uk__standard_employee_scotland,"Royaume-Uni · salarié standard, Écosse","United Kingdom · standard employee, Scotland",5.4,11153.052,390.61,1610.46,183.46,110.08,574.07,1720.54,0.051472009634672196,0.15426629410496784,10578.982,0.0,131635.1,4266.36,6312.622,12873.592,2294.61,6560.97,1.216902722776161,2.0393414970831447,20.653800000000047,20.243800000000192,10.333800000000338,23.75380000000041,3.5100000000002183,13.420000000000073,0.9801489314315113,0.5003340789588508,1.1500934452740104,0.16994451384249923,0.6497593663151595
United Kingdom,UK,2026-04,2026-04-06,uk__standard_employee_scotland,"Royaume-Uni · salarié standard, Écosse","United Kingdom · standard employee, Scotland",5.41,11173.7058,391.02,1613.56,183.46,110.08,574.48,1723.64,0.05141356057540015,0.1542585808908625,10599.2258,0.0,131883.02,4276.28,6322.9458,12897.3458,2298.12,6574.4,1.2168196095982782,2.0397685205525558,20.653800000000047,20.243800000000192,10.32380000000012,23.75379999999859,3.5099999999997635,13.429999999999382,0.9801489314315113,0.49984990655473066,1.1500934452739224,0.1699445138424772,0.6502435387192358
United Kingdom,UK,2026-04,2026-04-06,uk__standard_employee_scotland,"Royaume-Uni · salarié standard, Écosse","United Kingdom · standard employee, Scotland",5.42,11194.3596,391.44,1616.65,183.46,110.08,574.9,1726.73,0.05135622050233226,0.15425000283178325,10619.4596,0.0,132130.82,4286.19,6333.2696,12921.0896,2301.63,6587.82,1.2167370173902257,2.0401925728852595,20.653800000000047,20.233799999999974,10.32379999999921,23.743800000000192,3.5100000000002183,13.420000000000073,0.979664759027391,0.49984990655468664,1.1496092728698901,0.16994451384249923,0.6497593663151595
United Kingdom,UK,2026-04,2026-04-06,uk__standard_employee_scotland,"Royaume-Uni · salarié standard, Écosse","United Kingdom · standard employee, Scotland",5.43,11215.0134,391.85,1619.75,183.46,110.08,575.31,1729.83,0.0512981999647009,0.15424234802965103,10639.7034,0.0,132378.62,4296.1,6343.6034,12944.8434,2305.14,6601.24,1.2166545356894065,2.040613604564245,20.653800000000047,20.243800000000192,10.333800000000338,23.75380000000041,3.5099999999997635,13.420000000000073,0.9801489314315113,0.5003340789588508,1.1500934452740104,0.1699445138424772,0.6497593663151595
United Kingdom,UK,2026-04,2026-04-06,uk__standard_employee_scotland,"Royaume-Uni · salarié standard, Écosse","United Kingdom · standard employee, Scotland",5.44,11235.6672,392.26,1622.85,183.46,110.08,575.72,1732.93,0.05124039273786962,0.1542347213701737,10659.9472,0.0,132626.54,4306.02,6353.9272,12968.5972,2308.65,6614.67,1.216572367262757,2.041036478982636,20.653800000000047,20.243800000000192,10.32380000000012,23.75380000000041,3.5100000000002183,13.430000000000291,0.9801489314315113,0.49984990655473066,1.1500934452740104,0.16994451384249923,0.6502435387192798
United Kingdom,UK,2026-04,2026-04-06,uk__standard_employee_scotland,"Royaume-Uni · salarié standard, Écosse","United Kingdom · standard employee, Scotland",5.45,11256.321,392.68,1625.95,183.46,110.08,576.14,1736.03,0.051183686037382894,0.15422712269843758,10680.181,0.0,132874.34,4315.93,6364.251,12992.351,2312.17,6628.1,1.216491649345643,2.0414579814655327,20.653800000000047,20.233799999999974,10.32380000000012,23.75380000000041,3.519999999999982,13.430000000000291,0.979664759027391,0.49984990655473066,1.1500934452740104,0.17042868624659743,0.6502435387192798
United Kingdom,UK,2026-04,2026-04-06,uk__standard_employee_scotland,"Royaume-Uni · salarié standard, Écosse","United Kingdom · standard employee, Scotland",5.46,11276.9748,393.09,1629.05,183.46,110.08,576.55,1739.13,0.05112630029110289,0.1542195518606639,10700.4248,0.0,133122.14,4325.84,6374.5848,13016.1048,2315.68,6641.52,1.2164100999055663,2.0418749155239095,20.653800000000047,20.243800000000192,10.333799999999428,23.75379999999859,3.5099999999997635,13.420000000000073,0.9801489314315113,0.5003340789588069,1.1500934452739224,0.1699445138424772,0.6497593663151595
United Kingdom,UK,2026-04,2026-04-06,uk__standard_employee_scotland,"Royaume-Uni · salarié standard, Écosse","United Kingdom · standard employee, Scotland",5.47,11297.6286,393.5,1632.14,183.46,110.08,576.96,1742.22,0.05106912436473616,0.15421112356269173,10720.6686,0.0,133370.06,4335.76,6384.9086,13039.8486,2319.18,6654.94,1.2163279256668749,2.042292132419875,20.653800000000047,20.243800000000192,10.32380000000012,23.743800000000192,3.5,13.419999999999163,0.9801489314315113,0.49984990655473066,1.1496092728698901,0.169460341438379,0.6497593663151155
United Kingdom,UK,2026-04,2026-04-06,uk__standard_employee_scotland,"Royaume-Uni · salarié standard, Écosse","United Kingdom · standard employee, Scotland",5.48,11318.2824,393.92,1635.24,183.46,110.08,577.38,1745.32,0.05101304063591839,0.15420360955121598,10740.9024,0.0,133617.86,4345.67,6395.2324,13063.6024,2322.7,6668.37,1.2162481245523653,2.04270956595729,20.653800000000047,20.233799999999974,10.32380000000012,23.75380000000041,3.519999999999982,13.430000000000291,0.979664759027391,0.49984990655473066,1.1500934452740104,0.17042868624659743,0.6502435387192798
United Kingdom,UK,2026-04,2026-04-06,uk__standard_employee_scotland,"Royaume-Uni · salarié standard, Écosse","United Kingdom · standard employee, Scotland",5.49,11338.9362,394.33,1638.34,183.46,110.08,577.79,1748.42,0.05095627930246224,0.15419612291318824,10761.1462,0.0,133865.78,4355.59,6405.5562,13087.3562,2326.21,6681.8,1.216167493384673,2.0431256539439926,20.653800000000047,20.243799999998373,10.32380000000012,23.75380000000041,3.5100000000002183,13.430000000000291,0.9801489314314231,0.49984990655473066,1.1500934452740104,0.16994451384249923,0.6502435387192798
United Kingdom,UK,2026-04,2026-04-06,uk__standard_employee_scotland,"Royaume-Uni · salarié standard, Écosse","United Kingdom · standard employee, Scotland",5.5,11359.59,394.74,1641.44,183.46,110.08,578.2,1751.52,0.050899724373855045,0.15418866349929883,10781.39,0.0,134113.58,4365.5,6415.89,13111.11,2329.72,6695.22,1.2160871650130458,2.0435372177515516,20.653800000000047,20.243800000000192,10.333800000000338,23.75380000000041,3.5099999999997635,13.420000000000073,0.9801489314315113,0.5003340789588508,1.1500934452740104,0.1699445138424772,0.6497593663151595
United Kingdom,UK,2026-04,2026-04-06,uk__standard_employee_scotland,"Royaume-Uni · salarié standard, Écosse","United Kingdom · standard employee, Scotland",5.51,11380.2438,395.16,1644.54,183.46,110.08,578.62,1754.62,0.05084425344209234,0.15418123116132185,10801.6238,0.0,134361.38,4375.41,6426.2138,13134.8638,2333.24,6708.65,1.2160082634983085,2.043950638554852,20.653800000000047,20.233799999999974,10.32380000000012,23.75379999999859,3.519999999999982,13.429999999999382,0.979664759027391,0.49984990655473066,1.1500934452739224,0.17042868624659743,0.6502435387192358
United Kingdom,UK,2026-04,2026-04-06,uk__standard_employee_scotland,"Royaume-Uni · salarié standard, Écosse","United Kingdom · standard employee, Scotland",5.52,11400.8976,395.57,1647.64,183.46,110.08,579.03,1757.72,0.05078810636804597,0.1541738257521057,10821.8676,0.0,134609.3,4385.33,6436.5376,13158.6176,2336.75,6722.08,1.215928533444634,2.0443627331564103,20.653800000000047,20.243800000000192,10.32379999999921,23.75380000000041,3.5100000000002183,13.430000000000291,0.9801489314315113,0.49984990655468664,1.1500934452740104,0.16994451384249923,0.6502435387192798
United Kingdom,UK,2026-04,2026-04-06,uk__standard_employee_scotland,"Royaume-Uni · salarié standard, Écosse","United Kingdom · standard employee, Scotland",5.53,11421.5514,395.98,1650.73,183.46,110.08,579.44,1760.81,0.05073216235755854,0.1541655715877617,10842.1114,0.0,134857.1,4395.24,6446.8714,13182.3614,2340.25,6735.49,1.2158481787966133,2.0447687850575087,20.653800000000047,20.243800000000192,10.333800000000338,23.743800000000192,3.5,13.409999999999854,0.9801489314315113,0.5003340789588508,1.1496092728698901,0.169460341438379,0.6492751939110394
United Kingdom,UK,2026-04,2026-04-06,uk__standard_employee_scotland,"Royaume-Uni · salarié standard, Écosse","United Kingdom · standard employee, Scotland",5.54,11442.2052,396.39,1653.83,183.46,110.08,579.85,1763.91,0.05067642031100788,0.1541582211792531,10862.3552,0.0,135105.02,4405.16,6457.1952,13206.1152,2343.76,6748.92,1.215769044267674,2.04517825324531,20.653800000000047,20.243800000000192,10.32380000000012,23.75380000000041,3.5100000000002183,13.430000000000291,0.9801489314315113,0.49984990655473066,1.1500934452740104,0.16994451384249923,0.6502435387192798
United Kingdom,UK,2026-04,2026-04-06,uk__standard_employee_scotland,"Royaume-Uni · salarié standard, Écosse","United Kingdom · standard employee, Scotland",5.55,11462.859,396.81,1656.93,183.46,110.08,580.27,1767.01,0.050621751519407156,0.15415089725870307,10882.589,0.0,135352.82,4415.07,6467.519,13229.869,2347.28,6762.35,1.2156913212471776,2.045586414203035,20.653800000000047,20.233799999999974,10.32380000000012,23.75380000000041,3.519999999999982,13.430000000000291,0.979664759027391,0.49984990655473066,1.1500934452740104,0.17042868624659743,0.6502435387192798
United Kingdom,UK,2026-04,2026-04-06,uk__standard_employee_scotland,"Royaume-Uni · salarié standard, Écosse","United Kingdom · standard employee, Scotland",5.56,11483.5128,397.22,1660.03,183.46,110.08,580.68,1770.11,0.05056640856445948,0.154143599683191,10902.8328,0.0,135600.62,4424.98,6477.8528,13253.6228,2350.79,6775.77,1.215612771755979,2.0459901157371156,20.653800000000047,20.243800000000192,10.333799999999428,23.75379999999859,3.5099999999997635,13.420000000000073,0.9801489314315113,0.5003340789588069,1.1500934452739224,0.1699445138424772,0.6497593663151595
United Kingdom,UK,2026-04,2026-04-06,uk__standard_employee_scotland,"Royaume-Uni · salarié standard, Écosse","United Kingdom · standard employee, Scotland",5.57,11504.1666,397.63,1663.13,183.46,110.08,581.09,1773.21,0.05051126432748288,0.1541363283108226,10923.0766,0.0,135848.54,4434.9,6488.1766,13277.3766,2354.3,6789.2,1.215534513417218,2.046395685345556,20.653800000000047,20.243800000000192,10.32380000000012,23.75380000000041,3.5100000000002183,13.429999999999382,0.9801489314315113,0.49984990655473066,1.1500934452740104,0.16994451384249923,0.6502435387192358
United Kingdom,UK,2026-04,2026-04-06,uk__standard_employee_scotland,"Royaume-Uni · salarié standard, Écosse","United Kingdom · standard employee, Scotland",5.58,11524.8204,398.05,1666.22,183.46,110.08,581.51,1776.3,0.05045718543258166,0.15412821530824028,10943.3104,0.0,136096.34,4444.81,6498.5004,13301.1204,2357.81,6802.62,1.2154567414993547,2.046798427526449,20.653800000000047,20.233799999999974,10.32380000000012,23.743800000000192,3.5099999999997635,13.420000000000073,0.979664759027391,0.49984990655473066,1.1496092728698901,0.1699445138424772,0.6497593663151595
United Kingdom,UK,2026-04,2026-04-06,uk__standard_employee_scotland,"Royaume-Uni · salarié standard, Écosse","United Kingdom · standard employee, Scotland",5.59,11545.4742,398.46,1669.32,183.46,110.08,581.92,1779.4,0.050402433881840895,0.15412099747275862,10963.5542,0.0,136344.14,4454.72,6508.8342,13324.8742,2361.32,6816.04,1.2153790601956433,2.0471982832194433,20.653800000000047,20.243800000000192,10.333800000000338,23.75380000000041,3.5100000000002183,13.420000000000073,0.9801489314315113,0.5003340789588508,1.1500934452740104,0.16994451384249923,0.6497593663151595
United Kingdom,UK,2026-04,2026-04-06,uk__standard_employee_scotland,"Royaume-Uni · salarié standard, Écosse","United Kingdom · standard employee, Scotland",5.6,11566.128,398.87,1672.42,183.46,110.08,582.33,1782.5,0.050347877872352786,0.15411380541526082,10983.798,0.0,136592.06,4464.64,6519.158,13348.628,2364.83,6829.47,1.2153016652345572,2.0476000121488083,20.653800000000047,20.243800000000192,10.32380000000012,23.75380000000041,3.5099999999997635,13.430000000000291,0.9801489314315113,0.49984990655473066,1.1500934452740104,0.1699445138424772,0.6502435387192798
United Kingdom,UK,2026-04,2026-04-06,uk__standard_employee_scotland,"Royaume-Uni · salarié standard, Écosse","United Kingdom · standard employee, Scotland",5.61,11586.7818,399.29,1675.52,183.46,110.08,582.75,1785.6,0.05029437941085591,0.1541066389978967,11004.0318,0.0,136839.86,4474.55,6529.4818,13372.3818,2368.35,6842.9,1.2152256593805917,2.0480004707264823,20.653800000000047,20.233799999999974,10.32379999999921,23.75379999999859,3.519999999999982,13.429999999999382,0.979664759027391,0.49984990655468664,1.1500934452739224,0.17042868624659743,0.6502435387192358
United Kingdom,UK,2026-04,2026-04-06,uk__standard_employee_scotland,"Royaume-Uni · salarié standard, Écosse","United Kingdom · standard employee, Scotland",5.62,11607.4356,399.7,1678.62,183.46,110.08,583.16,1788.7,0.050240209818609716,0.15409949808379722,11024.2756,0.0,137087.78,4484.47,6539.8056,13396.1356,2371.86,6856.33,1.2151488302777917,2.0483996649686347,20.653800000000047,20.243800000000192,10.32380000000012,23.75380000000041,3.5100000000002183,13.430000000000291,0.9801489314315113,0.49984990655473066,1.1500934452740104,0.16994451384249923,0.6502435387192798
United Kingdom,UK,2026-04,2026-04-06,uk__standard_employee_scotland,"Royaume-Uni · salarié standard, Écosse","United Kingdom · standard employee, Scotland",5.63,11628.0894,400.11,1681.71,183.46,110.08,583.57,1791.79,0.050186232658307565,0.1540915225505576,11044.5194,0.0,137335.58,4494.38,6550.1394,13419.8794,2375.36,6869.74,1.2150713773928452,2.0487929462997383,20.653800000000047,20.243799999998373,10.333800000000338,23.743800000000192,3.5,13.409999999999854,0.9801489314314231,0.5003340789588508,1.1496092728698901,0.169460341438379,0.6492751939110394
United Kingdom,UK,2026-04,2026-04-06,uk__standard_employee_scotland,"Royaume-Uni · salarié standard, Écosse","United Kingdom · standard employee, Scotland",5.64,11648.7432,400.53,1684.81,183.46,110.08,583.99,1794.89,0.050133305368084684,0.15408443376106015,11064.7532,0.0,137583.38,4504.29,6560.4632,13443.6332,2378.88,6883.17,1.2149962097663416,2.049189636487862,20.653800000000047,20.233799999999974,10.32380000000012,23.75380000000041,3.519999999999982,13.430000000000291,0.979664759027391,0.49984990655473066,1.1500934452740104,0.17042868624659743,0.6502435387192798
United Kingdom,UK,2026-04,2026-04-06,uk__standard_employee_scotland,"Royaume-Uni · salarié standard, Écosse","United Kingdom · standard employee, Scotland",5.65,11669.397,400.94,1687.91,183.46,110.08,584.4,1797.99,0.050079708488793374,0.15407737006462285,11084.997,0.0,137831.3,4514.21,6570.787,13467.387,2382.39,6896.6,1.2149202205467444,2.0495850801433675,20.653800000000047,20.243800000000192,10.32380000000012,23.75380000000041,3.5099999999997635,13.430000000000291,0.9801489314315113,0.49984990655473066,1.1500934452740104,0.1699445138424772,0.6502435387192798
United Kingdom,UK,2026-04,2026-04-06,uk__standard_employee_scotland,"Royaume-Uni · salarié standard, Écosse","United Kingdom · standard employee, Scotland",5.66,11690.0508,401.35,1691.01,183.46,110.08,584.81,1801.09,0.05002630099776812,0.15407033132824366,11105.2408,0.0,138079.1,4524.12,6581.1208,13491.1408,2385.9,6910.02,1.2148445083694177,2.0499761681931137,20.653800000000047,20.243800000000192,10.333799999999428,23.75379999999859,3.5100000000002183,13.420000000000073,0.9801489314315113,0.5003340789588069,1.1500934452739224,0.16994451384249923,0.6497593663151595
United Kingdom,UK,2026-04,2026-04-06,uk__standard_employee_scotland,"Royaume-Uni · salarié standard, Écosse","United Kingdom · standard employee, Scotland",5.67,11710.7046,401.76,1694.11,183.46,110.08,585.22,1804.19,0.04997308189295459,0.15406331741985874,11125.4846,0.0,138326.9,4534.03,6591.4546,13514.8946,2389.41,6923.44,1.2147690717220534,2.050366029980696,20.653799999998228,20.243800000000192,10.333800000000338,23.75380000000041,3.5099999999997635,13.419999999999163,0.9801489314315975,0.5003340789588949,1.1500934452741118,0.16994451384249218,0.6497593663151727
United Kingdom,UK,2026-04,2026-04-06,uk__standard_employee_scotland,"Royaume-Uni · salarié standard, Écosse","United Kingdom · standard employee, Scotland",5.68,11731.3584,402.18,1697.2,183.46,110.08,585.64,1807.28,0.04992090259555961,0.15405547579212994,11145.7184,0.0,138574.82,4543.95,6601.7684,13538.6384,2392.92,6936.87,1.2146941017278887,2.050759369262333,20.653800000000047,20.233799999999974,10.313799999999901,23.743800000000192,3.5100000000002183,13.430000000000291,0.979664759027391,0.4993657341506104,1.1496092728698901,0.16994451384249923,0.6502435387192798
United Kingdom,UK,2026-04,2026-04-06,uk__standard_employee_scotland,"Royaume-Uni · salarié standard, Écosse","United Kingdom · standard employee, Scotland",5.69,11752.0122,402.59,1700.3,183.46,110.08,586.05,1810.38,0.04986805578707618,0.15404851264534933,11165.9622,0.0,138822.62,4553.86,6612.1022,13562.3922,2396.43,6950.29,1.214619211231075,2.051146789594389,20.653800000000047,20.243800000000192,10.333800000000338,23.75380000000041,3.5099999999997635,13.420000000000073,0.9801489314315113,0.5003340789588508,1.1500934452740104,0.1699445138424772,0.6497593663151595
United Kingdom,UK,2026-04,2026-04-06,uk__standard_employee_scotland,"Royaume-Uni · salarié standard, Écosse","United Kingdom · standard employee, Scotland",5.7,11772.666,403.0,1703.4,183.46,110.08,586.46,1813.48,0.04981539440599096,0.15404157393066276,11186.206,0.0,139070.54,4563.78,6622.426,13586.146,2399.94,6963.72,1.2145445917945725,2.051536098704613,20.653800000000047,20.243800000000192,10.32380000000012,23.75380000000041,3.5100000000002183,13.430000000000291,0.9801489314315113,0.49984990655473066,1.1500934452740104,0.16994451384249923,0.6502435387192798
United Kingdom,UK,2026-04,2026-04-06,uk__standard_employee_scotland,"Royaume-Uni · salarié standard, Écosse","United Kingdom · standard employee, Scotland",5.71,11793.3198,403.42,1706.5,183.46,110.08,586.88,1816.58,0.04976376541573985,0.15403465951970535,11206.4398,0.0,139318.34,4573.69,6632.7498,13609.8998,2403.46,6977.15,1.2144713256747248,2.051924195904389,20.653800000000047,20.233799999999974,10.32379999999921,23.75379999999859,3.519999999999982,13.429999999999382,0.979664759027391,0.49984990655468664,1.1500934452739224,0.17042868624659743,0.6502435387192358
United Kingdom,UK,2026-04,2026-04-06,uk__standard_employee_scotland,"Royaume-Uni · salarié standard, Écosse","United Kingdom · standard employee, Scotland",5.72,11813.9736,403.83,1709.6,183.46,110.08,587.29,1819.68,0.04971147049118173,0.15402776928501008,11226.6836,0.0,139566.14,4583.6,6643.0836,13633.6536,2406.97,6990.57,1.2143972419424023,2.0523079974486547,20.653800000000047,20.243800000000192,10.333800000000338,23.75380000000041,3.5099999999997635,13.420000000000073,0.9801489314315113,0.5003340789588508,1.1500934452740104,0.1699445138424772,0.6497593663151595
United Kingdom,UK,2026-04,2026-04-06,uk__standard_employee_scotland,"Royaume-Uni · salarié standard, Écosse","United Kingdom · standard employee, Scotland",5.73,11834.6274,404.24,1712.69,183.46,110.08,587.7,1822.77,0.0496593580969013,0.1540200581219819,11246.9274,0.0,139814.06,4593.52,6653.4074,13657.3974,2410.47,7003.99,1.21432253577097,2.052692188967716,20.653800000000047,20.243800000000192,10.32380000000012,23.743800000000192,3.5,13.420000000000073,0.9801489314315113,0.49984990655473066,1.1496092728698901,0.169460341438379,0.6497593663151595
United Kingdom,UK,2026-04,2026-04-06,uk__standard_employee_scotland,"Royaume-Uni · salarié standard, Écosse","United Kingdom · standard employee, Scotland",5.74,11855.2812,404.66,1715.79,183.46,110.08,588.12,1825.87,0.049608270784838066,0.15401321733304812,11267.1612,0.0,140061.86,4603.43,6663.7312,13681.1512,2413.99,7017.42,1.2142500632723707,2.0530766907284614,20.653800000000047,20.233799999999974,10.32380000000012,23.75380000000041,3.519999999999982,13.430000000000291,0.979664759027391,0.49984990655473066,1.1500934452740104,0.17042868624659743,0.6502435387192798
United Kingdom,UK,2026-04,2026-04-06,uk__standard_employee_scotland,"Royaume-Uni · salarié standard, Écosse","United Kingdom · standard employee, Scotland",5.75,11875.935,405.07,1718.89,183.46,110.08,588.53,1828.97,0.04955651912880964,0.15400640033816285,11287.405,0.0,140309.78,4613.35,6674.055,13704.905,2417.5,7030.85,1.2141767749097334,2.053460002951729,20.653800000000047,20.243800000000192,10.32380000000012,23.75380000000041,3.5100000000002183,13.430000000000291,0.9801489314315113,0.49984990655473066,1.1500934452740104,0.16994451384249923,0.6502435387192798
United Kingdom,UK,2026-04,2026-04-06,uk__standard_employee_scotland,"Royaume-Uni · salarié standard, Écosse","United Kingdom · standard employee, Scotland",5.76,11896.5888,405.48,1721.99,183.46,110.08,588.94,1832.07,0.04950494716603133,0.15399960701339865,11307.6488,0.0,140557.58,4623.26,6684.3888,13728.6588,2421.01,7044.27,1.2141037489597308,2.0538390585538653,20.653800000000047,20.243800000000192,10.333799999999428,23.75379999999859,3.5100000000002183,13.420000000000073,0.9801489314315113,0.5003340789588069,1.1500934452739224,0.16994451384249923,0.6497593663151595
United Kingdom,UK,2026-04,2026-04-06,uk__standard_employee_scotland,"Royaume-Uni · salarié standard, Écosse","United Kingdom · standard employee, Scotland",5.77,11917.2426,405.9,1725.09,183.46,110.08,589.36,1835.17,0.049454393082507195,0.15399283723568738,11327.8826,0.0,140805.38,4633.17,6694.7126,13752.4126,2424.53,7057.7,1.2140320557347586,2.054220012372152,20.653800000000047,20.233799999999974,10.32380000000012,23.75380000000041,3.519999999999982,13.429999999999382,0.979664759027391,0.49984990655473066,1.1500934452740104,0.17042868624659743,0.6502435387192358
United Kingdom,UK,2026-04,2026-04-06,uk__standard_employee_scotland,"Royaume-Uni · salarié standard, Écosse","United Kingdom · standard employee, Scotland",5.78,11937.8964,406.31,1728.19,183.46,110.08,589.77,1838.27,0.04940317625808848,0.15398609088281245,11348.1264,0.0,141053.3,4643.09,6705.0364,13776.1664,2428.04,7071.13,1.2139595484237822,2.054599793074949,20.653800000000047,20.243799999998373,10.32380000000012,23.75380000000041,3.5099999999997635,13.430000000000291,0.9801489314314231,0.49984990655473066,1.1500934452740104,0.1699445138424772,0.6502435387192798
United Kingdom,UK,2026-04,2026-04-06,uk__standard_employee_scotland,"Royaume-Uni · salarié standard, Écosse","United Kingdom · standard employee, Scotland",5.79,11958.5502,406.72,1731.28,183.46,110.08,590.18,1841.36,0.04935213634843461,0.15397853161163297,11368.3702,0.0,141301.1,4653.0,6715.3702,13799.9102,2431.54,7084.54,1.2138864197086052,2.0549738568396423,20.653800000000047,20.243800000000192,10.333800000000338,23.743800000000192,3.5,13.409999999999854,0.9801489314315113,0.5003340789588508,1.1496092728698901,0.169460341438379,0.6492751939110394
United Kingdom,UK,2026-04,2026-04-06,uk__standard_employee_scotland,"Royaume-Uni · salarié standard, Écosse","United Kingdom · standard employee, Scotland",5.8,11979.204,407.13,1734.38,183.46,110.08,590.59,1844.46,0.049301272438469206,0.15397183318691293,11388.614,0.0,141548.9,4662.91,6725.704,13823.664,2435.05,7097.96,1.213814429042902,2.0553482579667497,20.653800000000047,20.243800000000192,10.333799999999428,23.75380000000041,3.5100000000002183,13.420000000000073,0.9801489314315113,0.5003340789588069,1.1500934452740104,0.16994451384249923,0.6497593663151595
United Kingdom,UK,2026-04,2026-04-06,uk__standard_employee_scotland,"Royaume-Uni · salarié standard, Écosse","United Kingdom · standard employee, Scotland",5.81,11999.8578,407.55,1737.48,183.46,110.08,591.01,1847.56,0.04925141696262434,0.1539651578204535,11408.8478,0.0,141796.82,4672.83,6736.0178,13847.4178,2438.57,7111.4,1.2137437577175847,2.0557276140214475,20.653800000000047,20.233799999999974,10.313799999999901,23.75379999999859,3.519999999999982,13.4399999999996,0.979664759027391,0.4993657341506104,1.1500934452739224,0.17042868624659743,0.6507277111233559
United Kingdom,UK,2026-04,2026-04-06,uk__standard_employee_scotland,"Royaume-Uni · salarié standard, Écosse","United Kingdom · standard employee, Scotland",5.82,12020.5116,407.96,1740.58,183.46,110.08,591.42,1850.66,0.049200900900091465,0.1539585053933977,11429.0916,0.0,142044.62,4682.74,6746.3516,13871.1716,2442.08,7124.82,1.2136722747064168,2.0560997146961624,20.653800000000047,20.243800000000192,10.333800000000338,23.75380000000041,3.5099999999997635,13.420000000000073,0.9801489314315113,0.5003340789588508,1.1500934452740104,0.1699445138424772,0.6497593663151595
United Kingdom,UK,2026-04,2026-04-06,uk__standard_employee_scotland,"Royaume-Uni · salarié standard, Écosse","United Kingdom · standard employee, Scotland",5.83,12041.1654,408.37,1743.68,183.46,110.08,591.83,1853.76,0.04915055813451412,0.15395187578770406,11449.3354,0.0,142292.54,4692.66,6756.6754,13894.9254,2445.59,7138.25,1.2136010444763456,2.056473720788777,20.653800000000047,20.243800000000192,10.32380000000012,23.75380000000041,3.5100000000002183,13.430000000000291,0.9801489314315113,0.49984990655473066,1.1500934452740104,0.16994451384249923,0.6502435387192798
United Kingdom,UK,2026-04,2026-04-06,uk__standard_employee_scotland,"Royaume-Uni · salarié standard, Écosse","United Kingdom · standard employee, Scotland",5.84,12061.8192,408.79,1746.77,183.46,110.08,592.25,1856.85,0.049101216838004,0.15394443982380368,11469.5692,0.0,142540.34,4702.57,6766.9992,13918.6692,2449.1,7151.67,1.2135302518598519,2.0568451079468133,20.653800000000047,20.233799999999974,10.32380000000012,23.743800000000192,3.5099999999997635,13.420000000000073,0.979664759027391,0.49984990655473066,1.1496092728698901,0.1699445138424772,0.6497593663151595
United Kingdom,UK,2026-04,2026-04-06,uk__standard_employee_scotland,"Royaume-Uni · salarié standard, Écosse","United Kingdom · standard employee, Scotland",5.85,12082.473,409.2,1749.87,183.46,110.08,592.66,1859.95,0.04905121658455185,0.15393785692713732,11489.813,0.0,142788.14,4712.48,6777.333,13942.423,2452.61,7165.09,1.213459522796411,2.0572138037189553,20.653800000000047,20.243800000000192,10.333799999999428,23.75380000000041,3.5100000000002183,13.420000000000073,0.9801489314315113,0.5003340789588069,1.1500934452740104,0.16994451384249923,0.6497593663151595
United Kingdom,UK,2026-04,2026-04-06,uk__standard_employee_scotland,"Royaume-Uni · salarié standard, Écosse","United Kingdom · standard employee, Scotland",5.86,12103.1268,409.61,1752.97,183.46,110.08,593.07,1863.05,0.04900138698042889,0.1539312964976951,11510.0568,0.0,143036.06,4722.4,6787.6568,13966.1768,2456.12,7178.52,1.2133890425284433,2.057584408215807,20.653800000000047,20.243800000000192,10.32380000000012,23.75379999999859,3.5099999999997635,13.430000000000291,0.9801489314315113,0.49984990655473066,1.1500934452739224,0.1699445138424772,0.6502435387192798
United Kingdom,UK,2026-04,2026-04-06,uk__standard_employee_scotland,"Royaume-Uni · salarié standard, Écosse","United Kingdom · standard employee, Scotland",5.87,12123.7806,410.03,1756.07,183.46,110.08,593.49,1866.15,0.04895255197871199,0.15392475842065304,11530.2906,0.0,143283.86,4732.31,6797.9806,13989.9306,2459.64,7191.95,1.2133198620336594,2.0579538870705223,20.653800000000047,20.233799999999974,10.32380000000012,23.75380000000041,3.519999999999982,13.429999999999382,0.979664759027391,0.49984990655473066,1.1500934452740104,0.17042868624659743,0.6502435387192358
United Kingdom,UK,2026-04,2026-04-06,uk__standard_employee_scotland,"Royaume-Uni · salarié standard, Écosse","United Kingdom · standard employee, Scotland",5.88,12144.4344,410.44,1759.16,183.46,110.08,593.9,1869.24,0.048903059659987126,0.15391741915951226,11550.5344,0.0,143531.66,4742.22,6808.3144,14013.6744,2463.14,7205.36,1.2132490077688527,2.058317753363446,20.653800000000047,20.243800000000192,10.333800000000338,23.743800000000192,3.5,13.409999999999854,0.9801489314315113,0.5003340789588508,1.1496092728698901,0.169460341438379,0.6492751939110394
United Kingdom,UK,2026-04,2026-04-06,uk__standard_employee_scotland,"Royaume-Uni · salarié standard, Écosse","United Kingdom · standard employee, Scotland",5.89,12165.0882,410.85,1762.26,183.46,110.08,594.31,1872.34,0.048853735396673904,0.15391092684391716,11570.7782,0.0,143779.58,4752.14,6818.6382,14037.4282,2466.65,7218.79,1.2131792656780855,2.0586850025273375,20.653800000000047,20.243800000000192,10.32380000000012,23.75380000000041,3.5100000000002183,13.430000000000291,0.9801489314315113,0.49984990655473066,1.1500934452740104,0.16994451384249923,0.6502435387192798
United Kingdom,UK,2026-04,2026-04-06,uk__standard_employee_scotland,"Royaume-Uni · salarié standard, Écosse","United Kingdom · standard employee, Scotland",5.9,12185.742,411.27,1765.36,183.46,110.08,594.73,1875.44,0.04880539896544666,0.1539044565361715,11591.012,0.0,144027.38,4762.05,6828.962,14061.182,2470.17,7232.22,1.2131108137926179,2.05905114130083,20.653800000000047,20.233799999999974,10.32380000000012,23.75380000000041,3.519999999999982,13.430000000000291,0.979664759027391,0.49984990655473066,1.1500934452740104,0.17042868624659743,0.6502435387192798
United Kingdom,UK,2026-04,2026-04-06,uk__standard_employee_scotland,"Royaume-Uni · salarié standard, Écosse","United Kingdom · standard employee, Scotland",5.91,12206.3958,411.68,1768.46,183.46,110.08,595.14,1878.54,0.04875640686663626,0.1538980081245604,11611.2558,0.0,144275.3,4771.97,6839.2858,14084.9358,2473.68,7245.65,1.213041555763503,2.0594161747122772,20.653800000000047,20.243800000000192,10.32379999999921,23.75379999999859,3.5099999999997635,13.429999999999382,0.9801489314315113,0.49984990655468664,1.1500934452739224,0.1699445138424772,0.6502435387192358
United Kingdom,UK,2026-04,2026-04-06,uk__standard_employee_scotland,"Royaume-Uni · salarié standard, Écosse","United Kingdom · standard employee, Scotland",5.92,12227.0496,412.09,1771.56,183.46,110.08,595.55,1881.64,0.04870758028167318,0.15389158149812363,11631.4996,0.0,144523.1,4781.88,6849.6196,14108.6896,2477.19,7259.07,1.2129725388117625,2.059777100614463,20.653800000000047,20.243799999998373,10.333800000000338,23.75380000000041,3.5100000000002183,13.420000000000073,0.9801489314314231,0.5003340789588508,1.1500934452740104,0.16994451384249923,0.6497593663151595
United Kingdom,UK,2026-04,2026-04-06,uk__standard_employee_scotland,"Royaume-Uni · salarié standard, Écosse","United Kingdom · standard employee, Scotland",5.93,12247.7034,412.5,1774.66,183.46,110.08,595.96,1884.74,0.04865891837321926,0.15388517654664954,11651.7434,0.0,144770.9,4791.79,6859.9534,14132.4434,2480.7,7272.49,1.2129037616808487,2.060136939122648,20.653800000000047,20.243800000000192,10.333800000000338,23.75380000000041,3.5099999999997635,13.420000000000073,0.9801489314315113,0.5003340789588508,1.1500934452740104,0.1699445138424772,0.6497593663151595
United Kingdom,UK,2026-04,2026-04-06,uk__standard_employee_scotland,"Royaume-Uni · salarié standard, Écosse","United Kingdom · standard employee, Scotland",5.94,12268.3572,412.92,1777.75,183.46,110.08,596.38,1887.83,0.04861123541463236,0.15387797805561118,11671.9772,0.0,145018.82,4801.71,6870.2672,14156.1872,2484.21,7285.92,1.2128354054701203,2.060500237894677,20.653800000000047,20.233799999999974,10.313799999999901,23.743800000000192,3.5100000000002183,13.430000000000291,0.979664759027391,0.4993657341506104,1.1496092728698901,0.16994451384249923,0.6502435387192798
United Kingdom,UK,2026-04,2026-04-06,uk__standard_employee_scotland,"Royaume-Uni · salarié standard, Écosse","United Kingdom · standard employee, Scotland",5.95,12289.011,413.33,1780.85,183.46,110.08,596.79,1890.93,0.04856289899976491,0.15387161749631437,11692.221,0.0,145266.62,4811.62,6880.601,14179.941,2487.72,7299.34,1.212767103871882,2.0608579105226417,20.653800000000047,20.243800000000192,10.333799999999428,23.75380000000041,3.5099999999997635,13.420000000000073,0.9801489314315113,0.5003340789588069,1.1500934452740104,0.1699445138424772,0.6497593663151595
United Kingdom,UK,2026-04,2026-04-06,uk__standard_employee_scotland,"Royaume-Uni · salarié standard, Écosse","United Kingdom · standard employee, Scotland",5.96,12309.6648,413.74,1783.95,183.46,110.08,597.2,1894.03,0.04851472478763191,0.15386527828117627,11712.4648,0.0,145514.42,4821.53,6890.9348,14203.6948,2491.23,7312.76,1.2126990383783267,2.0612145104028556,20.653800000000047,20.243800000000192,10.333800000000338,23.75379999999859,3.5100000000002183,13.420000000000073,0.9801489314315113,0.5003340789588508,1.1500934452739224,0.16994451384249923,0.6497593663151595
United Kingdom,UK,2026-04,2026-04-06,uk__standard_employee_scotland,"Royaume-Uni · salarié standard, Écosse","United Kingdom · standard employee, Scotland",5.97,12330.3186,414.16,1787.05,183.46,110.08,597.62,1897.13,0.04846752297219635,0.15385896030293977,11732.6986,0.0,145762.34,4831.45,6901.2486,14227.4486,2494.75,7326.2,1.2126322413157362,2.06157601683846,20.653800000000047,20.233799999999974,10.313799999999901,23.75380000000041,3.519999999999982,13.4399999999996,0.979664759027391,0.4993657341506104,1.1500934452740104,0.17042868624659743,0.6507277111233559
United Kingdom,UK,2026-04,2026-04-06,uk__standard_employee_scotland,"Royaume-Uni · salarié standard, Écosse","United Kingdom · standard employee, Scotland",5.98,12350.9724,414.57,1790.15,183.46,110.08,598.03,1900.23,0.04841966936951457,0.15385266345506526,11752.9424,0.0,146010.14,4841.36,6911.5824,14251.2024,2498.26,7339.62,1.212564642535813,2.061930477744141,20.653800000000047,20.243800000000192,10.333800000000338,23.75380000000041,3.5100000000002183,13.420000000000073,0.9801489314315113,0.5003340789588508,1.1500934452740104,0.16994451384249923,0.6497593663151595
United Kingdom,UK,2026-04,2026-04-06,uk__standard_employee_scotland,"Royaume-Uni · salarié standard, Écosse","United Kingdom · standard employee, Scotland",5.99,12371.6262,414.98,1793.24,183.46,110.08,598.44,1903.32,0.048371975545138925,0.1538455793305491,11773.1862,0.0,146258.06,4851.28,6921.9062,14274.9462,2501.76,7353.04,1.2124964268381315,2.0622854149627163,20.653800000000047,20.243800000000192,10.32380000000012,23.743800000000192,3.5,13.420000000000073,0.9801489314315113,0.49984990655473066,1.1496092728698901,0.169460341438379,0.6497593663151595
United Kingdom,UK,2026-04,2026-04-06,uk__standard_employee_scotland,"Royaume-Uni · salarié standard, Écosse","United Kingdom · standard employee, Scotland",6.0,12392.28,415.4,1796.34,183.46,110.08,598.86,1906.42,0.0483252476541847,0.15383932577378817,11793.42,0.0,146505.86,4861.19,6932.23,14298.7,2505.28,7366.47,1.2124303213147671,2.062640737540445,20.653800000000047,20.233799999999974,10.32379999999921,23.75380000000041,3.519999999999982,13.430000000000291,0.979664759027391,0.49984990655468664,1.1500934452740104,0.17042868624659743,0.6502435387192798
