country,country_code,version,effective_from,profile_id,profile_label_fr,profile_label_en,smic_multiple,gross_monthly_eur,employee_contribution_rate,employee_contributions_monthly_eur,ww_rate,aof_rate,zvw_rate,wko_rate,contribution_base_monthly_eur,ww_monthly_eur,aof_monthly_eur,zvw_monthly_eur,wko_monthly_eur,employer_contributions_monthly_eur,employer_contribution_rate,net_before_income_tax_monthly_eur,annual_income_eur,annual_box1_tax_eur,annual_algemene_heffingskorting_eur,annual_arbeidskorting_eur,annual_loonheffing_eur,loonheffing_monthly_eur,net_after_loonheffing_monthly_eur,employer_cost_monthly_eur,social_wedge_monthly_eur,total_wedge_after_loonheffing_monthly_eur,cost_to_net_ratio,cost_to_net_after_loonheffing_ratio,delta_gross_monthly_eur,delta_net_before_income_tax_monthly_eur,delta_net_after_loonheffing_monthly_eur,delta_employer_cost_monthly_eur,delta_social_wedge_monthly_eur,delta_total_wedge_after_loonheffing_monthly_eur,marginal_net_before_income_tax_rate,marginal_net_after_loonheffing_rate,marginal_employer_cost_rate,marginal_social_wedge_rate,marginal_total_wedge_after_loonheffing_rate
Netherlands,NL,2026-07,2026-07-01,netherlands__standard_permanent_contract,"Pays-Bas · contrat à durée indéterminée, grand employeur","Netherlands · permanent contract, large employer",0.8,1870.752,0.0,0.0,0.0274,0.0763,0.061,0.005,1870.752,51.258605,142.738378,114.115872,9.35376,317.466614,0.16970000000000002,1870.752,22449.0,8025.52,3115.0,4246.98,663.54,55.3,1815.452,2188.218614,317.466614,372.766614,1.1697,1.2053299202622818,,,,,,,,,,,
Netherlands,NL,2026-07,2026-07-01,netherlands__standard_permanent_contract,"Pays-Bas · contrat à durée indéterminée, grand employeur","Netherlands · permanent contract, large employer",0.81,1894.1364,0.0,0.0,0.0274,0.0763,0.061,0.005,1894.1364,51.899337,144.522607,115.54232,9.470682,321.434947,0.16970000000000002,1894.1364,22729.68,8125.86,3115.0,4334.02,676.84,56.4,1837.7364,2215.571347,321.434947,377.834947,1.1697,1.2055980101825268,23.38440000000014,23.38440000000014,22.284400000000005,27.35273300000017,3.9683330000000296,5.0683329999999955,1.0,0.9529600930534831,1.1697000136843367,0.16970001368433682,0.2167399206308464
Netherlands,NL,2026-07,2026-07-01,netherlands__standard_permanent_contract,"Pays-Bas · contrat à durée indéterminée, grand employeur","Netherlands · permanent contract, large employer",0.82,1917.5208,0.0,0.0,0.0274,0.0763,0.061,0.005,1917.5208,52.54007,146.306837,116.968769,9.587604,325.40328,0.1697,1917.5208,23010.24,8226.16,3115.0,4421.02,690.14,57.51,1860.0108,2242.92408,325.40328,382.91328,1.1697,1.2058661593577844,23.384399999999914,23.384399999999914,22.274400000000014,27.352732999999716,3.968332999999973,5.078332999999986,1.0,0.9525324575357972,1.1697000136843287,0.16970001368433602,0.2171675561485437
Netherlands,NL,2026-07,2026-07-01,netherlands__standard_permanent_contract,"Pays-Bas · contrat à durée indéterminée, grand employeur","Netherlands · permanent contract, large employer",0.83,1940.9052,0.0,0.0,0.0274,0.0763,0.061,0.005,1940.9052,53.180802,148.091067,118.395217,9.704526,329.371612,0.1697,1940.9052,23290.92,8326.5,3115.0,4508.05,703.45,58.62,1882.2852,2270.276812,329.371612,387.991612,1.1697,1.2061279621387875,23.384399999999914,23.384399999999914,22.274400000000014,27.352732000000287,3.968332000000032,5.078331999999989,1.0,0.9525324575357972,1.1696999709208014,0.16969997092078679,0.21716751338499202
Netherlands,NL,2026-07,2026-07-01,netherlands__standard_permanent_contract,"Pays-Bas · contrat à durée indéterminée, grand employeur","Netherlands · permanent contract, large employer",0.84,1964.2896,0.0,0.0,0.0274,0.0763,0.061,0.005,1964.2896,53.821535,149.875296,119.821666,9.821448,333.339945,0.16970000000000002,1964.2896,23571.48,8426.8,3115.0,4595.05,716.75,59.73,1904.5596,2297.629545,333.339945,393.069945,1.1697000000000002,1.2063836411945315,23.38440000000014,23.38440000000014,22.274400000000014,27.352732999999716,3.968332999999973,5.078333000000043,1.0,0.952532457535788,1.1697000136843174,0.16970001368433438,0.21716755614854402
Netherlands,NL,2026-07,2026-07-01,netherlands__standard_permanent_contract,"Pays-Bas · contrat à durée indéterminée, grand employeur","Netherlands · permanent contract, large employer",0.85,1987.674,0.0,0.0,0.0274,0.0763,0.061,0.005,1987.674,54.462268,151.659526,121.248114,9.93837,337.308278,0.16970000000000002,1987.674,23852.04,8527.1,3115.0,4682.05,730.05,60.84,1926.834,2324.982278,337.308278,398.148278,1.1697,1.2066334088977047,23.384399999999914,23.384399999999914,22.274400000000014,27.35273300000017,3.968332999999973,5.078332999999986,1.0,0.9525324575357972,1.1697000136843483,0.16970001368433602,0.2171675561485437
Netherlands,NL,2026-07,2026-07-01,netherlands__standard_permanent_contract,"Pays-Bas · contrat à durée indéterminée, grand employeur","Netherlands · permanent contract, large employer",0.86,2011.0584,0.0,0.0,0.0274,0.0763,0.061,0.005,2011.0584,55.103,153.443756,122.674562,10.055292,341.27661,0.16970000000000002,2011.0584,24132.72,8627.45,3115.0,4769.09,743.36,61.95,1949.1084,2352.33501,341.27661,403.22661,1.1697,1.2068774679130212,23.384399999999914,23.384399999999914,22.274400000000014,27.352731999999833,3.968332000000032,5.078331999999989,1.0,0.9525324575357972,1.169699970920782,0.16969997092078679,0.21716751338499202
Netherlands,NL,2026-07,2026-07-01,netherlands__standard_permanent_contract,"Pays-Bas · contrat à durée indéterminée, grand employeur","Netherlands · permanent contract, large employer",0.87,2034.4428,0.0,0.0,0.0274,0.0763,0.061,0.005,2034.4428,55.743733,155.227986,124.101011,10.172214,345.244943,0.1697,2034.4428,24413.28,8727.75,3115.0,4856.09,756.66,63.06,1971.3828,2379.687743,345.244943,408.304943,1.1697,1.207116011745664,23.38440000000014,23.38440000000014,22.274400000000014,27.35273300000017,3.968332999999973,5.078332999999986,1.0,0.952532457535788,1.1697000136843367,0.16970001368433438,0.21716755614854158
Netherlands,NL,2026-07,2026-07-01,netherlands__standard_permanent_contract,"Pays-Bas · contrat à durée indéterminée, grand employeur","Netherlands · permanent contract, large employer",0.88,2057.8272,0.0,0.0,0.0274,0.0763,0.061,0.005,2057.8272,56.384465,157.012215,125.527459,10.289136,349.213276,0.16970000000000002,2057.8272,24693.96,8828.09,3115.0,4943.12,769.97,64.16,1993.6672,2407.040476,349.213276,413.373276,1.1697,1.2073431693313708,23.38440000000014,23.38440000000014,22.284400000000005,27.35273300000017,3.9683330000000296,5.0683329999999955,1.0,0.9529600930534831,1.1697000136843367,0.16970001368433682,0.2167399206308464
Netherlands,NL,2026-07,2026-07-01,netherlands__standard_permanent_contract,"Pays-Bas · contrat à durée indéterminée, grand employeur","Netherlands · permanent contract, large employer",0.89,2081.2116,0.0,0.0,0.0274,0.0763,0.061,0.005,2081.2116,57.025198,158.796445,126.953908,10.406058,353.181609,0.1697,2081.2116,24974.52,8928.39,3115.0,5030.12,783.27,65.27,2015.9416,2434.393209,353.181609,418.451609,1.1697,1.2075712949819577,23.384399999999914,23.384399999999914,22.274400000000014,27.352732999999716,3.968332999999973,5.078333000000043,1.0,0.9525324575357972,1.1697000136843287,0.16970001368433602,0.21716755614854613
Netherlands,NL,2026-07,2026-07-01,netherlands__standard_permanent_contract,"Pays-Bas · contrat à durée indéterminée, grand employeur","Netherlands · permanent contract, large employer",0.9,2104.596,0.0,0.0,0.0274,0.0763,0.061,0.005,2104.596,57.66593,160.580675,128.380356,10.52298,357.149941,0.16970000000000002,2104.596,25255.2,9028.73,3115.0,5117.16,796.57,66.38,2038.216,2461.745941,357.149941,423.529941,1.1697,1.2077944345447196,23.384399999999914,23.384399999999914,22.274399999999787,27.352732000000287,3.968332000000032,5.078331999999989,1.0,0.9525324575357875,1.1696999709208014,0.16969997092078679,0.21716751338499202
Netherlands,NL,2026-07,2026-07-01,netherlands__standard_permanent_contract,"Pays-Bas · contrat à durée indéterminée, grand employeur","Netherlands · permanent contract, large employer",0.91,2127.9804,0.0,0.0,0.0274,0.0763,0.061,0.005,2127.9804,58.306663,162.364905,129.806804,10.639902,361.118274,0.16970000000000005,2127.9804,25535.76,9129.03,3115.0,5204.16,809.87,67.49,2060.4904,2489.098674,361.118274,428.608274,1.1697000000000002,1.208012749722105,23.384399999999914,23.384399999999914,22.27440000000024,27.352732999999716,3.968332999999973,5.078332999999986,1.0,0.952532457535807,1.1697000136843287,0.16970001368433602,0.2171675561485437
Netherlands,NL,2026-07,2026-07-01,netherlands__standard_permanent_contract,"Pays-Bas · contrat à durée indéterminée, grand employeur","Netherlands · permanent contract, large employer",0.92,2151.3648,0.0,0.0,0.0274,0.0763,0.061,0.005,2151.3648,58.947396,164.149134,131.233253,10.756824,365.086607,0.1697,2151.3648,25816.32,9229.33,3115.0,5291.16,823.17,68.6,2082.7648,2516.451407,365.086607,433.686607,1.1697,1.2082263952991714,23.384399999999914,23.384399999999914,22.274399999999787,27.35273300000017,3.9683330000000296,5.078332999999986,1.0,0.9525324575357875,1.1697000136843483,0.16970001368433846,0.2171675561485437
Netherlands,NL,2026-07,2026-07-01,netherlands__standard_permanent_contract,"Pays-Bas · contrat à durée indéterminée, grand employeur","Netherlands · permanent contract, large employer",0.93,2174.7492,0.0,0.0,0.0274,0.0763,0.061,0.005,2174.7492,59.588128,165.933364,132.659701,10.873746,369.054939,0.16970000000000002,2174.7492,26097.0,9329.68,3115.0,5304.91,909.77,75.81,2098.9392,2543.804139,369.054939,444.864939,1.1697,1.211947511028428,23.38440000000037,23.38440000000037,16.174399999999878,27.352731999999833,3.9683319999999753,11.178332000000012,1.0,0.6916747917414867,1.1696999709207592,0.16969997092078107,0.4780251791792749
Netherlands,NL,2026-07,2026-07-01,netherlands__standard_permanent_contract,"Pays-Bas · contrat à durée indéterminée, grand employeur","Netherlands · permanent contract, large employer",0.94,2198.1336,0.0,0.0,0.0274,0.0763,0.061,0.005,2198.1336,60.228861,167.717594,134.08615,10.990668,373.023272,0.16970000000000002,2198.1336,26377.56,9429.98,3115.0,5310.38,1004.6,83.72,2114.4136,2571.156872,373.023272,456.743272,1.1697000000000002,1.216014157268001,23.384399999999914,23.384399999999914,15.47440000000006,27.35273300000017,3.9683330000000296,11.878332999999998,1.0,0.6617403055028188,1.1697000136843483,0.16970001368433846,0.5079597081815245
Netherlands,NL,2026-07,2026-07-01,netherlands__standard_permanent_contract,"Pays-Bas · contrat à durée indéterminée, grand employeur","Netherlands · permanent contract, large employer",0.95,2221.518,0.0,0.0,0.0274,0.0763,0.061,0.005,2221.518,60.869593,169.501823,135.512598,11.10759,376.991605,0.16970000000000002,2221.518,26658.24,9530.32,3115.0,5315.86,1099.46,91.62,2129.898,2598.509605,376.991605,468.611605,1.1697,1.2200159841457194,23.384399999999914,23.384399999999914,15.484400000000278,27.35273300000017,3.968332999999973,11.868333000000007,1.0,0.6621679410205237,1.1697000136843483,0.16970001368433602,0.5075320726638293
Netherlands,NL,2026-07,2026-07-01,netherlands__standard_permanent_contract,"Pays-Bas · contrat à durée indéterminée, grand employeur","Netherlands · permanent contract, large employer",0.96,2244.9024,0.0,0.0,0.0274,0.0763,0.061,0.005,2244.9024,61.510326,171.286053,136.939046,11.224512,380.959937,0.16970000000000002,2244.9024,26938.8,9630.62,3115.0,5321.33,1194.29,99.52,2145.3824,2625.862337,380.959937,480.479937,1.1697,1.2239600442699632,23.384399999999914,23.384399999999914,15.484399999999823,27.352731999999833,3.968332000000032,11.86833200000001,1.0,0.6621679410205042,1.169699970920782,0.16969997092078679,0.5075320299002777
Netherlands,NL,2026-07,2026-07-01,netherlands__standard_permanent_contract,"Pays-Bas · contrat à durée indéterminée, grand employeur","Netherlands · permanent contract, large employer",0.97,2268.2868,0.0,0.0,0.0274,0.0763,0.061,0.005,2268.2868,62.151058,173.070283,138.365495,11.341434,384.92827,0.16970000000000002,2268.2868,27219.48,9730.96,3115.0,5326.8,1289.16,107.43,2160.8568,2653.21507,384.92827,492.35827,1.1697,1.2278532617061897,23.384399999999914,23.384399999999914,15.47440000000006,27.35273300000017,3.968332999999973,11.878332999999998,1.0,0.6617403055028188,1.1697000136843483,0.16970001368433602,0.5079597081815245
Netherlands,NL,2026-07,2026-07-01,netherlands__standard_permanent_contract,"Pays-Bas · contrat à durée indéterminée, grand employeur","Netherlands · permanent contract, large employer",0.98,2291.6712,0.0,0.0,0.0274,0.0763,0.061,0.005,2291.6712,62.791791,174.854513,139.791943,11.458356,388.896603,0.16970000000000002,2291.6712,27500.04,9831.26,3115.0,5332.27,1383.99,115.33,2176.3412,2680.567803,388.896603,504.226603,1.1697,1.2316854556813057,23.38440000000037,23.38440000000037,15.484399999999823,27.352732999999716,3.9683330000000296,11.868333000000007,1.0,0.6621679410204914,1.169700013684306,0.16970001368433515,0.5075320726638195
Netherlands,NL,2026-07,2026-07-01,netherlands__standard_permanent_contract,"Pays-Bas · contrat à durée indéterminée, grand employeur","Netherlands · permanent contract, large employer",0.99,2315.0556,0.0,0.0,0.0274,0.0763,0.061,0.005,2315.0556,63.432523,176.638742,141.218392,11.575278,392.864935,0.16970000000000002,2315.0556,27780.72,9931.61,3115.0,5337.75,1478.86,123.24,2191.8156,2707.920535,392.864935,516.104935,1.1697000000000002,1.2354691404331641,23.384399999999914,23.384399999999914,15.47440000000006,27.352732000000287,3.9683319999999753,11.878331999999943,1.0,0.6617403055028188,1.1696999709208014,0.16969997092078437,0.5079596654179704
Netherlands,NL,2026-07,2026-07-01,netherlands__standard_permanent_contract,"Pays-Bas · contrat à durée indéterminée, grand employeur","Netherlands · permanent contract, large employer",1.0,2338.44,0.0,0.0,0.0274,0.0763,0.061,0.005,2338.44,64.073256,178.422972,142.64484,11.6922,396.833268,0.16970000000000002,2338.44,28061.28,10031.91,3115.0,5343.22,1573.69,131.14,2207.3,2735.273268,396.833268,527.973268,1.1697,1.2391941593802382,23.384399999999914,23.384399999999914,15.484400000000278,27.352732999999716,3.968332999999973,11.868333000000007,1.0,0.6621679410205237,1.1697000136843287,0.16970001368433602,0.5075320726638293
Netherlands,NL,2026-07,2026-07-01,netherlands__standard_permanent_contract,"Pays-Bas · contrat à durée indéterminée, grand employeur","Netherlands · permanent contract, large employer",1.01,2361.8244,0.0,0.0,0.0274,0.0763,0.061,0.005,2361.8244,64.713989,180.207202,144.071288,11.809122,400.801601,0.1697,2361.8244,28341.84,10132.21,3115.0,5348.69,1668.52,139.04,2222.7844,2762.626001,400.801601,539.841601,1.1697,1.242867279741571,23.384399999999914,23.384399999999914,15.484399999999823,27.35273300000017,3.9683330000000296,11.868333000000007,1.0,0.6621679410205042,1.1697000136843483,0.16970001368433846,0.5075320726638293
Netherlands,NL,2026-07,2026-07-01,netherlands__standard_permanent_contract,"Pays-Bas · contrat à durée indéterminée, grand employeur","Netherlands · permanent contract, large employer",1.02,2385.2088,0.0,0.0,0.0274,0.0763,0.061,0.005,2385.2088,65.354721,181.991431,145.497737,11.926044,404.769933,0.1697,2385.2088,28622.52,10232.55,3115.0,5354.16,1763.39,146.95,2238.2588,2789.978733,404.769933,551.719933,1.1697,1.24649514763887,23.384399999999914,23.384399999999914,15.47440000000006,27.352731999999833,3.9683319999999753,11.878332,1.0,0.6617403055028188,1.169699970920782,0.16969997092078437,0.5079596654179729
Netherlands,NL,2026-07,2026-07-01,netherlands__standard_permanent_contract,"Pays-Bas · contrat à durée indéterminée, grand employeur","Netherlands · permanent contract, large employer",1.03,2408.5932,0.0,0.0,0.0274,0.0763,0.061,0.005,2408.5932,65.995454,183.775661,146.924185,12.042966,408.738266,0.1697,2408.5932,28903.08,10332.85,3115.0,5359.63,1858.22,154.85,2253.7432,2817.331466,408.738266,563.588266,1.1697,1.250067650138667,23.384399999999914,23.384399999999914,15.484399999999823,27.35273300000017,3.9683330000000296,11.868333000000007,1.0,0.6621679410205042,1.1697000136843483,0.16970001368433846,0.5075320726638293
Netherlands,NL,2026-07,2026-07-01,netherlands__standard_permanent_contract,"Pays-Bas · contrat à durée indéterminée, grand employeur","Netherlands · permanent contract, large employer",1.04,2431.9776,0.0,0.0,0.0274,0.0763,0.061,0.005,2431.9776,66.636186,185.559891,148.350634,12.159888,412.706599,0.16970000000000002,2431.9776,29183.76,10433.19,3115.0,5365.11,1953.08,162.76,2269.2176,2844.684199,412.706599,575.466599,1.1697000000000002,1.2535969220051884,23.38440000000037,23.38440000000037,15.47440000000006,27.352732999999716,3.968332999999973,11.878332999999998,1.0,0.6617403055028059,1.169700013684306,0.1697000136843327,0.5079597081815146
Netherlands,NL,2026-07,2026-07-01,netherlands__standard_permanent_contract,"Pays-Bas · contrat à durée indéterminée, grand employeur","Netherlands · permanent contract, large employer",1.05,2455.362,0.0,0.0,0.0274,0.0763,0.061,0.005,2455.362,67.276919,187.344121,149.777082,12.27681,416.674931,0.16970000000000002,2455.362,29464.32,10533.49,3115.0,5370.58,2047.91,170.66,2284.702,2872.036931,416.674931,587.334931,1.1697,1.2570728836408422,23.384399999999914,23.384399999999914,15.484400000000278,27.352732000000287,3.968332000000032,11.86833200000001,1.0,0.6621679410205237,1.1696999709208014,0.16969997092078679,0.5075320299002777
Netherlands,NL,2026-07,2026-07-01,netherlands__standard_permanent_contract,"Pays-Bas · contrat à durée indéterminée, grand employeur","Netherlands · permanent contract, large employer",1.06,2478.7464,0.0,0.0,0.0274,0.0763,0.061,0.005,2478.7464,67.917651,189.12835,151.20353,12.393732,420.643264,0.1697,2478.7464,29745.0,10633.84,3114.42,5376.05,2143.37,178.61,2300.1364,2899.389664,420.643264,599.253264,1.1697,1.2605294468971493,23.384399999999914,23.384399999999914,15.434399999999641,27.352732999999716,3.968332999999973,11.918332999999961,1.0,0.6600297634320187,1.1697000136843287,0.16970001368433602,0.5096702502523052
Netherlands,NL,2026-07,2026-07-01,netherlands__standard_permanent_contract,"Pays-Bas · contrat à durée indéterminée, grand employeur","Netherlands · permanent contract, large employer",1.07,2502.1308,0.0,0.0,0.0274,0.0763,0.061,0.005,2502.1308,68.558384,190.91258,152.629979,12.510654,424.611597,0.1697,2502.1308,30025.56,10734.14,3096.47,5381.52,2256.15,188.01,2314.1208,2926.742397,424.611597,612.621597,1.1697,1.26473190023615,23.384399999999914,23.384399999999914,13.984400000000278,27.35273300000017,3.9683330000000296,13.368333000000007,1.0,0.5980226133661898,1.1697000136843483,0.16970001368433846,0.5716774003181632
Netherlands,NL,2026-07,2026-07-01,netherlands__standard_permanent_contract,"Pays-Bas · contrat à durée indéterminée, grand employeur","Netherlands · permanent contract, large employer",1.08,2525.5152,0.0,0.0,0.0274,0.0763,0.061,0.005,2525.5152,69.199116,192.69681,154.056427,12.627576,428.579929,0.1697,2525.5152,30306.24,10834.48,3078.52,5386.99,2368.97,197.41,2328.1052,2954.095129,428.579929,625.989929,1.1697,1.268883867206688,23.384399999999914,23.384399999999914,13.984399999999823,27.352731999999833,3.9683319999999753,13.36833200000001,1.0,0.5980226133661704,1.169699970920782,0.16969997092078437,0.5716773575546116
Netherlands,NL,2026-07,2026-07-01,netherlands__standard_permanent_contract,"Pays-Bas · contrat à durée indéterminée, grand employeur","Netherlands · permanent contract, large employer",1.09,2548.8996,0.0,0.0,0.0274,0.0763,0.061,0.005,2548.8996,69.839849,194.481039,155.482876,12.744498,432.548262,0.16970000000000002,2548.8996,30586.8,10934.78,3060.57,5392.47,2481.74,206.81,2342.0896,2981.447862,432.548262,639.358262,1.1697,1.272986252157048,23.38440000000037,23.38440000000037,13.984399999999823,27.35273300000017,3.9683330000000296,13.368333000000007,1.0,0.5980226133661587,1.1697000136843254,0.16970001368433515,0.5716774003181521
Netherlands,NL,2026-07,2026-07-01,netherlands__standard_permanent_contract,"Pays-Bas · contrat à durée indéterminée, grand employeur","Netherlands · permanent contract, large employer",1.1,2572.284,0.0,0.0,0.0274,0.0763,0.061,0.005,2572.284,70.480582,196.265269,156.909324,12.86142,436.516595,0.16970000000000002,2572.284,30867.36,11035.08,3042.62,5397.94,2594.52,216.21,2356.074,3008.800595,436.516595,652.726595,1.1697,1.277039937964597,23.384399999999914,23.384399999999914,13.984400000000278,27.35273300000017,3.968332999999973,13.368333000000007,1.0,0.5980226133661898,1.1697000136843483,0.16970001368433602,0.5716774003181632
Netherlands,NL,2026-07,2026-07-01,netherlands__standard_permanent_contract,"Pays-Bas · contrat à durée indéterminée, grand employeur","Netherlands · permanent contract, large employer",1.11,2595.6684,0.0,0.0,0.0274,0.0763,0.061,0.005,2595.6684,71.121314,198.049499,158.335772,12.978342,440.484927,0.16970000000000002,2595.6684,31148.04,11135.42,3024.66,5403.41,2707.35,225.61,2370.0584,3036.153327,440.484927,666.094927,1.1697,1.2810457866692229,23.384399999999914,23.384399999999914,13.984399999999823,27.352731999999833,3.968332000000032,13.36833200000001,1.0,0.5980226133661704,1.169699970920782,0.16969997092078679,0.5716773575546116
Netherlands,NL,2026-07,2026-07-01,netherlands__standard_permanent_contract,"Pays-Bas · contrat à durée indéterminée, grand employeur","Netherlands · permanent contract, large employer",1.12,2619.0528,0.0,0.0,0.0274,0.0763,0.061,0.005,2619.0528,71.762047,199.833729,159.762221,13.095264,444.45326,0.1697,2619.0528,31428.6,11235.72,3006.71,5408.88,2820.13,235.01,2384.0428,3063.50606,444.45326,679.46326,1.1697,1.2850046400844817,23.384399999999914,23.384399999999914,13.984400000000278,27.35273300000017,3.968332999999973,13.368333000000007,1.0,0.5980226133661898,1.1697000136843483,0.16970001368433602,0.5716774003181632
Netherlands,NL,2026-07,2026-07-01,netherlands__standard_permanent_contract,"Pays-Bas · contrat à durée indéterminée, grand employeur","Netherlands · permanent contract, large employer",1.13,2642.4372,0.0,0.0,0.0274,0.0763,0.061,0.005,2642.4372,72.402779,201.617958,161.188669,13.212186,448.421593,0.1697,2642.4372,31709.28,11336.07,2988.75,5414.35,2932.97,244.41,2398.0272,3090.858793,448.421593,692.831593,1.1697,1.2889173203873583,23.384399999999914,23.384399999999914,13.984399999999823,27.352732999999716,3.968332999999973,13.368333000000007,1.0,0.5980226133661704,1.1697000136843287,0.16970001368433602,0.5716774003181632
Netherlands,NL,2026-07,2026-07-01,netherlands__standard_permanent_contract,"Pays-Bas · contrat à durée indéterminée, grand employeur","Netherlands · permanent contract, large employer",1.14,2665.8216,0.0,0.0,0.0274,0.0763,0.061,0.005,2665.8216,73.043512,203.402188,162.615118,13.329108,452.389926,0.16970000000000002,2665.8216,31989.84,11436.37,2970.8,5419.82,3045.75,253.81,2412.0116,3118.211526,452.389926,706.199926,1.1697,1.2927846306875141,23.38440000000037,23.38440000000037,13.984399999999823,27.35273300000017,3.9683330000000296,13.368333000000007,1.0,0.5980226133661587,1.1697000136843254,0.16970001368433515,0.5716774003181521
Netherlands,NL,2026-07,2026-07-01,netherlands__standard_permanent_contract,"Pays-Bas · contrat à durée indéterminée, grand employeur","Netherlands · permanent contract, large employer",1.15,2689.206,0.0,0.0,0.0274,0.0763,0.061,0.005,2689.206,73.684244,205.186418,164.041566,13.44603,456.358258,0.16970000000000002,2689.206,32270.52,11536.71,2952.84,5425.3,3158.57,263.21,2425.996,3145.564258,456.358258,719.568258,1.1697,1.2966073555768436,23.384399999999914,23.384399999999914,13.984400000000278,27.352731999999833,3.9683319999999753,13.36833200000001,1.0,0.5980226133661898,1.169699970920782,0.16969997092078437,0.5716773575546116
Netherlands,NL,2026-07,2026-07-01,netherlands__standard_permanent_contract,"Pays-Bas · contrat à durée indéterminée, grand employeur","Netherlands · permanent contract, large employer",1.16,2712.5904,0.0,0.0,0.0274,0.0763,0.061,0.005,2712.5904,74.324977,206.970648,165.468014,13.562952,460.326591,0.16970000000000002,2712.5904,32551.08,11637.01,2934.89,5430.77,3271.35,272.61,2439.9804,3172.916991,460.326591,732.936591,1.1697,1.3003862616601347,23.384399999999914,23.384399999999914,13.984399999999823,27.35273300000017,3.9683330000000296,13.368333000000007,1.0,0.5980226133661704,1.1697000136843483,0.16970001368433846,0.5716774003181632
Netherlands,NL,2026-07,2026-07-01,netherlands__standard_permanent_contract,"Pays-Bas · contrat à durée indéterminée, grand employeur","Netherlands · permanent contract, large employer",1.17,2735.9748,0.0,0.0,0.0274,0.0763,0.061,0.005,2735.9748,74.96571,208.754877,166.894463,13.679874,464.294924,0.1697,2735.9748,32831.64,11737.31,2916.94,5436.24,3384.13,282.01,2453.9648,3200.269724,464.294924,746.304924,1.1697,1.3041220980675845,23.384399999999914,23.384399999999914,13.984400000000278,27.35273300000017,3.968332999999973,13.368333000000007,1.0,0.5980226133661898,1.1697000136843483,0.16970001368433602,0.5716774003181632
Netherlands,NL,2026-07,2026-07-01,netherlands__standard_permanent_contract,"Pays-Bas · contrat à durée indéterminée, grand employeur","Netherlands · permanent contract, large employer",1.18,2759.3592,0.0,0.0,0.0274,0.0763,0.061,0.005,2759.3592,75.606442,210.539107,168.320911,13.796796,468.263256,0.1697,2759.3592,33112.32,11837.65,2898.98,5441.71,3496.96,291.41,2467.9492,3227.622456,468.263256,759.673256,1.1697,1.3078155969498886,23.384399999999914,23.384399999999914,13.984399999999823,27.352731999999833,3.968332000000032,13.36833200000001,1.0,0.5980226133661704,1.169699970920782,0.16969997092078679,0.5716773575546116
Netherlands,NL,2026-07,2026-07-01,netherlands__standard_permanent_contract,"Pays-Bas · contrat à durée indéterminée, grand employeur","Netherlands · permanent contract, large employer",1.19,2782.7436,0.0,0.0,0.0274,0.0763,0.061,0.005,2782.7436,76.247175,212.323337,169.74736,13.913718,472.231589,0.16970000000000002,2782.7436,33392.88,11937.95,2881.03,5447.18,3609.74,300.81,2481.9336,3254.975189,472.231589,773.041589,1.1697,1.3114674739565957,23.384399999999914,23.384399999999914,13.984399999999823,27.352732999999716,3.968332999999973,13.368333000000007,1.0,0.5980226133661704,1.1697000136843287,0.16970001368433602,0.5716774003181632
Netherlands,NL,2026-07,2026-07-01,netherlands__standard_permanent_contract,"Pays-Bas · contrat à durée indéterminée, grand employeur","Netherlands · permanent contract, large employer",1.2,2806.128,0.0,0.0,0.0274,0.0763,0.061,0.005,2806.128,76.887907,214.107566,171.173808,14.03064,476.199922,0.16970000000000002,2806.128,33673.56,12038.3,2863.07,5452.66,3722.57,310.21,2495.918,3282.327922,476.199922,786.409922,1.1697,1.3150784286983788,23.38440000000037,23.38440000000037,13.984400000000278,27.35273300000017,3.9683330000000296,13.368333000000007,1.0,0.5980226133661782,1.1697000136843254,0.16970001368433515,0.5716774003181521
Netherlands,NL,2026-07,2026-07-01,netherlands__standard_permanent_contract,"Pays-Bas · contrat à durée indéterminée, grand employeur","Netherlands · permanent contract, large employer",1.21,2829.5124,0.0,0.0,0.0274,0.0763,0.061,0.005,2829.5124,77.52864,215.891796,172.600256,14.147562,480.168254,0.16970000000000002,2829.5124,33954.12,12138.6,2845.12,5458.13,3835.35,319.61,2509.9024,3309.680654,480.168254,799.778254,1.1697,1.318649145193853,23.384399999999914,23.384399999999914,13.984399999999823,27.352731999999833,3.9683319999999753,13.368331999999896,1.0,0.5980226133661704,1.169699970920782,0.16969997092078437,0.5716773575546067
Netherlands,NL,2026-07,2026-07-01,netherlands__standard_permanent_contract,"Pays-Bas · contrat à durée indéterminée, grand employeur","Netherlands · permanent contract, large employer",1.22,2852.8968,0.0,0.0,0.0274,0.0763,0.061,0.005,2852.8968,78.169372,217.676026,174.026705,14.264484,484.136587,0.16970000000000002,2852.8968,34234.8,12238.94,2827.17,5463.6,3948.17,329.01,2523.8868,3337.033387,484.136587,813.146587,1.1697,1.3221802923015404,23.384399999999914,23.384399999999914,13.984400000000278,27.35273300000017,3.9683330000000296,13.368333000000007,1.0,0.5980226133661898,1.1697000136843483,0.16970001368433846,0.5716774003181632
Netherlands,NL,2026-07,2026-07-01,netherlands__standard_permanent_contract,"Pays-Bas · contrat à durée indéterminée, grand employeur","Netherlands · permanent contract, large employer",1.23,2876.2812,0.0,0.0,0.0274,0.0763,0.061,0.005,2876.2812,78.810105,219.460256,175.453153,14.381406,488.10492,0.1697,2876.2812,34515.36,12339.24,2809.22,5469.07,4060.95,338.41,2537.8712,3364.38612,488.10492,826.51492,1.1697,1.3256725241375527,23.384399999999914,23.384399999999914,13.984399999999823,27.35273300000017,3.968332999999973,13.368333000000007,1.0,0.5980226133661704,1.1697000136843483,0.16970001368433602,0.5716774003181632
Netherlands,NL,2026-07,2026-07-01,netherlands__standard_permanent_contract,"Pays-Bas · contrat à durée indéterminée, grand employeur","Netherlands · permanent contract, large employer",1.24,2899.6656,0.0,0.0,0.0274,0.0763,0.061,0.005,2899.6656,79.450837,221.244485,176.879602,14.498328,492.073252,0.1697,2899.6656,34796.04,12439.58,2791.26,5474.55,4173.77,347.81,2551.8556,3391.738852,492.073252,839.883252,1.1697,1.329126480479538,23.384399999999914,23.384399999999914,13.984399999999823,27.352731999999833,3.968332000000032,13.36833200000001,1.0,0.5980226133661704,1.169699970920782,0.16969997092078679,0.5716773575546116
Netherlands,NL,2026-07,2026-07-01,netherlands__standard_permanent_contract,"Pays-Bas · contrat à durée indéterminée, grand employeur","Netherlands · permanent contract, large employer",1.25,2923.05,0.0,0.0,0.0274,0.0763,0.061,0.005,2923.05,80.09157,223.028715,178.30605,14.61525,496.041585,0.1697,2923.05,35076.6,12539.88,2773.31,5480.02,4286.55,357.21,2565.84,3419.091585,496.041585,853.251585,1.1697,1.332542787157422,23.38440000000037,23.38440000000037,13.984400000000278,27.35273300000017,3.968332999999973,13.368333000000007,1.0,0.5980226133661782,1.1697000136843254,0.1697000136843327,0.5716774003181521
Netherlands,NL,2026-07,2026-07-01,netherlands__standard_permanent_contract,"Pays-Bas · contrat à durée indéterminée, grand employeur","Netherlands · permanent contract, large employer",1.26,2946.4344,0.0,0.0,0.0274,0.0763,0.061,0.005,2946.4344,80.732303,224.812945,179.732498,14.732172,500.009918,0.1697,2946.4344,35357.16,12640.18,2755.36,5485.49,4399.33,366.61,2579.8244,3446.444318,500.009918,866.619918,1.1697,1.3359220564314378,23.384399999999914,23.384399999999914,13.984399999999823,27.352732999999716,3.9683330000000296,13.368333000000007,1.0,0.5980226133661704,1.1697000136843287,0.16970001368433846,0.5716774003181632
Netherlands,NL,2026-07,2026-07-01,netherlands__standard_permanent_contract,"Pays-Bas · contrat à durée indéterminée, grand employeur","Netherlands · permanent contract, large employer",1.27,2969.8188,0.0,0.0,0.0274,0.0763,0.061,0.005,2969.8188,81.373035,226.597174,181.158947,14.849094,503.97825,0.1697,2969.8188,35637.84,12740.53,2737.4,5490.96,4512.17,376.01,2593.8088,3473.79705,503.97825,879.98825,1.1697,1.3392648873579271,23.384399999999914,23.384399999999914,13.984399999999823,27.352732000000287,3.9683319999999753,13.36833200000001,1.0,0.5980226133661704,1.1696999709208014,0.16969997092078437,0.5716773575546116
Netherlands,NL,2026-07,2026-07-01,netherlands__standard_permanent_contract,"Pays-Bas · contrat à durée indéterminée, grand employeur","Netherlands · permanent contract, large employer",1.28,2993.2032,0.0,0.0,0.0274,0.0763,0.061,0.005,2993.2032,82.013768,228.381404,182.585395,14.966016,507.946583,0.16970000000000002,2993.2032,35918.4,12840.83,2719.45,5496.43,4624.95,385.41,2607.7932,3501.149783,507.946583,893.356583,1.1697,1.3425718661433736,23.384399999999914,23.384399999999914,13.984400000000278,27.352732999999716,3.968332999999973,13.368333000000007,1.0,0.5980226133661898,1.1697000136843287,0.16970001368433602,0.5716774003181632
Netherlands,NL,2026-07,2026-07-01,netherlands__standard_permanent_contract,"Pays-Bas · contrat à durée indéterminée, grand employeur","Netherlands · permanent contract, large employer",1.29,3016.5876,0.0,0.0,0.0274,0.0763,0.061,0.005,3016.5876,82.6545,230.165634,184.011844,15.082938,511.914916,0.16970000000000002,3016.5876,36199.08,12941.17,2701.49,5501.9,4737.78,394.82,2621.7676,3528.502516,511.914916,906.734916,1.1697,1.3458486998313657,23.384399999999914,23.384399999999914,13.97440000000006,27.35273300000017,3.9683330000000296,13.378332999999998,1.0,0.5975949778484849,1.1697000136843483,0.16970001368433846,0.5721050358358584
Netherlands,NL,2026-07,2026-07-01,netherlands__standard_permanent_contract,"Pays-Bas · contrat à durée indéterminée, grand employeur","Netherlands · permanent contract, large employer",1.3,3039.972,0.0,0.0,0.0274,0.0763,0.061,0.005,3039.972,83.295233,231.949864,185.438292,15.19986,515.883248,0.16970000000000005,3039.972,36479.64,13041.47,2683.54,5507.38,4850.55,404.21,2635.762,3555.855248,515.883248,920.093248,1.1697,1.3490805499130802,23.38440000000037,23.38440000000037,13.994400000000041,27.352731999999833,3.9683319999999753,13.358332000000019,1.0,0.5984502488838637,1.1696999709207592,0.16969997092078107,0.5712497220369053
Netherlands,NL,2026-07,2026-07-01,netherlands__standard_permanent_contract,"Pays-Bas · contrat à durée indéterminée, grand employeur","Netherlands · permanent contract, large employer",1.31,3063.3564,0.0,0.0,0.0274,0.0763,0.061,0.005,3063.3564,83.935965,233.734093,186.86474,15.316782,519.851581,0.16970000000000002,3063.3564,36760.32,13141.81,2665.58,5512.85,4963.38,413.62,2649.7364,3583.207981,519.851581,933.471581,1.1697,1.3522884695549338,23.384399999999914,23.384399999999914,13.974399999999605,27.35273300000017,3.9683330000000296,13.378332999999998,1.0,0.5975949778484655,1.1697000136843483,0.16970001368433846,0.5721050358358584
Netherlands,NL,2026-07,2026-07-01,netherlands__standard_permanent_contract,"Pays-Bas · contrat à durée indéterminée, grand employeur","Netherlands · permanent contract, large employer",1.32,3086.7408,0.0,0.0,0.0274,0.0763,0.061,0.005,3086.7408,84.576698,235.518323,188.291189,15.433704,523.819914,0.1697,3086.7408,37040.88,13242.11,2647.63,5518.32,5076.16,423.01,2663.7308,3610.560714,523.819914,946.829914,1.1697,1.3554525531483885,23.384399999999914,23.384399999999914,13.994400000000041,27.35273300000017,3.9683330000000296,13.358333000000016,1.0,0.5984502488838753,1.1697000136843483,0.16970001368433846,0.5712497648004681
Netherlands,NL,2026-07,2026-07-01,netherlands__standard_permanent_contract,"Pays-Bas · contrat à durée indéterminée, grand employeur","Netherlands · permanent contract, large employer",1.33,3110.1252,0.0,0.0,0.0274,0.0763,0.061,0.005,3110.1252,85.21743,237.302553,189.717637,15.550626,527.788246,0.16970000000000002,3110.1252,37321.56,13342.46,2629.68,5523.79,5188.99,432.42,2677.7052,3637.913446,527.788246,960.208246,1.1697,1.358593711675206,23.384399999999914,23.384399999999914,13.97440000000006,27.352731999999833,3.9683319999999185,13.378332,1.0,0.5975949778484849,1.169699970920782,0.16969997092078193,0.5721049930723068
Netherlands,NL,2026-07,2026-07-01,netherlands__standard_permanent_contract,"Pays-Bas · contrat à durée indéterminée, grand employeur","Netherlands · permanent contract, large employer",1.34,3133.5096,0.0,0.0,0.0274,0.0763,0.061,0.005,3133.5096,85.858163,239.086782,191.144086,15.667548,531.756579,0.16970000000000002,3133.5096,37602.12,13442.76,2611.73,5529.26,5301.77,441.81,2691.6996,3665.266179,531.756579,973.566579,1.1697,1.361692136492497,23.384399999999914,23.384399999999914,13.994400000000041,27.35273300000017,3.9683330000000296,13.358333000000016,1.0,0.5984502488838753,1.1697000136843483,0.16970001368433846,0.5712497648004681
Netherlands,NL,2026-07,2026-07-01,netherlands__standard_permanent_contract,"Pays-Bas · contrat à durée indéterminée, grand employeur","Netherlands · permanent contract, large employer",1.35,3156.894,0.0,0.0,0.0274,0.0763,0.061,0.005,3156.894,86.498896,240.871012,192.570534,15.78447,535.724912,0.16970000000000005,3156.894,37882.68,13543.06,2593.78,5534.73,5414.55,451.21,2705.684,3692.618912,535.724912,986.934912,1.1697,1.3647635539848704,23.384399999999914,23.384399999999914,13.984400000000278,27.352732999999716,3.9683330000000296,13.368333000000007,1.0,0.5980226133661898,1.1697000136843287,0.16970001368433846,0.5716774003181632
Netherlands,NL,2026-07,2026-07-01,netherlands__standard_permanent_contract,"Pays-Bas · contrat à durée indéterminée, grand employeur","Netherlands · permanent contract, large employer",1.36,3180.2784,0.0,0.0,0.0274,0.0763,0.061,0.005,3180.2784,87.139628,242.655242,193.996982,15.901392,539.693244,0.1697,3180.2784,38163.36,13643.4,2575.82,5540.21,5527.37,460.61,2719.6684,3719.971644,539.693244,1000.303244,1.1697,1.3678033853244755,23.38440000000037,23.38440000000037,13.984399999999823,27.352732000000287,3.968332000000032,13.368331999999896,1.0,0.5980226133661587,1.1696999709207787,0.16969997092078348,0.5716773575545956
Netherlands,NL,2026-07,2026-07-01,netherlands__standard_permanent_contract,"Pays-Bas · contrat à durée indéterminée, grand employeur","Netherlands · permanent contract, large employer",1.37,3203.6628,0.0,0.0,0.0274,0.0763,0.061,0.005,3203.6628,87.780361,244.439472,195.423431,16.018314,543.661577,0.1697,3203.6628,38443.92,13743.7,2557.87,5545.68,5640.15,470.01,2733.6528,3747.324377,543.661577,1013.671577,1.1697,1.3708121152620405,23.384399999999914,23.384399999999914,13.984399999999823,27.352732999999716,3.968332999999916,13.368333000000007,1.0,0.5980226133661704,1.1697000136843287,0.1697000136843336,0.5716774003181632
Netherlands,NL,2026-07,2026-07-01,netherlands__standard_permanent_contract,"Pays-Bas · contrat à durée indéterminée, grand employeur","Netherlands · permanent contract, large employer",1.38,3227.0472,0.0,0.0,0.0274,0.0763,0.061,0.005,3227.0472,88.421093,246.223701,196.849879,16.135236,547.62991,0.1697,3227.0472,38724.6,13844.04,2539.91,5551.15,5752.98,479.42,2747.6272,3774.67711,547.62991,1027.04991,1.1697,1.3737952185944295,23.384399999999914,23.384399999999914,13.97440000000006,27.35273300000017,3.9683330000000296,13.378332999999998,1.0,0.5975949778484849,1.1697000136843483,0.16970001368433846,0.5721050358358584
Netherlands,NL,2026-07,2026-07-01,netherlands__standard_permanent_contract,"Pays-Bas · contrat à durée indéterminée, grand employeur","Netherlands · permanent contract, large employer",1.39,3250.4316,0.0,0.0,0.0274,0.0763,0.061,0.005,3250.4316,89.061826,248.007931,198.276328,16.252158,551.598243,0.1697,3250.4316,39005.16,13946.56,2521.96,5556.62,5867.98,489.0,2761.4316,3802.029843,551.598243,1040.598243,1.1697,1.376832887158965,23.384399999999914,23.384399999999914,13.804399999999987,27.352732999999716,3.9683330000000296,13.548332999999957,1.0,0.5903251740476573,1.1697000136843287,0.16970001368433846,0.5793748396366811
Netherlands,NL,2026-07,2026-07-01,netherlands__standard_permanent_contract,"Pays-Bas · contrat à durée indéterminée, grand employeur","Netherlands · permanent contract, large employer",1.4,3273.816,0.0,0.0,0.0274,0.0763,0.061,0.005,3273.816,89.702558,249.792161,199.702776,16.36908,555.566575,0.16970000000000005,3273.816,39285.84,14051.98,2504.0,5562.1,5985.88,498.82,2774.996,3829.382575,555.566575,1054.386575,1.1697,1.3799596738878184,23.384399999999914,23.384399999999914,13.564400000000205,27.352732000000287,3.9683319999999185,13.788332000000082,1.0,0.5800619216229732,1.1696999709208014,0.16969997092078193,0.5896380492978281
Netherlands,NL,2026-07,2026-07-01,netherlands__standard_permanent_contract,"Pays-Bas · contrat à durée indéterminée, grand employeur","Netherlands · permanent contract, large employer",1.41,3297.2004,0.0,0.0,0.0274,0.0763,0.061,0.005,3297.2004,90.343291,251.576391,201.129224,16.486002,559.534908,0.16970000000000002,3297.2004,39566.4,14157.36,2486.05,5567.57,6103.74,508.65,2788.5504,3856.735308,559.534908,1068.184908,1.1697,1.383061001113697,23.38440000000037,23.38440000000037,13.554399999999987,27.352732999999716,3.9683330000000296,13.798332999999957,1.0,0.579634286105257,1.169700013684306,0.16970001368433515,0.5900657275790586
Netherlands,NL,2026-07,2026-07-01,netherlands__standard_permanent_contract,"Pays-Bas · contrat à durée indéterminée, grand employeur","Netherlands · permanent contract, large employer",1.42,3320.5848,0.0,0.0,0.0274,0.0763,0.061,0.005,3320.5848,90.984024,253.36062,202.555673,16.602924,563.503241,0.16970000000000002,3320.5848,39846.96,14262.74,2468.1,5573.04,6221.6,518.47,2802.1148,3884.088041,563.503241,1081.973241,1.1697,1.3861273779932213,23.384399999999914,23.384399999999914,13.56439999999975,27.35273300000017,3.9683330000000296,13.788332999999966,1.0,0.5800619216229538,1.1697000136843483,0.16970001368433846,0.589638092061375
Netherlands,NL,2026-07,2026-07-01,netherlands__standard_permanent_contract,"Pays-Bas · contrat à durée indéterminée, grand employeur","Netherlands · permanent contract, large employer",1.43,3343.9692,0.0,0.0,0.0274,0.0763,0.061,0.005,3343.9692,91.624756,255.14485,203.982121,16.719846,567.471573,0.1697,3343.9692,40127.64,14368.16,2450.14,5578.51,6339.51,528.29,2815.6792,3911.440773,567.471573,1095.761573,1.1697,1.3891642106245625,23.384399999999914,23.384399999999914,13.564400000000205,27.352731999999833,3.968332000000032,13.788332000000082,1.0,0.5800619216229732,1.169699970920782,0.16969997092078679,0.5896380492978281
Netherlands,NL,2026-07,2026-07-01,netherlands__standard_permanent_contract,"Pays-Bas · contrat à durée indéterminée, grand employeur","Netherlands · permanent contract, large employer",1.44,3367.3536,0.0,0.0,0.0274,0.0763,0.061,0.005,3367.3536,92.265489,256.92908,205.40857,16.836768,571.439906,0.16970000000000002,3367.3536,40408.2,14473.54,2432.19,5583.98,6457.37,538.11,2829.2436,3938.793506,571.439906,1109.549906,1.1697,1.392171923944619,23.384399999999914,23.384399999999914,13.56439999999975,27.35273300000017,3.968332999999916,13.788332999999966,1.0,0.5800619216229538,1.1697000136843483,0.1697000136843336,0.589638092061375
Netherlands,NL,2026-07,2026-07-01,netherlands__standard_permanent_contract,"Pays-Bas · contrat à durée indéterminée, grand employeur","Netherlands · permanent contract, large employer",1.45,3390.738,0.0,0.0,0.0274,0.0763,0.061,0.005,3390.738,92.906221,258.713309,206.835018,16.95369,575.408239,0.16970000000000002,3390.738,40688.88,14578.96,2414.23,5589.46,6575.27,547.94,2842.798,3966.146239,575.408239,1123.348239,1.1697,1.3951558424481796,23.384399999999914,23.384399999999914,13.554399999999987,27.35273300000017,3.9683330000000296,13.798332999999957,1.0,0.5796342861052683,1.1697000136843483,0.16970001368433846,0.5900657275790702
Netherlands,NL,2026-07,2026-07-01,netherlands__standard_permanent_contract,"Pays-Bas · contrat à durée indéterminée, grand employeur","Netherlands · permanent contract, large employer",1.46,3414.1224,0.0,0.0,0.0274,0.0763,0.061,0.005,3414.1224,93.546954,260.497539,208.261466,17.070612,579.376571,0.1697,3414.1224,40969.44,14684.34,2396.28,5594.93,6693.13,557.76,2856.3624,3993.498971,579.376571,1137.136571,1.1697,1.3981065467323055,23.38440000000037,23.38440000000037,13.564400000000205,27.352731999999833,3.968332000000032,13.788332000000082,1.0,0.580061921622962,1.1696999709207592,0.16969997092078348,0.5896380492978167
Netherlands,NL,2026-07,2026-07-01,netherlands__standard_permanent_contract,"Pays-Bas · contrat à durée indéterminée, grand employeur","Netherlands · permanent contract, large employer",1.47,3437.5068,0.0,0.0,0.0274,0.0763,0.061,0.005,3437.5068,94.187686,262.281769,209.687915,17.187534,583.344904,0.16970000000000002,3437.5068,41250.12,14789.76,2378.33,5600.4,6811.03,567.59,2869.9168,4020.851704,583.344904,1150.934904,1.1697,1.4010342404211857,23.384399999999914,23.384399999999914,13.554399999999987,27.35273300000017,3.9683330000000296,13.798332999999957,1.0,0.5796342861052683,1.1697000136843483,0.16970001368433846,0.5900657275790702
Netherlands,NL,2026-07,2026-07-01,netherlands__standard_permanent_contract,"Pays-Bas · contrat à durée indéterminée, grand employeur","Netherlands · permanent contract, large employer",1.48,3460.8912,0.0,0.0,0.0274,0.0763,0.061,0.005,3460.8912,94.828419,264.065999,211.114363,17.304456,587.313237,0.1697,3460.8912,41530.68,14895.14,2360.38,5605.87,6928.89,577.41,2883.4812,4048.204437,587.313237,1164.723237,1.1697,1.403929540667718,23.384399999999914,23.384399999999914,13.564400000000205,27.352732999999716,3.968332999999916,13.788332999999966,1.0,0.5800619216229732,1.1697000136843287,0.1697000136843336,0.589638092061375
Netherlands,NL,2026-07,2026-07-01,netherlands__standard_permanent_contract,"Pays-Bas · contrat à durée indéterminée, grand employeur","Netherlands · permanent contract, large employer",1.49,3484.2756,0.0,0.0,0.0274,0.0763,0.061,0.005,3484.2756,95.469151,265.850228,212.540812,17.421378,591.281569,0.16970000000000002,3484.2756,41811.36,15000.56,2342.42,5611.34,7046.8,587.23,2897.0456,4075.557169,591.281569,1178.511569,1.1697,1.4067977284582611,23.384399999999914,23.384399999999914,13.56439999999975,27.352732000000287,3.968332000000032,13.788332000000082,1.0,0.5800619216229538,1.1696999709208014,0.16969997092078679,0.5896380492978281
Netherlands,NL,2026-07,2026-07-01,netherlands__standard_permanent_contract,"Pays-Bas · contrat à durée indéterminée, grand employeur","Netherlands · permanent contract, large employer",1.5,3507.66,0.0,0.0,0.0274,0.0763,0.061,0.005,3507.66,96.109884,267.634458,213.96726,17.5383,595.249902,0.16970000000000002,3507.66,42091.92,15105.94,2324.47,5616.81,7164.66,597.06,2910.6,4102.909902,595.249902,1192.309902,1.1697,1.4096440259740257,23.384399999999914,23.384399999999914,13.554399999999987,27.35273300000017,3.9683330000000296,13.798332999999957,1.0,0.5796342861052683,1.1697000136843483,0.16970001368433846,0.5900657275790702
Netherlands,NL,2026-07,2026-07-01,netherlands__standard_permanent_contract,"Pays-Bas · contrat à durée indéterminée, grand employeur","Netherlands · permanent contract, large employer",1.51,3531.0444,0.0,0.0,0.0274,0.0763,0.061,0.005,3531.0444,96.750617,269.418688,215.393708,17.655222,599.218235,0.1697,3531.0444,42372.48,15211.32,2306.52,5622.29,7282.51,606.88,2924.1644,4130.262635,599.218235,1206.098235,1.1697000000000002,1.4124591061569591,23.38440000000037,23.38440000000037,13.564400000000205,27.352732999999716,3.9683330000000296,13.788332999999966,1.0,0.580061921622962,1.169700013684306,0.16970001368433515,0.5896380920613635
Netherlands,NL,2026-07,2026-07-01,netherlands__standard_permanent_contract,"Pays-Bas · contrat à durée indéterminée, grand employeur","Netherlands · permanent contract, large employer",1.52,3554.4288,0.0,0.0,0.0274,0.0763,0.061,0.005,3554.4288,97.391349,271.202917,216.820157,17.772144,603.186567,0.1697,3554.4288,42653.16,15316.74,2288.56,5627.76,7400.42,616.7,2937.7288,4157.615367,603.186567,1219.886567,1.1697,1.4152481901528828,23.384399999999914,23.384399999999914,13.56439999999975,27.352732000000287,3.9683319999999185,13.788332000000082,1.0,0.5800619216229538,1.1696999709208014,0.16969997092078193,0.5896380492978281
Netherlands,NL,2026-07,2026-07-01,netherlands__standard_permanent_contract,"Pays-Bas · contrat à durée indéterminée, grand employeur","Netherlands · permanent contract, large employer",1.53,3577.8132,0.0,0.0,0.0274,0.0763,0.061,0.005,3577.8132,98.032082,272.987147,218.246605,17.889066,607.1549,0.16969999999999996,3577.8132,42933.72,15422.12,2270.61,5633.23,7518.28,626.52,2951.2932,4184.9681,607.1549,1233.6749,1.1697,1.4180116364040007,23.384399999999914,23.384399999999914,13.564400000000205,27.352732999999716,3.9683330000000296,13.788332999999966,1.0,0.5800619216229732,1.1697000136843287,0.16970001368433846,0.589638092061375
Netherlands,NL,2026-07,2026-07-01,netherlands__standard_permanent_contract,"Pays-Bas · contrat à durée indéterminée, grand employeur","Netherlands · permanent contract, large employer",1.54,3601.1976,0.0,0.0,0.0274,0.0763,0.061,0.005,3601.1976,98.672814,274.771377,219.673054,18.005988,611.123233,0.16970000000000002,3601.1976,43214.4,15527.55,2252.65,5638.7,7636.2,636.35,2964.8476,4212.320833,611.123233,1247.473233,1.1697,1.4207545887754904,23.384399999999914,23.384399999999914,13.554399999999987,27.352732999999716,3.9683330000000296,13.798332999999957,1.0,0.5796342861052683,1.1697000136843287,0.16970001368433846,0.5900657275790702
Netherlands,NL,2026-07,2026-07-01,netherlands__standard_permanent_contract,"Pays-Bas · contrat à durée indéterminée, grand employeur","Netherlands · permanent contract, large employer",1.55,3624.582,0.0,0.0,0.0274,0.0763,0.061,0.005,3624.582,99.313547,276.555607,221.099502,18.12291,615.091565,0.16970000000000002,3624.582,43494.96,15632.92,2234.7,5644.17,7754.05,646.17,2978.412,4239.673565,615.091565,1261.261565,1.1697,1.423467796060451,23.384399999999914,23.384399999999914,13.56439999999975,27.352732000000287,3.9683319999999185,13.788332000000082,1.0,0.5800619216229538,1.1696999709208014,0.16969997092078193,0.5896380492978281
Netherlands,NL,2026-07,2026-07-01,netherlands__standard_permanent_contract,"Pays-Bas · contrat à durée indéterminée, grand employeur","Netherlands · permanent contract, large employer",1.56,3647.9664,0.0,0.0,0.0274,0.0763,0.061,0.005,3647.9664,99.954279,278.339836,222.52595,18.239832,619.059898,0.1697,3647.9664,43775.64,15738.35,2216.74,5649.65,7871.96,656.0,2991.9664,4267.026298,619.059898,1275.059898,1.1697,1.4261611688152647,23.384399999999914,23.384399999999914,13.554399999999987,27.352732999999716,3.9683330000000296,13.798332999999957,1.0,0.5796342861052683,1.1697000136843287,0.16970001368433846,0.5900657275790702
Netherlands,NL,2026-07,2026-07-01,netherlands__standard_permanent_contract,"Pays-Bas · contrat à durée indéterminée, grand employeur","Netherlands · permanent contract, large employer",1.57,3671.3508,0.0,0.0,0.0274,0.0763,0.061,0.005,3671.3508,100.595012,280.124066,223.952399,18.356754,623.028231,0.16970000000000002,3671.3508,44056.2,15843.73,2198.79,5655.12,7989.82,665.82,3005.5308,4294.379031,623.028231,1288.848231,1.1697,1.4288254942388214,23.38440000000037,23.38440000000037,13.564400000000205,27.352733000000626,3.9683330000000296,13.788332999999966,1.0,0.580061921622962,1.169700013684345,0.16970001368433515,0.5896380920613635
Netherlands,NL,2026-07,2026-07-01,netherlands__standard_permanent_contract,"Pays-Bas · contrat à durée indéterminée, grand employeur","Netherlands · permanent contract, large employer",1.58,3694.7352,0.0,0.0,0.0274,0.0763,0.061,0.005,3694.7352,101.235744,281.908296,225.378847,18.473676,626.996563,0.1697,3694.7352,44336.88,15949.15,2180.84,5660.59,8107.72,675.64,3019.0952,4321.731763,626.996563,1302.636563,1.1697,1.4314658787308197,23.384399999999914,23.384399999999914,13.564400000000205,27.352731999999378,3.968332000000032,13.788332000000082,1.0,0.5800619216229732,1.1696999709207625,0.16969997092078679,0.5896380492978281
Netherlands,NL,2026-07,2026-07-01,netherlands__standard_permanent_contract,"Pays-Bas · contrat à durée indéterminée, grand employeur","Netherlands · permanent contract, large employer",1.59,3718.1196,0.0,0.0,0.0274,0.0763,0.061,0.005,3718.1196,101.876477,283.692525,226.805296,18.590598,630.964896,0.1697,3718.1196,44617.44,16054.53,2162.89,5666.06,8225.58,685.47,3032.6496,4349.084496,630.964896,1316.434896,1.1697,1.4340873723492484,23.384399999999914,23.384399999999914,13.554399999999987,27.352733000000626,3.968332999999916,13.798332999999957,1.0,0.5796342861052683,1.1697000136843676,0.1697000136843336,0.5900657275790702
Netherlands,NL,2026-07,2026-07-01,netherlands__standard_permanent_contract,"Pays-Bas · contrat à durée indéterminée, grand employeur","Netherlands · permanent contract, large employer",1.6,3741.504,0.0,0.0,0.0274,0.0763,0.061,0.005,3741.504,102.51721,285.476755,228.231744,18.70752,634.933229,0.16970000000000002,3741.504,44898.0,16159.91,2144.94,5671.53,8343.44,695.29,3046.214,4376.437229,634.933229,1330.223229,1.1697,1.4366808204545052,23.384399999999914,23.384399999999914,13.56439999999975,27.352732999999716,3.9683330000000296,13.788332999999966,1.0,0.5800619216229538,1.1697000136843287,0.16970001368433846,0.589638092061375
Netherlands,NL,2026-07,2026-07-01,netherlands__standard_permanent_contract,"Pays-Bas · contrat à durée indéterminée, grand employeur","Netherlands · permanent contract, large employer",1.61,3764.8884,0.0,0.0,0.0274,0.0763,0.061,0.005,3764.8884,103.157942,287.260985,229.658192,18.824442,638.901561,0.1697,3764.8884,45178.68,16265.33,2126.98,5677.01,8461.34,705.11,3059.7784,4403.789961,638.901561,1344.011561,1.1697000000000002,1.4392512743667976,23.384399999999914,23.384399999999914,13.564400000000205,27.352732000000287,3.968332000000032,13.788332000000082,1.0,0.5800619216229732,1.1696999709208014,0.16969997092078679,0.5896380492978281
Netherlands,NL,2026-07,2026-07-01,netherlands__standard_permanent_contract,"Pays-Bas · contrat à durée indéterminée, grand employeur","Netherlands · permanent contract, large employer",1.62,3788.2728,0.0,0.0,0.0274,0.0763,0.061,0.005,3788.2728,103.798675,289.045215,231.084641,18.941364,642.869894,0.16970000000000002,3788.2728,45459.24,16370.71,2109.03,5682.48,8579.2,714.93,3073.3428,4431.142694,642.869894,1357.799894,1.1697,1.4417990385452608,23.38440000000037,23.38440000000037,13.56439999999975,27.352732999999716,3.9683330000000296,13.788332999999966,1.0,0.5800619216229425,1.169700013684306,0.16970001368433515,0.5896380920613635
Netherlands,NL,2026-07,2026-07-01,netherlands__standard_permanent_contract,"Pays-Bas · contrat à durée indéterminée, grand employeur","Netherlands · permanent contract, large employer",1.63,3811.6572,0.0,0.0,0.0274,0.0763,0.061,0.005,3811.6572,104.439407,290.829444,232.511089,19.058286,646.838227,0.1697,3811.6572,45739.92,16476.13,2091.07,5675.37,8709.69,725.81,3085.8472,4458.495427,646.838227,1372.648227,1.1697,1.4448205429095777,23.384399999999914,23.384399999999914,12.50440000000026,27.352732999999716,3.968332999999916,14.848332999999911,1.0,0.5347325567472463,1.1697000136843287,0.1697000136843336,0.6349674569371019
Netherlands,NL,2026-07,2026-07-01,netherlands__standard_permanent_contract,"Pays-Bas · contrat à durée indéterminée, grand employeur","Netherlands · permanent contract, large employer",1.64,3835.0416,0.0,0.0,0.0274,0.0763,0.061,0.005,3835.0416,105.08014,292.613674,233.937538,19.175208,650.80656,0.1697,3835.0416,46020.48,16581.51,2073.12,5657.11,8851.28,737.61,3097.4316,4485.84816,650.80656,1388.41656,1.1697,1.448247689963517,23.384399999999914,23.384399999999914,11.584399999999732,27.352732999999716,3.9683330000000296,15.768332999999984,1.0,0.49539008911923227,1.1697000136843287,0.16970001368433846,0.6743099245650965
Netherlands,NL,2026-07,2026-07-01,netherlands__standard_permanent_contract,"Pays-Bas · contrat à durée indéterminée, grand employeur","Netherlands · permanent contract, large employer",1.65,3858.426,0.0,0.0,0.0274,0.0763,0.061,0.005,3858.426,105.720872,294.397904,235.363986,19.29213,654.774892,0.16970000000000002,3858.426,46301.16,16686.93,2055.16,5638.83,8992.94,749.41,3109.016,4513.200892,654.774892,1404.184892,1.1697000000000002,1.4516492974626056,23.384399999999914,23.384399999999914,11.584400000000187,27.352732000000287,3.968332000000032,15.7683320000001,1.0,0.4953900891192517,1.1696999709208014,0.16969997092078679,0.6743098818015497
Netherlands,NL,2026-07,2026-07-01,netherlands__standard_permanent_contract,"Pays-Bas · contrat à durée indéterminée, grand employeur","Netherlands · permanent contract, large employer",1.66,3881.8104,0.0,0.0,0.0274,0.0763,0.061,0.005,3881.8104,106.361605,296.182134,236.790434,19.409052,658.743225,0.1697,3881.8104,46581.72,16792.31,2037.21,5620.57,9134.53,761.21,3120.6004,4540.553625,658.743225,1419.953225,1.1697,1.455025649833282,23.384399999999914,23.384399999999914,11.584399999999732,27.352732999999716,3.9683330000000296,15.768332999999984,1.0,0.49539008911923227,1.1697000136843287,0.16970001368433846,0.6743099245650965
Netherlands,NL,2026-07,2026-07-01,netherlands__standard_permanent_contract,"Pays-Bas · contrat à durée indéterminée, grand employeur","Netherlands · permanent contract, large employer",1.67,3905.1948,0.0,0.0,0.0274,0.0763,0.061,0.005,3905.1948,107.002338,297.966363,238.216883,19.525974,662.711558,0.16970000000000002,3905.1948,46862.28,16897.69,2019.26,5602.3,9276.13,773.01,3132.1848,4567.906358,662.711558,1435.721558,1.1697,1.4583770272941747,23.38440000000037,23.38440000000037,11.584400000000187,27.352733000000626,3.968332999999916,15.768332999999984,1.0,0.4953900891192421,1.169700013684345,0.1697000136843303,0.6743099245650833
Netherlands,NL,2026-07,2026-07-01,netherlands__standard_permanent_contract,"Pays-Bas · contrat à durée indéterminée, grand employeur","Netherlands · permanent contract, large employer",1.68,3928.5792,0.0,0.0,0.0274,0.0763,0.061,0.005,3928.5792,107.64307,299.750593,239.643331,19.642896,666.67989,0.16970000000000002,3928.5792,47142.96,17003.11,2001.3,5584.03,9417.78,784.82,3143.7592,4595.25909,666.67989,1451.49989,1.1697000000000002,1.4617083554745545,23.384399999999914,23.384399999999914,11.574399999999969,27.352731999999378,3.968332000000032,15.778332000000091,1.0,0.49496245360154684,1.1696999709207625,0.16969997092078679,0.6747375173192448
Netherlands,NL,2026-07,2026-07-01,netherlands__standard_permanent_contract,"Pays-Bas · contrat à durée indéterminée, grand employeur","Netherlands · permanent contract, large employer",1.69,3951.9636,0.0,0.0,0.0274,0.0763,0.061,0.005,3951.9636,108.283803,301.534823,241.06978,19.759818,670.648223,0.16970000000000002,3951.9636,47423.52,17108.49,1983.35,5565.77,9559.37,796.61,3155.3536,4622.611823,670.648223,1467.258223,1.1697,1.4650059577855237,23.384399999999914,23.384399999999914,11.59439999999995,27.352733000000626,3.9683330000000296,15.758332999999993,1.0,0.49581772463693713,1.1697000136843676,0.16970001368433846,0.6738822890474013
Netherlands,NL,2026-07,2026-07-01,netherlands__standard_permanent_contract,"Pays-Bas · contrat à durée indéterminée, grand employeur","Netherlands · permanent contract, large employer",1.7,3975.348,0.0,0.0,0.0274,0.0763,0.061,0.005,3975.348,108.924535,303.319052,242.496228,19.87674,674.616556,0.16970000000000002,3975.348,47704.2,17213.92,1965.39,5547.5,9701.03,808.42,3166.928,4649.964556,674.616556,1483.036556,1.1697,1.4682886872072873,23.384399999999914,23.384399999999914,11.574399999999969,27.352732999999716,3.968332999999916,15.778332999999975,1.0,0.49496245360154684,1.1697000136843287,0.1697000136843336,0.6747375600827916
Netherlands,NL,2026-07,2026-07-01,netherlands__standard_permanent_contract,"Pays-Bas · contrat à durée indéterminée, grand employeur","Netherlands · permanent contract, large employer",1.71,3998.7324,0.0,0.0,0.0274,0.0763,0.061,0.005,3998.7324,109.565268,305.103282,243.922676,19.993662,678.584888,0.1697,3998.7324,47984.76,17319.29,1947.44,5529.23,9842.62,820.22,3178.5124,4677.317288,678.584888,1498.804888,1.1697,1.4715428790776466,23.384399999999914,23.384399999999914,11.584400000000187,27.352732000000287,3.968332000000032,15.768331999999873,1.0,0.4953900891192517,1.1696999709208014,0.16969997092078679,0.67430988180154
Netherlands,NL,2026-07,2026-07-01,netherlands__standard_permanent_contract,"Pays-Bas · contrat à durée indéterminée, grand employeur","Netherlands · permanent contract, large employer",1.72,4022.1168,0.0,0.0,0.0274,0.0763,0.061,0.005,4022.1168,110.206,306.887512,245.349125,20.110584,682.553221,0.16970000000000002,4022.1168,48265.44,17424.72,1929.49,5510.96,9984.27,832.02,3190.0968,4704.670021,682.553221,1514.573221,1.1697,1.4747734366430512,23.384399999999914,23.384399999999914,11.584399999999732,27.352732999999716,3.9683330000000296,15.768333000000212,1.0,0.49539008911923227,1.1697000136843287,0.16970001368433846,0.6743099245651062
Netherlands,NL,2026-07,2026-07-01,netherlands__standard_permanent_contract,"Pays-Bas · contrat à durée indéterminée, grand employeur","Netherlands · permanent contract, large employer",1.73,4045.5012,0.0,0.0,0.0274,0.0763,0.061,0.005,4045.5012,110.846733,308.671742,246.775573,20.227506,686.521554,0.1697,4045.5012,48546.0,17530.1,1911.54,5492.69,10125.87,843.82,3201.6812,4732.022754,686.521554,1530.341554,1.1697,1.4779806164461347,23.38440000000037,23.38440000000037,11.584400000000187,27.352732999999716,3.9683330000000296,15.768332999999984,1.0,0.4953900891192421,1.169700013684306,0.16970001368433515,0.6743099245650833
Netherlands,NL,2026-07,2026-07-01,netherlands__standard_permanent_contract,"Pays-Bas · contrat à durée indéterminée, grand employeur","Netherlands · permanent contract, large employer",1.74,4068.8856,0.0,0.0,0.0274,0.0763,0.061,0.005,4068.8856,111.487465,310.455971,248.202022,20.344428,690.489886,0.1697,4068.8856,48826.68,17635.52,1893.58,5474.42,10267.52,855.63,3213.2556,4759.375486,690.489886,1546.119886,1.1697,1.4811692808751349,23.384399999999914,23.384399999999914,11.574399999999969,27.352732000000287,3.9683319999999185,15.778331999999864,1.0,0.49496245360154684,1.1696999709208014,0.16969997092078193,0.6747375173192351
Netherlands,NL,2026-07,2026-07-01,netherlands__standard_permanent_contract,"Pays-Bas · contrat à durée indéterminée, grand employeur","Netherlands · permanent contract, large employer",1.75,4092.27,0.0,0.0,0.0274,0.0763,0.061,0.005,4092.27,112.128198,312.240201,249.62847,20.46135,694.458219,0.16970000000000002,4092.27,49107.24,17740.9,1875.63,5456.16,10409.11,867.43,3224.84,4786.728219,694.458219,1561.888219,1.1697000000000002,1.4843304532938069,23.384399999999914,23.384399999999914,11.584400000000187,27.352732999999716,3.9683330000000296,15.768332999999984,1.0,0.4953900891192517,1.1697000136843287,0.16970001368433846,0.6743099245650965
Netherlands,NL,2026-07,2026-07-01,netherlands__standard_permanent_contract,"Pays-Bas · contrat à durée indéterminée, grand employeur","Netherlands · permanent contract, large employer",1.76,4115.6544,0.0,0.0,0.0274,0.0763,0.061,0.005,4115.6544,112.768931,314.024431,251.054918,20.578272,698.426552,0.16970000000000002,4115.6544,49387.8,17846.28,1857.68,5437.89,10550.71,879.23,3236.4244,4814.080952,698.426552,1577.656552,1.1697,1.4874689956236888,23.38440000000037,23.38440000000037,11.584399999999732,27.352733000000626,3.9683330000000296,15.768332999999984,1.0,0.4953900891192226,1.169700013684345,0.16970001368433515,0.6743099245650833
Netherlands,NL,2026-07,2026-07-01,netherlands__standard_permanent_contract,"Pays-Bas · contrat à durée indéterminée, grand employeur","Netherlands · permanent contract, large employer",1.77,4139.0388,0.0,0.0,0.0274,0.0763,0.061,0.005,4139.0388,113.409663,315.80866,252.481367,20.695194,702.394884,0.16970000000000002,4139.0388,49668.48,17951.7,1839.72,5419.62,10692.36,891.03,3248.0088,4841.433684,702.394884,1593.424884,1.1697,1.490585150003288,23.384399999999914,23.384399999999914,11.584400000000187,27.352731999999378,3.968332000000032,15.7683320000001,1.0,0.4953900891192517,1.1696999709207625,0.16969997092078679,0.6743098818015497
Netherlands,NL,2026-07,2026-07-01,netherlands__standard_permanent_contract,"Pays-Bas · contrat à durée indéterminée, grand employeur","Netherlands · permanent contract, large employer",1.78,4162.4232,0.0,0.0,0.0274,0.0763,0.061,0.005,4162.4232,114.050396,317.59289,253.907815,20.812116,706.363217,0.1697,4162.4232,49949.04,18057.08,1821.77,5401.36,10833.95,902.83,3259.5932,4868.786417,706.363217,1609.193217,1.1697,1.4936791551289281,23.384399999999914,23.384399999999914,11.584399999999732,27.352733000000626,3.968332999999916,15.768332999999984,1.0,0.49539008911923227,1.1697000136843676,0.1697000136843336,0.6743099245650965
Netherlands,NL,2026-07,2026-07-01,netherlands__standard_permanent_contract,"Pays-Bas · contrat à durée indéterminée, grand employeur","Netherlands · permanent contract, large employer",1.79,4185.8076,0.0,0.0,0.0274,0.0763,0.061,0.005,4185.8076,114.691128,319.37712,255.334264,20.929038,710.33155,0.1697,4185.8076,50229.72,18162.5,1803.81,5383.08,10975.61,914.63,3271.1776,4896.13915,710.33155,1624.96155,1.1697,1.4967512463157,23.384399999999914,23.384399999999914,11.584400000000187,27.352732999999716,3.9683330000000296,15.768332999999984,1.0,0.4953900891192517,1.1697000136843287,0.16970001368433846,0.6743099245650965
Netherlands,NL,2026-07,2026-07-01,netherlands__standard_permanent_contract,"Pays-Bas · contrat à durée indéterminée, grand employeur","Netherlands · permanent contract, large employer",1.8,4209.192,0.0,0.0,0.0274,0.0763,0.061,0.005,4209.192,115.331861,321.16135,256.760712,21.04596,714.299882,0.16970000000000002,4209.192,50510.28,18267.88,1785.86,5364.82,11117.2,926.43,3282.762,4923.491882,714.299882,1640.729882,1.1697,1.4998016555571192,23.384399999999914,23.384399999999914,11.584400000000187,27.352732000000287,3.968332000000032,15.7683320000001,1.0,0.4953900891192517,1.1696999709208014,0.16969997092078679,0.6743098818015497
Netherlands,NL,2026-07,2026-07-01,netherlands__standard_permanent_contract,"Pays-Bas · contrat à durée indéterminée, grand employeur","Netherlands · permanent contract, large employer",1.81,4232.5764,0.0,0.0,0.0274,0.0763,0.061,0.005,4232.5764,115.972593,322.945579,258.18716,21.162882,718.268215,0.16970000000000002,4232.5764,50790.96,18373.3,1767.9,5346.55,11258.85,938.24,3294.3364,4950.844615,718.268215,1656.508215,1.1697,1.5028351734449463,23.384399999999914,23.384399999999914,11.574399999999969,27.352732999999716,3.9683330000000296,15.778332999999975,1.0,0.49496245360154684,1.1697000136843287,0.16970001368433846,0.6747375600827916
Netherlands,NL,2026-07,2026-07-01,netherlands__standard_permanent_contract,"Pays-Bas · contrat à durée indéterminée, grand employeur","Netherlands · permanent contract, large employer",1.82,4255.9608,0.0,0.0,0.0274,0.0763,0.061,0.005,4255.9608,116.613326,324.729809,259.613609,21.279804,722.236548,0.16970000000000005,4255.9608,51071.52,18478.68,1749.95,5328.28,11400.45,950.04,3305.9208,4978.197348,722.236548,1672.276548,1.1697000000000002,1.505842894893308,23.384399999999914,23.384399999999914,11.584399999999732,27.352732999999716,3.968332999999916,15.768332999999984,1.0,0.49539008911923227,1.1697000136843287,0.1697000136843336,0.6743099245650965
Netherlands,NL,2026-07,2026-07-01,netherlands__standard_permanent_contract,"Pays-Bas · contrat à durée indéterminée, grand employeur","Netherlands · permanent contract, large employer",1.83,4279.3452,0.0,0.0,0.0274,0.0763,0.061,0.005,4279.3452,117.254058,326.514039,261.040057,21.396726,726.20488,0.16970000000000002,4279.3452,51352.2,18584.1,1732.0,5310.01,11542.09,961.84,3317.5052,5005.55008,726.20488,1688.04488,1.1697,1.508829611010105,23.384399999999914,23.384399999999914,11.584400000000187,27.352732000000287,3.968332000000032,15.768331999999873,1.0,0.4953900891192517,1.1696999709208014,0.16969997092078679,0.67430988180154
Netherlands,NL,2026-07,2026-07-01,netherlands__standard_permanent_contract,"Pays-Bas · contrat à durée indéterminée, grand employeur","Netherlands · permanent contract, large employer",1.84,4302.7296,0.0,0.0,0.0274,0.0763,0.061,0.005,4302.7296,117.894791,328.298268,262.466506,21.513648,730.173213,0.1697,4302.7296,51632.76,18689.48,1714.05,5291.75,11683.68,973.64,3329.0896,5032.902813,730.173213,1703.813213,1.1697,1.5117955410752535,23.384399999999914,23.384399999999914,11.584399999999732,27.352732999999716,3.9683330000000296,15.768332999999984,1.0,0.49539008911923227,1.1697000136843287,0.16970001368433846,0.6743099245650965
Netherlands,NL,2026-07,2026-07-01,netherlands__standard_permanent_contract,"Pays-Bas · contrat à durée indéterminée, grand employeur","Netherlands · permanent contract, large employer",1.85,4326.114,0.0,0.0,0.0274,0.0763,0.061,0.005,4326.114,118.535524,330.082498,263.892954,21.63057,734.141546,0.16970000000000002,4326.114,51913.32,18794.86,1696.1,5273.48,11825.28,985.44,3340.674,5060.255546,734.141546,1719.581546,1.1697,1.5147409013270974,23.384399999999914,23.384399999999914,11.584400000000187,27.352733000000626,3.968332999999916,15.768332999999984,1.0,0.4953900891192517,1.1697000136843676,0.1697000136843336,0.6743099245650965
Netherlands,NL,2026-07,2026-07-01,netherlands__standard_permanent_contract,"Pays-Bas · contrat à durée indéterminée, grand employeur","Netherlands · permanent contract, large employer",1.86,4349.4984,0.0,0.0,0.0274,0.0763,0.061,0.005,4349.4984,119.176256,331.866728,265.319402,21.747492,738.109878,0.16970000000000002,4349.4984,52194.0,18900.28,1678.14,5255.21,11966.93,997.24,3352.2584,5087.608278,738.109878,1735.349878,1.1697,1.5176659050149592,23.384400000000824,23.384400000000824,11.584400000000187,27.352731999999378,3.968332000000032,15.7683320000001,1.0,0.49539008911923244,1.169699970920717,0.1696999709207802,0.6743098818015234
Netherlands,NL,2026-07,2026-07-01,netherlands__standard_permanent_contract,"Pays-Bas · contrat à durée indéterminée, grand employeur","Netherlands · permanent contract, large employer",1.87,4372.8828,0.0,0.0,0.0274,0.0763,0.061,0.005,4372.8828,119.816989,333.650958,266.745851,21.864414,742.078211,0.1697,4372.8828,52474.56,19005.66,1660.19,5236.95,12108.52,1009.04,3363.8428,5114.961011,742.078211,1751.118211,1.1697,1.5205707624506115,23.384399999999914,23.384399999999914,11.584399999999732,27.352733000000626,3.9683330000000296,15.768332999999984,1.0,0.49539008911923227,1.1697000136843676,0.16970001368433846,0.6743099245650965
Netherlands,NL,2026-07,2026-07-01,netherlands__standard_permanent_contract,"Pays-Bas · contrat à durée indéterminée, grand employeur","Netherlands · permanent contract, large employer",1.88,4396.2672,0.0,0.0,0.0274,0.0763,0.061,0.005,4396.2672,120.457721,335.435187,268.172299,21.981336,746.046544,0.16970000000000002,4396.2672,52755.24,19111.09,1642.23,5218.67,12250.19,1020.85,3375.4172,5142.313744,746.046544,1766.896544,1.1697000000000002,1.5234601944435195,23.384399999999914,23.384399999999914,11.574399999999969,27.352732999999716,3.9683330000000296,15.778332999999975,1.0,0.49496245360154684,1.1697000136843287,0.16970001368433846,0.6747375600827916
Netherlands,NL,2026-07,2026-07-01,netherlands__standard_permanent_contract,"Pays-Bas · contrat à durée indéterminée, grand employeur","Netherlands · permanent contract, large employer",1.89,4419.6516,0.0,0.0,0.0274,0.0763,0.061,0.005,4419.6516,121.098454,337.219417,269.598748,22.098258,750.014877,0.1697,4419.6516,53035.8,19216.46,1624.28,5200.41,12391.77,1032.65,3387.0016,5169.666477,750.014877,1782.664877,1.1697,1.5263253718333054,23.384399999999914,23.384399999999914,11.584400000000187,27.352732999999716,3.968332999999916,15.768332999999984,1.0,0.4953900891192517,1.1697000136843287,0.1697000136843336,0.6743099245650965
Netherlands,NL,2026-07,2026-07-01,netherlands__standard_permanent_contract,"Pays-Bas · contrat à durée indéterminée, grand employeur","Netherlands · permanent contract, large employer",1.9,4443.036,0.0,0.0,0.0274,0.0763,0.061,0.005,4443.036,121.739186,339.003647,271.025196,22.21518,753.983209,0.16970000000000002,4443.036,53316.48,19321.89,1606.32,5182.14,12533.43,1044.45,3398.586,5197.019209,753.983209,1798.433209,1.1697,1.5291710167699153,23.384399999999914,23.384399999999914,11.584399999999732,27.352732000000287,3.968332000000032,15.7683320000001,1.0,0.49539008911923227,1.1696999709208014,0.16969997092078679,0.6743098818015497
Netherlands,NL,2026-07,2026-07-01,netherlands__standard_permanent_contract,"Pays-Bas · contrat à durée indéterminée, grand employeur","Netherlands · permanent contract, large employer",1.91,4466.4204,0.0,0.0,0.0274,0.0763,0.061,0.005,4466.4204,122.379919,340.787877,272.451644,22.332102,757.951542,0.16970000000000002,4466.4204,53597.04,19427.27,1588.37,5163.87,12675.03,1056.25,3410.1704,5224.371942,757.951542,1814.201542,1.1697,1.5319973283094592,23.384399999999914,23.384399999999914,11.584400000000187,27.352732999999716,3.9683330000000296,15.768332999999984,1.0,0.4953900891192517,1.1697000136843287,0.16970001368433846,0.6743099245650965
Netherlands,NL,2026-07,2026-07-01,netherlands__standard_permanent_contract,"Pays-Bas · contrat à durée indéterminée, grand employeur","Netherlands · permanent contract, large employer",1.92,4489.8048,0.0,0.0,0.0274,0.0763,0.061,0.005,4489.8048,123.020652,342.572106,273.878093,22.449024,761.919875,0.16970000000000002,4489.8048,53877.6,19532.64,1570.42,5145.61,12816.61,1068.05,3421.7548,5251.724675,761.919875,1829.969875,1.1697,1.5348045028124166,23.384399999999914,23.384399999999914,11.584400000000187,27.352733000000626,3.9683330000000296,15.768332999999984,1.0,0.4953900891192517,1.1697000136843676,0.16970001368433846,0.6743099245650965
Netherlands,NL,2026-07,2026-07-01,netherlands__standard_permanent_contract,"Pays-Bas · contrat à durée indéterminée, grand employeur","Netherlands · permanent contract, large employer",1.93,4513.1892,0.0,0.0,0.0274,0.0763,0.061,0.005,4513.1892,123.661384,344.356336,275.304541,22.565946,765.888207,0.16970000000000002,4513.1892,54158.28,19638.07,1552.46,5127.34,12958.27,1079.86,3433.3292,5279.077407,765.888207,1845.748207,1.1697,1.537597212419945,23.384399999999914,23.384399999999914,11.574399999999969,27.352731999999378,3.9683319999999185,15.778332000000091,1.0,0.49496245360154684,1.1696999709207625,0.16969997092078193,0.6747375173192448
Netherlands,NL,2026-07,2026-07-01,netherlands__standard_permanent_contract,"Pays-Bas · contrat à durée indéterminée, grand employeur","Netherlands · permanent contract, large employer",1.94,4536.5736,0.0,0.0,0.0274,0.0763,0.061,0.005,4536.5736,124.302117,346.140566,276.73099,22.682868,769.85654,0.16970000000000002,4536.5736,54438.84,19743.45,1534.51,5109.07,13099.87,1091.66,3444.9136,5306.43014,769.85654,1861.51654,1.1697,1.54036668435458,23.384399999999914,23.384399999999914,11.584399999999732,27.352733000000626,3.9683330000000296,15.768332999999984,1.0,0.49539008911923227,1.1697000136843676,0.16970001368433846,0.6743099245650965
Netherlands,NL,2026-07,2026-07-01,netherlands__standard_permanent_contract,"Pays-Bas · contrat à durée indéterminée, grand employeur","Netherlands · permanent contract, large employer",1.95,4559.958,0.0,0.0,0.0274,0.0763,0.061,0.005,4559.958,124.942849,347.924795,278.157438,22.79979,773.824873,0.1697,4559.958,54719.52,19848.87,1516.55,5090.8,13241.52,1103.46,3456.498,5333.782873,773.824873,1877.284873,1.1697,1.5431175926038436,23.384399999999914,23.384399999999914,11.584400000000187,27.352732999999716,3.9683330000000296,15.768332999999984,1.0,0.4953900891192517,1.1697000136843287,0.16970001368433846,0.6743099245650965
Netherlands,NL,2026-07,2026-07-01,netherlands__standard_permanent_contract,"Pays-Bas · contrat à durée indéterminée, grand employeur","Netherlands · permanent contract, large employer",1.96,4583.3424,0.0,0.0,0.0274,0.0763,0.061,0.005,4583.3424,125.583582,349.709025,279.583886,22.916712,777.793205,0.16970000000000002,4583.3424,55000.08,19954.25,1498.6,5072.53,13383.12,1115.26,3468.0824,5361.135605,777.793205,1893.053205,1.1697,1.5458501231919979,23.384400000000824,23.384400000000824,11.584399999999732,27.352732000000287,3.9683319999999185,15.768331999999873,1.0,0.495390089119213,1.1696999709207558,0.16969997092077532,0.6743098818015137
Netherlands,NL,2026-07,2026-07-01,netherlands__standard_permanent_contract,"Pays-Bas · contrat à durée indéterminée, grand employeur","Netherlands · permanent contract, large employer",1.97,4606.7268,0.0,0.0,0.0274,0.0763,0.061,0.005,4606.7268,126.224314,351.493255,281.010335,23.033634,781.761538,0.1697,4606.7268,55280.76,20059.67,1480.65,5054.26,13524.76,1127.06,3479.6668,5388.488338,781.761538,1908.821538,1.1697,1.5485644596660806,23.384399999999914,23.384399999999914,11.584400000000187,27.352732999999716,3.9683330000000296,15.768332999999984,1.0,0.4953900891192517,1.1697000136843287,0.16970001368433846,0.6743099245650965
Netherlands,NL,2026-07,2026-07-01,netherlands__standard_permanent_contract,"Pays-Bas · contrat à durée indéterminée, grand employeur","Netherlands · permanent contract, large employer",1.98,4630.1112,0.0,0.0,0.0274,0.0763,0.061,0.005,4630.1112,126.865047,353.277485,282.436783,23.150556,785.729871,0.16970000000000002,4630.1112,55561.32,20165.05,1462.7,5036.0,13666.35,1138.86,3491.2512,5415.841071,785.729871,1924.589871,1.1697000000000002,1.5512607831370027,23.384399999999914,23.384399999999914,11.584400000000187,27.352732999999716,3.9683330000000296,15.768332999999984,1.0,0.4953900891192517,1.1697000136843287,0.16970001368433846,0.6743099245650965
Netherlands,NL,2026-07,2026-07-01,netherlands__standard_permanent_contract,"Pays-Bas · contrat à durée indéterminée, grand employeur","Netherlands · permanent contract, large employer",1.99,4653.4956,0.0,0.0,0.0274,0.0763,0.061,0.005,4653.4956,127.505779,355.061714,283.863232,23.267478,789.698203,0.16970000000000002,4653.4956,55842.0,20270.47,1444.74,5017.73,13808.0,1150.67,3502.8256,5443.193803,789.698203,1940.368203,1.1697,1.5539437085648797,23.384399999999914,23.384399999999914,11.574399999999969,27.352732000000287,3.968332000000032,15.778332000000091,1.0,0.49496245360154684,1.1696999709208014,0.16969997092078679,0.6747375173192448
Netherlands,NL,2026-07,2026-07-01,netherlands__standard_permanent_contract,"Pays-Bas · contrat à durée indéterminée, grand employeur","Netherlands · permanent contract, large employer",2.0,4676.88,0.0,0.0,0.0274,0.0763,0.061,0.005,4676.88,128.146512,356.845944,285.28968,23.3844,793.666536,0.16970000000000002,4676.88,56122.56,20375.85,1426.79,4999.46,13949.6,1162.47,3514.41,5470.546536,793.666536,1956.136536,1.1697,1.556604532766524,23.384399999999914,23.384399999999914,11.584399999999732,27.352732999999716,3.968332999999916,15.768332999999984,1.0,0.49539008911923227,1.1697000136843287,0.1697000136843336,0.6743099245650965
Netherlands,NL,2026-07,2026-07-01,netherlands__standard_permanent_contract,"Pays-Bas · contrat à durée indéterminée, grand employeur","Netherlands · permanent contract, large employer",2.01,4700.2644,0.0,0.0,0.0274,0.0763,0.061,0.005,4700.2644,128.787245,358.630174,286.716128,23.501322,797.634869,0.1697,4700.2644,56403.12,20481.23,1408.84,4981.2,14091.19,1174.27,3525.9944,5497.899269,797.634869,1971.904869,1.1697,1.5592478730765993,23.384399999999914,23.384399999999914,11.584400000000187,27.352732999999716,3.9683330000000296,15.768332999999984,1.0,0.4953900891192517,1.1697000136843287,0.16970001368433846,0.6743099245650965
Netherlands,NL,2026-07,2026-07-01,netherlands__standard_permanent_contract,"Pays-Bas · contrat à durée indéterminée, grand employeur","Netherlands · permanent contract, large employer",2.02,4723.6488,0.0,0.0,0.0274,0.0763,0.061,0.005,4723.6488,129.427977,360.414403,288.142577,23.618244,801.603201,0.1697,4723.6488,56683.8,20586.65,1390.88,4962.92,14232.85,1186.07,3537.5788,5525.252001,801.603201,1987.673201,1.1697,1.5618739012569838,23.384399999999914,23.384399999999914,11.584399999999732,27.352732000000287,3.968332000000032,15.7683320000001,1.0,0.49539008911923227,1.1696999709208014,0.16969997092078679,0.6743098818015497
Netherlands,NL,2026-07,2026-07-01,netherlands__standard_permanent_contract,"Pays-Bas · contrat à durée indéterminée, grand employeur","Netherlands · permanent contract, large employer",2.03,4747.0332,0.0,0.0,0.0274,0.0763,0.061,0.005,4747.0332,130.06871,362.198633,289.569025,23.735166,805.571534,0.16970000000000002,4747.0332,56964.36,20692.03,1372.93,4944.66,14374.44,1197.87,3549.1632,5552.604734,805.571534,2003.441534,1.1697,1.564482786827047,23.384399999999914,23.384399999999914,11.584400000000187,27.352732999999716,3.9683330000000296,15.768332999999984,1.0,0.4953900891192517,1.1697000136843287,0.16970001368433846,0.6743099245650965
Netherlands,NL,2026-07,2026-07-01,netherlands__standard_permanent_contract,"Pays-Bas · contrat à durée indéterminée, grand employeur","Netherlands · permanent contract, large employer",2.04,4770.4176,0.0,0.0,0.0274,0.0763,0.061,0.005,4770.4176,130.709442,363.982863,290.995474,23.852088,809.539867,0.1697,4770.4176,57245.04,20797.45,1354.97,4926.39,14516.09,1209.67,3560.7476,5579.957467,809.539867,2019.209867,1.1697,1.567074697100126,23.384399999999914,23.384399999999914,11.584400000000187,27.352733000000626,3.968332999999916,15.768332999999984,1.0,0.4953900891192517,1.1697000136843676,0.1697000136843336,0.6743099245650965
Netherlands,NL,2026-07,2026-07-01,netherlands__standard_permanent_contract,"Pays-Bas · contrat à durée indéterminée, grand employeur","Netherlands · permanent contract, large employer",2.05,4793.802,0.0,0.0,0.0274,0.0763,0.061,0.005,4793.802,131.350175,365.767093,292.421922,23.96901,813.508199,0.16970000000000002,4793.802,57525.6,20902.83,1337.02,4908.12,14657.69,1221.47,3572.332,5607.310199,813.508199,2034.978199,1.1697,1.5696497972192955,23.384399999999914,23.384399999999914,11.584399999999732,27.352731999999378,3.968332000000032,15.768331999999873,1.0,0.49539008911923227,1.1696999709207625,0.16969997092078679,0.67430988180154
Netherlands,NL,2026-07,2026-07-01,netherlands__standard_permanent_contract,"Pays-Bas · contrat à durée indéterminée, grand employeur","Netherlands · permanent contract, large employer",2.06,4817.1864,0.0,0.0,0.0274,0.0763,0.061,0.005,4817.1864,131.990907,367.551322,293.84837,24.085932,817.476532,0.1697,4817.1864,57806.28,21008.26,1319.06,4889.85,14799.35,1233.28,3583.9064,5634.662932,817.476532,2050.756532,1.1697,1.57221263704878,23.384399999999914,23.384399999999914,11.574399999999969,27.352733000000626,3.9683330000000296,15.778332999999975,1.0,0.49496245360154684,1.1697000136843676,0.16970001368433846,0.6747375600827916
Netherlands,NL,2026-07,2026-07-01,netherlands__standard_permanent_contract,"Pays-Bas · contrat à durée indéterminée, grand employeur","Netherlands · permanent contract, large employer",2.07,4840.5708,0.0,0.0,0.0274,0.0763,0.061,0.005,4840.5708,132.63164,369.335552,295.274819,24.202854,821.444865,0.16970000000000002,4840.5708,58086.84,21113.63,1301.11,4871.59,14940.93,1245.08,3595.4908,5662.015665,821.444865,2066.524865,1.1697,1.5747545967187568,23.384400000000824,23.384400000000824,11.584400000000187,27.352732999999716,3.9683330000000296,15.768332999999984,1.0,0.49539008911923244,1.1697000136842832,0.16970001368433185,0.6743099245650702
Netherlands,NL,2026-07,2026-07-01,netherlands__standard_permanent_contract,"Pays-Bas · contrat à durée indéterminée, grand employeur","Netherlands · permanent contract, large employer",2.08,4863.9552,0.0,0.0,0.0274,0.0763,0.061,0.005,4863.9552,133.272372,371.119782,296.701267,24.319776,825.413197,0.16970000000000002,4863.9552,58367.52,21219.06,1283.16,4853.31,15082.59,1256.88,3607.0752,5689.368397,825.413197,2082.293197,1.1697000000000002,1.5772802289899586,23.384399999999914,23.384399999999914,11.584400000000187,27.352732000000287,3.9683319999999185,15.7683320000001,1.0,0.4953900891192517,1.1696999709208014,0.16969997092078193,0.6743098818015497
Netherlands,NL,2026-07,2026-07-01,netherlands__standard_permanent_contract,"Pays-Bas · contrat à durée indéterminée, grand employeur","Netherlands · permanent contract, large employer",2.09,4887.3396,0.0,0.0,0.0274,0.0763,0.061,0.005,4887.3396,133.913105,372.904011,298.127716,24.436698,829.38153,0.16970000000000002,4887.3396,58648.08,21324.44,1265.21,4835.05,15224.18,1268.68,3618.6596,5716.72113,829.38153,2098.06153,1.1697,1.5797896906688877,23.384399999999914,23.384399999999914,11.584399999999732,27.352732999999716,3.9683330000000296,15.768332999999984,1.0,0.49539008911923227,1.1697000136843287,0.16970001368433846,0.6743099245650965
Netherlands,NL,2026-07,2026-07-01,netherlands__standard_permanent_contract,"Pays-Bas · contrat à durée indéterminée, grand employeur","Netherlands · permanent contract, large employer",2.1,4910.724,0.0,0.0,0.0274,0.0763,0.061,0.005,4910.724,134.553838,374.688241,299.554164,24.55362,833.349863,0.16970000000000002,4910.724,58928.64,21429.81,1247.25,4816.78,15365.78,1280.48,3630.244,5744.073863,833.349863,2113.829863,1.1697,1.5822831365605177,23.384399999999914,23.384399999999914,11.584400000000187,27.352732999999716,3.9683330000000296,15.768332999999984,1.0,0.4953900891192517,1.1697000136843287,0.16970001368433846,0.6743099245650965
Netherlands,NL,2026-07,2026-07-01,netherlands__standard_permanent_contract,"Pays-Bas · contrat à durée indéterminée, grand employeur","Netherlands · permanent contract, large employer",2.11,4934.1084,0.0,0.0,0.0274,0.0763,0.061,0.005,4934.1084,135.19457,376.472471,300.980612,24.670542,837.318195,0.1697,4934.1084,59209.32,21535.24,1229.3,4798.51,15507.43,1292.29,3641.8184,5771.426595,837.318195,2129.608195,1.1697,1.584765071064499,23.384399999999914,23.384399999999914,11.574399999999969,27.352732000000287,3.9683319999999185,15.778331999999864,1.0,0.49496245360154684,1.1696999709208014,0.16969997092078193,0.6747375173192351
Netherlands,NL,2026-07,2026-07-01,netherlands__standard_permanent_contract,"Pays-Bas · contrat à durée indéterminée, grand employeur","Netherlands · permanent contract, large employer",2.12,4957.4928,0.0,0.0,0.0274,0.0763,0.061,0.005,4957.4928,135.835303,378.256701,302.407061,24.787464,841.286528,0.1697,4957.4928,59489.88,21640.62,1211.35,4780.25,15649.02,1304.09,3653.4028,5798.779328,841.286528,2145.376528,1.1697,1.5872269348893038,23.384399999999914,23.384399999999914,11.584399999999732,27.352732999999716,3.9683330000000296,15.768332999999984,1.0,0.49539008911923227,1.1697000136843287,0.16970001368433846,0.6743099245650965
Netherlands,NL,2026-07,2026-07-01,netherlands__standard_permanent_contract,"Pays-Bas · contrat à durée indéterminée, grand employeur","Netherlands · permanent contract, large employer",2.13,4980.8772,0.0,0.0,0.0274,0.0763,0.061,0.005,4980.8772,136.476035,380.04093,303.833509,24.904386,845.254861,0.1697,4980.8772,59770.56,21746.04,1193.39,4761.98,15790.67,1315.89,3664.9872,5826.132061,845.254861,2161.144861,1.1697,1.5896732356500456,23.384399999999914,23.384399999999914,11.584400000000187,27.352733000000626,3.9683330000000296,15.768333000000439,1.0,0.4953900891192517,1.1697000136843676,0.16970001368433846,0.674309924565116
Netherlands,NL,2026-07,2026-07-01,netherlands__standard_permanent_contract,"Pays-Bas · contrat à durée indéterminée, grand employeur","Netherlands · permanent contract, large employer",2.14,5004.2616,0.0,0.0,0.0274,0.0763,0.061,0.005,5004.2616,137.116768,381.82516,305.259958,25.021308,849.223194,0.1697,5004.2616,60051.12,21851.42,1175.44,4743.71,15932.27,1327.69,3676.5716,5853.484794,849.223194,2176.913194,1.1697,1.5921041204583095,23.384399999999914,23.384399999999914,11.584400000000187,27.352732999999716,3.9683330000000296,15.768332999999984,1.0,0.4953900891192517,1.1697000136843287,0.16970001368433846,0.6743099245650965
Netherlands,NL,2026-07,2026-07-01,netherlands__standard_permanent_contract,"Pays-Bas · contrat à durée indéterminée, grand employeur","Netherlands · permanent contract, large employer",2.15,5027.646,0.0,0.0,0.0274,0.0763,0.061,0.005,5027.646,137.7575,383.60939,306.686406,25.13823,853.191526,0.16970000000000002,5027.646,60331.8,21956.84,1157.48,4725.44,16073.92,1339.49,3688.156,5880.837526,853.191526,2192.681526,1.1697,1.5945197345773878,23.384399999999914,23.384399999999914,11.584399999999732,27.352732000000287,3.9683319999999185,15.768331999999646,1.0,0.49539008911923227,1.1696999709208014,0.16969997092078193,0.6743098818015302
Netherlands,NL,2026-07,2026-07-01,netherlands__standard_permanent_contract,"Pays-Bas · contrat à durée indéterminée, grand employeur","Netherlands · permanent contract, large employer",2.16,5051.0304,0.0,0.0,0.0274,0.0763,0.061,0.005,5051.0304,138.398233,385.39362,308.112854,25.255152,857.159859,0.1697,5051.0304,60612.36,22062.22,1139.53,4707.17,16215.52,1351.29,3699.7404,5908.190259,857.159859,2208.449859,1.1697,1.596920221451213,23.384399999999914,23.384399999999914,11.584400000000187,27.352732999999716,3.9683330000000296,15.768332999999984,1.0,0.4953900891192517,1.1697000136843287,0.16970001368433846,0.6743099245650965
Netherlands,NL,2026-07,2026-07-01,netherlands__standard_permanent_contract,"Pays-Bas · contrat à durée indéterminée, grand employeur","Netherlands · permanent contract, large employer",2.17,5074.4148,0.0,0.0,0.0274,0.0763,0.061,0.005,5074.4148,139.038966,387.177849,309.539303,25.372074,861.128192,0.16970000000000002,5074.4148,60892.92,22167.6,1121.58,4688.91,16357.11,1363.09,3711.3248,5935.542992,861.128192,2224.218192,1.1697,1.5993057227327558,23.384399999999914,23.384399999999914,11.584399999999732,27.352732999999716,3.9683330000000296,15.768332999999984,1.0,0.49539008911923227,1.1697000136843287,0.16970001368433846,0.6743099245650965
Netherlands,NL,2026-07,2026-07-01,netherlands__standard_permanent_contract,"Pays-Bas · contrat à durée indéterminée, grand employeur","Netherlands · permanent contract, large employer",2.18,5097.7992,0.0,0.0,0.0274,0.0763,0.061,0.005,5097.7992,139.679698,388.962079,310.965751,25.488996,865.096524,0.16970000000000002,5097.7992,61173.6,22273.02,1103.62,4670.64,16498.76,1374.9,3722.8992,5962.895724,865.096524,2239.996524,1.1697,1.601680680540585,23.384400000000824,23.384400000000824,11.574399999999969,27.352732000000287,3.968332000000032,15.778332000000319,1.0,0.4949624536015276,1.1696999709207558,0.1696999709207802,0.6747375173192284
Netherlands,NL,2026-07,2026-07-01,netherlands__standard_permanent_contract,"Pays-Bas · contrat à durée indéterminée, grand employeur","Netherlands · permanent contract, large employer",2.19,5121.1836,0.0,0.0,0.0274,0.0763,0.061,0.005,5121.1836,140.320431,390.746309,312.3922,25.605918,869.064857,0.16970000000000002,5121.1836,61454.16,22378.4,1085.67,4652.37,16640.36,1386.7,3734.4836,5990.248457,869.064857,2255.764857,1.1697,1.6040366215345008,23.384399999999914,23.384399999999914,11.584400000000187,27.352732999999716,3.968332999999916,15.768332999999984,1.0,0.4953900891192517,1.1697000136843287,0.1697000136843336,0.6743099245650965
Netherlands,NL,2026-07,2026-07-01,netherlands__standard_permanent_contract,"Pays-Bas · contrat à durée indéterminée, grand employeur","Netherlands · permanent contract, large employer",2.2,5144.568,0.0,0.0,0.0274,0.0763,0.061,0.005,5144.568,140.961163,392.530538,313.818648,25.72284,873.03319,0.16970000000000002,5144.568,61734.84,22483.82,1067.71,4634.1,16782.01,1398.5,3746.068,6017.60119,873.03319,2271.53319,1.1697,1.6063779914299472,23.384399999999914,23.384399999999914,11.584400000000187,27.352733000000626,3.9683330000000296,15.768332999999984,1.0,0.4953900891192517,1.1697000136843676,0.16970001368433846,0.6743099245650965
Netherlands,NL,2026-07,2026-07-01,netherlands__standard_permanent_contract,"Pays-Bas · contrat à durée indéterminée, grand employeur","Netherlands · permanent contract, large employer",2.21,5167.9524,0.0,0.0,0.0274,0.0763,0.061,0.005,5167.9524,141.601896,394.314768,315.245096,25.839762,877.001522,0.16970000000000002,5167.9524,62015.4,22589.2,1049.76,4615.84,16923.6,1410.3,3757.6524,6044.953922,877.001522,2287.301522,1.1697,1.6087049249898688,23.384399999999914,23.384399999999914,11.584399999999732,27.352731999999378,3.968332000000032,15.7683320000001,1.0,0.49539008911923227,1.1696999709207625,0.16969997092078679,0.6743098818015497
Netherlands,NL,2026-07,2026-07-01,netherlands__standard_permanent_contract,"Pays-Bas · contrat à durée indéterminée, grand employeur","Netherlands · permanent contract, large employer",2.22,5191.3368,0.0,0.0,0.0274,0.0763,0.061,0.005,5191.3368,142.242628,396.098998,316.671545,25.956684,880.969855,0.16970000000000002,5191.3368,62296.08,22694.63,1031.81,4597.56,17065.26,1422.11,3769.2268,6072.306655,880.969855,2303.079855,1.1697,1.6110218294531915,23.384399999999914,23.384399999999914,11.574399999999969,27.352733000000626,3.9683330000000296,15.778332999999748,1.0,0.49496245360154684,1.1697000136843676,0.16970001368433846,0.674737560082782
Netherlands,NL,2026-07,2026-07-01,netherlands__standard_permanent_contract,"Pays-Bas · contrat à durée indéterminée, grand employeur","Netherlands · permanent contract, large employer",2.23,5214.7212,0.0,0.0,0.0274,0.0763,0.061,0.005,5214.7212,142.883361,397.883228,318.097993,26.073606,884.938188,0.16970000000000002,5214.7212,62576.64,22800.0,1013.86,4579.3,17206.84,1433.9,3780.8212,6099.659388,884.938188,2318.838188,1.1697,1.6133160138966636,23.384399999999914,23.384399999999914,11.59439999999995,27.352732999999716,3.968332999999916,15.75833300000022,1.0,0.49581772463693713,1.1697000136843287,0.1697000136843336,0.673882289047411
Netherlands,NL,2026-07,2026-07-01,netherlands__standard_permanent_contract,"Pays-Bas · contrat à durée indéterminée, grand employeur","Netherlands · permanent contract, large employer",2.24,5238.1056,0.0,0.0,0.0274,0.0763,0.061,0.005,5238.1056,143.524093,399.667457,319.524442,26.190528,888.90652,0.1697,5238.1056,62857.32,22905.43,995.9,4561.03,17348.5,1445.71,3792.3956,6127.01212,888.90652,2334.61652,1.1697,1.6156046906920785,23.384399999999914,23.384399999999914,11.574399999999969,27.352732000000287,3.968332000000032,15.778331999999864,1.0,0.49496245360154684,1.1696999709208014,0.16969997092078679,0.6747375173192351
Netherlands,NL,2026-07,2026-07-01,netherlands__standard_permanent_contract,"Pays-Bas · contrat à durée indéterminée, grand employeur","Netherlands · permanent contract, large employer",2.25,5261.49,0.0,0.0,0.0274,0.0763,0.061,0.005,5261.49,144.164826,401.451687,320.95089,26.30745,892.874853,0.1697,5261.49,63137.88,23010.81,977.95,4542.76,17490.1,1457.51,3803.98,6154.364853,892.874853,2350.384853,1.1697,1.617875186778059,23.384399999999914,23.384399999999914,11.584400000000187,27.352732999999716,3.9683330000000296,15.768332999999984,1.0,0.4953900891192517,1.1697000136843287,0.16970001368433846,0.6743099245650965
Netherlands,NL,2026-07,2026-07-01,netherlands__standard_permanent_contract,"Pays-Bas · contrat à durée indéterminée, grand employeur","Netherlands · permanent contract, large employer",2.26,5284.8744,0.0,0.0,0.0274,0.0763,0.061,0.005,5284.8744,144.805559,403.235917,322.377338,26.424372,896.843186,0.1697,5284.8744,63418.44,23116.18,960.0,4524.5,17631.68,1469.31,3815.5644,6181.717586,896.843186,2366.153186,1.1697,1.620131895999449,23.384399999999914,23.384399999999914,11.584400000000187,27.352732999999716,3.968332999999916,15.768332999999984,1.0,0.4953900891192517,1.1697000136843287,0.1697000136843336,0.6743099245650965
Netherlands,NL,2026-07,2026-07-01,netherlands__standard_permanent_contract,"Pays-Bas · contrat à durée indéterminée, grand employeur","Netherlands · permanent contract, large employer",2.27,5308.2588,0.0,0.0,0.0274,0.0763,0.061,0.005,5308.2588,145.446291,405.020146,323.803787,26.541294,900.811518,0.1697,5308.2588,63699.12,23221.61,942.04,4506.23,17773.34,1481.11,3827.1488,6209.070318,900.811518,2381.921518,1.1697,1.622374943550666,23.384399999999914,23.384399999999914,11.584399999999732,27.352732000000287,3.968332000000032,15.7683320000001,1.0,0.49539008911923227,1.1696999709208014,0.16969997092078679,0.6743098818015497
Netherlands,NL,2026-07,2026-07-01,netherlands__standard_permanent_contract,"Pays-Bas · contrat à durée indéterminée, grand employeur","Netherlands · permanent contract, large employer",2.28,5331.6432,0.0,0.0,0.0274,0.0763,0.061,0.005,5331.6432,146.087024,406.804376,325.230235,26.658216,904.779851,0.16970000000000002,5331.6432,63979.68,23326.99,924.09,4487.96,17914.94,1492.91,3838.7332,6236.423051,904.779851,2397.689851,1.1697,1.6246044531148973,23.384400000000824,23.384400000000824,11.584400000000187,27.352732999999716,3.9683330000000296,15.768332999999984,1.0,0.49539008911923244,1.1697000136842832,0.16970001368433185,0.6743099245650702
Netherlands,NL,2026-07,2026-07-01,netherlands__standard_permanent_contract,"Pays-Bas · contrat à durée indéterminée, grand employeur","Netherlands · permanent contract, large employer",2.29,5355.0276,0.0,0.0,0.0274,0.0763,0.061,0.005,5355.0276,146.727756,408.588606,326.656684,26.775138,908.748184,0.1697,5355.0276,64260.36,23432.41,906.13,4469.69,18056.59,1504.72,3850.3076,6263.775784,908.748184,2413.468184,1.1697,1.626824772057173,23.384399999999914,23.384399999999914,11.574399999999969,27.352733000000626,3.9683330000000296,15.778332999999748,1.0,0.49496245360154684,1.1697000136843676,0.16970001368433846,0.674737560082782
Netherlands,NL,2026-07,2026-07-01,netherlands__standard_permanent_contract,"Pays-Bas · contrat à durée indéterminée, grand employeur","Netherlands · permanent contract, large employer",2.3,5378.412,0.0,0.0,0.0274,0.0763,0.061,0.005,5378.412,147.368489,410.372836,328.083132,26.89206,912.716516,0.16970000000000002,5378.412,64540.92,23537.79,888.18,4451.43,18198.18,1516.52,3861.892,6291.128516,912.716516,2429.236516,1.1697,1.6290275637951555,23.384399999999914,23.384399999999914,11.584399999999732,27.352731999999378,3.9683319999999185,15.7683320000001,1.0,0.49539008911923227,1.1696999709207625,0.16969997092078193,0.6743098818015497
Netherlands,NL,2026-07,2026-07-01,netherlands__standard_permanent_contract,"Pays-Bas · contrat à durée indéterminée, grand employeur","Netherlands · permanent contract, large employer",2.31,5401.7964,0.0,0.0,0.0274,0.0763,0.061,0.005,5401.7964,148.009221,412.157065,329.50958,27.008982,916.684849,0.1697,5401.7964,64821.6,23643.21,870.22,4433.15,18339.84,1528.32,3873.4764,6318.481249,916.684849,2445.004849,1.1697,1.631217179761312,23.384399999999914,23.384399999999914,11.584400000000187,27.352733000000626,3.9683330000000296,15.768332999999984,1.0,0.4953900891192517,1.1697000136843676,0.16970001368433846,0.6743099245650965
Netherlands,NL,2026-07,2026-07-01,netherlands__standard_permanent_contract,"Pays-Bas · contrat à durée indéterminée, grand employeur","Netherlands · permanent contract, large employer",2.32,5425.1808,0.0,0.0,0.0274,0.0763,0.061,0.005,5425.1808,148.649954,413.941295,330.936029,27.125904,920.653182,0.16970000000000002,5425.1808,65102.16,23748.59,852.27,4414.89,18481.43,1540.12,3885.0608,6345.833982,920.653182,2460.773182,1.1697,1.6333937378174364,23.384399999999914,23.384399999999914,11.584400000000187,27.352732999999716,3.9683330000000296,15.768332999999984,1.0,0.4953900891192517,1.1697000136843287,0.16970001368433846,0.6743099245650965
Netherlands,NL,2026-07,2026-07-01,netherlands__standard_permanent_contract,"Pays-Bas · contrat à durée indéterminée, grand employeur","Netherlands · permanent contract, large employer",2.33,5448.5652,0.0,0.0,0.0274,0.0763,0.061,0.005,5448.5652,149.290686,415.725525,332.362477,27.242826,924.621514,0.16970000000000002,5448.5652,65382.84,23854.01,834.32,4396.62,18623.07,1551.92,3896.6452,6373.186714,924.621514,2476.541514,1.1697,1.635557354423749,23.384399999999914,23.384399999999914,11.584399999999732,27.352732000000287,3.968332000000032,15.7683320000001,1.0,0.49539008911923227,1.1696999709208014,0.16969997092078679,0.6743098818015497
Netherlands,NL,2026-07,2026-07-01,netherlands__standard_permanent_contract,"Pays-Bas · contrat à durée indéterminée, grand employeur","Netherlands · permanent contract, large employer",2.34,5471.9496,0.0,0.0,0.0274,0.0763,0.061,0.005,5471.9496,149.931419,417.509754,333.788926,27.359748,928.589847,0.1697,5471.9496,65663.4,23959.39,816.36,4378.35,18764.68,1563.72,3908.2296,6400.539447,928.589847,2492.309847,1.1697,1.637708144659669,23.384399999999914,23.384399999999914,11.584400000000187,27.352732999999716,3.968332999999916,15.768332999999984,1.0,0.4953900891192517,1.1697000136843287,0.1697000136843336,0.6743099245650965
Netherlands,NL,2026-07,2026-07-01,netherlands__standard_permanent_contract,"Pays-Bas · contrat à durée indéterminée, grand employeur","Netherlands · permanent contract, large employer",2.35,5495.334,0.0,0.0,0.0274,0.0763,0.061,0.005,5495.334,150.572152,419.293984,335.215374,27.47667,932.55818,0.1697,5495.334,65943.96,24064.77,798.41,4360.09,18906.27,1575.52,3919.814,6427.89218,932.55818,2508.07818,1.1697,1.6398462222442187,23.384399999999914,23.384399999999914,11.584399999999732,27.352732999999716,3.9683330000000296,15.768332999999984,1.0,0.49539008911923227,1.1697000136843287,0.16970001368433846,0.6743099245650965
Netherlands,NL,2026-07,2026-07-01,netherlands__standard_permanent_contract,"Pays-Bas · contrat à durée indéterminée, grand employeur","Netherlands · permanent contract, large employer",2.36,5518.7184,0.0,0.0,0.0274,0.0763,0.061,0.005,5518.7184,151.212884,421.078214,336.641822,27.593592,936.526512,0.1697,5518.7184,66224.64,24170.19,780.46,4341.82,19047.91,1587.33,3931.3884,6455.244912,936.526512,2523.856512,1.1697,1.6419758761255947,23.384399999999914,23.384399999999914,11.574399999999969,27.352732000000287,3.968332000000032,15.778331999999864,1.0,0.49496245360154684,1.1696999709208014,0.16969997092078679,0.6747375173192351
Netherlands,NL,2026-07,2026-07-01,netherlands__standard_permanent_contract,"Pays-Bas · contrat à durée indéterminée, grand employeur","Netherlands · permanent contract, large employer",2.37,5542.1028,0.0,0.0,0.0274,0.0763,0.061,0.005,5542.1028,151.853617,422.862444,338.068271,27.710514,940.494845,0.16970000000000002,5542.1028,66505.2,24275.57,762.51,4323.55,19189.51,1599.13,3942.9728,6482.597645,940.494845,2539.624845,1.1697,1.6440888573109103,23.384399999999914,23.384399999999914,11.584400000000187,27.352732999999716,3.9683330000000296,15.768332999999984,1.0,0.4953900891192517,1.1697000136843287,0.16970001368433846,0.6743099245650965
Netherlands,NL,2026-07,2026-07-01,netherlands__standard_permanent_contract,"Pays-Bas · contrat à durée indéterminée, grand employeur","Netherlands · permanent contract, large employer",2.38,5565.4872,0.0,0.0,0.0274,0.0763,0.061,0.005,5565.4872,152.494349,424.646673,339.494719,27.827436,944.463178,0.16970000000000002,5565.4872,66785.88,24380.99,744.55,4305.28,19331.16,1610.93,3954.5572,6509.950378,944.463178,2555.393178,1.1697,1.6461894590474,23.384399999999914,23.384399999999914,11.584400000000187,27.352732999999716,3.968332999999916,15.768332999999984,1.0,0.4953900891192517,1.1697000136843287,0.1697000136843336,0.6743099245650965
Netherlands,NL,2026-07,2026-07-01,netherlands__standard_permanent_contract,"Pays-Bas · contrat à durée indéterminée, grand employeur","Netherlands · permanent contract, large employer",2.39,5588.8716,0.0,0.0,0.0274,0.0763,0.061,0.005,5588.8716,153.135082,426.430903,340.921168,27.944358,948.431511,0.1697,5588.8716,67066.44,24486.37,726.6,4287.01,19472.76,1622.73,3966.1416,6537.303111,948.431511,2571.161511,1.1697,1.6482777898096226,23.384400000000824,23.384400000000824,11.584399999999732,27.352733000000626,3.9683330000000296,15.768332999999984,1.0,0.495390089119213,1.169700013684322,0.16970001368433185,0.6743099245650702
Netherlands,NL,2026-07,2026-07-01,netherlands__standard_permanent_contract,"Pays-Bas · contrat à durée indéterminée, grand employeur","Netherlands · permanent contract, large employer",2.4,5612.256,0.0,0.0,0.0274,0.0763,0.061,0.005,5612.256,153.775814,428.215133,342.347616,28.06128,952.399843,0.16970000000000002,5612.256,67347.12,24591.8,708.64,4268.74,19614.42,1634.54,3977.716,6564.655843,952.399843,2586.939843,1.1697,1.6503581058074532,23.384399999999914,23.384399999999914,11.574399999999969,27.352731999999378,3.968332000000032,15.778332000000319,1.0,0.49496245360154684,1.1696999709207625,0.16969997092078679,0.6747375173192546
Netherlands,NL,2026-07,2026-07-01,netherlands__standard_permanent_contract,"Pays-Bas · contrat à durée indéterminée, grand employeur","Netherlands · permanent contract, large employer",2.41,5635.6404,0.0,0.0,0.0274,0.0763,0.061,0.005,5635.6404,154.416547,429.999363,343.774064,28.178202,956.368176,0.16970000000000002,5635.6404,67627.68,24697.17,690.69,4250.48,19756.0,1646.33,3989.3104,6592.008576,956.368176,2602.698176,1.1697,1.6524180660096042,23.384399999999914,23.384399999999914,11.59439999999995,27.352733000000626,3.968332999999916,15.758332999999766,1.0,0.49581772463693713,1.1697000136843676,0.1697000136843336,0.6738822890473916
Netherlands,NL,2026-07,2026-07-01,netherlands__standard_permanent_contract,"Pays-Bas · contrat à durée indéterminée, grand employeur","Netherlands · permanent contract, large employer",2.42,5659.0248,0.0,0.0,0.0274,0.0763,0.061,0.005,5659.0248,155.05728,431.783592,345.200513,28.295124,960.336509,0.16970000000000002,5659.0248,67908.24,24802.55,672.74,4232.21,19897.6,1658.13,4000.8948,6619.361309,960.336509,2618.466509,1.1697,1.6544702221513048,23.384399999999914,23.384399999999914,11.584400000000187,27.352732999999716,3.9683330000000296,15.768332999999984,1.0,0.4953900891192517,1.1697000136843287,0.16970001368433846,0.6743099245650965
Netherlands,NL,2026-07,2026-07-01,netherlands__standard_permanent_contract,"Pays-Bas · contrat à durée indéterminée, grand employeur","Netherlands · permanent contract, large employer",2.43,5682.4092,0.0,0.0,0.0274,0.0763,0.061,0.005,5682.4092,155.698012,433.567822,346.626961,28.412046,964.304841,0.16970000000000002,5682.4092,68188.92,24907.98,654.78,4213.94,20039.26,1669.94,4012.4692,6646.714041,964.304841,2634.244841,1.1697,1.6565146571692064,23.384399999999914,23.384399999999914,11.574399999999969,27.352732000000287,3.968332000000032,15.778332000000319,1.0,0.49496245360154684,1.1696999709208014,0.16969997092078679,0.6747375173192546
Netherlands,NL,2026-07,2026-07-01,netherlands__standard_permanent_contract,"Pays-Bas · contrat à durée indéterminée, grand employeur","Netherlands · permanent contract, large employer",2.44,5705.7936,0.0,0.0,0.0274,0.0763,0.061,0.005,5705.7936,156.338745,435.352052,348.05341,28.528968,968.273174,0.16970000000000002,5705.7936,68469.48,25013.35,636.83,4195.68,20180.84,1681.74,4024.0536,6674.066774,968.273174,2650.013174,1.1697,1.658543209742534,23.384399999999914,23.384399999999914,11.584400000000187,27.352732999999716,3.9683330000000296,15.768332999999984,1.0,0.4953900891192517,1.1697000136843287,0.16970001368433846,0.6743099245650965
Netherlands,NL,2026-07,2026-07-01,netherlands__standard_permanent_contract,"Pays-Bas · contrat à durée indéterminée, grand employeur","Netherlands · permanent contract, large employer",2.45,5729.178,0.0,0.0,0.0274,0.0763,0.061,0.005,5729.178,156.979477,437.136281,349.479858,28.64589,972.241507,0.16970000000000002,5729.178,68750.16,25118.78,618.87,4177.4,20322.51,1693.54,4035.638,6701.419507,972.241507,2665.781507,1.1697,1.6605601162938797,23.384399999999914,23.384399999999914,11.584399999999732,27.352732999999716,3.968332999999916,15.768332999999984,1.0,0.49539008911923227,1.1697000136843287,0.1697000136843336,0.6743099245650965
Netherlands,NL,2026-07,2026-07-01,netherlands__standard_permanent_contract,"Pays-Bas · contrat à durée indéterminée, grand employeur","Netherlands · permanent contract, large employer",2.46,5752.5624,0.0,0.0,0.0274,0.0763,0.061,0.005,5752.5624,157.62021,438.920511,350.906306,28.762812,976.209839,0.1697,5752.5624,69030.72,25224.16,600.92,4159.14,20464.1,1705.34,4047.2224,6728.772239,976.209839,2681.549839,1.1697,1.662565476826774,23.384399999999914,23.384399999999914,11.584400000000187,27.352732000000287,3.968332000000032,15.768331999999646,1.0,0.4953900891192517,1.1696999709208014,0.16969997092078679,0.6743098818015302
Netherlands,NL,2026-07,2026-07-01,netherlands__standard_permanent_contract,"Pays-Bas · contrat à durée indéterminée, grand employeur","Netherlands · permanent contract, large employer",2.47,5775.9468,0.0,0.0,0.0274,0.0763,0.061,0.005,5775.9468,158.260942,440.704741,352.332755,28.879734,980.178172,0.16970000000000002,5775.9468,69311.4,25329.58,582.97,4140.87,20605.74,1717.15,4058.7968,6756.124972,980.178172,2697.328172,1.1697,1.6645634913184124,23.384399999999914,23.384399999999914,11.574399999999969,27.352732999999716,3.9683330000000296,15.778333000000202,1.0,0.49496245360154684,1.1697000136843287,0.16970001368433846,0.6747375600828014
Netherlands,NL,2026-07,2026-07-01,netherlands__standard_permanent_contract,"Pays-Bas · contrat à durée indéterminée, grand employeur","Netherlands · permanent contract, large employer",2.48,5799.3312,0.0,0.0,0.0274,0.0763,0.061,0.005,5799.3312,158.901675,442.488971,353.759203,28.996656,984.146505,0.1697,5799.3312,69591.96,25434.96,565.02,4122.6,20747.34,1728.95,4070.3812,6783.477705,984.146505,2713.096505,1.1697,1.6665460484732977,23.384399999999914,23.384399999999914,11.584399999999732,27.352733000000626,3.9683330000000296,15.768332999999984,1.0,0.49539008911923227,1.1697000136843676,0.16970001368433846,0.6743099245650965
Netherlands,NL,2026-07,2026-07-01,netherlands__standard_permanent_contract,"Pays-Bas · contrat à durée indéterminée, grand employeur","Netherlands · permanent contract, large employer",2.49,5822.7156,0.0,0.0,0.0274,0.0763,0.061,0.005,5822.7156,159.542407,444.2732,355.185652,29.113578,988.114837,0.16970000000000002,5822.7156,69872.64,25540.38,547.06,4104.33,20888.99,1740.75,4081.9656,6810.830437,988.114837,2728.864837,1.1697,1.6685173528458936,23.384400000000824,23.384400000000824,11.584400000000187,27.352731999999378,3.9683319999999185,15.7683320000001,1.0,0.49539008911923244,1.169699970920717,0.16969997092077532,0.6743098818015234
Netherlands,NL,2026-07,2026-07-01,netherlands__standard_permanent_contract,"Pays-Bas · contrat à durée indéterminée, grand employeur","Netherlands · permanent contract, large employer",2.5,5846.1,0.0,0.0,0.0274,0.0763,0.061,0.005,5846.1,160.18314,446.05743,356.6121,29.2305,992.08317,0.1697,5846.1,70153.2,25645.76,529.11,4086.07,21030.58,1752.55,4093.55,6838.18317,992.08317,2744.63317,1.1697,1.670477499969464,23.384399999999914,23.384399999999914,11.584400000000187,27.352733000000626,3.9683330000000296,15.768332999999984,1.0,0.4953900891192517,1.1697000136843676,0.16970001368433846,0.6743099245650965
Netherlands,NL,2026-07,2026-07-01,netherlands__standard_permanent_contract,"Pays-Bas · contrat à durée indéterminée, grand employeur","Netherlands · permanent contract, large employer",2.51,5869.4844,0.0,0.0,0.0274,0.0763,0.061,0.005,5869.4844,160.823873,447.84166,358.038548,29.347422,996.051503,0.16970000000000002,5869.4844,70433.76,25751.14,511.16,4067.8,21172.18,1764.35,4105.1344,6865.535903,996.051503,2760.401503,1.1697000000000002,1.6724265842989212,23.384399999999914,23.384399999999914,11.584399999999732,27.352732999999716,3.9683330000000296,15.768332999999984,1.0,0.49539008911923227,1.1697000136843287,0.16970001368433846,0.6743099245650965
Netherlands,NL,2026-07,2026-07-01,netherlands__standard_permanent_contract,"Pays-Bas · contrat à durée indéterminée, grand employeur","Netherlands · permanent contract, large employer",2.52,5892.8688,0.0,0.0,0.0274,0.0763,0.061,0.005,5892.8688,161.464605,449.625889,359.464997,29.464344,1000.019835,0.1697,5892.8688,70714.44,25856.56,493.2,4049.53,21313.83,1776.15,4116.7188,6892.888635,1000.019835,2776.169835,1.1697,1.674364699225995,23.384399999999914,23.384399999999914,11.584399999999732,27.352732000000287,3.9683319999999185,15.7683320000001,1.0,0.49539008911923227,1.1696999709208014,0.16969997092078193,0.6743098818015497
Netherlands,NL,2026-07,2026-07-01,netherlands__standard_permanent_contract,"Pays-Bas · contrat à durée indéterminée, grand employeur","Netherlands · permanent contract, large employer",2.53,5916.2532,0.0,0.0,0.0274,0.0763,0.061,0.005,5916.2532,162.105338,451.410119,360.891445,29.581266,1003.988168,0.16970000000000002,5916.2532,70995.0,25961.94,475.25,4031.26,21455.43,1787.95,4128.3032,6920.241368,1003.988168,2791.938168,1.1697,1.6762919370941554,23.384399999999914,23.384399999999914,11.584400000000642,27.352732999999716,3.9683330000000296,15.768332999999984,1.0,0.4953900891192711,1.1697000136843287,0.16970001368433846,0.6743099245650965
Netherlands,NL,2026-07,2026-07-01,netherlands__standard_permanent_contract,"Pays-Bas · contrat à durée indéterminée, grand employeur","Netherlands · permanent contract, large employer",2.54,5939.6376,0.0,0.0,0.0274,0.0763,0.061,0.005,5939.6376,162.74607,453.194349,362.317894,29.698188,1007.956501,0.1697,5939.6376,71275.68,26067.36,457.29,4012.99,21597.08,1799.76,4139.8776,6947.594101,1007.956501,2807.716501,1.1697,1.678212442976575,23.384399999999914,23.384399999999914,11.574399999999514,27.352732999999716,3.9683330000000296,15.778332999999748,1.0,0.49496245360152735,1.1697000136843287,0.16970001368433846,0.674737560082782
Netherlands,NL,2026-07,2026-07-01,netherlands__standard_permanent_contract,"Pays-Bas · contrat à durée indéterminée, grand employeur","Netherlands · permanent contract, large employer",2.55,5963.022,0.0,0.0,0.0274,0.0763,0.061,0.005,5963.022,163.386803,454.978579,363.744342,29.81511,1011.924833,0.16970000000000002,5963.022,71556.24,26172.74,439.34,3994.73,21738.67,1811.56,4151.462,6974.946833,1011.924833,2823.484833,1.1697,1.6801181929161344,23.384399999999914,23.384399999999914,11.584400000000642,27.352732000000287,3.968332000000032,15.7683320000001,1.0,0.4953900891192711,1.1696999709208014,0.16969997092078679,0.6743098818015497
Netherlands,NL,2026-07,2026-07-01,netherlands__standard_permanent_contract,"Pays-Bas · contrat à durée indéterminée, grand employeur","Netherlands · permanent contract, large employer",2.56,5986.4064,0.0,0.0,0.0274,0.0763,0.061,0.005,5986.4064,164.027535,456.762808,365.17079,29.932032,1015.893166,0.16970000000000002,5986.4064,71836.92,26278.16,421.38,3976.46,21880.32,1823.36,4163.0464,7002.299566,1015.893166,2839.253166,1.1697,1.682013336694974,23.384399999999914,23.384399999999914,11.584399999999732,27.352732999999716,3.968332999999916,15.768332999999984,1.0,0.49539008911923227,1.1697000136843287,0.1697000136843336,0.6743099245650965
Netherlands,NL,2026-07,2026-07-01,netherlands__standard_permanent_contract,"Pays-Bas · contrat à durée indéterminée, grand employeur","Netherlands · permanent contract, large employer",2.57,6009.7908,0.0,0.0,0.0274,0.0763,0.061,0.005,6009.7908,164.668268,458.547038,366.597239,30.048954,1019.861499,0.16970000000000002,6009.7908,72117.48,26383.54,403.43,3958.19,22021.92,1835.16,4174.6308,7029.652299,1019.861499,2855.021499,1.1697,1.6838979626078552,23.384399999999914,23.384399999999914,11.584399999999732,27.352733000000626,3.9683330000000296,15.768332999999984,1.0,0.49539008911923227,1.1697000136843676,0.16970001368433846,0.6743099245650965
Netherlands,NL,2026-07,2026-07-01,netherlands__standard_permanent_contract,"Pays-Bas · contrat à durée indéterminée, grand employeur","Netherlands · permanent contract, large employer",2.58,6033.1752,0.0,0.0,0.0274,0.0763,0.061,0.005,6033.1752,165.309,460.331268,368.023687,30.165876,1023.829831,0.16970000000000002,6033.1752,72398.16,26488.97,385.48,3939.92,22163.57,1846.96,4186.2152,7057.005031,1023.829831,2870.789831,1.1697,1.685772157972194,23.384399999999914,23.384399999999914,11.584399999999732,27.352731999999378,3.968332000000032,15.7683320000001,1.0,0.49539008911923227,1.1696999709207625,0.16969997092078679,0.6743098818015497
Netherlands,NL,2026-07,2026-07-01,netherlands__standard_permanent_contract,"Pays-Bas · contrat à durée indéterminée, grand employeur","Netherlands · permanent contract, large employer",2.59,6056.5596,0.0,0.0,0.0274,0.0763,0.061,0.005,6056.5596,165.949733,462.115497,369.450136,30.282798,1027.798164,0.1697,6056.5596,72678.72,26594.34,367.52,3921.65,22305.17,1858.76,4197.7996,7084.357764,1027.798164,2886.558164,1.1697,1.6876360091415512,23.384399999999914,23.384399999999914,11.584400000000642,27.352733000000626,3.9683330000000296,15.768332999999984,1.0,0.4953900891192711,1.1697000136843676,0.16970001368433846,0.6743099245650965
Netherlands,NL,2026-07,2026-07-01,netherlands__standard_permanent_contract,"Pays-Bas · contrat à durée indéterminée, grand employeur","Netherlands · permanent contract, large employer",2.6,6079.944,0.0,0.0,0.0274,0.0763,0.061,0.005,6079.944,166.590466,463.899727,370.876584,30.39972,1031.766497,0.16970000000000005,6079.944,72959.28,26699.72,349.57,3903.39,22446.76,1870.56,4209.384,7111.710497,1031.766497,2902.326497,1.1697,1.689489601518892,23.384400000000824,23.384400000000824,11.584399999999732,27.352732999999716,3.9683330000000296,15.768332999999984,1.0,0.495390089119213,1.1697000136842832,0.16970001368433185,0.6743099245650702
Netherlands,NL,2026-07,2026-07-01,netherlands__standard_permanent_contract,"Pays-Bas · contrat à durée indéterminée, grand employeur","Netherlands · permanent contract, large employer",2.61,6103.3284,0.0,0.0,0.0274,0.0763,0.061,0.005,6103.3284,167.231198,465.683957,372.303032,30.516642,1035.734829,0.1697,6103.3284,73239.96,26805.15,331.62,3885.12,22588.41,1882.37,4220.9584,7139.063229,1035.734829,2918.104829,1.1697000000000002,1.69133702655776,23.384399999999914,23.384399999999914,11.574400000000423,27.352732000000287,3.9683319999999185,15.778331999999864,1.0,0.49496245360156627,1.1696999709208014,0.16969997092078193,0.6747375173192351
Netherlands,NL,2026-07,2026-07-01,netherlands__standard_permanent_contract,"Pays-Bas · contrat à durée indéterminée, grand employeur","Netherlands · permanent contract, large employer",2.62,6126.7128,0.0,0.0,0.0274,0.0763,0.061,0.005,6126.7128,167.871931,467.468187,373.729481,30.633564,1039.703162,0.16970000000000002,6126.7128,73520.52,26910.53,313.67,3866.85,22730.01,1894.17,4232.5428,7166.415962,1039.703162,2933.873162,1.1697,1.6931703471870385,23.384399999999914,23.384399999999914,11.584399999999732,27.352732999999716,3.9683330000000296,15.768332999999984,1.0,0.49539008911923227,1.1697000136843287,0.16970001368433846,0.6743099245650965
Netherlands,NL,2026-07,2026-07-01,netherlands__standard_permanent_contract,"Pays-Bas · contrat à durée indéterminée, grand employeur","Netherlands · permanent contract, large employer",2.63,6150.0972,0.0,0.0,0.0274,0.0763,0.061,0.005,6150.0972,168.512663,469.252416,375.155929,30.750486,1043.671495,0.1697,6150.0972,73801.2,27015.95,295.71,3848.58,22871.66,1905.97,4244.1272,7193.768695,1043.671495,2949.641495,1.1697,1.694993659671652,23.384399999999914,23.384399999999914,11.584399999999732,27.352732999999716,3.9683330000000296,15.768332999999984,1.0,0.49539008911923227,1.1697000136843287,0.16970001368433846,0.6743099245650965
Netherlands,NL,2026-07,2026-07-01,netherlands__standard_permanent_contract,"Pays-Bas · contrat à durée indéterminée, grand employeur","Netherlands · permanent contract, large employer",2.64,6173.4816,0.0,0.0,0.0274,0.0763,0.061,0.005,6173.4816,169.153396,471.036646,376.582378,30.867408,1047.639828,0.1697,6173.4816,74081.76,27121.33,277.76,3830.32,23013.25,1917.77,4255.7116,7221.121428,1047.639828,2965.409828,1.1697,1.6968070457405993,23.384399999999914,23.384399999999914,11.584399999999732,27.352733000000626,3.9683330000000296,15.768332999999984,1.0,0.49539008911923227,1.1697000136843676,0.16970001368433846,0.6743099245650965
Netherlands,NL,2026-07,2026-07-01,netherlands__standard_permanent_contract,"Pays-Bas · contrat à durée indéterminée, grand employeur","Netherlands · permanent contract, large employer",2.65,6196.866,0.0,0.0,0.0274,0.0763,0.061,0.005,6196.866,169.794128,472.820876,378.008826,30.98433,1051.60816,0.1697,6196.866,74362.44,27226.75,259.8,3812.04,23154.91,1929.58,4267.286,7248.47416,1051.60816,2981.18816,1.1697,1.6986145667761663,23.384399999999914,23.384399999999914,11.574400000000423,27.352731999999378,3.9683319999999185,15.778332000000319,1.0,0.49496245360156627,1.1696999709207625,0.16969997092078193,0.6747375173192546
Netherlands,NL,2026-07,2026-07-01,netherlands__standard_permanent_contract,"Pays-Bas · contrat à durée indéterminée, grand employeur","Netherlands · permanent contract, large employer",2.66,6220.2504,0.0,0.0,0.0274,0.0763,0.061,0.005,6220.2504,170.434861,474.605106,379.435274,31.101252,1055.576493,0.16970000000000002,6220.2504,74643.0,27332.13,241.85,3793.78,23296.5,1941.38,4278.8704,7275.826893,1055.576493,2996.956493,1.1697,1.700408335078342,23.384399999999914,23.384399999999914,11.584399999999732,27.352733000000626,3.9683330000000296,15.768332999999984,1.0,0.49539008911923227,1.1697000136843676,0.16970001368433846,0.6743099245650965
Netherlands,NL,2026-07,2026-07-01,netherlands__standard_permanent_contract,"Pays-Bas · contrat à durée indéterminée, grand employeur","Netherlands · permanent contract, large employer",2.67,6243.6348,0.0,0.0,0.0274,0.0763,0.061,0.005,6243.6348,171.075594,476.389335,380.861723,31.218174,1059.544826,0.16970000000000002,6243.6348,74923.56,27437.51,223.9,3775.52,23438.09,1953.17,4290.4648,7303.179626,1059.544826,3012.714826,1.1697,1.702188449503187,23.384399999999914,23.384399999999914,11.59439999999995,27.352732999999716,3.9683330000000296,15.758332999999766,1.0,0.49581772463693713,1.1697000136843287,0.16970001368433846,0.6738822890473916
Netherlands,NL,2026-07,2026-07-01,netherlands__standard_permanent_contract,"Pays-Bas · contrat à durée indéterminée, grand employeur","Netherlands · permanent contract, large employer",2.68,6267.0192,0.0,0.0,0.0274,0.0763,0.061,0.005,6267.0192,171.716326,478.173565,382.288171,31.335096,1063.513158,0.16970000000000002,6267.0192,75204.24,27542.93,205.94,3757.24,23579.75,1964.98,4302.0392,7330.532358,1063.513158,3028.493158,1.1697,1.7039668904551122,23.384399999999914,23.384399999999914,11.574400000000423,27.352732000000287,3.9683319999999185,15.778332000000319,1.0,0.49496245360156627,1.1696999709208014,0.16969997092078193,0.6747375173192546
Netherlands,NL,2026-07,2026-07-01,netherlands__standard_permanent_contract,"Pays-Bas · contrat à durée indéterminée, grand employeur","Netherlands · permanent contract, large employer",2.69,6290.4036,0.0,0.0,0.0274,0.0763,0.061,0.005,6290.4036,172.357059,479.957795,383.71462,31.452018,1067.481491,0.1697,6290.4036,75484.8,27648.31,187.99,3738.98,23721.34,1976.78,4313.6236,7357.885091,1067.481491,3044.261491,1.1697,1.7057318331900817,23.384399999999914,23.384399999999914,11.584399999999732,27.352732999999716,3.9683330000000296,15.768332999999984,1.0,0.49539008911923227,1.1697000136843287,0.16970001368433846,0.6743099245650965
Netherlands,NL,2026-07,2026-07-01,netherlands__standard_permanent_contract,"Pays-Bas · contrat à durée indéterminée, grand employeur","Netherlands · permanent contract, large employer",2.7,6313.788,0.0,0.0,0.0274,0.0763,0.061,0.005,6313.788,172.997791,481.742024,385.141068,31.56894,1071.449824,0.16970000000000005,6313.788,75765.48,27753.73,170.03,3720.71,23862.99,1988.58,4325.208,7385.237824,1071.449824,3060.029824,1.1697,1.707487321673316,23.384399999999914,23.384399999999914,11.584399999999732,27.352732999999716,3.9683330000000296,15.768332999999984,1.0,0.49539008911923227,1.1697000136843287,0.16970001368433846,0.6743099245650965
Netherlands,NL,2026-07,2026-07-01,netherlands__standard_permanent_contract,"Pays-Bas · contrat à durée indéterminée, grand employeur","Netherlands · permanent contract, large employer",2.71,6337.1724,0.0,0.0,0.0274,0.0763,0.061,0.005,6337.1724,173.638524,483.526254,386.567516,31.685862,1075.418156,0.16970000000000002,6337.1724,76046.04,27859.11,152.08,3702.44,24004.59,2000.38,4336.7924,7412.590556,1075.418156,3075.798156,1.1697,1.7092334316671465,23.384400000000824,23.384400000000824,11.584400000000642,27.352732000000287,3.9683319999999185,15.768331999999646,1.0,0.49539008911925186,1.1696999709207558,0.16969997092077532,0.674309881801504
Netherlands,NL,2026-07,2026-07-01,netherlands__standard_permanent_contract,"Pays-Bas · contrat à durée indéterminée, grand employeur","Netherlands · permanent contract, large employer",2.72,6360.5568,0.0,0.0,0.0274,0.0763,0.061,0.005,6360.5568,174.279256,485.310484,387.993965,31.802784,1079.386489,0.1697,6360.5568,76326.72,27964.53,134.13,3684.17,24146.23,2012.19,4348.3668,7439.943289,1079.386489,3091.576489,1.1697,1.7109741728687655,23.384399999999914,23.384399999999914,11.574399999999514,27.352732999999716,3.9683330000000296,15.778333000000202,1.0,0.49496245360152735,1.1697000136843287,0.16970001368433846,0.6747375600828014
Netherlands,NL,2026-07,2026-07-01,netherlands__standard_permanent_contract,"Pays-Bas · contrat à durée indéterminée, grand employeur","Netherlands · permanent contract, large employer",2.73,6383.9412,0.0,0.0,0.0274,0.0763,0.061,0.005,6383.9412,174.919989,487.094714,389.420413,31.919706,1083.354822,0.1697,6383.9412,76607.28,28069.91,116.18,3665.91,24287.82,2023.99,4359.9512,7467.296022,1083.354822,3107.344822,1.1697,1.7127017434598808,23.384399999999914,23.384399999999914,11.584400000000642,27.352733000000626,3.9683330000000296,15.768332999999984,1.0,0.4953900891192711,1.1697000136843676,0.16970001368433846,0.6743099245650965
Netherlands,NL,2026-07,2026-07-01,netherlands__standard_permanent_contract,"Pays-Bas · contrat à durée indéterminée, grand employeur","Netherlands · permanent contract, large employer",2.74,6407.3256,0.0,0.0,0.0274,0.0763,0.061,0.005,6407.3256,175.560721,488.878943,390.846862,32.036628,1087.323154,0.1697,6407.3256,76887.96,28175.34,98.22,3647.63,24429.49,2035.79,4371.5356,7494.648754,1087.323154,3123.113154,1.1697,1.714420158060705,23.384399999999914,23.384399999999914,11.584399999999732,27.352731999999378,3.9683319999999185,15.7683320000001,1.0,0.49539008911923227,1.1696999709207625,0.16969997092078193,0.6743098818015497
Netherlands,NL,2026-07,2026-07-01,netherlands__standard_permanent_contract,"Pays-Bas · contrat à durée indéterminée, grand employeur","Netherlands · permanent contract, large employer",2.75,6430.71,0.0,0.0,0.0274,0.0763,0.061,0.005,6430.71,176.201454,490.663173,392.27331,32.15355,1091.291487,0.1697,6430.71,77168.52,28280.71,80.27,3629.37,24571.07,2047.59,4383.12,7522.001487,1091.291487,3138.881487,1.1697,1.7161294892679186,23.384399999999914,23.384399999999914,11.584399999999732,27.352733000000626,3.9683330000000296,15.768332999999984,1.0,0.49539008911923227,1.1697000136843676,0.16970001368433846,0.6743099245650965
Netherlands,NL,2026-07,2026-07-01,netherlands__standard_permanent_contract,"Pays-Bas · contrat à durée indéterminée, grand employeur","Netherlands · permanent contract, large employer",2.76,6454.0944,0.0,0.0,0.0274,0.0763,0.061,0.005,6454.0944,176.842187,492.447403,393.699758,32.270472,1095.25982,0.1697,6454.0944,77449.08,28386.09,62.32,3611.1,24712.67,2059.39,4394.7044,7549.35422,1095.25982,3154.64982,1.1697,1.7178298089127448,23.384399999999914,23.384399999999914,11.584399999999732,27.352732999999716,3.9683330000000296,15.768332999999984,1.0,0.49539008911923227,1.1697000136843287,0.16970001368433846,0.6743099245650965
Netherlands,NL,2026-07,2026-07-01,netherlands__standard_permanent_contract,"Pays-Bas · contrat à durée indéterminée, grand employeur","Netherlands · permanent contract, large employer",2.77,6477.4788,0.0,0.0,0.0274,0.0763,0.061,0.005,6477.4788,177.482919,494.231632,395.126207,32.387394,1099.228152,0.16970000000000005,6477.4788,77729.76,28491.52,44.36,3592.83,24854.33,2071.19,4406.2888,7576.706952,1099.228152,3170.418152,1.1697,1.7195211880710133,23.384399999999914,23.384399999999914,11.584400000000642,27.352731999999378,3.9683319999999185,15.7683320000001,1.0,0.4953900891192711,1.1696999709207625,0.16969997092078193,0.6743098818015497
Netherlands,NL,2026-07,2026-07-01,netherlands__standard_permanent_contract,"Pays-Bas · contrat à durée indéterminée, grand employeur","Netherlands · permanent contract, large employer",2.78,6500.8632,0.0,0.0,0.0274,0.0763,0.061,0.005,6500.8632,178.123652,496.015862,396.552655,32.504316,1103.196485,0.1697,6500.8632,78010.32,28596.89,26.41,3574.57,24995.91,2082.99,4417.8732,7604.059685,1103.196485,3186.186485,1.1697,1.7212036970730622,23.384399999999914,23.384399999999914,11.584399999999732,27.352733000000626,3.9683330000000296,15.768332999999984,1.0,0.49539008911923227,1.1697000136843676,0.16970001368433846,0.6743099245650965
Netherlands,NL,2026-07,2026-07-01,netherlands__standard_permanent_contract,"Pays-Bas · contrat à durée indéterminée, grand employeur","Netherlands · permanent contract, large employer",2.79,6524.2476,0.0,0.0,0.0274,0.0763,0.061,0.005,6524.2476,178.764384,497.800092,397.979104,32.621238,1107.164818,0.16970000000000002,6524.2476,78291.0,28702.32,8.45,3556.3,25137.57,2094.8,4429.4476,7631.412418,1107.164818,3201.964818,1.1697,1.7228812951122845,23.384399999999914,23.384399999999914,11.574400000000423,27.352732999999716,3.9683330000000296,15.778332999999748,1.0,0.49496245360156627,1.1697000136843287,0.16970001368433846,0.674737560082782
Netherlands,NL,2026-07,2026-07-01,netherlands__standard_permanent_contract,"Pays-Bas · contrat à durée indéterminée, grand employeur","Netherlands · permanent contract, large employer",2.8,6547.632,0.0,0.0,0.0274,0.0763,0.061,0.005,6547.632,179.405117,499.584322,399.405552,32.73816,1111.13315,0.16970000000000005,6547.632,78571.56,28825.08,0.0,3538.03,25287.05,2107.25,4440.382,7658.76515,1111.13315,3218.38315,1.1697,1.7247987111018828,23.384399999999914,23.384399999999914,10.934399999999187,27.352732000000287,3.9683319999999185,16.41833200000019,1.0,0.4675937804689976,1.1696999709208014,0.16969997092078193,0.7021061904517649
Netherlands,NL,2026-07,2026-07-01,netherlands__standard_permanent_contract,"Pays-Bas · contrat à durée indéterminée, grand employeur","Netherlands · permanent contract, large employer",2.81,6571.0164,0.0,0.0,0.0274,0.0763,0.061,0.005,6571.0164,180.045849,501.368551,400.832,32.855082,1115.101483,0.16970000000000002,6571.0164,78852.24,28964.01,0.0,3519.76,25444.25,2120.35,4450.6664,7686.117883,1115.101483,3235.451483,1.1697,1.7269588848717128,23.384400000000824,23.384400000000824,10.28440000000046,27.352732999999716,3.9683330000000296,17.06833299999971,1.0,0.43979747181882356,1.1697000136842832,0.16970001368433185,0.7299025418654791
Netherlands,NL,2026-07,2026-07-01,netherlands__standard_permanent_contract,"Pays-Bas · contrat à durée indéterminée, grand employeur","Netherlands · permanent contract, large employer",2.82,6594.4008,0.0,0.0,0.0274,0.0763,0.061,0.005,6594.4008,180.686582,503.152781,402.258449,32.972004,1119.069816,0.16970000000000002,6594.4008,79132.8,29102.89,0.0,3501.49,25601.4,2133.45,4460.9508,7713.470616,1119.069816,3252.519816,1.1697,1.7291090983922082,23.384399999999914,23.384399999999914,10.28439999999955,27.352732999999716,3.9683330000000296,17.068333000000166,1.0,0.43979747181880174,1.1697000136843287,0.16970001368433846,0.7299025418655269
Netherlands,NL,2026-07,2026-07-01,netherlands__standard_permanent_contract,"Pays-Bas · contrat à durée indéterminée, grand employeur","Netherlands · permanent contract, large employer",2.83,6617.7852,0.0,0.0,0.0274,0.0763,0.061,0.005,6617.42,181.317308,504.909146,403.66262,33.0871,1122.976174,0.16969063516899885,6617.7852,79413.48,29241.83,0.0,3483.22,25758.61,2146.55,4471.2352,7740.761374,1122.976174,3269.526174,1.1696906351689988,1.7312355596950033,23.384399999999914,23.384399999999914,10.28440000000046,27.290758000000096,3.9063579999999547,17.00635800000009,1.0,0.43979747181884066,1.1670497425634268,0.16704974256341704,0.7272522707446055
Netherlands,NL,2026-07,2026-07-01,netherlands__standard_permanent_contract,"Pays-Bas · contrat à durée indéterminée, grand employeur","Netherlands · permanent contract, large employer",2.84,6641.1696,0.0,0.0,0.0274,0.0763,0.061,0.005,6617.42,181.317308,504.909146,403.66262,33.0871,1122.976174,0.1690931329324883,6641.1696,79694.04,29380.7,0.0,3464.96,25915.74,2159.65,4481.5196,7764.145774,1122.976174,3282.626174,1.1690931329324883,1.7324806018922692,23.384399999999914,23.384399999999914,10.28439999999955,23.384399999999914,0.0,13.099999999999909,1.0,0.43979747181880174,1.0,0.0,0.5602025281811788
Netherlands,NL,2026-07,2026-07-01,netherlands__standard_permanent_contract,"Pays-Bas · contrat à durée indéterminée, grand employeur","Netherlands · permanent contract, large employer",2.85,6664.554,0.0,0.0,0.0274,0.0763,0.061,0.005,6617.42,181.317308,504.909146,403.66262,33.0871,1122.976174,0.1684998236941287,6664.554,79974.6,29519.58,0.0,3446.69,26072.89,2172.74,4491.814,7787.530174,1122.976174,3295.716174,1.1684998236941286,1.73371608307913,23.384399999999914,23.384399999999914,10.294400000000678,23.384400000000824,0.0,13.090000000000146,1.0,0.4402251073365456,1.0000000000000389,0.0,0.5597748926634933
Netherlands,NL,2026-07,2026-07-01,netherlands__standard_permanent_contract,"Pays-Bas · contrat à durée indéterminée, grand employeur","Netherlands · permanent contract, large employer",2.86,6687.9384,0.0,0.0,0.0274,0.0763,0.061,0.005,6617.42,181.317308,504.909146,403.66262,33.0871,1122.976174,0.16791066347142194,6687.9384,80255.28,29658.52,0.0,3428.42,26230.1,2185.84,4502.0984,7810.914574,1122.976174,3308.816174,1.167910663471422,1.7349497678682457,23.384399999999914,23.384399999999914,10.28439999999955,23.384399999999914,0.0,13.099999999999909,1.0,0.43979747181880174,1.0,0.0,0.5602025281811788
Netherlands,NL,2026-07,2026-07-01,netherlands__standard_permanent_contract,"Pays-Bas · contrat à durée indéterminée, grand employeur","Netherlands · permanent contract, large employer",2.87,6711.3228,0.0,0.0,0.0274,0.0763,0.061,0.005,6617.42,181.317308,504.909146,403.66262,33.0871,1122.976174,0.16732560889486645,6711.3228,80535.84,29797.39,0.0,3410.16,26387.23,2198.94,4512.3828,7834.298974,1122.976174,3321.916174,1.1673256088948665,1.7361778291504877,23.384399999999914,23.384399999999914,10.28440000000046,23.384399999999914,0.0,13.099999999999909,1.0,0.43979747181884066,1.0,0.0,0.5602025281811788
Netherlands,NL,2026-07,2026-07-01,netherlands__standard_permanent_contract,"Pays-Bas · contrat à durée indéterminée, grand employeur","Netherlands · permanent contract, large employer",2.88,6734.7072,0.0,0.0,0.0274,0.0763,0.061,0.005,6617.42,181.317308,504.909146,403.66262,33.0871,1122.976174,0.16674461719731484,6734.7072,80816.52,29936.33,0.0,3391.88,26544.45,2212.04,4522.6672,7857.683374,1122.976174,3335.016174,1.1667446171973148,1.7374003052888791,23.384399999999914,23.384399999999914,10.28439999999955,23.384399999999914,0.0,13.099999999999909,1.0,0.43979747181880174,1.0,0.0,0.5602025281811788
Netherlands,NL,2026-07,2026-07-01,netherlands__standard_permanent_contract,"Pays-Bas · contrat à durée indéterminée, grand employeur","Netherlands · permanent contract, large employer",2.89,6758.0916,0.0,0.0,0.0274,0.0763,0.061,0.005,6617.42,181.317308,504.909146,403.66262,33.0871,1122.976174,0.1661676462035525,6758.0916,81097.08,30075.21,0.0,3373.62,26701.59,2225.13,4532.9616,7881.067774,1122.976174,3348.106174,1.1661676462035526,1.7386133987987016,23.384399999999914,23.384399999999914,10.294399999999769,23.384399999999914,0.0,13.090000000000146,1.0,0.44022510733650666,1.0,0.0,0.5597748926634933
Netherlands,NL,2026-07,2026-07-01,netherlands__standard_permanent_contract,"Pays-Bas · contrat à durée indéterminée, grand employeur","Netherlands · permanent contract, large employer",2.9,6781.476,0.0,0.0,0.0274,0.0763,0.061,0.005,6617.42,181.317308,504.909146,403.66262,33.0871,1122.976174,0.165594654320092,6781.476,81377.76,30214.14,0.0,3355.35,26858.79,2238.23,4543.246,7904.452174,1122.976174,3361.206174,1.1655946543200921,1.739824824365663,23.384399999999914,23.384399999999914,10.28440000000046,23.384399999999914,0.0,13.099999999999909,1.0,0.43979747181884066,1.0,0.0,0.5602025281811788
Netherlands,NL,2026-07,2026-07-01,netherlands__standard_permanent_contract,"Pays-Bas · contrat à durée indéterminée, grand employeur","Netherlands · permanent contract, large employer",2.91,6804.8604,0.0,0.0,0.0274,0.0763,0.061,0.005,6617.42,181.317308,504.909146,403.66262,33.0871,1122.976174,0.16502560052517756,6804.8604,81658.32,30353.02,0.0,3337.08,27015.94,2251.33,4553.5304,7927.836574,1122.976174,3374.306174,1.1650256005251776,1.7410307777894707,23.384399999999914,23.384399999999914,10.28439999999955,23.384399999999914,0.0,13.099999999999909,1.0,0.43979747181880174,1.0,0.0,0.5602025281811788
Netherlands,NL,2026-07,2026-07-01,netherlands__standard_permanent_contract,"Pays-Bas · contrat à durée indéterminée, grand employeur","Netherlands · permanent contract, large employer",2.92,6828.2448,0.0,0.0,0.0274,0.0763,0.061,0.005,6617.42,181.317308,504.909146,403.66262,33.0871,1122.976174,0.16446044435899546,6828.2448,81938.88,30491.9,0.0,3318.82,27173.08,2264.42,4563.8248,7951.220974,1122.976174,3387.396174,1.1644604443589954,1.7422274785833147,23.384400000000824,23.384400000000824,10.294400000000678,23.384399999999914,0.0,13.090000000000146,1.0,0.4402251073365284,0.9999999999999611,0.0,0.5597748926634716
Netherlands,NL,2026-07,2026-07-01,netherlands__standard_permanent_contract,"Pays-Bas · contrat à durée indéterminée, grand employeur","Netherlands · permanent contract, large employer",2.93,6851.6292,0.0,0.0,0.0274,0.0763,0.061,0.005,6617.42,181.317308,504.909146,403.66262,33.0871,1122.976174,0.16389914591408422,6851.6292,82219.56,30630.84,0.0,3300.55,27330.29,2277.52,4574.1092,7974.605374,1122.976174,3400.496174,1.1638991459140842,1.7434226043400973,23.384399999999914,23.384399999999914,10.28439999999955,23.384399999999914,0.0,13.099999999999909,1.0,0.43979747181880174,1.0,0.0,0.5602025281811788
Netherlands,NL,2026-07,2026-07-01,netherlands__standard_permanent_contract,"Pays-Bas · contrat à durée indéterminée, grand employeur","Netherlands · permanent contract, large employer",2.94,6875.0136,0.0,0.0,0.0274,0.0763,0.061,0.005,6617.42,181.317308,504.909146,403.66262,33.0871,1122.976174,0.16334166582594106,6875.0136,82500.12,30769.71,0.0,3282.28,27487.43,2290.62,4584.3936,7997.989774,1122.976174,3413.596174,1.163341665825941,1.7446123679258256,23.384399999999914,23.384399999999914,10.28440000000046,23.384399999999914,0.0,13.099999999999909,1.0,0.43979747181884066,1.0,0.0,0.5602025281811788
Netherlands,NL,2026-07,2026-07-01,netherlands__standard_permanent_contract,"Pays-Bas · contrat à durée indéterminée, grand employeur","Netherlands · permanent contract, large employer",2.95,6898.398,0.0,0.0,0.0274,0.0763,0.061,0.005,6617.42,181.317308,504.909146,403.66262,33.0871,1122.976174,0.16278796526381925,6898.398,82780.8,30908.65,0.0,3264.01,27644.64,2303.72,4594.678,8021.374174,1122.976174,3426.696174,1.1627879652638193,1.7457968053474042,23.384399999999914,23.384399999999914,10.28439999999955,23.384399999999914,0.0,13.100000000000364,1.0,0.43979747181880174,1.0,0.0,0.5602025281811982
Netherlands,NL,2026-07,2026-07-01,netherlands__standard_permanent_contract,"Pays-Bas · contrat à durée indéterminée, grand employeur","Netherlands · permanent contract, large employer",2.96,6921.7824,0.0,0.0,0.0274,0.0763,0.061,0.005,6617.42,181.317308,504.909146,403.66262,33.0871,1122.976174,0.16223800592171175,6921.7824,83061.36,31047.53,0.0,3245.74,27801.79,2316.82,4604.9624,8044.758574,1122.976174,3439.796174,1.1622380059217117,1.7469759522900772,23.384399999999914,23.384399999999914,10.28440000000046,23.384400000000824,0.0,13.099999999999909,1.0,0.43979747181884066,1.0000000000000389,0.0,0.5602025281811788
Netherlands,NL,2026-07,2026-07-01,netherlands__standard_permanent_contract,"Pays-Bas · contrat à durée indéterminée, grand employeur","Netherlands · permanent contract, large employer",2.97,6945.1668,0.0,0.0,0.0274,0.0763,0.061,0.005,6617.42,181.317308,504.909146,403.66262,33.0871,1122.976174,0.1616917500095174,6945.1668,83342.04,31186.46,0.0,3227.47,27958.99,2329.92,4615.2468,8068.142974,1122.976174,3452.896174,1.1616917500095174,1.7481498441210122,23.384399999999914,23.384399999999914,10.28439999999955,23.384399999999914,0.0,13.099999999999909,1.0,0.43979747181880174,1.0,0.0,0.5602025281811788
Netherlands,NL,2026-07,2026-07-01,netherlands__standard_permanent_contract,"Pays-Bas · contrat à durée indéterminée, grand employeur","Netherlands · permanent contract, large employer",2.98,6968.5512,0.0,0.0,0.0274,0.0763,0.061,0.005,6617.42,181.317308,504.909146,403.66262,33.0871,1122.976174,0.16114916024438483,6968.5512,83622.6,31325.34,0.0,3209.21,28116.13,2343.01,4625.5412,8091.527374,1122.976174,3465.986174,1.1611491602443849,1.7493147340250694,23.384399999999914,23.384399999999914,10.294399999999769,23.384399999999914,0.0,13.090000000000146,1.0,0.44022510733650666,1.0,0.0,0.5597748926634933
Netherlands,NL,2026-07,2026-07-01,netherlands__standard_permanent_contract,"Pays-Bas · contrat à durée indéterminée, grand employeur","Netherlands · permanent contract, large employer",2.99,6991.9356,0.0,0.0,0.0274,0.0763,0.061,0.005,6617.42,181.317308,504.909146,403.66262,33.0871,1122.976174,0.16061019984222968,6991.9356,83903.28,31464.28,0.0,3190.94,28273.34,2356.11,4635.8256,8114.911774,1122.976174,3479.086174,1.1606101998422298,1.7504782263595078,23.384399999999914,23.384399999999914,10.28440000000046,23.384399999999914,0.0,13.099999999999909,1.0,0.43979747181884066,1.0,0.0,0.5602025281811788
Netherlands,NL,2026-07,2026-07-01,netherlands__standard_permanent_contract,"Pays-Bas · contrat à durée indéterminée, grand employeur","Netherlands · permanent contract, large employer",3.0,7015.32,0.0,0.0,0.0274,0.0763,0.061,0.005,6617.42,181.317308,504.909146,403.66262,33.0871,1122.976174,0.16007483250942225,7015.32,84183.84,31603.15,0.0,3172.67,28430.48,2369.21,4646.11,8138.296174,1122.976174,3492.186174,1.1600748325094223,1.7516365677954246,23.384399999999914,23.384399999999914,10.28439999999955,23.384399999999914,0.0,13.099999999999909,1.0,0.43979747181880174,1.0,0.0,0.5602025281811788
Netherlands,NL,2026-07,2026-07-01,netherlands__standard_permanent_contract,"Pays-Bas · contrat à durée indéterminée, grand employeur","Netherlands · permanent contract, large employer",3.01,7038.7044,0.0,0.0,0.0274,0.0763,0.061,0.005,6617.42,181.317308,504.909146,403.66262,33.0871,1122.976174,0.15954302243464014,7038.7044,84464.4,31742.03,0.0,3154.41,28587.62,2382.3,4656.4044,8161.680574,1122.976174,3505.276174,1.1595430224346401,1.7527860282066567,23.384399999999914,23.384399999999914,10.294400000000678,23.384399999999914,0.0,13.090000000000146,1.0,0.4402251073365456,1.0,0.0,0.5597748926634933
Netherlands,NL,2026-07,2026-07-01,netherlands__standard_permanent_contract,"Pays-Bas · contrat à durée indéterminée, grand employeur","Netherlands · permanent contract, large employer",3.02,7062.0888,0.0,0.0,0.0274,0.0763,0.061,0.005,6617.42,181.317308,504.909146,403.66262,33.0871,1122.976174,0.15901473428088303,7062.0888,84745.08,31880.97,0.0,3136.13,28744.84,2395.4,4666.6888,8185.064974,1122.976174,3518.376174,1.159014734280883,1.753934175769338,23.384400000000824,23.384400000000824,10.28439999999955,23.384399999999914,0.0,13.099999999999909,1.0,0.43979747181878465,0.9999999999999611,0.0,0.560202528181157
Netherlands,NL,2026-07,2026-07-01,netherlands__standard_permanent_contract,"Pays-Bas · contrat à durée indéterminée, grand employeur","Netherlands · permanent contract, large employer",3.03,7085.4732,0.0,0.0,0.0274,0.0763,0.061,0.005,6617.42,181.317308,504.909146,403.66262,33.0871,1122.976174,0.15848993317764581,7085.4732,85025.64,32019.85,0.0,3117.87,28901.98,2408.5,4676.9732,8208.449374,1122.976174,3531.476174,1.158489933177646,1.7550772739086897,23.384399999999914,23.384399999999914,10.28440000000046,23.384399999999914,0.0,13.099999999999909,1.0,0.43979747181884066,1.0,0.0,0.5602025281811788
Netherlands,NL,2026-07,2026-07-01,netherlands__standard_permanent_contract,"Pays-Bas · contrat à durée indéterminée, grand employeur","Netherlands · permanent contract, large employer",3.04,7108.8576,0.0,0.0,0.0274,0.0763,0.061,0.005,6617.42,181.317308,504.909146,403.66262,33.0871,1122.976174,0.15796858471324565,7108.8576,85306.32,32158.78,0.0,3099.6,29059.18,2421.6,4687.2576,8231.833774,1122.976174,3544.576174,1.1579685847132457,1.7562153558618154,23.384399999999914,23.384399999999914,10.28439999999955,23.384400000000824,0.0,13.099999999999909,1.0,0.43979747181880174,1.0000000000000389,0.0,0.5602025281811788
Netherlands,NL,2026-07,2026-07-01,netherlands__standard_permanent_contract,"Pays-Bas · contrat à durée indéterminée, grand employeur","Netherlands · permanent contract, large employer",3.05,7132.242,0.0,0.0,0.0274,0.0763,0.061,0.005,6617.42,181.317308,504.909146,403.66262,33.0871,1122.976174,0.15745065492730057,7132.242,85586.88,32297.66,0.0,3081.33,29216.33,2434.69,4697.552,8255.218174,1122.976174,3557.666174,1.1574506549273005,1.7573447135869917,23.384399999999914,23.384399999999914,10.294399999999769,23.384399999999005,0.0,13.090000000000146,1.0,0.44022510733650666,0.9999999999999611,0.0,0.5597748926634933
Netherlands,NL,2026-07,2026-07-01,netherlands__standard_permanent_contract,"Pays-Bas · contrat à durée indéterminée, grand employeur","Netherlands · permanent contract, large employer",3.06,7155.6264,0.0,0.0,0.0274,0.0763,0.061,0.005,6617.42,181.317308,504.909146,403.66262,33.0871,1122.976174,0.15693611030335514,7155.6264,85867.56,32436.6,0.0,3063.06,29373.54,2447.8,4707.8264,8278.602574,1122.976174,3570.776174,1.156936110303355,1.7584766027056564,23.384399999999914,23.384399999999914,10.274400000000242,23.384400000000824,0.0,13.110000000000127,1.0,0.4393698363011358,1.0000000000000389,0.0,0.5606301636988836
Netherlands,NL,2026-07,2026-07-01,netherlands__standard_permanent_contract,"Pays-Bas · contrat à durée indéterminée, grand employeur","Netherlands · permanent contract, large employer",3.07,7179.0108,0.0,0.0,0.0274,0.0763,0.061,0.005,6617.42,181.317308,504.909146,403.66262,33.0871,1122.976174,0.1564249177616504,7179.0108,86148.12,32575.47,0.0,3044.8,29530.67,2460.89,4718.1208,8301.986974,1122.976174,3583.866174,1.1564249177616504,1.7595961031773495,23.384399999999914,23.384399999999914,10.294399999999769,23.384399999999005,0.0,13.08999999999969,1.0,0.44022510733650666,0.9999999999999611,0.0,0.5597748926634739
Netherlands,NL,2026-07,2026-07-01,netherlands__standard_permanent_contract,"Pays-Bas · contrat à durée indéterminée, grand employeur","Netherlands · permanent contract, large employer",3.08,7202.3952,0.0,0.0,0.0274,0.0763,0.061,0.005,6617.42,181.317308,504.909146,403.66262,33.0871,1122.976174,0.15591704465203465,7202.3952,86428.8,32714.41,0.0,3026.52,29687.89,2473.99,4728.4052,8325.371374,1122.976174,3596.966174,1.1559170446520346,1.7607144527292204,23.384399999999914,23.384399999999914,10.28440000000046,23.384400000000824,0.0,13.100000000000364,1.0,0.43979747181884066,1.0000000000000389,0.0,0.5602025281811982
Netherlands,NL,2026-07,2026-07-01,netherlands__standard_permanent_contract,"Pays-Bas · contrat à durée indéterminée, grand employeur","Netherlands · permanent contract, large employer",3.09,7225.7796,0.0,0.0,0.0274,0.0763,0.061,0.005,6617.42,181.317308,504.909146,403.66262,33.0871,1122.976174,0.1554124587470119,7225.7796,86709.36,32853.29,0.0,3008.26,29845.03,2487.09,4738.6896,8348.755774,1122.976174,3610.066174,1.1554124587470118,1.7618279479626604,23.384399999999914,23.384399999999914,10.28439999999955,23.384399999999005,0.0,13.099999999999909,1.0,0.43979747181880174,0.9999999999999611,0.0,0.5602025281811788
Netherlands,NL,2026-07,2026-07-01,netherlands__standard_permanent_contract,"Pays-Bas · contrat à durée indéterminée, grand employeur","Netherlands · permanent contract, large employer",3.1,7249.164,0.0,0.0,0.0274,0.0763,0.061,0.005,6617.42,181.317308,504.909146,403.66262,33.0871,1122.976174,0.15491112823492476,7249.164,86989.92,32992.16,0.0,2990.0,30002.16,2500.18,4748.984,8372.140174,1122.976174,3623.156174,1.1549111282349247,1.7629329081757277,23.384399999999914,23.384399999999914,10.294400000000678,23.384400000000824,0.0,13.090000000000146,1.0,0.4402251073365456,1.0000000000000389,0.0,0.5597748926634933
Netherlands,NL,2026-07,2026-07-01,netherlands__standard_permanent_contract,"Pays-Bas · contrat à durée indéterminée, grand employeur","Netherlands · permanent contract, large employer",3.11,7272.5484,0.0,0.0,0.0274,0.0763,0.061,0.005,6617.42,181.317308,504.909146,403.66262,33.0871,1122.976174,0.15441302171326907,7272.5484,87270.6,33131.1,0.0,2971.72,30159.38,2513.28,4759.2684,8395.524574,1122.976174,3636.256174,1.1544130217132689,1.7640367948149343,23.384399999999914,23.384399999999914,10.28439999999955,23.384399999999005,0.0,13.099999999999909,1.0,0.43979747181880174,0.9999999999999611,0.0,0.5602025281811788
Netherlands,NL,2026-07,2026-07-01,netherlands__standard_permanent_contract,"Pays-Bas · contrat à durée indéterminée, grand employeur","Netherlands · permanent contract, large employer",3.12,7295.9328,0.0,0.0,0.0274,0.0763,0.061,0.005,6617.42,181.317308,504.909146,403.66262,33.0871,1122.976174,0.15391810818213678,7295.9328,87551.16,33269.98,0.0,2953.46,30316.52,2526.38,4769.5528,8418.908974,1122.976174,3649.356174,1.1539181081821366,1.765135920919043,23.384399999999914,23.384399999999914,10.28440000000046,23.384400000000824,0.0,13.099999999999909,1.0,0.43979747181884066,1.0000000000000389,0.0,0.5602025281811788
Netherlands,NL,2026-07,2026-07-01,netherlands__standard_permanent_contract,"Pays-Bas · contrat à durée indéterminée, grand employeur","Netherlands · permanent contract, large employer",3.13,7319.3172,0.0,0.0,0.0274,0.0763,0.061,0.005,6617.42,181.317308,504.909146,403.66262,33.0871,1122.976174,0.15342635703778493,7319.3172,87831.84,33408.91,0.0,2935.19,30473.72,2539.48,4779.8372,8442.293374,1122.976174,3662.456174,1.1534263570377847,1.7662303172166616,23.384400000000824,23.384400000000824,10.28439999999955,23.384400000000824,0.0,13.099999999999909,1.0,0.43979747181878465,1.0,0.0,0.560202528181157
Netherlands,NL,2026-07,2026-07-01,netherlands__standard_permanent_contract,"Pays-Bas · contrat à durée indéterminée, grand employeur","Netherlands · permanent contract, large employer",3.14,7342.7016,0.0,0.0,0.0274,0.0763,0.061,0.005,6617.42,181.317308,504.909146,403.66262,33.0871,1122.976174,0.152937738066327,7342.7016,88112.4,33547.79,0.0,2916.92,30630.87,2552.57,4790.1316,8465.677774,1122.976174,3675.546174,1.1529377380663268,1.7673163246704953,23.384399999999914,23.384399999999914,10.294399999999769,23.384399999999005,0.0,13.090000000000146,1.0,0.44022510733650666,0.9999999999999611,0.0,0.5597748926634933
Netherlands,NL,2026-07,2026-07-01,netherlands__standard_permanent_contract,"Pays-Bas · contrat à durée indéterminée, grand employeur","Netherlands · permanent contract, large employer",3.15,7366.086,0.0,0.0,0.0274,0.0763,0.061,0.005,6617.42,181.317308,504.909146,403.66262,33.0871,1122.976174,0.152452221437545,7366.086,88393.08,33686.73,0.0,2898.65,30788.08,2565.67,4800.416,8489.062174,1122.976174,3688.646174,1.152452221437545,1.7684013581322953,23.384399999999914,23.384399999999914,10.28440000000046,23.384400000000824,0.0,13.099999999999909,1.0,0.43979747181884066,1.0000000000000389,0.0,0.5602025281811788
Netherlands,NL,2026-07,2026-07-01,netherlands__standard_permanent_contract,"Pays-Bas · contrat à durée indéterminée, grand employeur","Netherlands · permanent contract, large employer",3.16,7389.4704,0.0,0.0,0.0274,0.0763,0.061,0.005,6617.42,181.317308,504.909146,403.66262,33.0871,1122.976174,0.1519697776988186,7389.4704,88673.64,33825.61,0.0,2880.39,30945.22,2578.77,4810.7004,8512.446574,1122.976174,3701.746174,1.1519697776988185,1.769481752386825,23.384399999999914,23.384399999999914,10.28439999999955,23.384399999999005,0.0,13.099999999999909,1.0,0.43979747181880174,0.9999999999999611,0.0,0.5602025281811788
Netherlands,NL,2026-07,2026-07-01,netherlands__standard_permanent_contract,"Pays-Bas · contrat à durée indéterminée, grand employeur","Netherlands · permanent contract, large employer",3.17,7412.8548,0.0,0.0,0.0274,0.0763,0.061,0.005,6617.42,181.317308,504.909146,403.66262,33.0871,1122.976174,0.15149037776916932,7412.8548,88954.2,33964.48,0.0,2862.12,31102.36,2591.86,4820.9948,8535.830974,1122.976174,3714.836174,1.1514903777691694,1.7705538645260517,23.384399999999914,23.384399999999914,10.294400000000678,23.384400000000824,0.0,13.090000000000146,1.0,0.4402251073365456,1.0000000000000389,0.0,0.5597748926634933
Netherlands,NL,2026-07,2026-07-01,netherlands__standard_permanent_contract,"Pays-Bas · contrat à durée indéterminée, grand employeur","Netherlands · permanent contract, large employer",3.18,7436.2392,0.0,0.0,0.0274,0.0763,0.061,0.005,6617.42,181.317308,504.909146,403.66262,33.0871,1122.976174,0.1510139929334172,7436.2392,89234.88,34103.42,0.0,2843.85,31259.57,2604.96,4831.2792,8559.215374,1122.976174,3727.936174,1.1510139929334173,1.7716250747835065,23.384399999999914,23.384399999999914,10.28439999999955,23.384399999999005,0.0,13.099999999999909,1.0,0.43979747181880174,0.9999999999999611,0.0,0.5602025281811788
Netherlands,NL,2026-07,2026-07-01,netherlands__standard_permanent_contract,"Pays-Bas · contrat à durée indéterminée, grand employeur","Netherlands · permanent contract, large employer",3.19,7459.6236,0.0,0.0,0.0274,0.0763,0.061,0.005,6617.42,181.317308,504.909146,403.66262,33.0871,1122.976174,0.15054059483644727,7459.6236,89515.44,34242.3,0.0,2825.58,31416.72,2618.06,4841.5636,8582.599774,1122.976174,3741.036174,1.1505405948364473,1.7726917341331634,23.384399999999914,23.384399999999914,10.28440000000046,23.384400000000824,0.0,13.099999999999909,1.0,0.43979747181884066,1.0000000000000389,0.0,0.5602025281811788
Netherlands,NL,2026-07,2026-07-01,netherlands__standard_permanent_contract,"Pays-Bas · contrat à durée indéterminée, grand employeur","Netherlands · permanent contract, large employer",3.2,7483.008,0.0,0.0,0.0274,0.0763,0.061,0.005,6617.42,181.317308,504.909146,403.66262,33.0871,1122.976174,0.15007015547758334,7483.008,89796.12,34381.23,0.0,2807.31,31573.92,2631.16,4851.848,8605.984174,1122.976174,3754.136174,1.1500701554775834,1.7737538715145238,23.384399999999914,23.384399999999914,10.28439999999955,23.384399999999005,0.0,13.100000000000364,1.0,0.43979747181880174,0.9999999999999611,0.0,0.5602025281811982
Netherlands,NL,2026-07,2026-07-01,netherlands__standard_permanent_contract,"Pays-Bas · contrat à durée indéterminée, grand employeur","Netherlands · permanent contract, large employer",3.21,7506.3924,0.0,0.0,0.0274,0.0763,0.061,0.005,6617.42,181.317308,504.909146,403.66262,33.0871,1122.976174,0.14960264720506752,7506.3924,90076.68,34520.11,0.0,2789.05,31731.06,2644.26,4862.1324,8629.368574,1122.976174,3767.236174,1.1496026472050676,1.7748115156222404,23.384399999999914,23.384399999999914,10.28440000000046,23.384400000000824,0.0,13.099999999999909,1.0,0.43979747181884066,1.0000000000000389,0.0,0.5602025281811788
Netherlands,NL,2026-07,2026-07-01,netherlands__standard_permanent_contract,"Pays-Bas · contrat à durée indéterminée, grand employeur","Netherlands · permanent contract, large employer",3.22,7529.7768,0.0,0.0,0.0274,0.0763,0.061,0.005,6617.42,181.317308,504.909146,403.66262,33.0871,1122.976174,0.14913804271064185,7529.7768,90357.36,34659.05,0.0,2770.78,31888.27,2657.36,4872.4168,8652.752974,1122.976174,3780.336174,1.149138042710642,1.775864694908695,23.384399999999914,23.384399999999914,10.28439999999955,23.384400000000824,0.0,13.099999999999909,1.0,0.43979747181880174,1.0000000000000389,0.0,0.5602025281811788
Netherlands,NL,2026-07,2026-07-01,netherlands__standard_permanent_contract,"Pays-Bas · contrat à durée indéterminée, grand employeur","Netherlands · permanent contract, large employer",3.23,7553.1612,0.0,0.0,0.0274,0.0763,0.061,0.005,6617.42,181.317308,504.909146,403.66262,33.0871,1122.976174,0.14867631502423118,7553.1612,90637.92,34797.92,0.0,2752.51,32045.41,2670.45,4882.7112,8676.137374,1122.976174,3793.426174,1.1486763150242312,1.7769097983923356,23.384399999999914,23.384399999999914,10.294399999999769,23.384399999999005,0.0,13.090000000000146,1.0,0.44022510733650666,0.9999999999999611,0.0,0.5597748926634933
Netherlands,NL,2026-07,2026-07-01,netherlands__standard_permanent_contract,"Pays-Bas · contrat à durée indéterminée, grand employeur","Netherlands · permanent contract, large employer",3.24,7576.5456,0.0,0.0,0.0274,0.0763,0.061,0.005,6617.42,181.317308,504.909146,403.66262,33.0871,1122.976174,0.1482174375087243,7576.5456,90918.6,34936.86,0.0,2734.24,32202.62,2683.55,4892.9956,8699.521774,1122.976174,3806.526174,1.1482174375087244,1.7779541379518102,23.384400000000824,23.384400000000824,10.28440000000046,23.384400000000824,0.0,13.099999999999909,1.0,0.43979747181882356,1.0,0.0,0.560202528181157
Netherlands,NL,2026-07,2026-07-01,netherlands__standard_permanent_contract,"Pays-Bas · contrat à durée indéterminée, grand employeur","Netherlands · permanent contract, large employer",3.25,7599.93,0.0,0.0,0.0274,0.0763,0.061,0.005,6617.42,181.317308,504.909146,403.66262,33.0871,1122.976174,0.1477613838548513,7599.93,91199.16,35075.74,0.0,2715.97,32359.77,2696.65,4903.28,8722.906174,1122.976174,3819.626174,1.1477613838548513,1.7789940966047215,23.384399999999914,23.384399999999914,10.28439999999955,23.384399999999005,0.0,13.099999999999909,1.0,0.43979747181880174,0.9999999999999611,0.0,0.5602025281811788
Netherlands,NL,2026-07,2026-07-01,netherlands__standard_permanent_contract,"Pays-Bas · contrat à durée indéterminée, grand employeur","Netherlands · permanent contract, large employer",3.26,7623.3144,0.0,0.0,0.0274,0.0763,0.061,0.005,6617.42,181.317308,504.909146,403.66262,33.0871,1122.976174,0.14730812807615545,7623.3144,91479.72,35214.61,0.0,2697.71,32516.9,2709.74,4913.5744,8746.290574,1122.976174,3832.716174,1.1473081280761555,1.7800260791817866,23.384399999999914,23.384399999999914,10.294400000000678,23.384400000000824,0.0,13.090000000000146,1.0,0.4402251073365456,1.0000000000000389,0.0,0.5597748926634933
Netherlands,NL,2026-07,2026-07-01,netherlands__standard_permanent_contract,"Pays-Bas · contrat à durée indéterminée, grand employeur","Netherlands · permanent contract, large employer",3.27,7646.6988,0.0,0.0,0.0274,0.0763,0.061,0.005,6617.42,181.317308,504.909146,403.66262,33.0871,1122.976174,0.1468576445040571,7646.6988,91760.4,35353.55,0.0,2679.44,32674.11,2722.84,4923.8588,8769.674974,1122.976174,3845.816174,1.146857644504057,1.7810573637895546,23.384399999999914,23.384399999999914,10.28439999999955,23.384399999999005,0.0,13.099999999999909,1.0,0.43979747181880174,0.9999999999999611,0.0,0.5602025281811788
Netherlands,NL,2026-07,2026-07-01,netherlands__standard_permanent_contract,"Pays-Bas · contrat à durée indéterminée, grand employeur","Netherlands · permanent contract, large employer",3.28,7670.0832,0.0,0.0,0.0274,0.0763,0.061,0.005,6617.42,181.317308,504.909146,403.66262,33.0871,1122.976174,0.14640990778300816,7670.0832,92040.96,35492.43,0.0,2661.17,32831.26,2735.94,4934.1432,8793.059374,1122.976174,3858.916174,1.146409907783008,1.782084349315196,23.384399999999914,23.384399999999914,10.28440000000046,23.384400000000824,0.0,13.099999999999909,1.0,0.43979747181884066,1.0000000000000389,0.0,0.5602025281811788
Netherlands,NL,2026-07,2026-07-01,netherlands__standard_permanent_contract,"Pays-Bas · contrat à durée indéterminée, grand employeur","Netherlands · permanent contract, large employer",3.29,7693.4676,0.0,0.0,0.0274,0.0763,0.061,0.005,6617.42,181.317308,504.909146,403.66262,33.0871,1122.976174,0.14596489286573458,7693.4676,92321.64,35631.37,0.0,2642.9,32988.47,2749.04,4944.4276,8816.443774,1122.976174,3872.016174,1.1459648928657344,1.7831070625849592,23.384399999999914,23.384399999999914,10.28439999999955,23.384399999999005,0.0,13.099999999999909,1.0,0.43979747181880174,0.9999999999999611,0.0,0.5602025281811788
Netherlands,NL,2026-07,2026-07-01,netherlands__standard_permanent_contract,"Pays-Bas · contrat à durée indéterminée, grand employeur","Netherlands · permanent contract, large employer",3.3,7716.852,0.0,0.0,0.0274,0.0763,0.061,0.005,6617.42,181.317308,504.909146,403.66262,33.0871,1122.976174,0.1455225750085657,7716.852,92602.2,35770.24,0.0,2624.64,33145.6,2762.13,4954.722,8839.828174,1122.976174,3885.106174,1.1455225750085658,1.784121929343362,23.384399999999914,23.384399999999914,10.294399999999769,23.384400000000824,0.0,13.090000000000146,1.0,0.44022510733650666,1.0000000000000389,0.0,0.5597748926634933
Netherlands,NL,2026-07,2026-07-01,netherlands__standard_permanent_contract,"Pays-Bas · contrat à durée indéterminée, grand employeur","Netherlands · permanent contract, large employer",3.31,7740.2364,0.0,0.0,0.0274,0.0763,0.061,0.005,6617.42,181.317308,504.909146,403.66262,33.0871,1122.976174,0.14508292976684795,7740.2364,92882.88,35909.18,0.0,2606.36,33302.82,2775.24,4964.9964,8863.212574,1122.976174,3898.216174,1.145082929766848,1.7851397785504939,23.384399999999914,23.384399999999914,10.274400000000242,23.384399999999005,0.0,13.110000000000127,1.0,0.4393698363011358,0.9999999999999611,0.0,0.5606301636988836
Netherlands,NL,2026-07,2026-07-01,netherlands__standard_permanent_contract,"Pays-Bas · contrat à durée indéterminée, grand employeur","Netherlands · permanent contract, large employer",3.32,7763.6208,0.0,0.0,0.0274,0.0763,0.061,0.005,6617.42,181.317308,504.909146,403.66262,33.0871,1122.976174,0.1446459329904418,7763.6208,93163.44,36048.06,0.0,2588.1,33459.96,2788.33,4975.2908,8886.596974,1122.976174,3911.306174,1.144645932990442,1.7861462437532296,23.384399999999914,23.384399999999914,10.294399999999769,23.384400000000824,0.0,13.08999999999969,1.0,0.44022510733650666,1.0000000000000389,0.0,0.5597748926634739
Netherlands,NL,2026-07,2026-07-01,netherlands__standard_permanent_contract,"Pays-Bas · contrat à durée indéterminée, grand employeur","Netherlands · permanent contract, large employer",3.33,7787.0052,0.0,0.0,0.0274,0.0763,0.061,0.005,6617.42,181.317308,504.909146,403.66262,33.0871,1122.976174,0.1442115608192993,7787.0052,93444.12,36186.99,0.0,2569.83,33617.16,2801.43,4985.5752,8909.981374,1122.976174,3924.406174,1.1442115608192993,1.7871521372298222,23.384399999999914,23.384399999999914,10.28440000000046,23.384400000000824,0.0,13.100000000000364,1.0,0.43979747181884066,1.0000000000000389,0.0,0.5602025281811982
Netherlands,NL,2026-07,2026-07-01,netherlands__standard_permanent_contract,"Pays-Bas · contrat à durée indéterminée, grand employeur","Netherlands · permanent contract, large employer",3.34,7810.3896,0.0,0.0,0.0274,0.0763,0.061,0.005,6617.42,181.317308,504.909146,403.66262,33.0871,1122.976174,0.1437797896791218,7810.3896,93724.68,36325.87,0.0,2551.56,33774.31,2814.53,4995.8596,8933.365774,1122.976174,3937.506174,1.1437797896791218,1.788153889272629,23.384400000000824,23.384400000000824,10.28439999999955,23.384399999999005,0.0,13.099999999999909,1.0,0.43979747181878465,0.9999999999999222,0.0,0.560202528181157
Netherlands,NL,2026-07,2026-07-01,netherlands__standard_permanent_contract,"Pays-Bas · contrat à durée indéterminée, grand employeur","Netherlands · permanent contract, large employer",3.35,7833.774,0.0,0.0,0.0274,0.0763,0.061,0.005,6617.42,181.317308,504.909146,403.66262,33.0871,1122.976174,0.14335059627709454,7833.774,94005.24,36464.75,0.0,2533.3,33931.45,2827.62,5006.154,8956.750174,1122.976174,3950.596174,1.1433505962770947,1.7891479515012922,23.384399999999914,23.384399999999914,10.294400000000678,23.384400000000824,0.0,13.08999999999969,1.0,0.4402251073365456,1.0000000000000389,0.0,0.5597748926634739
Netherlands,NL,2026-07,2026-07-01,netherlands__standard_permanent_contract,"Pays-Bas · contrat à durée indéterminée, grand employeur","Netherlands · permanent contract, large employer",3.36,7857.1584,0.0,0.0,0.0274,0.0763,0.061,0.005,6617.42,181.317308,504.909146,403.66262,33.0871,1122.976174,0.14292395759769844,7857.1584,94285.92,36603.68,0.0,2515.03,34088.65,2840.72,5016.4384,8980.134574,1122.976174,3963.696174,1.1429239575976984,1.790141502385437,23.384399999999914,23.384399999999914,10.28439999999955,23.384399999999005,0.0,13.100000000000364,1.0,0.43979747181880174,0.9999999999999611,0.0,0.5602025281811982
Netherlands,NL,2026-07,2026-07-01,netherlands__standard_permanent_contract,"Pays-Bas · contrat à durée indéterminée, grand employeur","Netherlands · permanent contract, large employer",3.37,7880.5428,0.0,0.0,0.0274,0.0763,0.061,0.005,6617.42,181.317308,504.909146,403.66262,33.0871,1122.976174,0.1424998508985955,7880.5428,94566.48,36742.56,0.0,2496.76,34245.8,2853.82,5026.7228,9003.518974,1122.976174,3976.796174,1.1424998508985955,1.7911309877680148,23.384399999999914,23.384399999999914,10.28439999999955,23.384400000000824,0.0,13.099999999999909,1.0,0.43979747181880174,1.0000000000000389,0.0,0.5602025281811788
Netherlands,NL,2026-07,2026-07-01,netherlands__standard_permanent_contract,"Pays-Bas · contrat à durée indéterminée, grand employeur","Netherlands · permanent contract, large employer",3.38,7903.9272,0.0,0.0,0.0274,0.0763,0.061,0.005,6617.42,181.317308,504.909146,403.66262,33.0871,1122.976174,0.1420782537065878,7903.9272,94847.16,36881.5,0.0,2478.49,34403.01,2866.92,5037.0072,9026.903374,1122.976174,3989.896174,1.1420782537065877,1.7921164325514563,23.384399999999914,23.384399999999914,10.28440000000046,23.384399999999005,0.0,13.099999999999909,1.0,0.43979747181884066,0.9999999999999611,0.0,0.5602025281811788
Netherlands,NL,2026-07,2026-07-01,netherlands__standard_permanent_contract,"Pays-Bas · contrat à durée indéterminée, grand employeur","Netherlands · permanent contract, large employer",3.39,7927.3116,0.0,0.0,0.0274,0.0763,0.061,0.005,6617.42,181.317308,504.909146,403.66262,33.0871,1122.976174,0.141659143813648,7927.3116,95127.72,37020.37,0.0,2460.22,34560.15,2880.01,5047.3016,9050.287774,1122.976174,4002.986174,1.1416591438136479,1.7930943088481177,23.384399999999914,23.384399999999914,10.294399999999769,23.384400000000824,0.0,13.090000000000146,1.0,0.44022510733650666,1.0000000000000389,0.0,0.5597748926634933
Netherlands,NL,2026-07,2026-07-01,netherlands__standard_permanent_contract,"Pays-Bas · contrat à durée indéterminée, grand employeur","Netherlands · permanent contract, large employer",3.4,7950.696,0.0,0.0,0.0274,0.0763,0.061,0.005,6617.42,181.317308,504.909146,403.66262,33.0871,1122.976174,0.14124249927301963,7950.696,95408.4,37159.31,0.0,2441.95,34717.36,2893.11,5057.586,9073.672174,1122.976174,4016.086174,1.1412424992730195,1.7940717516222167,23.384399999999914,23.384399999999914,10.28440000000046,23.384399999999005,0.0,13.099999999999909,1.0,0.43979747181884066,0.9999999999999611,0.0,0.5602025281811788
Netherlands,NL,2026-07,2026-07-01,netherlands__standard_permanent_contract,"Pays-Bas · contrat à durée indéterminée, grand employeur","Netherlands · permanent contract, large employer",3.41,7974.0804,0.0,0.0,0.0274,0.0763,0.061,0.005,6617.42,181.317308,504.909146,403.66262,33.0871,1122.976174,0.14082829839538613,7974.0804,95688.96,37298.19,0.0,2423.69,34874.5,2906.21,5067.8704,9097.056574,1122.976174,4029.186174,1.1408282983953861,1.7950452272812658,23.384399999999914,23.384399999999914,10.28439999999955,23.384400000000824,0.0,13.099999999999909,1.0,0.43979747181880174,1.0000000000000389,0.0,0.5602025281811788
Netherlands,NL,2026-07,2026-07-01,netherlands__standard_permanent_contract,"Pays-Bas · contrat à durée indéterminée, grand employeur","Netherlands · permanent contract, large employer",3.42,7997.4648,0.0,0.0,0.0274,0.0763,0.061,0.005,6617.42,181.317308,504.909146,403.66262,33.0871,1122.976174,0.14041651974510724,7997.4648,95969.52,37437.07,0.0,2405.42,35031.65,2919.3,5078.1648,9120.440974,1122.976174,4042.276174,1.140416519745107,1.7960112231883456,23.384399999999914,23.384399999999914,10.294399999999769,23.384399999999005,0.0,13.090000000000146,1.0,0.44022510733650666,0.9999999999999611,0.0,0.5597748926634933
Netherlands,NL,2026-07,2026-07-01,netherlands__standard_permanent_contract,"Pays-Bas · contrat à durée indéterminée, grand employeur","Netherlands · permanent contract, large employer",3.43,8020.8492,0.0,0.0,0.0274,0.0763,0.061,0.005,6617.42,181.317308,504.909146,403.66262,33.0871,1122.976174,0.1400071421365209,8020.8492,96250.2,37576.0,0.0,2387.15,35188.85,2932.4,5088.4492,9143.825374,1122.976174,4055.376174,1.1400071421365208,1.7969768419816392,23.384399999999914,23.384399999999914,10.28440000000046,23.384400000000824,0.0,13.099999999999909,1.0,0.43979747181884066,1.0000000000000389,0.0,0.5602025281811788
Netherlands,NL,2026-07,2026-07-01,netherlands__standard_permanent_contract,"Pays-Bas · contrat à durée indéterminée, grand employeur","Netherlands · permanent contract, large employer",3.44,8044.2336,0.0,0.0,0.0274,0.0763,0.061,0.005,6617.42,181.317308,504.909146,403.66262,33.0871,1122.976174,0.1396001446303101,8044.2336,96530.76,37714.88,0.0,2368.89,35345.99,2945.5,5098.7336,9167.209774,1122.976174,4068.476174,1.1396001446303101,1.7979385653723898,23.384399999999914,23.384399999999914,10.28439999999955,23.384400000000824,0.0,13.099999999999909,1.0,0.43979747181880174,1.0000000000000389,0.0,0.5602025281811788
Netherlands,NL,2026-07,2026-07-01,netherlands__standard_permanent_contract,"Pays-Bas · contrat à durée indéterminée, grand employeur","Netherlands · permanent contract, large employer",3.45,8067.618,0.0,0.0,0.0274,0.0763,0.061,0.005,6617.42,181.317308,504.909146,403.66262,33.0871,1122.976174,0.1391955065299324,8067.618,96811.44,37853.82,0.0,2350.61,35503.21,2958.6,5109.018,9190.594174,1122.976174,4081.576174,1.1391955065299324,1.7988964168848103,23.384400000000824,23.384400000000824,10.28440000000046,23.384399999999005,0.0,13.099999999999909,1.0,0.43979747181882356,0.9999999999999222,0.0,0.560202528181157
Netherlands,NL,2026-07,2026-07-01,netherlands__standard_permanent_contract,"Pays-Bas · contrat à durée indéterminée, grand employeur","Netherlands · permanent contract, large employer",3.46,8091.0024,0.0,0.0,0.0274,0.0763,0.061,0.005,6617.42,181.317308,504.909146,403.66262,33.0871,1122.976174,0.13879320737811177,8091.0024,97092.0,37992.69,0.0,2332.35,35660.34,2971.7,5119.3024,9213.978574,1122.976174,4094.676174,1.1387932073781117,1.7998504198540801,23.384399999999914,23.384399999999914,10.28439999999955,23.384400000000824,0.0,13.100000000000364,1.0,0.43979747181880174,1.0000000000000389,0.0,0.5602025281811982
Netherlands,NL,2026-07,2026-07-01,netherlands__standard_permanent_contract,"Pays-Bas · contrat à durée indéterminée, grand employeur","Netherlands · permanent contract, large employer",3.47,8114.3868,0.0,0.0,0.0274,0.0763,0.061,0.005,6617.42,181.317308,504.909146,403.66262,33.0871,1122.976174,0.13839322695339099,8114.3868,97372.68,38131.63,0.0,2314.08,35817.55,2984.8,5129.5868,9237.362974,1122.976174,4107.776174,1.138393226953391,1.8008005974282373,23.384399999999914,23.384399999999914,10.28440000000046,23.384399999999005,0.0,13.099999999999454,1.0,0.43979747181884066,0.9999999999999611,0.0,0.5602025281811593
Netherlands,NL,2026-07,2026-07-01,netherlands__standard_permanent_contract,"Pays-Bas · contrat à durée indéterminée, grand employeur","Netherlands · permanent contract, large employer",3.48,8137.7712,0.0,0.0,0.0274,0.0763,0.061,0.005,6617.42,181.317308,504.909146,403.66262,33.0871,1122.976174,0.13799554526674332,8137.7712,97653.24,38270.51,0.0,2295.81,35974.7,2997.89,5139.8812,9260.747374,1122.976174,4120.866174,1.1379955452667434,1.8017434671447272,23.384399999999914,23.384399999999914,10.294399999999769,23.384400000000824,0.0,13.090000000000146,1.0,0.44022510733650666,1.0000000000000389,0.0,0.5597748926634933
Netherlands,NL,2026-07,2026-07-01,netherlands__standard_permanent_contract,"Pays-Bas · contrat à durée indéterminée, grand employeur","Netherlands · permanent contract, large employer",3.49,8161.1556,0.0,0.0,0.0274,0.0763,0.061,0.005,6617.42,181.317308,504.909146,403.66262,33.0871,1122.976174,0.1376001425582426,8161.1556,97933.92,38409.44,0.0,2277.54,36131.9,3010.99,5150.1656,9284.131774,1122.976174,4133.966174,1.1376001425582427,1.802686067803334,23.384399999999914,23.384399999999914,10.28440000000046,23.384399999999005,0.0,13.100000000000364,1.0,0.43979747181884066,0.9999999999999611,0.0,0.5602025281811982
Netherlands,NL,2026-07,2026-07-01,netherlands__standard_permanent_contract,"Pays-Bas · contrat à durée indéterminée, grand employeur","Netherlands · permanent contract, large employer",3.5,8184.54,0.0,0.0,0.0274,0.0763,0.061,0.005,6617.42,181.317308,504.909146,403.66262,33.0871,1122.976174,0.13720699929379052,8184.54,98214.48,38548.32,0.0,2259.28,36289.04,3024.09,5160.45,9307.516174,1122.976174,4147.066174,1.1372069992937905,1.8036249113933864,23.384399999999914,23.384399999999914,10.28439999999955,23.384400000000824,0.0,13.099999999999454,1.0,0.43979747181880174,1.0000000000000389,0.0,0.5602025281811593
Netherlands,NL,2026-07,2026-07-01,netherlands__standard_permanent_contract,"Pays-Bas · contrat à durée indéterminée, grand employeur","Netherlands · permanent contract, large employer",3.51,8207.9244,0.0,0.0,0.0274,0.0763,0.061,0.005,6617.42,181.317308,504.909146,403.66262,33.0871,1122.976174,0.13681609616189935,8207.9244,98495.04,38687.2,0.0,2241.01,36446.19,3037.18,5170.7444,9330.900574,1122.976174,4160.156174,1.1368160961618994,1.8045565303904791,23.384399999999914,23.384399999999914,10.294399999999769,23.384399999999005,0.0,13.090000000000146,1.0,0.44022510733650666,0.9999999999999611,0.0,0.5597748926634933
Netherlands,NL,2026-07,2026-07-01,netherlands__standard_permanent_contract,"Pays-Bas · contrat à durée indéterminée, grand employeur","Netherlands · permanent contract, large employer",3.52,8231.3088,0.0,0.0,0.0274,0.0763,0.061,0.005,6617.42,181.317308,504.909146,403.66262,33.0871,1122.976174,0.13642741407053033,8231.3088,98775.72,38826.13,0.0,2222.74,36603.39,3050.28,5181.0288,9354.284974,1122.976174,4173.256174,1.1364274140705302,1.8054879320493258,23.384400000000824,23.384400000000824,10.28440000000046,23.384400000000824,0.0,13.100000000000364,1.0,0.43979747181882356,1.0,0.0,0.5602025281811764
Netherlands,NL,2026-07,2026-07-01,netherlands__standard_permanent_contract,"Pays-Bas · contrat à durée indéterminée, grand employeur","Netherlands · permanent contract, large employer",3.53,8254.6932,0.0,0.0,0.0274,0.0763,0.061,0.005,6617.42,181.317308,504.909146,403.66262,33.0871,1122.976174,0.1360409341439849,8254.6932,99056.28,38965.01,0.0,2204.48,36760.53,3063.38,5191.3132,9377.669374,1122.976174,4186.356174,1.1360409341439848,1.8064156433481995,23.384399999999005,23.384399999999005,10.28439999999955,23.384399999999005,0.0,13.099999999999454,1.0,0.4397974718188189,1.0,0.0,0.5602025281811811
Netherlands,NL,2026-07,2026-07-01,netherlands__standard_permanent_contract,"Pays-Bas · contrat à durée indéterminée, grand employeur","Netherlands · permanent contract, large employer",3.54,8278.0776,0.0,0.0,0.0274,0.0763,0.061,0.005,6617.42,181.317308,504.909146,403.66262,33.0871,1122.976174,0.13565663771984937,8278.0776,99336.96,39103.95,0.0,2186.2,36917.75,3076.48,5201.5976,9401.053774,1122.976174,4199.456174,1.1356566377198494,1.807339686176416,23.384400000000824,23.384400000000824,10.28440000000046,23.384400000000824,0.0,13.100000000000364,1.0,0.43979747181882356,1.0,0.0,0.5602025281811764
Netherlands,NL,2026-07,2026-07-01,netherlands__standard_permanent_contract,"Pays-Bas · contrat à durée indéterminée, grand employeur","Netherlands · permanent contract, large employer",3.55,8301.462,0.0,0.0,0.0274,0.0763,0.061,0.005,6617.42,181.317308,504.909146,403.66262,33.0871,1122.976174,0.13527450634599064,8301.462,99617.52,39242.83,0.0,2167.94,37074.89,3089.57,5211.892,9424.438174,1122.976174,4212.546174,1.1352745063459906,1.8082566127617379,23.384399999999005,23.384399999999005,10.294399999999769,23.384400000000824,0.0,13.090000000000146,1.0,0.44022510733652376,1.0000000000000777,0.0,0.5597748926635151
Netherlands,NL,2026-07,2026-07-01,netherlands__standard_permanent_contract,"Pays-Bas · contrat à durée indéterminée, grand employeur","Netherlands · permanent contract, large employer",3.56,8324.8464,0.0,0.0,0.0274,0.0763,0.061,0.005,6617.42,181.317308,504.909146,403.66262,33.0871,1122.976174,0.13489452177760303,8324.8464,99898.2,39381.76,0.0,2149.67,37232.09,3102.67,5222.1764,9447.822574,1122.976174,4225.646174,1.134894521777603,1.8091733887043722,23.384400000000824,23.384400000000824,10.28440000000046,23.384399999999005,0.0,13.100000000000364,1.0,0.43979747181882356,0.9999999999999222,0.0,0.5602025281811764
Netherlands,NL,2026-07,2026-07-01,netherlands__standard_permanent_contract,"Pays-Bas · contrat à durée indéterminée, grand employeur","Netherlands · permanent contract, large employer",3.57,8348.2308,0.0,0.0,0.0274,0.0763,0.061,0.005,6617.42,181.317308,504.909146,403.66262,33.0871,1122.976174,0.13451666597430442,8348.2308,100178.76,39520.64,0.0,2131.4,37389.24,3115.77,5232.4608,9471.206974,1122.976174,4238.746174,1.1345166659743045,1.810086560801373,23.384399999999005,23.384399999999005,10.28439999999955,23.384400000000824,0.0,13.099999999999454,1.0,0.4397974718188189,1.0000000000000777,0.0,0.5602025281811811
Netherlands,NL,2026-07,2026-07-01,netherlands__standard_permanent_contract,"Pays-Bas · contrat à durée indéterminée, grand employeur","Netherlands · permanent contract, large employer",3.58,8371.6152,0.0,0.0,0.0274,0.0763,0.061,0.005,6617.42,181.317308,504.909146,403.66262,33.0871,1122.976174,0.1341409210972812,8371.6152,100459.44,39659.58,0.0,2113.13,37546.45,3128.87,5242.7452,9494.591374,1122.976174,4251.846174,1.134140921097281,1.8109961502611265,23.384400000000824,23.384400000000824,10.28440000000046,23.384399999999005,0.0,13.100000000000364,1.0,0.43979747181882356,0.9999999999999222,0.0,0.5602025281811764
Netherlands,NL,2026-07,2026-07-01,netherlands__standard_permanent_contract,"Pays-Bas · contrat à durée indéterminée, grand employeur","Netherlands · permanent contract, large employer",3.59,8394.9996,0.0,0.0,0.0274,0.0763,0.061,0.005,6617.42,181.317308,504.909146,403.66262,33.0871,1122.976174,0.13376726950648102,8394.9996,100740.0,39798.45,0.0,2094.87,37703.58,3141.97,5253.0296,9517.975774,1122.976174,4264.946174,1.1337672695064809,1.811902178125933,23.384399999999005,23.384399999999005,10.28439999999955,23.384400000000824,0.0,13.099999999999454,1.0,0.4397974718188189,1.0000000000000777,0.0,0.5602025281811811
Netherlands,NL,2026-07,2026-07-01,netherlands__standard_permanent_contract,"Pays-Bas · contrat à durée indéterminée, grand employeur","Netherlands · permanent contract, large employer",3.6,8418.384,0.0,0.0,0.0274,0.0763,0.061,0.005,6617.42,181.317308,504.909146,403.66262,33.0871,1122.976174,0.13339569375785187,8418.384,101020.56,39937.33,0.0,2076.6,37860.73,3155.06,5263.324,9541.360174,1122.976174,4278.036174,1.1333956937578518,1.8128012210534632,23.384400000000824,23.384400000000824,10.294399999999769,23.384399999999005,0.0,13.090000000000146,1.0,0.44022510733648956,0.9999999999999222,0.0,0.5597748926634716
Netherlands,NL,2026-07,2026-07-01,netherlands__standard_permanent_contract,"Pays-Bas · contrat à durée indéterminée, grand employeur","Netherlands · permanent contract, large employer",3.61,8441.7684,0.0,0.0,0.0274,0.0763,0.061,0.005,6617.42,181.317308,504.909146,403.66262,33.0871,1122.976174,0.13302617660062793,8441.7684,101301.24,40076.27,0.0,2058.33,38017.94,3168.16,5273.6084,9564.744574,1122.976174,4291.136174,1.1330261766006278,1.8137001932111607,23.384400000000824,23.384400000000824,10.28440000000046,23.384400000000824,0.0,13.100000000000364,1.0,0.43979747181882356,1.0,0.0,0.5602025281811764
Netherlands,NL,2026-07,2026-07-01,netherlands__standard_permanent_contract,"Pays-Bas · contrat à durée indéterminée, grand employeur","Netherlands · permanent contract, large employer",3.62,8465.1528,0.0,0.0,0.0274,0.0763,0.061,0.005,6617.42,181.317308,504.909146,403.66262,33.0871,1122.976174,0.13265870097465932,8465.1528,101581.8,40215.14,0.0,2040.06,38175.08,3181.26,5283.8928,9588.128974,1122.976174,4304.236174,1.1326587009746591,1.8145956659075293,23.384399999999005,23.384399999999005,10.28439999999955,23.384399999999005,0.0,13.099999999999454,1.0,0.4397974718188189,1.0,0.0,0.5602025281811811
Netherlands,NL,2026-07,2026-07-01,netherlands__standard_permanent_contract,"Pays-Bas · contrat à durée indéterminée, grand employeur","Netherlands · permanent contract, large employer",3.63,8488.5372,0.0,0.0,0.0274,0.0763,0.061,0.005,6617.42,181.317308,504.909146,403.66262,33.0871,1122.976174,0.13229325000778697,8488.5372,101862.48,40354.08,0.0,2021.79,38332.29,3194.36,5294.1772,9611.513374,1122.976174,4317.336174,1.132293250007787,1.8154876595365943,23.384400000000824,23.384400000000824,10.28440000000046,23.384400000000824,0.0,13.100000000000364,1.0,0.43979747181882356,1.0,0.0,0.5602025281811764
Netherlands,NL,2026-07,2026-07-01,netherlands__standard_permanent_contract,"Pays-Bas · contrat à durée indéterminée, grand employeur","Netherlands · permanent contract, large employer",3.64,8511.9216,0.0,0.0,0.0274,0.0763,0.061,0.005,6617.42,181.317308,504.909146,403.66262,33.0871,1122.976174,0.1319298070132601,8511.9216,102143.04,40492.96,0.0,2003.53,38489.43,3207.45,5304.4716,9634.897774,1122.976174,4330.426174,1.13192980701326,1.8163727700983447,23.384399999999005,23.384399999999005,10.294399999999769,23.384399999999005,0.0,13.090000000000146,1.0,0.44022510733652376,1.0,0.0,0.5597748926635151
Netherlands,NL,2026-07,2026-07-01,netherlands__standard_permanent_contract,"Pays-Bas · contrat à durée indéterminée, grand employeur","Netherlands · permanent contract, large employer",3.65,8535.306,0.0,0.0,0.0274,0.0763,0.061,0.005,6617.42,181.317308,504.909146,403.66262,33.0871,1122.976174,0.13156835548719636,8535.306,102423.72,40631.89,0.0,1985.26,38646.63,3220.55,5314.756,9658.282174,1122.976174,4343.526174,1.1315683554871963,1.8172578711045246,23.384400000000824,23.384400000000824,10.28440000000046,23.384400000000824,0.0,13.099999999999454,1.0,0.43979747181882356,1.0,0.0,0.5602025281811376
Netherlands,NL,2026-07,2026-07-01,netherlands__standard_permanent_contract,"Pays-Bas · contrat à durée indéterminée, grand employeur","Netherlands · permanent contract, large employer",3.66,8558.6904,0.0,0.0,0.0274,0.0763,0.061,0.005,6617.42,181.317308,504.909146,403.66262,33.0871,1122.976174,0.13120887910608378,8558.6904,102704.28,40770.77,0.0,1966.99,38803.78,3233.65,5325.0404,9681.666574,1122.976174,4356.626174,1.1312088791060837,1.8181395532698676,23.384399999999005,23.384399999999005,10.28439999999955,23.384400000000824,0.0,13.100000000000364,1.0,0.4397974718188189,1.0000000000000777,0.0,0.5602025281812201
Netherlands,NL,2026-07,2026-07-01,netherlands__standard_permanent_contract,"Pays-Bas · contrat à durée indéterminée, grand employeur","Netherlands · permanent contract, large employer",3.67,8582.0748,0.0,0.0,0.0274,0.0763,0.061,0.005,6617.42,181.317308,504.909146,403.66262,33.0871,1122.976174,0.13085136172432335,8582.0748,102984.84,40909.65,0.0,1948.73,38960.92,3246.74,5335.3348,9705.050974,1122.976174,4369.716174,1.1308513617243232,1.8190144269859125,23.384400000000824,23.384400000000824,10.294399999999769,23.384399999999005,0.0,13.090000000000146,1.0,0.44022510733648956,0.9999999999999222,0.0,0.5597748926634716
Netherlands,NL,2026-07,2026-07-01,netherlands__standard_permanent_contract,"Pays-Bas · contrat à durée indéterminée, grand employeur","Netherlands · permanent contract, large employer",3.68,8605.4592,0.0,0.0,0.0274,0.0763,0.061,0.005,6617.42,181.317308,504.909146,403.66262,33.0871,1122.976174,0.1304957873718116,8605.4592,103265.52,41048.59,0.0,1930.45,39118.14,3259.85,5345.6092,9728.435374,1122.976174,4382.826174,1.1304957873718116,1.819892740008005,23.384399999999005,23.384399999999005,10.274400000000242,23.384400000000824,0.0,13.109999999999673,1.0,0.43936983630115284,1.0000000000000777,0.0,0.5606301636988861
Netherlands,NL,2026-07,2026-07-01,netherlands__standard_permanent_contract,"Pays-Bas · contrat à durée indéterminée, grand employeur","Netherlands · permanent contract, large employer",3.69,8628.8436,0.0,0.0,0.0274,0.0763,0.061,0.005,6617.42,181.317308,504.909146,403.66262,33.0871,1122.976174,0.13014214025156282,8628.8436,103546.08,41187.46,0.0,1912.19,39275.27,3272.94,5355.9036,9751.819774,1122.976174,4395.916174,1.1301421402515628,1.8207608841204685,23.384400000000824,23.384400000000824,10.294399999999769,23.384399999999005,0.0,13.090000000000146,1.0,0.44022510733648956,0.9999999999999222,0.0,0.5597748926634716
Netherlands,NL,2026-07,2026-07-01,netherlands__standard_permanent_contract,"Pays-Bas · contrat à durée indéterminée, grand employeur","Netherlands · permanent contract, large employer",3.7,8652.228,0.0,0.0,0.0274,0.0763,0.061,0.005,6617.42,181.317308,504.909146,403.66262,33.0871,1122.976174,0.12979040473736939,8652.228,103826.76,41326.4,0.0,1893.92,39432.48,3286.04,5366.188,9775.204174,1122.976174,4409.016174,1.1297904047373692,1.8216290920109393,23.384399999999005,23.384399999999005,10.28440000000046,23.384400000000824,0.0,13.100000000000364,1.0,0.43979747181885775,1.0000000000000777,0.0,0.5602025281812201
Netherlands,NL,2026-07,2026-07-01,netherlands__standard_permanent_contract,"Pays-Bas · contrat à durée indéterminée, grand employeur","Netherlands · permanent contract, large employer",3.71,8675.6124,0.0,0.0,0.0274,0.0763,0.061,0.005,6617.42,181.317308,504.909146,403.66262,33.0871,1122.976174,0.12944056537150048,8675.6124,104107.32,41465.28,0.0,1875.65,39589.63,3299.14,5376.4724,9798.588574,1122.976174,4422.116174,1.1294405653715005,1.8224939783937137,23.384400000000824,23.384400000000824,10.28439999999955,23.384399999999005,0.0,13.099999999999454,1.0,0.43979747181878465,0.9999999999999222,0.0,0.5602025281811376
Netherlands,NL,2026-07,2026-07-01,netherlands__standard_permanent_contract,"Pays-Bas · contrat à durée indéterminée, grand employeur","Netherlands · permanent contract, large employer",3.72,8698.9968,0.0,0.0,0.0274,0.0763,0.061,0.005,6617.42,181.317308,504.909146,403.66262,33.0871,1122.976174,0.1290926068624373,8698.9968,104388.0,41604.21,0.0,1857.38,39746.83,3312.24,5386.7568,9821.972974,1122.976174,4435.216174,1.1290926068624372,1.8233555622930664,23.384400000000824,23.384400000000824,10.28440000000046,23.384400000000824,0.0,13.100000000000364,1.0,0.43979747181882356,1.0,0.0,0.5602025281811764
Netherlands,NL,2026-07,2026-07-01,netherlands__standard_permanent_contract,"Pays-Bas · contrat à durée indéterminée, grand employeur","Netherlands · permanent contract, large employer",3.73,8722.3812,0.0,0.0,0.0274,0.0763,0.061,0.005,6617.42,181.317308,504.909146,403.66262,33.0871,1122.976174,0.12874651408264526,8722.3812,104668.56,41743.09,0.0,1839.12,39903.97,3325.33,5397.0512,9845.357374,1122.976174,4448.306174,1.1287465140826451,1.8242104825687033,23.384399999999005,23.384399999999005,10.294399999999769,23.384399999999005,0.0,13.090000000000146,1.0,0.44022510733652376,1.0,0.0,0.5597748926635151
Netherlands,NL,2026-07,2026-07-01,netherlands__standard_permanent_contract,"Pays-Bas · contrat à durée indéterminée, grand employeur","Netherlands · permanent contract, large employer",3.74,8745.7656,0.0,0.0,0.0274,0.0763,0.061,0.005,6617.42,181.317308,504.909146,403.66262,33.0871,1122.976174,0.12840227206638147,8745.7656,104949.24,41882.03,0.0,1820.84,40061.19,3338.43,5407.3356,9868.741774,1122.976174,4461.406174,1.1284022720663813,1.8250655228427102,23.384400000000824,23.384400000000824,10.28440000000046,23.384400000000824,0.0,13.099999999999454,1.0,0.43979747181882356,1.0,0.0,0.5602025281811376
Netherlands,NL,2026-07,2026-07-01,netherlands__standard_permanent_contract,"Pays-Bas · contrat à durée indéterminée, grand employeur","Netherlands · permanent contract, large employer",3.75,8769.15,0.0,0.0,0.0274,0.0763,0.061,0.005,6617.42,181.317308,504.909146,403.66262,33.0871,1122.976174,0.1280598660075378,8769.15,105229.8,42020.9,0.0,1802.58,40218.32,3351.53,5417.62,9892.126174,1122.976174,4474.506174,1.1280598660075378,1.8259173168291614,23.384399999999005,23.384399999999005,10.28439999999955,23.384400000000824,0.0,13.100000000000364,1.0,0.4397974718188189,1.0000000000000777,0.0,0.5602025281812201
Netherlands,NL,2026-07,2026-07-01,netherlands__standard_permanent_contract,"Pays-Bas · contrat à durée indéterminée, grand employeur","Netherlands · permanent contract, large employer",3.76,8792.5344,0.0,0.0,0.0274,0.0763,0.061,0.005,6617.42,181.317308,504.909146,403.66262,33.0871,1122.976174,0.12771928125751775,8792.5344,105510.36,42159.78,0.0,1784.31,40375.47,3364.62,5427.9144,9915.510574,1122.976174,4487.596174,1.1277192812575176,1.8267625174781679,23.384400000000824,23.384400000000824,10.294399999999769,23.384399999999005,0.0,13.090000000000146,1.0,0.44022510733648956,0.9999999999999222,0.0,0.5597748926634716
Netherlands,NL,2026-07,2026-07-01,netherlands__standard_permanent_contract,"Pays-Bas · contrat à durée indéterminée, grand employeur","Netherlands · permanent contract, large employer",3.77,8815.9188,0.0,0.0,0.0274,0.0763,0.061,0.005,6617.42,181.317308,504.909146,403.66262,33.0871,1122.976174,0.12738050332314768,8815.9188,105791.04,42298.72,0.0,1766.04,40532.68,3377.72,5438.1988,9938.894974,1122.976174,4500.696174,1.1273805033231477,1.827607878917556,23.384399999999005,23.384399999999005,10.28440000000046,23.384400000000824,0.0,13.099999999999454,1.0,0.43979747181885775,1.0000000000000777,0.0,0.5602025281811811
Netherlands,NL,2026-07,2026-07-01,netherlands__standard_permanent_contract,"Pays-Bas · contrat à durée indéterminée, grand employeur","Netherlands · permanent contract, large employer",3.78,8839.3032,0.0,0.0,0.0274,0.0763,0.061,0.005,6617.42,181.317308,504.909146,403.66262,33.0871,1122.976174,0.12704351786462084,8839.3032,106071.6,42437.6,0.0,1747.78,40689.82,3390.82,5448.4832,9962.279374,1122.976174,4513.796174,1.1270435178646208,1.8284500489971225,23.384400000000824,23.384400000000824,10.28439999999955,23.384399999999005,0.0,13.100000000000364,1.0,0.43979747181878465,0.9999999999999222,0.0,0.5602025281811764
Netherlands,NL,2026-07,2026-07-01,netherlands__standard_permanent_contract,"Pays-Bas · contrat à durée indéterminée, grand employeur","Netherlands · permanent contract, large employer",3.79,8862.6876,0.0,0.0,0.0274,0.0763,0.061,0.005,6617.42,181.317308,504.909146,403.66262,33.0871,1122.976174,0.12670831069347407,8862.6876,106352.28,42576.53,0.0,1729.51,40847.02,3403.92,5458.7676,9985.663774,1122.976174,4526.896174,1.1267083106934739,1.8292890457545763,23.384399999999005,23.384399999999005,10.28440000000046,23.384400000000824,0.0,13.100000000000364,1.0,0.43979747181885775,1.0000000000000777,0.0,0.5602025281812201
Netherlands,NL,2026-07,2026-07-01,netherlands__standard_permanent_contract,"Pays-Bas · contrat à durée indéterminée, grand employeur","Netherlands · permanent contract, large employer",3.8,8886.072,0.0,0.0,0.0274,0.0763,0.061,0.005,6617.42,181.317308,504.909146,403.66262,33.0871,1122.976174,0.1263748677705965,8886.072,106632.84,42715.41,0.0,1711.24,41004.17,3417.01,5469.062,10009.048174,1122.976174,4539.986174,1.1263748677705965,1.8301215407687825,23.384400000000824,23.384400000000824,10.294399999999769,23.384399999999005,0.0,13.089999999999236,1.0,0.44022510733648956,0.9999999999999222,0.0,0.5597748926634327
Netherlands,NL,2026-07,2026-07-01,netherlands__standard_permanent_contract,"Pays-Bas · contrat à durée indéterminée, grand employeur","Netherlands · permanent contract, large employer",3.81,8909.4564,0.0,0.0,0.0274,0.0763,0.061,0.005,6617.42,181.317308,504.909146,403.66262,33.0871,1122.976174,0.12604317520426947,8909.4564,106913.52,42854.35,0.0,1692.97,41161.38,3430.12,5479.3364,10032.432574,1122.976174,4553.096174,1.1260431752042694,1.8309575907768683,23.384399999999005,23.384399999999005,10.274400000000242,23.384400000000824,0.0,13.110000000000582,1.0,0.43936983630115284,1.0000000000000777,0.0,0.5606301636989249
Netherlands,NL,2026-07,2026-07-01,netherlands__standard_permanent_contract,"Pays-Bas · contrat à durée indéterminée, grand employeur","Netherlands · permanent contract, large employer",3.82,8932.8408,0.0,0.0,0.0274,0.0763,0.061,0.005,6617.42,181.317308,504.909146,403.66262,33.0871,1122.976174,0.12571321924823736,8932.8408,107194.08,42993.22,0.0,1674.7,41318.52,3443.21,5489.6308,10055.816974,1122.976174,4566.186174,1.1257132192482373,1.8317838376307565,23.384400000000824,23.384400000000824,10.294399999999769,23.384399999999005,0.0,13.090000000000146,1.0,0.44022510733648956,0.9999999999999222,0.0,0.5597748926634716
Netherlands,NL,2026-07,2026-07-01,netherlands__standard_permanent_contract,"Pays-Bas · contrat à durée indéterminée, grand employeur","Netherlands · permanent contract, large employer",3.83,8956.2252,0.0,0.0,0.0274,0.0763,0.061,0.005,6617.42,181.317308,504.909146,403.66262,33.0871,1122.976174,0.12538498629980854,8956.2252,107474.76,43132.16,0.0,1656.43,41475.73,3456.31,5499.9152,10079.201374,1122.976174,4579.286174,1.1253849862998084,1.8326103235191695,23.384400000000824,23.384400000000824,10.28440000000046,23.384400000000824,0.0,13.099999999999454,1.0,0.43979747181882356,1.0,0.0,0.5602025281811376
Netherlands,NL,2026-07,2026-07-01,netherlands__standard_permanent_contract,"Pays-Bas · contrat à durée indéterminée, grand employeur","Netherlands · permanent contract, large employer",3.84,8979.6096,0.0,0.0,0.0274,0.0763,0.061,0.005,6617.42,181.317308,504.909146,403.66262,33.0871,1122.976174,0.12505846289798614,8979.6096,107755.32,43271.04,0.0,1638.17,41632.87,3469.41,5510.1996,10102.585774,1122.976174,4592.386174,1.125058462897986,1.8334337242520216,23.384399999999005,23.384399999999005,10.28439999999955,23.384399999999005,0.0,13.100000000000364,1.0,0.4397974718188189,1.0,0.0,0.5602025281812201
Netherlands,NL,2026-07,2026-07-01,netherlands__standard_permanent_contract,"Pays-Bas · contrat à durée indéterminée, grand employeur","Netherlands · permanent contract, large employer",3.85,9002.994,0.0,0.0,0.0274,0.0763,0.061,0.005,6617.42,181.317308,504.909146,403.66262,33.0871,1122.976174,0.12473363572162773,9002.994,108035.88,43409.91,0.0,1619.9,41790.01,3482.5,5520.494,10125.970174,1122.976174,4605.476174,1.1247336357216275,1.8342507344451418,23.384400000000824,23.384400000000824,10.294399999999769,23.384400000000824,0.0,13.090000000000146,1.0,0.44022510733648956,1.0,0.0,0.5597748926634716
Netherlands,NL,2026-07,2026-07-01,netherlands__standard_permanent_contract,"Pays-Bas · contrat à durée indéterminée, grand employeur","Netherlands · permanent contract, large employer",3.86,9026.3784,0.0,0.0,0.0274,0.0763,0.061,0.005,6617.42,181.317308,504.909146,403.66262,33.0871,1122.976174,0.12441049158763388,9026.3784,108316.56,43548.85,0.0,1601.63,41947.22,3495.6,5530.7784,10149.354574,1122.976174,4618.576174,1.1244104915876338,1.8350680211667856,23.384399999999005,23.384399999999005,10.28440000000046,23.384400000000824,0.0,13.099999999999454,1.0,0.43979747181885775,1.0000000000000777,0.0,0.5602025281811811
Netherlands,NL,2026-07,2026-07-01,netherlands__standard_permanent_contract,"Pays-Bas · contrat à durée indéterminée, grand employeur","Netherlands · permanent contract, large employer",3.87,9049.7628,0.0,0.0,0.0274,0.0763,0.061,0.005,6617.42,181.317308,504.909146,403.66262,33.0871,1122.976174,0.12408901744916453,9049.7628,108597.12,43687.73,0.0,1583.37,42104.36,3508.7,5541.0628,10172.738974,1122.976174,4631.676174,1.1240890174491645,1.8358822740648235,23.384400000000824,23.384400000000824,10.28439999999955,23.384399999999005,0.0,13.100000000000364,1.0,0.43979747181878465,0.9999999999999222,0.0,0.5602025281811764
Netherlands,NL,2026-07,2026-07-01,netherlands__standard_permanent_contract,"Pays-Bas · contrat à durée indéterminée, grand employeur","Netherlands · permanent contract, large employer",3.88,9073.1472,0.0,0.0,0.0274,0.0763,0.061,0.005,6617.42,181.317308,504.909146,403.66262,33.0871,1122.976174,0.1237692003938832,9073.1472,108877.8,43826.66,0.0,1565.09,42261.57,3521.8,5551.3472,10196.123374,1122.976174,4644.776174,1.123769200393883,1.8366935100005994,23.384399999999005,23.384399999999005,10.28440000000046,23.384400000000824,0.0,13.099999999999454,1.0,0.43979747181885775,1.0000000000000777,0.0,0.5602025281811811
Netherlands,NL,2026-07,2026-07-01,netherlands__standard_permanent_contract,"Pays-Bas · contrat à durée indéterminée, grand employeur","Netherlands · permanent contract, large employer",3.89,9096.5316,0.0,0.0,0.0274,0.0763,0.061,0.005,6617.42,181.317308,504.909146,403.66262,33.0871,1122.976174,0.12345102764222796,9096.5316,109158.36,43965.54,0.0,1546.83,42418.71,3534.89,5561.6416,10219.507774,1122.976174,4657.866174,1.1234510276422278,1.8374984418269595,23.384400000000824,23.384400000000824,10.294399999999769,23.384399999999005,0.0,13.090000000000146,1.0,0.44022510733648956,0.9999999999999222,0.0,0.5597748926634716
Netherlands,NL,2026-07,2026-07-01,netherlands__standard_permanent_contract,"Pays-Bas · contrat à durée indéterminée, grand employeur","Netherlands · permanent contract, large employer",3.9,9119.916,0.0,0.0,0.0274,0.0763,0.061,0.005,6617.42,181.317308,504.909146,403.66262,33.0871,1122.976174,0.12313448654570944,9119.916,109439.04,44104.48,0.0,1528.56,42575.92,3547.99,5571.926,10242.892174,1122.976174,4670.966174,1.1231344865457094,1.8383036985774757,23.384399999999005,23.384399999999005,10.28440000000046,23.384400000000824,0.0,13.100000000000364,1.0,0.43979747181885775,1.0000000000000777,0.0,0.5602025281812201
Netherlands,NL,2026-07,2026-07-01,netherlands__standard_permanent_contract,"Pays-Bas · contrat à durée indéterminée, grand employeur","Netherlands · permanent contract, large employer",3.91,9143.3004,0.0,0.0,0.0274,0.0763,0.061,0.005,6617.42,181.317308,504.909146,403.66262,33.0871,1122.976174,0.12281956458523446,9143.3004,109719.6,44243.36,0.0,1510.29,42733.07,3561.09,5582.2104,10266.276574,1122.976174,4684.066174,1.1228195645852344,1.8391059881942107,23.384400000000824,23.384400000000824,10.28439999999955,23.384399999999005,0.0,13.099999999999454,1.0,0.43979747181878465,0.9999999999999222,0.0,0.5602025281811376
Netherlands,NL,2026-07,2026-07-01,netherlands__standard_permanent_contract,"Pays-Bas · contrat à durée indéterminée, grand employeur","Netherlands · permanent contract, large employer",3.92,9166.6848,0.0,0.0,0.0274,0.0763,0.061,0.005,6617.42,181.317308,504.909146,403.66262,33.0871,1122.976174,0.1225062493694558,9166.6848,110000.16,44382.23,0.0,1492.03,42890.2,3574.18,5592.5048,10289.660974,1122.976174,4697.156174,1.1225062493694558,1.8399020370979384,23.384400000000824,23.384400000000824,10.294399999999769,23.384400000000824,0.0,13.090000000000146,1.0,0.44022510733648956,1.0,0.0,0.5597748926634716
Netherlands,NL,2026-07,2026-07-01,netherlands__standard_permanent_contract,"Pays-Bas · contrat à durée indéterminée, grand employeur","Netherlands · permanent contract, large employer",3.93,9190.0692,0.0,0.0,0.0274,0.0763,0.061,0.005,6617.42,181.317308,504.909146,403.66262,33.0871,1122.976174,0.12219452863314675,9190.0692,110280.84,44521.17,0.0,1473.76,43047.41,3587.28,5602.7892,10313.045374,1122.976174,4710.256174,1.1221945286331467,1.8406984460525484,23.384399999999005,23.384399999999005,10.28440000000046,23.384399999999005,0.0,13.100000000000364,1.0,0.43979747181885775,1.0,0.0,0.5602025281812201
Netherlands,NL,2026-07,2026-07-01,netherlands__standard_permanent_contract,"Pays-Bas · contrat à durée indéterminée, grand employeur","Netherlands · permanent contract, large employer",3.94,9213.4536,0.0,0.0,0.0274,0.0763,0.061,0.005,6617.42,181.317308,504.909146,403.66262,33.0871,1122.976174,0.12188439023560069,9213.4536,110561.4,44660.05,0.0,1455.49,43204.56,3600.38,5613.0736,10336.429774,1122.976174,4723.356174,1.1218843902356006,1.8414919366102733,23.384400000000824,23.384400000000824,10.28439999999955,23.384400000000824,0.0,13.099999999999454,1.0,0.43979747181878465,1.0,0.0,0.5602025281811376
Netherlands,NL,2026-07,2026-07-01,netherlands__standard_permanent_contract,"Pays-Bas · contrat à durée indéterminée, grand employeur","Netherlands · permanent contract, large employer",3.95,9236.838,0.0,0.0,0.0274,0.0763,0.061,0.005,6617.42,181.317308,504.909146,403.66262,33.0871,1122.976174,0.12157582215905488,9236.838,110842.08,44798.98,0.0,1437.22,43361.76,3613.48,5623.358,10359.814174,1122.976174,4736.456174,1.1215758221590548,1.8422825247832344,23.384399999999005,23.384399999999005,10.28440000000046,23.384399999999005,0.0,13.100000000000364,1.0,0.43979747181885775,1.0,0.0,0.5602025281812201
Netherlands,NL,2026-07,2026-07-01,netherlands__standard_permanent_contract,"Pays-Bas · contrat à durée indéterminée, grand employeur","Netherlands · permanent contract, large employer",3.96,9260.2224,0.0,0.0,0.0274,0.0763,0.061,0.005,6617.42,181.317308,504.909146,403.66262,33.0871,1122.976174,0.12126881250713806,9260.2224,111122.64,44937.86,0.0,1418.96,43518.9,3626.58,5633.6424,10383.198574,1122.976174,4749.556174,1.121268812507138,1.843070226466628,23.384400000000824,23.384400000000824,10.28439999999955,23.384400000000824,0.0,13.100000000000364,1.0,0.43979747181878465,1.0,0.0,0.5602025281811764
Netherlands,NL,2026-07,2026-07-01,netherlands__standard_permanent_contract,"Pays-Bas · contrat à durée indéterminée, grand employeur","Netherlands · permanent contract, large employer",3.97,9283.6068,0.0,0.0,0.0274,0.0763,0.061,0.005,6617.42,181.317308,504.909146,403.66262,33.0871,1122.976174,0.12096334950334174,9283.6068,111403.32,45076.8,0.0,1400.68,43676.12,3639.68,5643.9268,10406.582974,1122.976174,4762.656174,1.1209633495033418,1.8438550574397952,23.384399999999005,23.384399999999005,10.28440000000046,23.384400000000824,0.0,13.099999999999454,1.0,0.43979747181885775,1.0000000000000777,0.0,0.5602025281811811
Netherlands,NL,2026-07,2026-07-01,netherlands__standard_permanent_contract,"Pays-Bas · contrat à durée indéterminée, grand employeur","Netherlands · permanent contract, large employer",3.98,9306.9912,0.0,0.0,0.0274,0.0763,0.061,0.005,6617.42,181.317308,504.909146,403.66262,33.0871,1122.976174,0.12065942148951425,9306.9912,111683.88,45215.67,0.0,1382.42,43833.25,3652.77,5654.2212,10429.967374,1122.976174,4775.746174,1.1206594214895143,1.844633770960358,23.384400000000824,23.384400000000824,10.294399999999769,23.384399999999005,0.0,13.090000000000146,1.0,0.44022510733648956,0.9999999999999222,0.0,0.5597748926634716
Netherlands,NL,2026-07,2026-07-01,netherlands__standard_permanent_contract,"Pays-Bas · contrat à durée indéterminée, grand employeur","Netherlands · permanent contract, large employer",3.99,9330.3756,0.0,0.0,0.0274,0.0763,0.061,0.005,6617.42,181.317308,504.909146,403.66262,33.0871,1122.976174,0.12035701692437761,9330.3756,111964.56,45354.61,0.0,1364.15,43990.46,3665.87,5664.5056,10453.351774,1122.976174,4788.846174,1.1203570169243775,1.8454129119406286,23.384399999999005,23.384399999999005,10.28440000000046,23.384400000000824,0.0,13.100000000000364,1.0,0.43979747181885775,1.0000000000000777,0.0,0.5602025281812201
Netherlands,NL,2026-07,2026-07-01,netherlands__standard_permanent_contract,"Pays-Bas · contrat à durée indéterminée, grand employeur","Netherlands · permanent contract, large employer",4.0,9353.76,0.0,0.0,0.0274,0.0763,0.061,0.005,6617.42,181.317308,504.909146,403.66262,33.0871,1122.976174,0.12005612438206668,9353.76,112245.12,45493.49,0.0,1345.88,44147.61,3678.97,5674.79,10476.736174,1122.976174,4801.946174,1.1200561243820666,1.846189228852521,23.384400000000824,23.384400000000824,10.28439999999955,23.384399999999005,0.0,13.099999999999454,1.0,0.43979747181878465,0.9999999999999222,0.0,0.5602025281811376
Netherlands,NL,2026-07,2026-07-01,netherlands__standard_permanent_contract,"Pays-Bas · contrat à durée indéterminée, grand employeur","Netherlands · permanent contract, large employer",4.01,9377.1444,0.0,0.0,0.0274,0.0763,0.061,0.005,6617.42,181.317308,504.909146,403.66262,33.0871,1122.976174,0.11975673255068997,9377.1444,112525.68,45632.36,0.0,1327.62,44304.74,3692.06,5685.0844,10500.120574,1122.976174,4815.036174,1.1197567325506899,1.846959488235566,23.384399999999005,23.384399999999005,10.294399999999769,23.384400000000824,0.0,13.090000000000146,1.0,0.44022510733652376,1.0000000000000777,0.0,0.5597748926635151
Netherlands,NL,2026-07,2026-07-01,netherlands__standard_permanent_contract,"Pays-Bas · contrat à durée indéterminée, grand employeur","Netherlands · permanent contract, large employer",4.02,9400.5288,0.0,0.0,0.0274,0.0763,0.061,0.005,6617.42,181.317308,504.909146,403.66262,33.0871,1122.976174,0.11945883023091212,9400.5288,112806.36,45771.3,0.0,1309.35,44461.95,3705.16,5695.3688,10523.504974,1122.976174,4828.136174,1.119458830230912,1.847730207392364,23.384400000000824,23.384400000000824,10.28440000000046,23.384399999999005,0.0,13.100000000000364,1.0,0.43979747181882356,0.9999999999999222,0.0,0.5602025281811764
Netherlands,NL,2026-07,2026-07-01,netherlands__standard_permanent_contract,"Pays-Bas · contrat à durée indéterminée, grand employeur","Netherlands · permanent contract, large employer",4.03,9423.9132,0.0,0.0,0.0274,0.0763,0.061,0.005,6617.42,181.317308,504.909146,403.66262,33.0871,1122.976174,0.1191624063345575,9423.9132,113086.92,45910.18,0.0,1291.08,44619.1,3718.26,5705.6532,10546.889374,1122.976174,4841.236174,1.1191624063345573,1.8484981481173792,23.384400000000824,23.384400000000824,10.28439999999955,23.384400000000824,0.0,13.099999999999454,1.0,0.43979747181878465,1.0,0.0,0.5602025281811376
Netherlands,NL,2026-07,2026-07-01,netherlands__standard_permanent_contract,"Pays-Bas · contrat à durée indéterminée, grand employeur","Netherlands · permanent contract, large employer",4.04,9447.2976,0.0,0.0,0.0274,0.0763,0.061,0.005,6617.42,181.317308,504.909146,403.66262,33.0871,1122.976174,0.11886744988323435,9447.2976,113367.6,46049.12,0.0,1272.81,44776.31,3731.36,5715.9376,10570.273774,1122.976174,4854.336174,1.1188674498832343,1.8492633254078912,23.384399999999005,23.384399999999005,10.28440000000046,23.384399999999005,0.0,13.100000000000364,1.0,0.43979747181885775,1.0,0.0,0.5602025281812201
Netherlands,NL,2026-07,2026-07-01,netherlands__standard_permanent_contract,"Pays-Bas · contrat à durée indéterminée, grand employeur","Netherlands · permanent contract, large employer",4.05,9470.682,0.0,0.0,0.0274,0.0763,0.061,0.005,6617.42,181.317308,504.909146,403.66262,33.0871,1122.976174,0.11857395000697944,9470.682,113648.16,46187.99,0.0,1254.54,44933.45,3744.45,5726.232,10593.658174,1122.976174,4867.426174,1.1185739500069793,1.8500225233626577,23.384400000000824,23.384400000000824,10.294399999999769,23.384400000000824,0.0,13.090000000000146,1.0,0.44022510733648956,1.0,0.0,0.5597748926634716
Netherlands,NL,2026-07,2026-07-01,netherlands__standard_permanent_contract,"Pays-Bas · contrat à durée indéterminée, grand employeur","Netherlands · permanent contract, large employer",4.06,9494.0664,0.0,0.0,0.0274,0.0763,0.061,0.005,6617.42,181.317308,504.909146,403.66262,33.0871,1122.976174,0.11828189594292285,9494.0664,113928.84,46326.93,0.0,1236.27,45090.66,3757.56,5736.5064,10617.042574,1122.976174,4880.536174,1.1182818959429228,1.8507854491367774,23.384399999999005,23.384399999999005,10.274400000000242,23.384399999999005,0.0,13.109999999999673,1.0,0.43936983630115284,1.0,0.0,0.5606301636988861
Netherlands,NL,2026-07,2026-07-01,netherlands__standard_permanent_contract,"Pays-Bas · contrat à durée indéterminée, grand employeur","Netherlands · permanent contract, large employer",4.07,9517.4508,0.0,0.0,0.0274,0.0763,0.061,0.005,6617.42,181.317308,504.909146,403.66262,33.0871,1122.976174,0.11799127703397218,9517.4508,114209.4,46465.81,0.0,1218.01,45247.8,3770.65,5746.8008,10640.426974,1122.976174,4893.626174,1.1179912770339722,1.8515392031684825,23.384400000000824,23.384400000000824,10.294399999999769,23.384400000000824,0.0,13.090000000000146,1.0,0.44022510733648956,1.0,0.0,0.5597748926634716
Netherlands,NL,2026-07,2026-07-01,netherlands__standard_permanent_contract,"Pays-Bas · contrat à durée indéterminée, grand employeur","Netherlands · permanent contract, large employer",4.08,9540.8352,0.0,0.0,0.0274,0.0763,0.061,0.005,6617.42,181.317308,504.909146,403.66262,33.0871,1122.976174,0.11770208272751637,9540.8352,114490.08,46604.74,0.0,1199.73,45405.01,3783.75,5757.0852,10663.811374,1122.976174,4906.726174,1.1177020827275164,1.8522934789987127,23.384399999999005,23.384399999999005,10.28440000000046,23.384400000000824,0.0,13.100000000000364,1.0,0.43979747181885775,1.0000000000000777,0.0,0.5602025281812201
Netherlands,NL,2026-07,2026-07-01,netherlands__standard_permanent_contract,"Pays-Bas · contrat à durée indéterminée, grand employeur","Netherlands · permanent contract, large employer",4.09,9564.2196,0.0,0.0,0.0274,0.0763,0.061,0.005,6617.42,181.317308,504.909146,403.66262,33.0871,1122.976174,0.11741430257414835,9564.2196,114770.64,46743.62,0.0,1181.47,45562.15,3796.85,5767.3696,10687.195774,1122.976174,4919.826174,1.1174143025741483,1.8530450647726824,23.384400000000824,23.384400000000824,10.28439999999955,23.384399999999005,0.0,13.099999999999454,1.0,0.43979747181878465,0.9999999999999222,0.0,0.5602025281811376
Netherlands,NL,2026-07,2026-07-01,netherlands__standard_permanent_contract,"Pays-Bas · contrat à durée indéterminée, grand employeur","Netherlands · permanent contract, large employer",4.1,9587.604,0.0,0.0,0.0274,0.0763,0.061,0.005,6617.42,181.317308,504.909146,403.66262,33.0871,1122.976174,0.11712792622640654,9587.604,115051.2,46882.5,0.0,1163.21,45719.29,3809.94,5777.664,10710.580174,1122.976174,4932.916174,1.1171279262264064,1.8537907663027828,23.384399999999005,23.384399999999005,10.294399999999769,23.384400000000824,0.0,13.090000000000146,1.0,0.44022510733652376,1.0000000000000777,0.0,0.5597748926635151
Netherlands,NL,2026-07,2026-07-01,netherlands__standard_permanent_contract,"Pays-Bas · contrat à durée indéterminée, grand employeur","Netherlands · permanent contract, large employer",4.11,9610.9884,0.0,0.0,0.0274,0.0763,0.061,0.005,6617.42,181.317308,504.909146,403.66262,33.0871,1122.976174,0.11684294343753449,9610.9884,115331.88,47021.43,0.0,1144.93,45876.5,3823.04,5787.9484,10733.964574,1122.976174,4946.016174,1.1168429434375344,1.8545370193694193,23.384400000000824,23.384400000000824,10.28440000000046,23.384399999999005,0.0,13.100000000000364,1.0,0.43979747181882356,0.9999999999999222,0.0,0.5602025281811764
Netherlands,NL,2026-07,2026-07-01,netherlands__standard_permanent_contract,"Pays-Bas · contrat à durée indéterminée, grand employeur","Netherlands · permanent contract, large employer",4.12,9634.3728,0.0,0.0,0.0274,0.0763,0.061,0.005,6617.42,181.317308,504.909146,403.66262,33.0871,1122.976174,0.1165593440602589,9634.3728,115612.44,47160.31,0.0,1126.67,46033.64,3836.14,5798.2328,10757.348974,1122.976174,4959.116174,1.1165593440602588,1.8552806251587548,23.384399999999005,23.384399999999005,10.28439999999955,23.384400000000824,0.0,13.099999999999454,1.0,0.4397974718188189,1.0000000000000777,0.0,0.5602025281811811
Netherlands,NL,2026-07,2026-07-01,netherlands__standard_permanent_contract,"Pays-Bas · contrat à durée indéterminée, grand employeur","Netherlands · permanent contract, large employer",4.13,9657.7572,0.0,0.0,0.0274,0.0763,0.061,0.005,6617.42,181.317308,504.909146,403.66262,33.0871,1122.976174,0.11627711804558517,9657.7572,115893.12,47299.25,0.0,1108.4,46190.85,3849.24,5808.5172,10780.733374,1122.976174,4972.216174,1.116277118045585,1.8560215977323782,23.384400000000824,23.384400000000824,10.28440000000046,23.384399999999005,0.0,13.100000000000364,1.0,0.43979747181882356,0.9999999999999222,0.0,0.5602025281811764
Netherlands,NL,2026-07,2026-07-01,netherlands__standard_permanent_contract,"Pays-Bas · contrat à durée indéterminée, grand employeur","Netherlands · permanent contract, large employer",4.14,9681.1416,0.0,0.0,0.0274,0.0763,0.061,0.005,6617.42,181.317308,504.909146,403.66262,33.0871,1122.976174,0.11599625544161034,9681.1416,116173.68,47438.12,0.0,1090.13,46347.99,3862.33,5818.8116,10804.117774,1122.976174,4985.306174,1.1159962554416103,1.8567567600916999,23.384400000000824,23.384400000000824,10.294399999999769,23.384400000000824,0.0,13.090000000000146,1.0,0.44022510733648956,1.0,0.0,0.5597748926634716
Netherlands,NL,2026-07,2026-07-01,netherlands__standard_permanent_contract,"Pays-Bas · contrat à durée indéterminée, grand employeur","Netherlands · permanent contract, large employer",4.15,9704.526,0.0,0.0,0.0274,0.0763,0.061,0.005,6617.42,181.317308,504.909146,403.66262,33.0871,1122.976174,0.11571674639235342,9704.526,116454.36,47577.06,0.0,1071.86,46505.2,3875.43,5829.096,10827.502174,1122.976174,4998.406174,1.1157167463923534,1.857492512389571,23.384399999999005,23.384399999999005,10.28439999999955,23.384399999999005,0.0,13.099999999999454,1.0,0.4397974718188189,1.0,0.0,0.5602025281811811
Netherlands,NL,2026-07,2026-07-01,netherlands__standard_permanent_contract,"Pays-Bas · contrat à durée indéterminée, grand employeur","Netherlands · permanent contract, large employer",4.16,9727.9104,0.0,0.0,0.0274,0.0763,0.061,0.005,6617.42,181.317308,504.909146,403.66262,33.0871,1122.976174,0.11543858113660257,9727.9104,116734.92,47715.94,0.0,1053.6,46662.34,3888.53,5839.3804,10850.886574,1122.976174,5011.506174,1.1154385811366025,1.8582256730525726,23.384400000000824,23.384400000000824,10.28440000000046,23.384400000000824,0.0,13.100000000000364,1.0,0.43979747181882356,1.0,0.0,0.5602025281811764
Netherlands,NL,2026-07,2026-07-01,netherlands__standard_permanent_contract,"Pays-Bas · contrat à durée indéterminée, grand employeur","Netherlands · permanent contract, large employer",4.17,9751.2948,0.0,0.0,0.0274,0.0763,0.061,0.005,6617.42,181.317308,504.909146,403.66262,33.0871,1122.976174,0.1151617500067786,9751.2948,117015.48,47854.82,0.0,1035.33,46819.49,3901.62,5849.6748,10874.270974,1122.976174,5024.596174,1.1151617500067785,1.8589530778702432,23.384399999999005,23.384399999999005,10.294399999999769,23.384399999999005,0.0,13.090000000000146,1.0,0.44022510733652376,1.0,0.0,0.5597748926635151
Netherlands,NL,2026-07,2026-07-01,netherlands__standard_permanent_contract,"Pays-Bas · contrat à durée indéterminée, grand employeur","Netherlands · permanent contract, large employer",4.18,9774.6792,0.0,0.0,0.0274,0.0763,0.061,0.005,6617.42,181.317308,504.909146,403.66262,33.0871,1122.976174,0.11488624342781503,9774.6792,117296.16,47993.75,0.0,1017.06,46976.69,3914.72,5859.9592,10897.655374,1122.976174,5037.696174,1.114886243427815,1.8596811005100513,23.384400000000824,23.384400000000824,10.28440000000046,23.384400000000824,0.0,13.099999999999454,1.0,0.43979747181882356,1.0,0.0,0.5602025281811376
Netherlands,NL,2026-07,2026-07-01,netherlands__standard_permanent_contract,"Pays-Bas · contrat à durée indéterminée, grand employeur","Netherlands · permanent contract, large employer",4.19,9798.0636,0.0,0.0,0.0274,0.0763,0.061,0.005,6617.42,181.317308,504.909146,403.66262,33.0871,1122.976174,0.1146120519160541,9798.0636,117576.72,48132.63,0.0,998.79,47133.84,3927.82,5870.2436,10921.039774,1122.976174,5050.796174,1.114612051916054,1.8604065722247025,23.384399999999005,23.384399999999005,10.28439999999955,23.384400000000824,0.0,13.100000000000364,1.0,0.4397974718188189,1.0000000000000777,0.0,0.5602025281812201
Netherlands,NL,2026-07,2026-07-01,netherlands__standard_permanent_contract,"Pays-Bas · contrat à durée indéterminée, grand employeur","Netherlands · permanent contract, large employer",4.2,9821.448,0.0,0.0,0.0274,0.0763,0.061,0.005,6617.42,181.317308,504.909146,403.66262,33.0871,1122.976174,0.11433916607815875,9821.448,117857.4,48271.57,0.0,980.52,47291.05,3940.92,5880.528,10944.424174,1122.976174,5063.896174,1.1143391660781587,1.8611295063980648,23.384400000000824,23.384400000000824,10.28440000000046,23.384399999999005,0.0,13.100000000000364,1.0,0.43979747181882356,0.9999999999999222,0.0,0.5602025281811764
Netherlands,NL,2026-07,2026-07-01,netherlands__standard_permanent_contract,"Pays-Bas · contrat à durée indéterminée, grand employeur","Netherlands · permanent contract, large employer",4.21,9844.8324,0.0,0.0,0.0274,0.0763,0.061,0.005,6617.42,181.317308,504.909146,403.66262,33.0871,1122.976174,0.11406757661003962,9844.8324,118137.96,48410.44,0.0,962.26,47448.18,3954.02,5890.8124,10967.808574,1122.976174,5076.996174,1.1140675766100396,1.8618499163205402,23.384399999999005,23.384399999999005,10.28439999999955,23.384400000000824,0.0,13.099999999999454,1.0,0.4397974718188189,1.0000000000000777,0.0,0.5602025281811811
Netherlands,NL,2026-07,2026-07-01,netherlands__standard_permanent_contract,"Pays-Bas · contrat à durée indéterminée, grand employeur","Netherlands · permanent contract, large employer",4.22,9868.2168,0.0,0.0,0.0274,0.0763,0.061,0.005,6617.42,181.317308,504.909146,403.66262,33.0871,1122.976174,0.1137972742957978,9868.2168,118418.64,48549.38,0.0,943.99,47605.39,3967.12,5901.0968,10991.192974,1122.976174,5090.096174,1.1137972742957978,1.8625678151898812,23.384400000000824,23.384400000000824,10.28440000000046,23.384399999999005,0.0,13.100000000000364,1.0,0.43979747181882356,0.9999999999999222,0.0,0.5602025281811764
Netherlands,NL,2026-07,2026-07-01,netherlands__standard_permanent_contract,"Pays-Bas · contrat à durée indéterminée, grand employeur","Netherlands · permanent contract, large employer",4.23,9891.6012,0.0,0.0,0.0274,0.0763,0.061,0.005,6617.42,181.317308,504.909146,403.66262,33.0871,1122.976174,0.11352825000668244,9891.6012,118699.2,48688.26,0.0,925.72,47762.54,3980.21,5911.3912,11014.577374,1122.976174,5103.186174,1.1135282500066823,1.8632800640904967,23.384399999999005,23.384399999999005,10.294399999999769,23.384400000000824,0.0,13.090000000000146,1.0,0.44022510733652376,1.0000000000000777,0.0,0.5597748926635151
Netherlands,NL,2026-07,2026-07-01,netherlands__standard_permanent_contract,"Pays-Bas · contrat à durée indéterminée, grand employeur","Netherlands · permanent contract, large employer",4.24,9914.9856,0.0,0.0,0.0274,0.0763,0.061,0.005,6617.42,181.317308,504.909146,403.66262,33.0871,1122.976174,0.11326049470006291,9914.9856,118979.88,48827.19,0.0,907.45,47919.74,3993.31,5921.6756,11037.961774,1122.976174,5116.286174,1.1132604947000628,1.8639929843505778,23.384400000000824,23.384400000000824,10.28439999999955,23.384399999999005,0.0,13.099999999999454,1.0,0.43979747181878465,0.9999999999999222,0.0,0.5602025281811376
Netherlands,NL,2026-07,2026-07-01,netherlands__standard_permanent_contract,"Pays-Bas · contrat à durée indéterminée, grand employeur","Netherlands · permanent contract, large employer",4.25,9938.37,0.0,0.0,0.0274,0.0763,0.061,0.005,6617.42,181.317308,504.909146,403.66262,33.0871,1122.976174,0.1129939994184157,9938.37,119260.44,48966.07,0.0,889.18,48076.89,4006.41,5931.96,11061.346174,1122.976174,5129.386174,1.1129939994184157,1.8647034325922627,23.384400000000824,23.384400000000824,10.28440000000046,23.384400000000824,0.0,13.100000000000364,1.0,0.43979747181882356,1.0,0.0,0.5602025281811764
Netherlands,NL,2026-07,2026-07-01,netherlands__standard_permanent_contract,"Pays-Bas · contrat à durée indéterminée, grand employeur","Netherlands · permanent contract, large employer",4.26,9961.7544,0.0,0.0,0.0274,0.0763,0.061,0.005,6617.42,181.317308,504.909146,403.66262,33.0871,1122.976174,0.11272875528832553,9961.7544,119541.0,49104.95,0.0,870.92,48234.03,4019.5,5942.2544,11084.730574,1122.976174,5142.476174,1.1127287552883254,1.8654082824188745,23.384399999999005,23.384399999999005,10.294399999999769,23.384399999999005,0.0,13.090000000000146,1.0,0.44022510733652376,1.0,0.0,0.5597748926635151
Netherlands,NL,2026-07,2026-07-01,netherlands__standard_permanent_contract,"Pays-Bas · contrat à durée indéterminée, grand employeur","Netherlands · permanent contract, large employer",4.27,9985.1388,0.0,0.0,0.0274,0.0763,0.061,0.005,6617.42,181.317308,504.909146,403.66262,33.0871,1122.976174,0.11246475351950043,9985.1388,119821.68,49243.88,0.0,852.65,48391.23,4032.6,5952.5388,11108.114974,1122.976174,5155.576174,1.1124647535195002,1.8661138292790298,23.384400000000824,23.384400000000824,10.28440000000046,23.384400000000824,0.0,13.099999999999454,1.0,0.43979747181882356,1.0,0.0,0.5602025281811376
Netherlands,NL,2026-07,2026-07-01,netherlands__standard_permanent_contract,"Pays-Bas · contrat à durée indéterminée, grand employeur","Netherlands · permanent contract, large employer",4.28,10008.5232,0.0,0.0,0.0274,0.0763,0.061,0.005,6617.42,181.317308,504.909146,403.66262,33.0871,1122.976174,0.11220198540380064,10008.5232,120102.24,49382.76,0.0,834.38,48548.38,4045.7,5962.8232,11131.499374,1122.976174,5168.676174,1.1122019854038006,1.866816942350395,23.384399999999005,23.384399999999005,10.28439999999955,23.384400000000824,0.0,13.100000000000364,1.0,0.4397974718188189,1.0000000000000777,0.0,0.5602025281812201
Netherlands,NL,2026-07,2026-07-01,netherlands__standard_permanent_contract,"Pays-Bas · contrat à durée indéterminée, grand employeur","Netherlands · permanent contract, large employer",4.29,10031.9076,0.0,0.0,0.0274,0.0763,0.061,0.005,6617.42,181.317308,504.909146,403.66262,33.0871,1122.976174,0.1119404423142813,10031.9076,120382.92,49521.7,0.0,816.11,48705.59,4058.8,5973.1076,11154.883774,1122.976174,5181.776174,1.1119404423142811,1.867517634204346,23.384400000000824,23.384400000000824,10.28440000000046,23.384399999999005,0.0,13.099999999999454,1.0,0.43979747181882356,0.9999999999999222,0.0,0.5602025281811376
Netherlands,NL,2026-07,2026-07-01,netherlands__standard_permanent_contract,"Pays-Bas · contrat à durée indéterminée, grand employeur","Netherlands · permanent contract, large employer",4.3,10055.292,0.0,0.0,0.0274,0.0763,0.061,0.005,6617.42,181.317308,504.909146,403.66262,33.0871,1122.976174,0.11168011570424809,10055.292,120663.48,49660.58,0.0,797.85,48862.73,4071.89,5983.402,11178.268174,1122.976174,5194.866174,1.111680115704248,1.8682127949952216,23.384399999999005,23.384399999999005,10.294399999999769,23.384400000000824,0.0,13.090000000000146,1.0,0.44022510733652376,1.0000000000000777,0.0,0.5597748926635151
Netherlands,NL,2026-07,2026-07-01,netherlands__standard_permanent_contract,"Pays-Bas · contrat à durée indéterminée, grand employeur","Netherlands · permanent contract, large employer",4.31,10078.6764,0.0,0.0,0.0274,0.0763,0.061,0.005,6617.42,181.317308,504.909146,403.66262,33.0871,1122.976174,0.11142099710632641,10078.6764,120944.16,49799.51,0.0,779.57,49019.94,4085.0,5993.6764,11201.652574,1122.976174,5207.976174,1.1114209971063262,1.8689118041140829,23.384400000000824,23.384400000000824,10.274400000000242,23.384399999999005,0.0,13.110000000000582,1.0,0.4393698363011187,0.9999999999999222,0.0,0.5606301636988813
Netherlands,NL,2026-07,2026-07-01,netherlands__standard_permanent_contract,"Pays-Bas · contrat à durée indéterminée, grand employeur","Netherlands · permanent contract, large employer",4.32,10102.0608,0.0,0.0,0.0274,0.0763,0.061,0.005,6617.42,181.317308,504.909146,403.66262,33.0871,1122.976174,0.11116307813154322,10102.0608,121224.72,49938.39,0.0,761.31,49177.08,4098.09,6003.9708,11225.036974,1122.976174,5221.066174,1.1111630781315431,1.8696021929353819,23.384399999999005,23.384399999999005,10.294399999999769,23.384400000000824,0.0,13.089999999999236,1.0,0.44022510733652376,1.0000000000000777,0.0,0.5597748926634762
Netherlands,NL,2026-07,2026-07-01,netherlands__standard_permanent_contract,"Pays-Bas · contrat à durée indéterminée, grand employeur","Netherlands · permanent contract, large employer",4.33,10125.4452,0.0,0.0,0.0274,0.0763,0.061,0.005,6617.42,181.317308,504.909146,403.66262,33.0871,1122.976174,0.11090635046842189,10125.4452,121505.4,50077.33,0.0,743.04,49334.29,4111.19,6014.2552,11248.421374,1122.976174,5234.166174,1.1109063504684218,1.8702933280915646,23.384400000000824,23.384400000000824,10.28439999999955,23.384399999999005,0.0,13.100000000000364,1.0,0.43979747181878465,0.9999999999999222,0.0,0.5602025281811764
Netherlands,NL,2026-07,2026-07-01,netherlands__standard_permanent_contract,"Pays-Bas · contrat à durée indéterminée, grand employeur","Netherlands · permanent contract, large employer",4.34,10148.8296,0.0,0.0,0.0274,0.0763,0.061,0.005,6617.42,181.317308,504.909146,403.66262,33.0871,1122.976174,0.11065080588208913,10148.8296,121785.96,50216.2,0.0,724.77,49491.43,4124.29,6024.5396,11271.805774,1122.976174,5247.266174,1.110650805882089,1.8709821035951029,23.384399999999005,23.384399999999005,10.28440000000046,23.384400000000824,0.0,13.100000000000364,1.0,0.43979747181885775,1.0000000000000777,0.0,0.5602025281812201
Netherlands,NL,2026-07,2026-07-01,netherlands__standard_permanent_contract,"Pays-Bas · contrat à durée indéterminée, grand employeur","Netherlands · permanent contract, large employer",4.35,10172.214,0.0,0.0,0.0274,0.0763,0.061,0.005,6617.42,181.317308,504.909146,403.66262,33.0871,1122.976174,0.11039643621339466,10172.214,122066.52,50355.08,0.0,706.51,49648.57,4137.38,6034.834,11295.190174,1122.976174,5260.356174,1.1103964362133947,1.8716654300681674,23.384400000000824,23.384400000000824,10.294399999999769,23.384399999999005,0.0,13.089999999999236,1.0,0.44022510733648956,0.9999999999999222,0.0,0.5597748926634327
Netherlands,NL,2026-07,2026-07-01,netherlands__standard_permanent_contract,"Pays-Bas · contrat à durée indéterminée, grand employeur","Netherlands · permanent contract, large employer",4.36,10195.5984,0.0,0.0,0.0274,0.0763,0.061,0.005,6617.42,181.317308,504.909146,403.66262,33.0871,1122.976174,0.11014323337804283,10195.5984,122347.2,50494.02,0.0,688.24,49805.78,4150.48,6045.1184,11318.574574,1122.976174,5273.456174,1.1101432333780428,1.8723495265204397,23.384400000000824,23.384400000000824,10.28440000000046,23.384400000000824,0.0,13.100000000000364,1.0,0.43979747181882356,1.0,0.0,0.5602025281811764
Netherlands,NL,2026-07,2026-07-01,netherlands__standard_permanent_contract,"Pays-Bas · contrat à durée indéterminée, grand employeur","Netherlands · permanent contract, large employer",4.37,10218.9828,0.0,0.0,0.0274,0.0763,0.061,0.005,6617.42,181.317308,504.909146,403.66262,33.0871,1122.976174,0.10989118936573611,10218.9828,122627.76,50632.89,0.0,669.97,49962.92,4163.58,6055.4028,11341.958974,1122.976174,5286.556174,1.109891189365736,1.8730312992556002,23.384399999999005,23.384399999999005,10.28439999999955,23.384399999999005,0.0,13.100000000000364,1.0,0.4397974718188189,1.0,0.0,0.5602025281812201
Netherlands,NL,2026-07,2026-07-01,netherlands__standard_permanent_contract,"Pays-Bas · contrat à durée indéterminée, grand employeur","Netherlands · permanent contract, large employer",4.38,10242.3672,0.0,0.0,0.0274,0.0763,0.061,0.005,6617.42,181.317308,504.909146,403.66262,33.0871,1122.976174,0.1096402962393303,10242.3672,122908.44,50771.83,0.0,651.7,50120.13,4176.68,6065.6872,11365.343374,1122.976174,5299.656174,1.1096402962393301,1.8737107600932668,23.384400000000824,23.384400000000824,10.28440000000046,23.384400000000824,0.0,13.099999999999454,1.0,0.43979747181882356,1.0,0.0,0.5602025281811376
Netherlands,NL,2026-07,2026-07-01,netherlands__standard_permanent_contract,"Pays-Bas · contrat à durée indéterminée, grand employeur","Netherlands · permanent contract, large employer",4.39,10265.7516,0.0,0.0,0.0274,0.0763,0.061,0.005,6617.42,181.317308,504.909146,403.66262,33.0871,1122.976174,0.10939054613400155,10265.7516,123189.0,50910.71,0.0,633.44,50277.27,4189.77,6075.9816,11388.727774,1122.976174,5312.746174,1.1093905461340015,1.8743848358592792,23.384399999999005,23.384399999999005,10.294399999999769,23.384400000000824,0.0,13.090000000000146,1.0,0.44022510733652376,1.0000000000000777,0.0,0.5597748926635151
Netherlands,NL,2026-07,2026-07-01,netherlands__standard_permanent_contract,"Pays-Bas · contrat à durée indéterminée, grand employeur","Netherlands · permanent contract, large employer",4.4,10289.136,0.0,0.0,0.0274,0.0763,0.061,0.005,6617.42,181.317308,504.909146,403.66262,33.0871,1122.976174,0.10914193125642425,10289.136,123469.68,51049.64,0.0,615.16,50434.48,4202.87,6086.266,11412.112174,1122.976174,5325.846174,1.1091419312564241,1.8750597121453447,23.384400000000824,23.384400000000824,10.28439999999955,23.384399999999005,0.0,13.100000000000364,1.0,0.43979747181878465,0.9999999999999222,0.0,0.5602025281811764
Netherlands,NL,2026-07,2026-07-01,netherlands__standard_permanent_contract,"Pays-Bas · contrat à durée indéterminée, grand employeur","Netherlands · permanent contract, large employer",4.41,10312.5204,0.0,0.0,0.0274,0.0763,0.061,0.005,6617.42,181.317308,504.909146,403.66262,33.0871,1122.976174,0.1088944438839607,10312.5204,123750.24,51188.52,0.0,596.9,50591.62,4215.97,6096.5504,11435.496574,1122.976174,5338.946174,1.1088944438839607,1.8757323115052078,23.384399999999005,23.384399999999005,10.28440000000046,23.384400000000824,0.0,13.099999999999454,1.0,0.43979747181885775,1.0000000000000777,0.0,0.5602025281811811
Netherlands,NL,2026-07,2026-07-01,netherlands__standard_permanent_contract,"Pays-Bas · contrat à durée indéterminée, grand employeur","Netherlands · permanent contract, large employer",4.42,10335.9048,0.0,0.0,0.0274,0.0763,0.061,0.005,6617.42,181.317308,504.909146,403.66262,33.0871,1122.976174,0.10864807636386126,10335.9048,124030.8,51327.4,0.0,578.63,50748.77,4229.06,6106.8448,11458.880974,1122.976174,5352.036174,1.108648076363861,1.8763995728203213,23.384400000000824,23.384400000000824,10.294399999999769,23.384399999999005,0.0,13.090000000000146,1.0,0.44022510733648956,0.9999999999999222,0.0,0.5597748926634716
Netherlands,NL,2026-07,2026-07-01,netherlands__standard_permanent_contract,"Pays-Bas · contrat à durée indéterminée, grand employeur","Netherlands · permanent contract, large employer",4.43,10359.2892,0.0,0.0,0.0274,0.0763,0.061,0.005,6617.42,181.317308,504.909146,403.66262,33.0871,1122.976174,0.10840282111247558,10359.2892,124311.48,51466.34,0.0,560.36,50905.98,4242.17,6117.1192,11482.265374,1122.976174,5365.146174,1.1084028211124755,1.8770707253832817,23.384399999999005,23.384399999999005,10.274400000000242,23.384400000000824,0.0,13.110000000000582,1.0,0.43936983630115284,1.0000000000000777,0.0,0.5606301636989249
Netherlands,NL,2026-07,2026-07-01,netherlands__standard_permanent_contract,"Pays-Bas · contrat à durée indéterminée, grand employeur","Netherlands · permanent contract, large employer",4.44,10382.6736,0.0,0.0,0.0274,0.0763,0.061,0.005,6617.42,181.317308,504.909146,403.66262,33.0871,1122.976174,0.10815867061447447,10382.6736,124592.04,51605.21,0.0,542.1,51063.11,4255.26,6127.4136,11505.649774,1122.976174,5378.236174,1.1081586706144744,1.8777334981924507,23.384400000000824,23.384400000000824,10.294399999999769,23.384399999999005,0.0,13.089999999999236,1.0,0.44022510733648956,0.9999999999999222,0.0,0.5597748926634327
Netherlands,NL,2026-07,2026-07-01,netherlands__standard_permanent_contract,"Pays-Bas · contrat à durée indéterminée, grand employeur","Netherlands · permanent contract, large employer",4.45,10406.058,0.0,0.0,0.0274,0.0763,0.061,0.005,6617.42,181.317308,504.909146,403.66262,33.0871,1122.976174,0.10791561742208242,10406.058,124872.72,51744.15,0.0,523.83,51220.32,4268.36,6137.698,11529.034174,1122.976174,5391.336174,1.1079156174220823,1.878397108166612,23.384400000000824,23.384400000000824,10.28440000000046,23.384400000000824,0.0,13.100000000000364,1.0,0.43979747181882356,1.0,0.0,0.5602025281811764
Netherlands,NL,2026-07,2026-07-01,netherlands__standard_permanent_contract,"Pays-Bas · contrat à durée indéterminée, grand employeur","Netherlands · permanent contract, large employer",4.46,10429.4424,0.0,0.0,0.0274,0.0763,0.061,0.005,6617.42,181.317308,504.909146,403.66262,33.0871,1122.976174,0.1076736541543199,10429.4424,125153.28,51883.03,0.0,505.56,51377.47,4281.46,6147.9824,11552.418574,1122.976174,5404.436174,1.1076736541543197,1.8790584979553617,23.384399999999005,23.384399999999005,10.28439999999955,23.384399999999005,0.0,13.100000000000364,1.0,0.4397974718188189,1.0,0.0,0.5602025281812201
Netherlands,NL,2026-07,2026-07-01,netherlands__standard_permanent_contract,"Pays-Bas · contrat à durée indéterminée, grand employeur","Netherlands · permanent contract, large employer",4.47,10452.8268,0.0,0.0,0.0274,0.0763,0.061,0.005,6617.42,181.317308,504.909146,403.66262,33.0871,1122.976174,0.10743277349625656,10452.8268,125433.96,52021.96,0.0,487.29,51534.67,4294.56,6158.2668,11575.802974,1122.976174,5417.536174,1.1074327734962566,1.8797176786819307,23.384400000000824,23.384400000000824,10.28440000000046,23.384400000000824,0.0,13.099999999999454,1.0,0.43979747181882356,1.0,0.0,0.5602025281811376
Netherlands,NL,2026-07,2026-07-01,netherlands__standard_permanent_contract,"Pays-Bas · contrat à durée indéterminée, grand employeur","Netherlands · permanent contract, large employer",4.48,10476.2112,0.0,0.0,0.0274,0.0763,0.061,0.005,6617.42,181.317308,504.909146,403.66262,33.0871,1122.976174,0.10719296819827381,10476.2112,125714.52,52160.84,0.0,469.02,51691.82,4307.65,6168.5612,11599.187374,1122.976174,5430.626174,1.1071929681982737,1.8803716130756711,23.384399999999005,23.384399999999005,10.294399999999769,23.384399999999005,0.0,13.090000000000146,1.0,0.44022510733652376,1.0,0.0,0.5597748926635151
Netherlands,NL,2026-07,2026-07-01,netherlands__standard_permanent_contract,"Pays-Bas · contrat à durée indéterminée, grand employeur","Netherlands · permanent contract, large employer",4.49,10499.5956,0.0,0.0,0.0274,0.0763,0.061,0.005,6617.42,181.317308,504.909146,403.66262,33.0871,1122.976174,0.1069542310753378,10499.5956,125995.2,52299.78,0.0,450.75,51849.03,4320.75,6178.8456,11622.571774,1122.976174,5443.726174,1.1069542310753377,1.881026412765517,23.384400000000824,23.384400000000824,10.28439999999955,23.384400000000824,0.0,13.100000000000364,1.0,0.43979747181878465,1.0,0.0,0.5602025281811764
Netherlands,NL,2026-07,2026-07-01,netherlands__standard_permanent_contract,"Pays-Bas · contrat à durée indéterminée, grand employeur","Netherlands · permanent contract, large employer",4.5,10522.98,0.0,0.0,0.0274,0.0763,0.061,0.005,6617.42,181.317308,504.909146,403.66262,33.0871,1122.976174,0.10671655500628151,10522.98,126275.76,52438.65,0.0,432.49,52006.16,4333.85,6189.13,11645.956174,1122.976174,5456.826174,1.1067165550062814,1.8816790363104348,23.384399999999005,23.384399999999005,10.28440000000046,23.384400000000824,0.0,13.099999999999454,1.0,0.43979747181885775,1.0000000000000777,0.0,0.5602025281811811
Netherlands,NL,2026-07,2026-07-01,netherlands__standard_permanent_contract,"Pays-Bas · contrat à durée indéterminée, grand employeur","Netherlands · permanent contract, large employer",4.51,10546.3644,0.0,0.0,0.0274,0.0763,0.061,0.005,6617.42,181.317308,504.909146,403.66262,33.0871,1122.976174,0.10647993293309684,10546.3644,126556.32,52577.53,0.0,414.22,52163.31,4346.94,6199.4244,11669.340574,1122.976174,5469.916174,1.1064799329330968,1.8823264582434458,23.384400000000824,23.384400000000824,10.294399999999769,23.384399999999005,0.0,13.090000000000146,1.0,0.44022510733648956,0.9999999999999222,0.0,0.5597748926634716
Netherlands,NL,2026-07,2026-07-01,netherlands__standard_permanent_contract,"Pays-Bas · contrat à durée indéterminée, grand employeur","Netherlands · permanent contract, large employer",4.52,10569.7488,0.0,0.0,0.0274,0.0763,0.061,0.005,6617.42,181.317308,504.909146,403.66262,33.0871,1122.976174,0.10624435786023602,10569.7488,126837.0,52716.47,0.0,395.95,52320.52,4360.04,6209.7088,11692.724974,1122.976174,5483.016174,1.106244357860236,1.8829747659020661,23.384399999999005,23.384399999999005,10.28440000000046,23.384400000000824,0.0,13.100000000000364,1.0,0.43979747181885775,1.0000000000000777,0.0,0.5602025281812201
Netherlands,NL,2026-07,2026-07-01,netherlands__standard_permanent_contract,"Pays-Bas · contrat à durée indéterminée, grand employeur","Netherlands · permanent contract, large employer",4.53,10593.1332,0.0,0.0,0.0274,0.0763,0.061,0.005,6617.42,181.317308,504.909146,403.66262,33.0871,1122.976174,0.10600982285392202,10593.1332,127117.56,52855.35,0.0,377.69,52477.66,4373.14,6219.9932,11716.109374,1122.976174,5496.116174,1.106009822853922,1.8836209296820452,23.384400000000824,23.384400000000824,10.28439999999955,23.384399999999005,0.0,13.099999999999454,1.0,0.43979747181878465,0.9999999999999222,0.0,0.5602025281811376
Netherlands,NL,2026-07,2026-07-01,netherlands__standard_permanent_contract,"Pays-Bas · contrat à durée indéterminée, grand employeur","Netherlands · permanent contract, large employer",4.54,10616.5176,0.0,0.0,0.0274,0.0763,0.061,0.005,6617.42,181.317308,504.909146,403.66262,33.0871,1122.976174,0.10577632104146845,10616.5176,127398.24,52994.28,0.0,359.41,52634.87,4386.24,6230.2776,11739.493774,1122.976174,5509.216174,1.1057763210414684,1.884264960200168,23.384399999999005,23.384399999999005,10.28440000000046,23.384400000000824,0.0,13.100000000000364,1.0,0.43979747181885775,1.0000000000000777,0.0,0.5602025281812201
Netherlands,NL,2026-07,2026-07-01,netherlands__standard_permanent_contract,"Pays-Bas · contrat à durée indéterminée, grand employeur","Netherlands · permanent contract, large employer",4.55,10639.902,0.0,0.0,0.0274,0.0763,0.061,0.005,6617.42,181.317308,504.909146,403.66262,33.0871,1122.976174,0.10554384561060808,10639.902,127678.8,53133.16,0.0,341.15,52792.01,4399.33,6240.572,11762.878174,1122.976174,5522.306174,1.105543845610608,1.8849038475960216,23.384400000000824,23.384400000000824,10.294399999999769,23.384399999999005,0.0,13.090000000000146,1.0,0.44022510733648956,0.9999999999999222,0.0,0.5597748926634716
Netherlands,NL,2026-07,2026-07-01,netherlands__standard_permanent_contract,"Pays-Bas · contrat à durée indéterminée, grand employeur","Netherlands · permanent contract, large employer",4.56,10663.2864,0.0,0.0,0.0274,0.0763,0.061,0.005,6617.42,181.317308,504.909146,403.66262,33.0871,1122.976174,0.10531238980883044,10663.2864,127959.48,53272.1,0.0,322.88,52949.22,4412.44,6250.8464,11786.262574,1122.976174,5535.416174,1.1053123898088304,1.8855466635686329,23.384400000000824,23.384400000000824,10.274400000000242,23.384400000000824,0.0,13.109999999999673,1.0,0.4393698363011187,1.0,0.0,0.5606301636988424
Netherlands,NL,2026-07,2026-07-01,netherlands__standard_permanent_contract,"Pays-Bas · contrat à durée indéterminée, grand employeur","Netherlands · permanent contract, large employer",4.57,10686.6708,0.0,0.0,0.0274,0.0763,0.061,0.005,6617.42,181.317308,504.909146,403.66262,33.0871,1122.976174,0.10508194694272795,10686.6708,128240.04,53410.97,0.0,304.61,53106.36,4425.53,6261.1408,11809.646974,1122.976174,5548.506174,1.1050819469427278,1.8861813447798519,23.384399999999005,23.384399999999005,10.294399999999769,23.384399999999005,0.0,13.090000000000146,1.0,0.44022510733652376,1.0,0.0,0.5597748926635151
Netherlands,NL,2026-07,2026-07-01,netherlands__standard_permanent_contract,"Pays-Bas · contrat à durée indéterminée, grand employeur","Netherlands · permanent contract, large employer",4.58,10710.0552,0.0,0.0,0.0274,0.0763,0.061,0.005,6617.42,181.317308,504.909146,403.66262,33.0871,1122.976174,0.10485251037735081,10710.0552,128520.72,53549.91,0.0,286.34,53263.57,4438.63,6271.4252,11833.031374,1122.976174,5561.606174,1.1048525103773508,1.8868169509539872,23.384400000000824,23.384400000000824,10.28439999999955,23.384400000000824,0.0,13.099999999999454,1.0,0.43979747181878465,1.0,0.0,0.5602025281811376
Netherlands,NL,2026-07,2026-07-01,netherlands__standard_permanent_contract,"Pays-Bas · contrat à durée indéterminée, grand employeur","Netherlands · permanent contract, large employer",4.59,10733.4396,0.0,0.0,0.0274,0.0763,0.061,0.005,6617.42,181.317308,504.909146,403.66262,33.0871,1122.976174,0.1046240735355701,10733.4396,128801.28,53688.79,0.0,268.08,53420.71,4451.73,6281.7096,11856.415774,1122.976174,5574.706174,1.1046240735355701,1.8874504759022923,23.384399999999005,23.384399999999005,10.28440000000046,23.384399999999005,0.0,13.100000000000364,1.0,0.43979747181885775,1.0,0.0,0.5602025281812201
Netherlands,NL,2026-07,2026-07-01,netherlands__standard_permanent_contract,"Pays-Bas · contrat à durée indéterminée, grand employeur","Netherlands · permanent contract, large employer",4.6,10756.824,0.0,0.0,0.0274,0.0763,0.061,0.005,6617.42,181.317308,504.909146,403.66262,33.0871,1122.976174,0.10439662989744931,10756.824,129081.84,53827.66,0.0,249.81,53577.85,4464.82,6292.004,11879.800174,1122.976174,5587.796174,1.1043966298974492,1.8880789290661608,23.384400000000824,23.384400000000824,10.294399999999769,23.384400000000824,0.0,13.090000000000146,1.0,0.44022510733648956,1.0,0.0,0.5597748926634716
Netherlands,NL,2026-07,2026-07-01,netherlands__standard_permanent_contract,"Pays-Bas · contrat à durée indéterminée, grand employeur","Netherlands · permanent contract, large employer",4.61,10780.2084,0.0,0.0,0.0274,0.0763,0.061,0.005,6617.42,181.317308,504.909146,403.66262,33.0871,1122.976174,0.10417017299962401,10780.2084,129362.52,53966.6,0.0,231.54,53735.06,4477.92,6302.2884,11903.184574,1122.976174,5600.896174,1.104170172999624,1.8887083260105961,23.384399999999005,23.384399999999005,10.28440000000046,23.384400000000824,0.0,13.100000000000364,1.0,0.43979747181885775,1.0000000000000777,0.0,0.5602025281812201
Netherlands,NL,2026-07,2026-07-01,netherlands__standard_permanent_contract,"Pays-Bas · contrat à durée indéterminée, grand employeur","Netherlands · permanent contract, large employer",4.62,10803.5928,0.0,0.0,0.0274,0.0763,0.061,0.005,6617.42,181.317308,504.909146,403.66262,33.0871,1122.976174,0.10394469643468977,10803.5928,129643.08,54105.48,0.0,213.27,53892.21,4491.02,6312.5728,11926.568974,1122.976174,5613.996174,1.1039446964346897,1.8893356721367236,23.384400000000824,23.384400000000824,10.28439999999955,23.384399999999005,0.0,13.099999999999454,1.0,0.43979747181878465,0.9999999999999222,0.0,0.5602025281811376
Netherlands,NL,2026-07,2026-07-01,netherlands__standard_permanent_contract,"Pays-Bas · contrat à durée indéterminée, grand employeur","Netherlands · permanent contract, large employer",4.63,10826.9772,0.0,0.0,0.0274,0.0763,0.061,0.005,6617.42,181.317308,504.909146,403.66262,33.0871,1122.976174,0.10372019385059758,10826.9772,129923.76,54244.41,0.0,195.0,54049.41,4504.12,6322.8572,11949.953374,1122.976174,5627.096174,1.1037201938505976,1.889960977451776,23.384399999999005,23.384399999999005,10.28440000000046,23.384400000000824,0.0,13.100000000000364,1.0,0.43979747181885775,1.0000000000000777,0.0,0.5602025281812201
Netherlands,NL,2026-07,2026-07-01,netherlands__standard_permanent_contract,"Pays-Bas · contrat à durée indéterminée, grand employeur","Netherlands · permanent contract, large employer",4.64,10850.3616,0.0,0.0,0.0274,0.0763,0.061,0.005,6617.42,181.317308,504.909146,403.66262,33.0871,1122.976174,0.1034966589500575,10850.3616,130204.32,54383.29,0.0,176.74,54206.55,4517.21,6333.1516,11973.337774,1122.976174,5640.186174,1.1034966589500574,1.8905812666792943,23.384400000000824,23.384400000000824,10.294399999999769,23.384399999999005,0.0,13.090000000000146,1.0,0.44022510733648956,0.9999999999999222,0.0,0.5597748926634716
Netherlands,NL,2026-07,2026-07-01,netherlands__standard_permanent_contract,"Pays-Bas · contrat à durée indéterminée, grand employeur","Netherlands · permanent contract, large employer",4.65,10873.746,0.0,0.0,0.0274,0.0763,0.061,0.005,6617.42,181.317308,504.909146,403.66262,33.0871,1122.976174,0.10327408548994983,10873.746,130485.0,54522.23,0.0,158.47,54363.76,4530.31,6343.436,11996.722174,1122.976174,5653.286174,1.1032740854899499,1.8912025239948822,23.384399999999005,23.384399999999005,10.28439999999955,23.384400000000824,0.0,13.099999999999454,1.0,0.4397974718188189,1.0000000000000777,0.0,0.5602025281811811
Netherlands,NL,2026-07,2026-07-01,netherlands__standard_permanent_contract,"Pays-Bas · contrat à durée indéterminée, grand employeur","Netherlands · permanent contract, large employer",4.66,10897.1304,0.0,0.0,0.0274,0.0763,0.061,0.005,6617.42,181.317308,504.909146,403.66262,33.0871,1122.976174,0.10305246728074394,10897.1304,130765.56,54661.11,0.0,140.2,54520.91,4543.41,6353.7204,12020.106574,1122.976174,5666.386174,1.1030524672807438,1.8918217701238473,23.384400000000824,23.384400000000824,10.28440000000046,23.384399999999005,0.0,13.100000000000364,1.0,0.43979747181882356,0.9999999999999222,0.0,0.5602025281811764
Netherlands,NL,2026-07,2026-07-01,netherlands__standard_permanent_contract,"Pays-Bas · contrat à durée indéterminée, grand employeur","Netherlands · permanent contract, large employer",4.67,10920.5148,0.0,0.0,0.0274,0.0763,0.061,0.005,6617.42,181.317308,504.909146,403.66262,33.0871,1122.976174,0.10283179818592435,10920.5148,131046.12,54799.98,0.0,121.94,54678.04,4556.5,6364.0148,12043.490974,1122.976174,5679.476174,1.1028317981859244,1.8924360411606835,23.384400000000824,23.384400000000824,10.294399999999769,23.384400000000824,0.0,13.090000000000146,1.0,0.44022510733648956,1.0,0.0,0.5597748926634716
Netherlands,NL,2026-07,2026-07-01,netherlands__standard_permanent_contract,"Pays-Bas · contrat à durée indéterminée, grand employeur","Netherlands · permanent contract, large employer",4.68,10943.8992,0.0,0.0,0.0274,0.0763,0.061,0.005,6617.42,181.317308,504.909146,403.66262,33.0871,1122.976174,0.10261207212142452,10943.8992,131326.8,54938.92,0.0,103.66,54835.26,4569.61,6374.2892,12066.875374,1122.976174,5692.586174,1.1026120721214245,1.8930542677605526,23.384399999999005,23.384399999999005,10.274400000000242,23.384399999999005,0.0,13.109999999999673,1.0,0.43936983630115284,1.0,0.0,0.5606301636988861
Netherlands,NL,2026-07,2026-07-01,netherlands__standard_permanent_contract,"Pays-Bas · contrat à durée indéterminée, grand employeur","Netherlands · permanent contract, large employer",4.69,10967.2836,0.0,0.0,0.0274,0.0763,0.061,0.005,6617.42,181.317308,504.909146,403.66262,33.0871,1122.976174,0.10239328305506754,10967.2836,131607.36,55077.8,0.0,85.4,54992.4,4582.7,6384.5836,12090.259774,1122.976174,5705.676174,1.1023932830550676,1.8936645725807395,23.384400000000824,23.384400000000824,10.294399999999769,23.384400000000824,0.0,13.090000000000146,1.0,0.44022510733648956,1.0,0.0,0.5597748926634716
Netherlands,NL,2026-07,2026-07-01,netherlands__standard_permanent_contract,"Pays-Bas · contrat à durée indéterminée, grand employeur","Netherlands · permanent contract, large employer",4.7,10990.668,0.0,0.0,0.0274,0.0763,0.061,0.005,6617.42,181.317308,504.909146,403.66262,33.0871,1122.976174,0.10217542500601419,10990.668,131888.04,55216.73,0.0,67.13,55149.6,4595.8,6394.868,12113.644174,1122.976174,5718.776174,1.102175425006014,1.8942758746544883,23.384399999999005,23.384399999999005,10.28440000000046,23.384399999999005,0.0,13.099999999999454,1.0,0.43979747181885775,1.0,0.0,0.5602025281811811
Netherlands,NL,2026-07,2026-07-01,netherlands__standard_permanent_contract,"Pays-Bas · contrat à durée indéterminée, grand employeur","Netherlands · permanent contract, large employer",4.71,11014.0524,0.0,0.0,0.0274,0.0763,0.061,0.005,6617.42,181.317308,504.909146,403.66262,33.0871,1122.976174,0.10195849204421799,11014.0524,132168.6,55355.61,0.0,48.86,55306.75,4608.9,6405.1524,12137.028574,1122.976174,5731.876174,1.101958492044218,1.8948852136601775,23.384400000000824,23.384400000000824,10.28439999999955,23.384400000000824,0.0,13.100000000000364,1.0,0.43979747181878465,1.0,0.0,0.5602025281811764
Netherlands,NL,2026-07,2026-07-01,netherlands__standard_permanent_contract,"Pays-Bas · contrat à durée indéterminée, grand employeur","Netherlands · permanent contract, large employer",4.72,11037.4368,0.0,0.0,0.0274,0.0763,0.061,0.005,6617.42,181.317308,504.909146,403.66262,33.0871,1122.976174,0.10174247828988703,11037.4368,132449.28,55494.55,0.0,30.59,55463.96,4622.0,6415.4368,12160.412974,1122.976174,5744.976174,1.101742478289887,1.8954925990386189,23.384399999999005,23.384399999999005,10.28440000000046,23.384400000000824,0.0,13.100000000000364,1.0,0.43979747181885775,1.0000000000000777,0.0,0.5602025281812201
Netherlands,NL,2026-07,2026-07-01,netherlands__standard_permanent_contract,"Pays-Bas · contrat à durée indéterminée, grand employeur","Netherlands · permanent contract, large employer",4.73,11060.8212,0.0,0.0,0.0274,0.0763,0.061,0.005,6617.42,181.317308,504.909146,403.66262,33.0871,1122.976174,0.10152737791295278,11060.8212,132729.84,55633.42,0.0,12.33,55621.09,4635.09,6425.7312,12183.797374,1122.976174,5758.066174,1.1015273779129526,1.8960950893806447,23.384400000000824,23.384400000000824,10.294399999999769,23.384399999999005,0.0,13.089999999999236,1.0,0.44022510733648956,0.9999999999999222,0.0,0.5597748926634327
Netherlands,NL,2026-07,2026-07-01,netherlands__standard_permanent_contract,"Pays-Bas · contrat à durée indéterminée, grand employeur","Netherlands · permanent contract, large employer",4.74,11084.2056,0.0,0.0,0.0274,0.0763,0.061,0.005,6617.42,181.317308,504.909146,403.66262,33.0871,1122.976174,0.10131318513254572,11084.2056,133010.52,55772.36,0.0,0.0,55772.36,4647.7,6436.5056,12207.181774,1122.976174,5770.676174,1.1013131851325457,1.896554206990824,23.384399999999005,23.384399999999005,10.774400000000242,23.384400000000824,0.0,12.610000000000582,1.0,0.46075161218593164,1.0000000000000777,0.0,0.5392483878141461
Netherlands,NL,2026-07,2026-07-01,netherlands__standard_permanent_contract,"Pays-Bas · contrat à durée indéterminée, grand employeur","Netherlands · permanent contract, large employer",4.75,11107.59,0.0,0.0,0.0274,0.0763,0.061,0.005,6617.42,181.317308,504.909146,403.66262,33.0871,1122.976174,0.1010998942164772,11107.59,133291.08,55911.24,0.0,0.0,55911.24,4659.27,6448.32,12230.566174,1122.976174,5782.246174,1.1010998942164771,1.896705835628505,23.384400000000824,23.384400000000824,11.814399999999296,23.384399999999005,0.0,11.569999999999709,1.0,0.5052257060261918,0.9999999999999222,0.0,0.4947742939737304
Netherlands,NL,2026-07,2026-07-01,netherlands__standard_permanent_contract,"Pays-Bas · contrat à durée indéterminée, grand employeur","Netherlands · permanent contract, large employer",4.76,11130.9744,0.0,0.0,0.0274,0.0763,0.061,0.005,6617.42,181.317308,504.909146,403.66262,33.0871,1122.976174,0.10088749948072832,11130.9744,133571.64,56050.12,0.0,0.0,56050.12,4670.84,6460.1344,12253.950574,1122.976174,5793.816174,1.1008874994807283,1.8968569096642944,23.384399999999005,23.384399999999005,11.814400000000205,23.384400000000824,0.0,11.569999999999709,1.0,0.50522570602627,1.0000000000000777,0.0,0.4947742939737689
Netherlands,NL,2026-07,2026-07-01,netherlands__standard_permanent_contract,"Pays-Bas · contrat à durée indéterminée, grand employeur","Netherlands · permanent contract, large employer",4.77,11154.3588,0.0,0.0,0.0274,0.0763,0.061,0.005,6617.42,181.317308,504.909146,403.66262,33.0871,1122.976174,0.10067599528894482,11154.3588,133852.32,56189.05,0.0,0.0,56189.05,4682.42,6471.9388,12277.334974,1122.976174,5805.396174,1.1006759952889447,1.8970103632623967,23.384400000000824,23.384400000000824,11.804399999999987,23.384399999999005,0.0,11.580000000000837,1.0,0.5047980705085258,0.9999999999999222,0.0,0.4952019294914742
Netherlands,NL,2026-07,2026-07-01,netherlands__standard_permanent_contract,"Pays-Bas · contrat à durée indéterminée, grand employeur","Netherlands · permanent contract, large employer",4.78,11177.7432,0.0,0.0,0.0274,0.0763,0.061,0.005,6617.42,181.317308,504.909146,403.66262,33.0871,1122.976174,0.10046537605193864,11177.7432,134132.88,56327.93,0.0,0.0,56327.93,4693.99,6483.7532,12300.719374,1122.976174,5816.966174,1.1004653760519385,1.8971603320743298,23.384400000000824,23.384400000000824,11.814400000000205,23.384400000000824,0.0,11.569999999999709,1.0,0.5052257060262307,1.0,0.0,0.4947742939737304
Netherlands,NL,2026-07,2026-07-01,netherlands__standard_permanent_contract,"Pays-Bas · contrat à durée indéterminée, grand employeur","Netherlands · permanent contract, large employer",4.79,11201.1276,0.0,0.0,0.0274,0.0763,0.061,0.005,6617.42,181.317308,504.909146,403.66262,33.0871,1122.976174,0.10025563622719556,11201.1276,134413.56,56466.87,0.0,0.0,56466.87,4705.57,6495.5576,12324.103774,1122.976174,5828.546174,1.1002556362271956,1.8973126762820176,23.384399999999005,23.384399999999005,11.804399999999987,23.384399999999005,0.0,11.579999999999927,1.0,0.5047980705085651,1.0,0.0,0.4952019294914738
Netherlands,NL,2026-07,2026-07-01,netherlands__standard_permanent_contract,"Pays-Bas · contrat à durée indéterminée, grand employeur","Netherlands · permanent contract, large employer",4.8,11224.512,0.0,0.0,0.0274,0.0763,0.061,0.005,6617.42,181.317308,504.909146,403.66262,33.0871,1122.976174,0.1000467703183889,11224.512,134694.12,56605.74,0.0,0.0,56605.74,4717.15,6507.362,12347.488174,1122.976174,5840.126174,1.100046770318389,1.8974644677827972,23.384400000000824,23.384400000000824,11.804399999999987,23.384400000000824,0.0,11.579999999999927,1.0,0.5047980705085258,1.0,0.0,0.49520192949143527
Netherlands,NL,2026-07,2026-07-01,netherlands__standard_permanent_contract,"Pays-Bas · contrat à durée indéterminée, grand employeur","Netherlands · permanent contract, large employer",4.81,11247.8964,0.0,0.0,0.0274,0.0763,0.061,0.005,6617.42,181.317308,504.909146,403.66262,33.0871,1122.976174,0.09983877287489953,11247.8964,134974.8,56744.68,0.0,0.0,56744.68,4728.72,6519.1764,12370.872574,1122.976174,5851.696174,1.0998387728748995,1.8976127987578308,23.384399999999005,23.384399999999005,11.814400000000205,23.384400000000824,0.0,11.569999999999709,1.0,0.50522570602627,1.0000000000000777,0.0,0.4947742939737689
Netherlands,NL,2026-07,2026-07-01,netherlands__standard_permanent_contract,"Pays-Bas · contrat à durée indéterminée, grand employeur","Netherlands · permanent contract, large employer",4.82,11271.2808,0.0,0.0,0.0274,0.0763,0.061,0.005,6617.42,181.317308,504.909146,403.66262,33.0871,1122.976174,0.09963163849134164,11271.2808,135255.36,56883.56,0.0,0.0,56883.56,4740.3,6530.9808,12394.256974,1122.976174,5863.276174,1.0996316384913416,1.8977634988606917,23.384400000000824,23.384400000000824,11.804399999999987,23.384399999999005,0.0,11.579999999999927,1.0,0.5047980705085258,0.9999999999999222,0.0,0.49520192949143527
Netherlands,NL,2026-07,2026-07-01,netherlands__standard_permanent_contract,"Pays-Bas · contrat à durée indéterminée, grand employeur","Netherlands · permanent contract, large employer",4.83,11294.6652,0.0,0.0,0.0274,0.0763,0.061,0.005,6617.42,181.317308,504.909146,403.66262,33.0871,1122.976174,0.09942536180709456,11294.6652,135536.04,57022.49,0.0,0.0,57022.49,4751.87,6542.7952,12417.641374,1122.976174,5874.846174,1.0994253618070946,1.8979107544127314,23.384399999999005,23.384399999999005,11.814399999999296,23.384400000000824,0.0,11.570000000000618,1.0,0.5052257060262311,1.0000000000000777,0.0,0.4947742939738078
Netherlands,NL,2026-07,2026-07-01,netherlands__standard_permanent_contract,"Pays-Bas · contrat à durée indéterminée, grand employeur","Netherlands · permanent contract, large employer",4.84,11318.0496,0.0,0.0,0.0274,0.0763,0.061,0.005,6617.42,181.317308,504.909146,403.66262,33.0871,1122.976174,0.09921993750584024,11318.0496,135816.6,57161.37,0.0,0.0,57161.37,4763.45,6554.5996,12441.025774,1122.976174,5886.426174,1.0992199375058402,1.8980603748854468,23.384400000000824,23.384400000000824,11.804399999999987,23.384399999999005,0.0,11.579999999999927,1.0,0.5047980705085258,0.9999999999999222,0.0,0.49520192949143527
Netherlands,NL,2026-07,2026-07-01,netherlands__standard_permanent_contract,"Pays-Bas · contrat à durée indéterminée, grand employeur","Netherlands · permanent contract, large employer",4.85,11341.434,0.0,0.0,0.0274,0.0763,0.061,0.005,6617.42,181.317308,504.909146,403.66262,33.0871,1122.976174,0.09901536031510655,11341.434,136097.16,57300.25,0.0,0.0,57300.25,4775.02,6566.414,12464.410174,1122.976174,5897.996174,1.0990153603151065,1.8982065666283,23.384399999999005,23.384399999999005,11.814400000000205,23.384400000000824,0.0,11.569999999999709,1.0,0.50522570602627,1.0000000000000777,0.0,0.4947742939737689
Netherlands,NL,2026-07,2026-07-01,netherlands__standard_permanent_contract,"Pays-Bas · contrat à durée indéterminée, grand employeur","Netherlands · permanent contract, large employer",4.86,11364.8184,0.0,0.0,0.0274,0.0763,0.061,0.005,6617.42,181.317308,504.909146,403.66262,33.0871,1122.976174,0.09881162500581621,11364.8184,136377.84,57439.18,0.0,0.0,57439.18,4786.6,6578.2184,12487.794574,1122.976174,5909.576174,1.0988116250058162,1.8983551190699293,23.384400000000824,23.384400000000824,11.804399999999987,23.384399999999005,0.0,11.579999999999927,1.0,0.5047980705085258,0.9999999999999222,0.0,0.49520192949143527
Netherlands,NL,2026-07,2026-07-01,netherlands__standard_permanent_contract,"Pays-Bas · contrat à durée indéterminée, grand employeur","Netherlands · permanent contract, large employer",4.87,11388.2028,0.0,0.0,0.0274,0.0763,0.061,0.005,6617.42,181.317308,504.909146,403.66262,33.0871,1122.976174,0.09860872639184122,11388.2028,136658.4,57578.06,0.0,0.0,57578.06,4798.17,6590.0328,12511.178974,1122.976174,5921.146174,1.0986087263918412,1.8985002584509136,23.384399999999005,23.384399999999005,11.814400000000205,23.384400000000824,0.0,11.570000000000618,1.0,0.50522570602627,1.0000000000000777,0.0,0.4947742939738078
Netherlands,NL,2026-07,2026-07-01,netherlands__standard_permanent_contract,"Pays-Bas · contrat à durée indéterminée, grand employeur","Netherlands · permanent contract, large employer",4.88,11411.5872,0.0,0.0,0.0274,0.0763,0.061,0.005,6617.42,181.317308,504.909146,403.66262,33.0871,1122.976174,0.09840665932956286,11411.5872,136939.08,57717.0,0.0,0.0,57717.0,4809.75,6601.8372,12534.563374,1122.976174,5932.726174,1.0984066593295627,1.8986477542948195,23.384400000000824,23.384400000000824,11.804399999999987,23.384399999999005,0.0,11.579999999999927,1.0,0.5047980705085258,0.9999999999999222,0.0,0.49520192949143527
Netherlands,NL,2026-07,2026-07-01,netherlands__standard_permanent_contract,"Pays-Bas · contrat à durée indéterminée, grand employeur","Netherlands · permanent contract, large employer",4.89,11434.9716,0.0,0.0,0.0274,0.0763,0.061,0.005,6617.42,181.317308,504.909146,403.66262,33.0871,1122.976174,0.09820541871743697,11434.9716,137219.64,57855.88,0.0,0.0,57855.88,4821.32,6613.6516,12557.947774,1122.976174,5944.296174,1.0982054187174368,1.898791852597739,23.384400000000824,23.384400000000824,11.814400000000205,23.384400000000824,0.0,11.569999999999709,1.0,0.5052257060262307,1.0,0.0,0.4947742939737304
Netherlands,NL,2026-07,2026-07-01,netherlands__standard_permanent_contract,"Pays-Bas · contrat à durée indéterminée, grand employeur","Netherlands · permanent contract, large employer",4.9,11458.356,0.0,0.0,0.0274,0.0763,0.061,0.005,6617.42,181.317308,504.909146,403.66262,33.0871,1122.976174,0.09800499949556463,11458.356,137500.32,57994.81,0.0,0.0,57994.81,4832.9,6625.456,12581.332174,1122.976174,5955.876174,1.0980049994955645,1.8989383031145324,23.384399999999005,23.384399999999005,11.804399999999987,23.384399999999005,0.0,11.579999999999927,1.0,0.5047980705085651,1.0,0.0,0.4952019294914738
Netherlands,NL,2026-07,2026-07-01,netherlands__standard_permanent_contract,"Pays-Bas · contrat à durée indéterminée, grand employeur","Netherlands · permanent contract, large employer",4.91,11481.7404,0.0,0.0,0.0274,0.0763,0.061,0.005,6617.42,181.317308,504.909146,403.66262,33.0871,1122.976174,0.09780539664526818,11481.7404,137780.88,58133.69,0.0,0.0,58133.69,4844.47,6637.2704,12604.716574,1122.976174,5967.446174,1.097805396645268,1.8990813714625818,23.384400000000824,23.384400000000824,11.814400000000205,23.384400000000824,0.0,11.569999999999709,1.0,0.5052257060262307,1.0,0.0,0.4947742939737304
Netherlands,NL,2026-07,2026-07-01,netherlands__standard_permanent_contract,"Pays-Bas · contrat à durée indéterminée, grand employeur","Netherlands · permanent contract, large employer",4.92,11505.1248,0.0,0.0,0.0274,0.0763,0.061,0.005,6617.42,181.317308,504.909146,403.66262,33.0871,1122.976174,0.0976066051886721,11505.1248,138061.44,58272.57,0.0,0.0,58272.57,4856.05,6649.0748,12628.100974,1122.976174,5979.026174,1.0976066051886721,1.8992267877630133,23.384399999999005,23.384399999999005,11.804399999999987,23.384400000000824,0.0,11.579999999999927,1.0,0.5047980705085651,1.0000000000000777,0.0,0.4952019294914738
Netherlands,NL,2026-07,2026-07-01,netherlands__standard_permanent_contract,"Pays-Bas · contrat à durée indéterminée, grand employeur","Netherlands · permanent contract, large employer",4.93,11528.5092,0.0,0.0,0.0274,0.0763,0.061,0.005,6617.42,181.317308,504.909146,403.66262,33.0871,1122.976174,0.0974086201882894,11528.5092,138342.12,58411.5,0.0,0.0,58411.5,4867.63,6660.8792,12651.485374,1122.976174,5990.606174,1.0974086201882893,1.899371688650351,23.384400000000824,23.384400000000824,11.804399999999987,23.384399999999005,0.0,11.579999999999927,1.0,0.5047980705085258,0.9999999999999222,0.0,0.49520192949143527
Netherlands,NL,2026-07,2026-07-01,netherlands__standard_permanent_contract,"Pays-Bas · contrat à durée indéterminée, grand employeur","Netherlands · permanent contract, large employer",4.94,11551.8936,0.0,0.0,0.0274,0.0763,0.061,0.005,6617.42,181.317308,504.909146,403.66262,33.0871,1122.976174,0.0972114367466127,11551.8936,138622.68,58550.38,0.0,0.0,58550.38,4879.2,6672.6936,12674.869774,1122.976174,6002.176174,1.0972114367466126,1.8995132301594064,23.384399999999005,23.384399999999005,11.814399999999296,23.384400000000824,0.0,11.570000000000618,1.0,0.5052257060262311,1.0000000000000777,0.0,0.4947742939738078
Netherlands,NL,2026-07,2026-07-01,netherlands__standard_permanent_contract,"Pays-Bas · contrat à durée indéterminée, grand employeur","Netherlands · permanent contract, large employer",4.95,11575.278,0.0,0.0,0.0274,0.0763,0.061,0.005,6617.42,181.317308,504.909146,403.66262,33.0871,1122.976174,0.09701505000571045,11575.278,138903.36,58689.32,0.0,0.0,58689.32,4890.78,6684.498,12698.254174,1122.976174,6013.756174,1.0970150500057103,1.8996571132192723,23.384400000000824,23.384400000000824,11.804399999999987,23.384399999999005,0.0,11.579999999999927,1.0,0.5047980705085258,0.9999999999999222,0.0,0.49520192949143527
Netherlands,NL,2026-07,2026-07-01,netherlands__standard_permanent_contract,"Pays-Bas · contrat à durée indéterminée, grand employeur","Netherlands · permanent contract, large employer",4.96,11598.6624,0.0,0.0,0.0274,0.0763,0.061,0.005,6617.42,181.317308,504.909146,403.66262,33.0871,1122.976174,0.09681945514682797,11598.6624,139183.92,58828.19,0.0,0.0,58828.19,4902.35,6696.3124,12721.638574,1122.976174,6025.326174,1.096819455146828,1.8997976519136113,23.384399999999005,23.384399999999005,11.814400000000205,23.384400000000824,0.0,11.569999999999709,1.0,0.50522570602627,1.0000000000000777,0.0,0.4947742939737689
Netherlands,NL,2026-07,2026-07-01,netherlands__standard_permanent_contract,"Pays-Bas · contrat à durée indéterminée, grand employeur","Netherlands · permanent contract, large employer",4.97,11622.0468,0.0,0.0,0.0274,0.0763,0.061,0.005,6617.42,181.317308,504.909146,403.66262,33.0871,1122.976174,0.09662464738999331,11622.0468,139464.6,58967.13,0.0,0.0,58967.13,4913.93,6708.1168,12745.022974,1122.976174,6036.906174,1.0966246473899932,1.899940527869163,23.384400000000824,23.384400000000824,11.804399999999987,23.384399999999005,0.0,11.579999999999927,1.0,0.5047980705085258,0.9999999999999222,0.0,0.49520192949143527
Netherlands,NL,2026-07,2026-07-01,netherlands__standard_permanent_contract,"Pays-Bas · contrat à durée indéterminée, grand employeur","Netherlands · permanent contract, large employer",4.98,11645.4312,0.0,0.0,0.0274,0.0763,0.061,0.005,6617.42,181.317308,504.909146,403.66262,33.0871,1122.976174,0.09643062199362785,11645.4312,139745.16,59106.01,0.0,0.0,59106.01,4925.5,6719.9312,12768.407374,1122.976174,6048.476174,1.0964306219936277,1.9000800743317132,23.384400000000824,23.384400000000824,11.814400000000205,23.384400000000824,0.0,11.570000000000618,1.0,0.5052257060262307,1.0,0.0,0.4947742939737693
Netherlands,NL,2026-07,2026-07-01,netherlands__standard_permanent_contract,"Pays-Bas · contrat à durée indéterminée, grand employeur","Netherlands · permanent contract, large employer",4.99,11668.8156,0.0,0.0,0.0274,0.0763,0.061,0.005,6617.42,181.317308,504.909146,403.66262,33.0871,1122.976174,0.09623737425416168,11668.8156,140025.84,59244.94,0.0,0.0,59244.94,4937.08,6731.7356,12791.791774,1122.976174,6060.056174,1.0962373742541616,1.9002219537558782,23.384399999999005,23.384399999999005,11.804399999999987,23.384399999999005,0.0,11.579999999999927,1.0,0.5047980705085651,1.0,0.0,0.4952019294914738
Netherlands,NL,2026-07,2026-07-01,netherlands__standard_permanent_contract,"Pays-Bas · contrat à durée indéterminée, grand employeur","Netherlands · permanent contract, large employer",5.0,11692.2,0.0,0.0,0.0274,0.0763,0.061,0.005,6617.42,181.317308,504.909146,403.66262,33.0871,1122.976174,0.09604489950565334,11692.2,140306.4,59383.82,0.0,0.0,59383.82,4948.65,6743.55,12815.176174,1122.976174,6071.626174,1.0960448995056533,1.900360518421306,23.384400000000824,23.384400000000824,11.814400000000205,23.384400000000824,0.0,11.569999999999709,1.0,0.5052257060262307,1.0,0.0,0.4947742939737304
Netherlands,NL,2026-07,2026-07-01,netherlands__standard_permanent_contract,"Pays-Bas · contrat à durée indéterminée, grand employeur","Netherlands · permanent contract, large employer",5.01,11715.5844,0.0,0.0,0.0274,0.0763,0.061,0.005,6617.42,181.317308,504.909146,403.66262,33.0871,1122.976174,0.09585319311941452,11715.5844,140586.96,59522.7,0.0,0.0,59522.7,4960.23,6755.3544,12838.560574,1122.976174,6083.206174,1.0958531931194144,1.9005014117394046,23.384399999999005,23.384399999999005,11.804399999999987,23.384399999999005,0.0,11.579999999999927,1.0,0.5047980705085651,1.0,0.0,0.4952019294914738
Netherlands,NL,2026-07,2026-07-01,netherlands__standard_permanent_contract,"Pays-Bas · contrat à durée indéterminée, grand employeur","Netherlands · permanent contract, large employer",5.02,11738.9688,0.0,0.0,0.0274,0.0763,0.061,0.005,6617.42,181.317308,504.909146,403.66262,33.0871,1122.976174,0.0956622505036388,11738.9688,140867.64,59661.64,0.0,0.0,59661.64,4971.8,6767.1688,12861.944974,1122.976174,6094.776174,1.0956622505036389,1.9006390048967008,23.384400000000824,23.384400000000824,11.814400000000205,23.384400000000824,0.0,11.569999999999709,1.0,0.5052257060262307,1.0,0.0,0.4947742939737304
Netherlands,NL,2026-07,2026-07-01,netherlands__standard_permanent_contract,"Pays-Bas · contrat à durée indéterminée, grand employeur","Netherlands · permanent contract, large employer",5.03,11762.3532,0.0,0.0,0.0274,0.0763,0.061,0.005,6617.42,181.317308,504.909146,403.66262,33.0871,1122.976174,0.09547206710303513,11762.3532,141148.2,59800.51,0.0,0.0,59800.51,4983.38,6778.9732,12885.329374,1122.976174,6106.356174,1.0954720671030351,1.9007789223890128,23.384399999999005,23.384399999999005,11.804399999999987,23.384400000000824,0.0,11.579999999999927,1.0,0.5047980705085651,1.0000000000000777,0.0,0.4952019294914738
Netherlands,NL,2026-07,2026-07-01,netherlands__standard_permanent_contract,"Pays-Bas · contrat à durée indéterminée, grand employeur","Netherlands · permanent contract, large employer",5.04,11785.7376,0.0,0.0,0.0274,0.0763,0.061,0.005,6617.42,181.317308,504.909146,403.66262,33.0871,1122.976174,0.09528263839846562,11785.7376,141428.88,59939.45,0.0,0.0,59939.45,4994.95,6790.7876,12908.713774,1122.976174,6117.926174,1.0952826383984655,1.9009155541840241,23.384400000000824,23.384400000000824,11.814399999999296,23.384399999999005,0.0,11.570000000000618,1.0,0.5052257060261918,0.9999999999999222,0.0,0.4947742939737693
Netherlands,NL,2026-07,2026-07-01,netherlands__standard_permanent_contract,"Pays-Bas · contrat à durée indéterminée, grand employeur","Netherlands · permanent contract, large employer",5.05,11809.122,0.0,0.0,0.0274,0.0763,0.061,0.005,6617.42,181.317308,504.909146,403.66262,33.0871,1122.976174,0.09509395990658748,11809.122,141709.44,60078.33,0.0,0.0,60078.33,5006.53,6802.592,12932.098174,1122.976174,6129.506174,1.0950939599065874,1.9010545059883055,23.384399999999005,23.384399999999005,11.804399999999987,23.384400000000824,0.0,11.579999999999927,1.0,0.5047980705085651,1.0000000000000777,0.0,0.4952019294914738
Netherlands,NL,2026-07,2026-07-01,netherlands__standard_permanent_contract,"Pays-Bas · contrat à durée indéterminée, grand employeur","Netherlands · permanent contract, large employer",5.06,11832.5064,0.0,0.0,0.0274,0.0763,0.061,0.005,6617.42,181.317308,504.909146,403.66262,33.0871,1122.976174,0.09490602717949936,11832.5064,141990.12,60217.26,0.0,0.0,60217.26,5018.11,6814.3964,12955.482574,1122.976174,6141.086174,1.0949060271794993,1.9011929763874609,23.384400000000824,23.384400000000824,11.804399999999987,23.384399999999005,0.0,11.579999999999927,1.0,0.5047980705085258,0.9999999999999222,0.0,0.49520192949143527
Netherlands,NL,2026-07,2026-07-01,netherlands__standard_permanent_contract,"Pays-Bas · contrat à durée indéterminée, grand employeur","Netherlands · permanent contract, large employer",5.07,11855.8908,0.0,0.0,0.0274,0.0763,0.061,0.005,6617.42,181.317308,504.909146,403.66262,33.0871,1122.976174,0.09471883580439186,11855.8908,142270.68,60356.14,0.0,0.0,60356.14,5029.68,6826.2108,12978.866974,1122.976174,6152.656174,1.0947188358043918,1.9013281825401582,23.384399999999005,23.384399999999005,11.814400000000205,23.384400000000824,0.0,11.569999999999709,1.0,0.50522570602627,1.0000000000000777,0.0,0.4947742939737689
Netherlands,NL,2026-07,2026-07-01,netherlands__standard_permanent_contract,"Pays-Bas · contrat à durée indéterminée, grand employeur","Netherlands · permanent contract, large employer",5.08,11879.2752,0.0,0.0,0.0274,0.0763,0.061,0.005,6617.42,181.317308,504.909146,403.66262,33.0871,1122.976174,0.09453238140320212,11879.2752,142551.36,60495.08,0.0,0.0,60495.08,5041.26,6838.0152,13002.251374,1122.976174,6164.236174,1.094532381403202,1.9014657022113668,23.384400000000824,23.384400000000824,11.804399999999987,23.384399999999005,0.0,11.579999999999927,1.0,0.5047980705085258,0.9999999999999222,0.0,0.49520192949143527
Netherlands,NL,2026-07,2026-07-01,netherlands__standard_permanent_contract,"Pays-Bas · contrat à durée indéterminée, grand employeur","Netherlands · permanent contract, large employer",5.09,11902.6596,0.0,0.0,0.0274,0.0763,0.061,0.005,6617.42,181.317308,504.909146,403.66262,33.0871,1122.976174,0.09434665963227246,11902.6596,142831.92,60633.95,0.0,0.0,60633.95,5052.83,6849.8296,13025.635774,1122.976174,6175.806174,1.0943466596322724,1.9015999717715606,23.384400000000824,23.384400000000824,11.814400000000205,23.384400000000824,0.0,11.570000000000618,1.0,0.5052257060262307,1.0,0.0,0.4947742939737693
Netherlands,NL,2026-07,2026-07-01,netherlands__standard_permanent_contract,"Pays-Bas · contrat à durée indéterminée, grand employeur","Netherlands · permanent contract, large employer",5.1,11926.044,0.0,0.0,0.0274,0.0763,0.061,0.005,6617.42,181.317308,504.909146,403.66262,33.0871,1122.976174,0.09416166618201309,11926.044,143112.48,60772.83,0.0,0.0,60772.83,5064.4,6861.644,13049.020174,1122.976174,6187.376174,1.094161666182013,1.9017337789602606,23.384399999999005,23.384399999999005,11.814400000000205,23.384399999999005,0.0,11.569999999999709,1.0,0.50522570602627,1.0,0.0,0.4947742939737689
Netherlands,NL,2026-07,2026-07-01,netherlands__standard_permanent_contract,"Pays-Bas · contrat à durée indéterminée, grand employeur","Netherlands · permanent contract, large employer",5.11,11949.4284,0.0,0.0,0.0274,0.0763,0.061,0.005,6617.42,181.317308,504.909146,403.66262,33.0871,1122.976174,0.09397739677656883,11949.4284,143393.16,60911.77,0.0,0.0,60911.77,5075.98,6873.4484,13072.404574,1122.976174,6198.956174,1.0939773967765687,1.901869893138355,23.384400000000824,23.384400000000824,11.804399999999987,23.384400000000824,0.0,11.579999999999927,1.0,0.5047980705085258,1.0,0.0,0.49520192949143527
Netherlands,NL,2026-07,2026-07-01,netherlands__standard_permanent_contract,"Pays-Bas · contrat à durée indéterminée, grand employeur","Netherlands · permanent contract, large employer",5.12,11972.8128,0.0,0.0,0.0274,0.0763,0.061,0.005,6617.42,181.317308,504.909146,403.66262,33.0871,1122.976174,0.09379384717348961,11972.8128,143673.72,61050.64,0.0,0.0,61050.64,5087.55,6885.2628,13095.788974,1122.976174,6210.526174,1.0937938471734896,1.9020027781655626,23.384399999999005,23.384399999999005,11.814400000000205,23.384399999999005,0.0,11.569999999999709,1.0,0.50522570602627,1.0,0.0,0.4947742939737689
Netherlands,NL,2026-07,2026-07-01,netherlands__standard_permanent_contract,"Pays-Bas · contrat à durée indéterminée, grand employeur","Netherlands · permanent contract, large employer",5.13,11996.1972,0.0,0.0,0.0274,0.0763,0.061,0.005,6617.42,181.317308,504.909146,403.66262,33.0871,1122.976174,0.09361101316340482,11996.1972,143954.4,61189.58,0.0,0.0,61189.58,5099.13,6897.0672,13119.173374,1122.976174,6222.106174,1.0936110131634047,1.9021379658298818,23.384400000000824,23.384400000000824,11.804399999999987,23.384400000000824,0.0,11.579999999999927,1.0,0.5047980705085258,1.0,0.0,0.49520192949143527
Netherlands,NL,2026-07,2026-07-01,netherlands__standard_permanent_contract,"Pays-Bas · contrat à durée indéterminée, grand employeur","Netherlands · permanent contract, large employer",5.14,12019.5816,0.0,0.0,0.0274,0.0763,0.061,0.005,6617.42,181.317308,504.909146,403.66262,33.0871,1122.976174,0.0934288905697017,12019.5816,144234.96,61328.46,0.0,0.0,61328.46,5110.71,6908.8716,13142.557774,1122.976174,6233.686174,1.0934288905697016,1.9022726915347508,23.384399999999005,23.384399999999005,11.804399999999987,23.384400000000824,0.0,11.580000000000837,1.0,0.5047980705085651,1.0000000000000777,0.0,0.4952019294915127
Netherlands,NL,2026-07,2026-07-01,netherlands__standard_permanent_contract,"Pays-Bas · contrat à durée indéterminée, grand employeur","Netherlands · permanent contract, large employer",5.15,12042.966,0.0,0.0,0.0274,0.0763,0.061,0.005,6617.42,181.317308,504.909146,403.66262,33.0871,1122.976174,0.09324747524820713,12042.966,144515.64,61467.4,0.0,0.0,61467.4,5122.28,6920.686,13165.942174,1122.976174,6245.256174,1.093247475248207,1.9024042087735231,23.384400000000824,23.384400000000824,11.814399999999296,23.384399999999005,0.0,11.569999999999709,1.0,0.5052257060261918,0.9999999999999222,0.0,0.4947742939737304
Netherlands,NL,2026-07,2026-07-01,netherlands__standard_permanent_contract,"Pays-Bas · contrat à durée indéterminée, grand employeur","Netherlands · permanent contract, large employer",5.16,12066.3504,0.0,0.0,0.0274,0.0763,0.061,0.005,6617.42,181.317308,504.909146,403.66262,33.0871,1122.976174,0.0930667630868734,12066.3504,144796.2,61606.27,0.0,0.0,61606.27,5133.86,6932.4904,13189.326574,1122.976174,6256.836174,1.0930667630868733,1.9025380221226122,23.384399999999005,23.384399999999005,11.804399999999987,23.384400000000824,0.0,11.579999999999927,1.0,0.5047980705085651,1.0000000000000777,0.0,0.4952019294914738
Netherlands,NL,2026-07,2026-07-01,netherlands__standard_permanent_contract,"Pays-Bas · contrat à durée indéterminée, grand employeur","Netherlands · permanent contract, large employer",5.17,12089.7348,0.0,0.0,0.0274,0.0763,0.061,0.005,6617.42,181.317308,504.909146,403.66262,33.0871,1122.976174,0.09288675000546746,12089.7348,145076.76,61745.15,0.0,0.0,61745.15,5145.43,6944.3048,13212.710974,1122.976174,6268.406174,1.0928867500054673,1.9026686406391609,23.384400000000824,23.384400000000824,11.814400000000205,23.384399999999005,0.0,11.569999999999709,1.0,0.5052257060262307,0.9999999999999222,0.0,0.4947742939737304
Netherlands,NL,2026-07,2026-07-01,netherlands__standard_permanent_contract,"Pays-Bas · contrat à durée indéterminée, grand employeur","Netherlands · permanent contract, large employer",5.18,12113.1192,0.0,0.0,0.0274,0.0763,0.061,0.005,6617.42,181.317308,504.909146,403.66262,33.0871,1122.976174,0.09270743195526386,12113.1192,145357.44,61884.09,0.0,0.0,61884.09,5157.01,6956.1092,13236.095374,1122.976174,6279.986174,1.0927074319552639,1.9028015509014724,23.384399999999005,23.384399999999005,11.804399999999987,23.384400000000824,0.0,11.579999999999927,1.0,0.5047980705085651,1.0000000000000777,0.0,0.4952019294914738
Netherlands,NL,2026-07,2026-07-01,netherlands__standard_permanent_contract,"Pays-Bas · contrat à durée indéterminée, grand employeur","Netherlands · permanent contract, large employer",5.19,12136.5036,0.0,0.0,0.0274,0.0763,0.061,0.005,6617.42,181.317308,504.909146,403.66262,33.0871,1122.976174,0.09252880491874117,12136.5036,145638.0,62022.96,0.0,0.0,62022.96,5168.58,6967.9236,13259.479774,1122.976174,6291.556174,1.0925288049187412,1.9029312798435387,23.384400000000824,23.384400000000824,11.814400000000205,23.384399999999005,0.0,11.570000000000618,1.0,0.5052257060262307,0.9999999999999222,0.0,0.4947742939737693
Netherlands,NL,2026-07,2026-07-01,netherlands__standard_permanent_contract,"Pays-Bas · contrat à durée indéterminée, grand employeur","Netherlands · permanent contract, large employer",5.2,12159.888,0.0,0.0,0.0274,0.0763,0.061,0.005,6617.42,181.317308,504.909146,403.66262,33.0871,1122.976174,0.09235086490928206,12159.888,145918.68,62161.9,0.0,0.0,62161.9,5180.16,6979.728,13282.864174,1122.976174,6303.136174,1.092350864909282,1.9030632961628302,23.384400000000824,23.384400000000824,11.804399999999987,23.384400000000824,0.0,11.579999999999927,1.0,0.5047980705085258,1.0,0.0,0.49520192949143527
Netherlands,NL,2026-07,2026-07-01,netherlands__standard_permanent_contract,"Pays-Bas · contrat à durée indéterminée, grand employeur","Netherlands · permanent contract, large employer",5.21,12183.2724,0.0,0.0,0.0274,0.0763,0.061,0.005,6617.42,181.317308,504.909146,403.66262,33.0871,1122.976174,0.09217360797087654,12183.2724,146199.24,62300.78,0.0,0.0,62300.78,5191.73,6991.5424,13306.248574,1122.976174,6314.706174,1.0921736079708766,1.9031921445545406,23.384399999999005,23.384399999999005,11.814400000000205,23.384399999999005,0.0,11.569999999999709,1.0,0.50522570602627,1.0,0.0,0.4947742939737689
Netherlands,NL,2026-07,2026-07-01,netherlands__standard_permanent_contract,"Pays-Bas · contrat à durée indéterminée, grand employeur","Netherlands · permanent contract, large employer",5.22,12206.6568,0.0,0.0,0.0274,0.0763,0.061,0.005,6617.42,181.317308,504.909146,403.66262,33.0871,1122.976174,0.09199703017782888,12206.6568,146479.92,62439.71,0.0,0.0,62439.71,5203.31,7003.3468,13329.632974,1122.976174,6326.286174,1.0919970301778288,1.9033232759514354,23.384400000000824,23.384400000000824,11.804399999999987,23.384400000000824,0.0,11.579999999999927,1.0,0.5047980705085258,1.0,0.0,0.49520192949143527
Netherlands,NL,2026-07,2026-07-01,netherlands__standard_permanent_contract,"Pays-Bas · contrat à durée indéterminée, grand employeur","Netherlands · permanent contract, large employer",5.23,12230.0412,0.0,0.0,0.0274,0.0763,0.061,0.005,6617.42,181.317308,504.909146,403.66262,33.0871,1122.976174,0.09182112763446783,12230.0412,146760.48,62578.59,0.0,0.0,62578.59,5214.88,7015.1612,13353.017374,1122.976174,6337.856174,1.0918211276344678,1.9034512526953762,23.384399999999005,23.384399999999005,11.814399999999296,23.384399999999005,0.0,11.569999999999709,1.0,0.5052257060262311,1.0,0.0,0.4947742939737689
Netherlands,NL,2026-07,2026-07-01,netherlands__standard_permanent_contract,"Pays-Bas · contrat à durée indéterminée, grand employeur","Netherlands · permanent contract, large employer",5.24,12253.4256,0.0,0.0,0.0274,0.0763,0.061,0.005,6617.42,181.317308,504.909146,403.66262,33.0871,1122.976174,0.09164589647486007,12253.4256,147041.16,62717.53,0.0,0.0,62717.53,5226.46,7026.9656,13376.401774,1122.976174,6349.436174,1.09164589647486,1.903581508069429,23.384400000000824,23.384400000000824,11.804400000000896,23.384400000000824,0.0,11.580000000000837,1.0,0.5047980705085647,1.0,0.0,0.4952019294914742
Netherlands,NL,2026-07,2026-07-01,netherlands__standard_permanent_contract,"Pays-Bas · contrat à durée indéterminée, grand employeur","Netherlands · permanent contract, large employer",5.25,12276.81,0.0,0.0,0.0274,0.0763,0.061,0.005,6617.42,181.317308,504.909146,403.66262,33.0871,1122.976174,0.09147133286252701,12276.81,147321.72,62856.4,0.0,0.0,62856.4,5238.03,7038.78,13399.786174,1122.976174,6361.006174,1.091471332862527,1.9037086219486898,23.384399999999005,23.384399999999005,11.814399999999296,23.384400000000824,0.0,11.569999999999709,1.0,0.5052257060262311,1.0000000000000777,0.0,0.4947742939737689
Netherlands,NL,2026-07,2026-07-01,netherlands__standard_permanent_contract,"Pays-Bas · contrat à durée indéterminée, grand employeur","Netherlands · permanent contract, large employer",5.26,12300.1944,0.0,0.0,0.0274,0.0763,0.061,0.005,6617.42,181.317308,504.909146,403.66262,33.0871,1122.976174,0.09129743299016478,12300.1944,147602.28,62995.28,0.0,0.0,62995.28,5249.61,7050.5844,13423.170574,1122.976174,6372.586174,1.0912974329901648,1.9038380100804124,23.384400000000824,23.384400000000824,11.804399999999987,23.384399999999005,0.0,11.579999999999927,1.0,0.5047980705085258,0.9999999999999222,0.0,0.49520192949143527
Netherlands,NL,2026-07,2026-07-01,netherlands__standard_permanent_contract,"Pays-Bas · contrat à durée indéterminée, grand employeur","Netherlands · permanent contract, large employer",5.27,12323.5788,0.0,0.0,0.0274,0.0763,0.061,0.005,6617.42,181.317308,504.909146,403.66262,33.0871,1122.976174,0.09112419307936752,12323.5788,147882.96,63134.22,0.0,0.0,63134.22,5261.19,7062.3888,13446.554974,1122.976174,6384.166174,1.0911241930793674,1.90396696568164,23.384399999999005,23.384399999999005,11.804399999999987,23.384400000000824,0.0,11.579999999999927,1.0,0.5047980705085651,1.0000000000000777,0.0,0.4952019294914738
Netherlands,NL,2026-07,2026-07-01,netherlands__standard_permanent_contract,"Pays-Bas · contrat à durée indéterminée, grand employeur","Netherlands · permanent contract, large employer",5.28,12346.9632,0.0,0.0,0.0274,0.0763,0.061,0.005,6617.42,181.317308,504.909146,403.66262,33.0871,1122.976174,0.09095160938035356,12346.9632,148163.52,63273.1,0.0,0.0,63273.1,5272.76,7074.2032,13469.939374,1122.976174,6395.736174,1.0909516093803535,1.9040927993134265,23.384400000000824,23.384400000000824,11.814400000000205,23.384399999999005,0.0,11.569999999999709,1.0,0.5052257060262307,0.9999999999999222,0.0,0.4947742939737304
Netherlands,NL,2026-07,2026-07-01,netherlands__standard_permanent_contract,"Pays-Bas · contrat à durée indéterminée, grand employeur","Netherlands · permanent contract, large employer",5.29,12370.3476,0.0,0.0,0.0274,0.0763,0.061,0.005,6617.42,181.317308,504.909146,403.66262,33.0871,1122.976174,0.09077967817169504,12370.3476,148444.2,63412.03,0.0,0.0,63412.03,5284.34,7086.0076,13493.323774,1122.976174,6407.316174,1.090779678171695,1.9042209006380404,23.384399999999005,23.384399999999005,11.804399999999987,23.384400000000824,0.0,11.579999999999927,1.0,0.5047980705085651,1.0000000000000777,0.0,0.4952019294914738
Netherlands,NL,2026-07,2026-07-01,netherlands__standard_permanent_contract,"Pays-Bas · contrat à durée indéterminée, grand employeur","Netherlands · permanent contract, large employer",5.3,12393.732,0.0,0.0,0.0274,0.0763,0.061,0.005,6617.42,181.317308,504.909146,403.66262,33.0871,1122.976174,0.09060839576005034,12393.732,148724.76,63550.91,0.0,0.0,63550.91,5295.91,7097.822,13516.708174,1122.976174,6418.886174,1.0906083957600503,1.904345892866854,23.384400000000824,23.384400000000824,11.814400000000205,23.384399999999005,0.0,11.570000000000618,1.0,0.5052257060262307,0.9999999999999222,0.0,0.4947742939737693
Netherlands,NL,2026-07,2026-07-01,netherlands__standard_permanent_contract,"Pays-Bas · contrat à durée indéterminée, grand employeur","Netherlands · permanent contract, large employer",5.31,12417.1164,0.0,0.0,0.0274,0.0763,0.061,0.005,6617.42,181.317308,504.909146,403.66262,33.0871,1122.976174,0.09043775847989959,12417.1164,149005.44,63689.85,0.0,0.0,63689.85,5307.49,7109.6264,13540.092574,1122.976174,6430.466174,1.0904377584798994,1.904473148406223,23.384400000000824,23.384400000000824,11.804399999999987,23.384400000000824,0.0,11.579999999999927,1.0,0.5047980705085258,1.0,0.0,0.49520192949143527
Netherlands,NL,2026-07,2026-07-01,netherlands__standard_permanent_contract,"Pays-Bas · contrat à durée indéterminée, grand employeur","Netherlands · permanent contract, large employer",5.32,12440.5008,0.0,0.0,0.0274,0.0763,0.061,0.005,6617.42,181.317308,504.909146,403.66262,33.0871,1122.976174,0.09026776269328321,12440.5008,149286.0,63828.72,0.0,0.0,63828.72,5319.06,7121.4408,13563.476974,1122.976174,6442.036174,1.090267762693283,1.904597307612246,23.384399999999005,23.384399999999005,11.814400000000205,23.384399999999005,0.0,11.569999999999709,1.0,0.50522570602627,1.0,0.0,0.4947742939737689
Netherlands,NL,2026-07,2026-07-01,netherlands__standard_permanent_contract,"Pays-Bas · contrat à durée indéterminée, grand employeur","Netherlands · permanent contract, large employer",5.33,12463.8852,0.0,0.0,0.0274,0.0763,0.061,0.005,6617.42,181.317308,504.909146,403.66262,33.0871,1122.976174,0.09009840478954348,12463.8852,149566.68,63967.66,0.0,0.0,63967.66,5330.64,7133.2452,13586.861374,1122.976174,6453.616174,1.0900984047895435,1.9047237257454712,23.384400000000824,23.384400000000824,11.804399999999987,23.384400000000824,0.0,11.579999999999927,1.0,0.5047980705085258,1.0,0.0,0.49520192949143527
Netherlands,NL,2026-07,2026-07-01,netherlands__standard_permanent_contract,"Pays-Bas · contrat à durée indéterminée, grand employeur","Netherlands · permanent contract, large employer",5.34,12487.2696,0.0,0.0,0.0274,0.0763,0.061,0.005,6617.42,181.317308,504.909146,403.66262,33.0871,1122.976174,0.08992968118506868,12487.2696,149847.24,64106.54,0.0,0.0,64106.54,5342.21,7145.0596,13610.245774,1122.976174,6465.186174,1.0899296811850687,1.9048470601980703,23.384399999999005,23.384399999999005,11.814399999999296,23.384400000000824,0.0,11.570000000000618,1.0,0.5052257060262311,1.0000000000000777,0.0,0.4947742939738078
Netherlands,NL,2026-07,2026-07-01,netherlands__standard_permanent_contract,"Pays-Bas · contrat à durée indéterminée, grand employeur","Netherlands · permanent contract, large employer",5.35,12510.654,0.0,0.0,0.0274,0.0763,0.061,0.005,6617.42,181.317308,504.909146,403.66262,33.0871,1122.976174,0.08976158832304053,12510.654,150127.8,64245.41,0.0,0.0,64245.41,5353.78,7156.874,13633.630174,1122.976174,6476.756174,1.0897615883230405,1.9049699874554171,23.384400000000824,23.384400000000824,11.814400000000205,23.384399999999005,0.0,11.569999999999709,1.0,0.5052257060262307,0.9999999999999222,0.0,0.4947742939737304
Netherlands,NL,2026-07,2026-07-01,netherlands__standard_permanent_contract,"Pays-Bas · contrat à durée indéterminée, grand employeur","Netherlands · permanent contract, large employer",5.36,12534.0384,0.0,0.0,0.0274,0.0763,0.061,0.005,6617.42,181.317308,504.909146,403.66262,33.0871,1122.976174,0.08959412267318409,12534.0384,150408.48,64384.35,0.0,0.0,64384.35,5365.36,7168.6784,13657.014574,1122.976174,6488.336174,1.089594122673184,1.9050951670533858,23.384399999999005,23.384399999999005,11.804399999999987,23.384400000000824,0.0,11.579999999999927,1.0,0.5047980705085651,1.0000000000000777,0.0,0.4952019294914738
Netherlands,NL,2026-07,2026-07-01,netherlands__standard_permanent_contract,"Pays-Bas · contrat à durée indéterminée, grand employeur","Netherlands · permanent contract, large employer",5.37,12557.4228,0.0,0.0,0.0274,0.0763,0.061,0.005,6617.42,181.317308,504.909146,403.66262,33.0871,1122.976174,0.08942728073152081,12557.4228,150689.04,64523.23,0.0,0.0,64523.23,5376.94,7180.4828,13680.398974,1122.976174,6499.916174,1.0894272807315208,1.9052199350717751,23.384400000000824,23.384400000000824,11.804399999999987,23.384399999999005,0.0,11.579999999999927,1.0,0.5047980705085258,0.9999999999999222,0.0,0.49520192949143527
Netherlands,NL,2026-07,2026-07-01,netherlands__standard_permanent_contract,"Pays-Bas · contrat à durée indéterminée, grand employeur","Netherlands · permanent contract, large employer",5.38,12580.8072,0.0,0.0,0.0274,0.0763,0.061,0.005,6617.42,181.317308,504.909146,403.66262,33.0871,1122.976174,0.08926105902012393,12580.8072,150969.72,64662.16,0.0,0.0,64662.16,5388.51,7192.2972,13703.783374,1122.976174,6511.486174,1.089261059020124,1.905341644391447,23.384399999999005,23.384399999999005,11.814400000000205,23.384400000000824,0.0,11.569999999999709,1.0,0.50522570602627,1.0000000000000777,0.0,0.4947742939737689
Netherlands,NL,2026-07,2026-07-01,netherlands__standard_permanent_contract,"Pays-Bas · contrat à durée indéterminée, grand employeur","Netherlands · permanent contract, large employer",5.39,12604.1916,0.0,0.0,0.0274,0.0763,0.061,0.005,6617.42,181.317308,504.909146,403.66262,33.0871,1122.976174,0.08909545408687695,12604.1916,151250.28,64801.04,0.0,0.0,64801.04,5400.09,7204.1016,13727.167774,1122.976174,6523.066174,1.089095454086877,1.905465599485715,23.384400000000824,23.384400000000824,11.804399999999987,23.384399999999005,0.0,11.579999999999927,1.0,0.5047980705085258,0.9999999999999222,0.0,0.49520192949143527
Netherlands,NL,2026-07,2026-07-01,netherlands__standard_permanent_contract,"Pays-Bas · contrat à durée indéterminée, grand employeur","Netherlands · permanent contract, large employer",5.4,12627.576,0.0,0.0,0.0274,0.0763,0.061,0.005,6617.42,181.317308,504.909146,403.66262,33.0871,1122.976174,0.08893046250523458,12627.576,151530.96,64939.98,0.0,0.0,64939.98,5411.67,7215.906,13750.552174,1122.976174,6534.646174,1.0889304625052345,1.9055891490271628,23.384399999999005,23.384399999999005,11.804399999999987,23.384400000000824,0.0,11.580000000000837,1.0,0.5047980705085651,1.0000000000000777,0.0,0.4952019294915127
Netherlands,NL,2026-07,2026-07-01,netherlands__standard_permanent_contract,"Pays-Bas · contrat à durée indéterminée, grand employeur","Netherlands · permanent contract, large employer",5.41,12650.9604,0.0,0.0,0.0274,0.0763,0.061,0.005,6617.42,181.317308,504.909146,403.66262,33.0871,1122.976174,0.08876608087398646,12650.9604,151811.52,65078.86,0.0,0.0,65078.86,5423.24,7227.7204,13773.936574,1122.976174,6546.216174,1.0887660808739865,1.9057096583315536,23.384400000000824,23.384400000000824,11.814400000000205,23.384399999999005,0.0,11.569999999999709,1.0,0.5052257060262307,0.9999999999999222,0.0,0.4947742939737304
Netherlands,NL,2026-07,2026-07-01,netherlands__standard_permanent_contract,"Pays-Bas · contrat à durée indéterminée, grand employeur","Netherlands · permanent contract, large employer",5.42,12674.3448,0.0,0.0,0.0274,0.0763,0.061,0.005,6617.42,181.317308,504.909146,403.66262,33.0871,1122.976174,0.08860230581702339,12674.3448,152092.08,65217.73,0.0,0.0,65217.73,5434.81,7239.5348,13797.320974,1122.976174,6557.786174,1.0886023058170233,1.905829774310913,23.384400000000824,23.384400000000824,11.814400000000205,23.384400000000824,0.0,11.569999999999709,1.0,0.5052257060262307,1.0,0.0,0.4947742939737304
Netherlands,NL,2026-07,2026-07-01,netherlands__standard_permanent_contract,"Pays-Bas · contrat à durée indéterminée, grand employeur","Netherlands · permanent contract, large employer",5.43,12697.7292,0.0,0.0,0.0274,0.0763,0.061,0.005,6617.42,181.317308,504.909146,403.66262,33.0871,1122.976174,0.08843913398310622,12697.7292,152372.76,65356.67,0.0,0.0,65356.67,5446.39,7251.3392,13820.705374,1122.976174,6569.366174,1.088439133983106,1.905952127298086,23.384399999999005,23.384399999999005,11.804399999999987,23.384399999999005,0.0,11.579999999999927,1.0,0.5047980705085651,1.0,0.0,0.4952019294914738
Netherlands,NL,2026-07,2026-07-01,netherlands__standard_permanent_contract,"Pays-Bas · contrat à durée indéterminée, grand employeur","Netherlands · permanent contract, large employer",5.44,12721.1136,0.0,0.0,0.0274,0.0763,0.061,0.005,6617.42,181.317308,504.909146,403.66262,33.0871,1122.976174,0.08827656204563727,12721.1136,152653.32,65495.55,0.0,0.0,65495.55,5457.96,7263.1536,13844.089774,1122.976174,6580.936174,1.0882765620456372,1.906071458271239,23.384400000000824,23.384400000000824,11.814399999999296,23.384400000000824,0.0,11.570000000000618,1.0,0.5052257060261918,1.0,0.0,0.4947742939737693
Netherlands,NL,2026-07,2026-07-01,netherlands__standard_permanent_contract,"Pays-Bas · contrat à durée indéterminée, grand employeur","Netherlands · permanent contract, large employer",5.45,12744.498,0.0,0.0,0.0274,0.0763,0.061,0.005,6617.42,181.317308,504.909146,403.66262,33.0871,1122.976174,0.08811458670243426,12744.498,152934.0,65634.48,0.0,0.0,65634.48,5469.54,7274.958,13867.474174,1122.976174,6592.516174,1.0881145867024342,1.9061930218703667,23.384399999999005,23.384399999999005,11.804399999999987,23.384400000000824,0.0,11.579999999999927,1.0,0.5047980705085651,1.0000000000000777,0.0,0.4952019294914738
Netherlands,NL,2026-07,2026-07-01,netherlands__standard_permanent_contract,"Pays-Bas · contrat à durée indéterminée, grand employeur","Netherlands · permanent contract, large employer",5.46,12767.8824,0.0,0.0,0.0274,0.0763,0.061,0.005,6617.42,181.317308,504.909146,403.66262,33.0871,1122.976174,0.08795320467550673,12767.8824,153214.56,65773.36,0.0,0.0,65773.36,5481.11,7286.7724,13890.858574,1122.976174,6604.086174,1.0879532046755067,1.906311575478877,23.384400000000824,23.384400000000824,11.814400000000205,23.384399999999005,0.0,11.569999999999709,1.0,0.5052257060262307,0.9999999999999222,0.0,0.4947742939737304
Netherlands,NL,2026-07,2026-07-01,netherlands__standard_permanent_contract,"Pays-Bas · contrat à durée indéterminée, grand employeur","Netherlands · permanent contract, large employer",5.47,12791.2668,0.0,0.0,0.0274,0.0763,0.061,0.005,6617.42,181.317308,504.909146,403.66262,33.0871,1122.976174,0.08779241271083488,12791.2668,153495.24,65912.3,0.0,0.0,65912.3,5492.69,7298.5768,13914.242974,1122.976174,6615.666174,1.087792412710835,1.9064323573330075,23.384399999999005,23.384399999999005,11.804399999999987,23.384400000000824,0.0,11.579999999999927,1.0,0.5047980705085651,1.0000000000000777,0.0,0.4952019294914738
Netherlands,NL,2026-07,2026-07-01,netherlands__standard_permanent_contract,"Pays-Bas · contrat à durée indéterminée, grand employeur","Netherlands · permanent contract, large employer",5.48,12814.6512,0.0,0.0,0.0274,0.0763,0.061,0.005,6617.42,181.317308,504.909146,403.66262,33.0871,1122.976174,0.08763220757815085,12814.6512,153775.8,66051.17,0.0,0.0,66051.17,5504.26,7310.3912,13937.627374,1122.976174,6627.236174,1.0876322075781508,1.9065501411196706,23.384400000000824,23.384400000000824,11.814400000000205,23.384399999999005,0.0,11.569999999999709,1.0,0.5052257060262307,0.9999999999999222,0.0,0.4947742939737304
Netherlands,NL,2026-07,2026-07-01,netherlands__standard_permanent_contract,"Pays-Bas · contrat à durée indéterminée, grand employeur","Netherlands · permanent contract, large employer",5.49,12838.0356,0.0,0.0,0.0274,0.0763,0.061,0.005,6617.42,181.317308,504.909146,403.66262,33.0871,1122.976174,0.08747258607072253,12838.0356,154056.48,66190.11,0.0,0.0,66190.11,5515.84,7322.1956,13961.011774,1122.976174,6638.816174,1.0874725860707224,1.9066701487734088,23.384399999999005,23.384399999999005,11.804399999999987,23.384400000000824,0.0,11.579999999999927,1.0,0.5047980705085651,1.0000000000000777,0.0,0.4952019294914738
Netherlands,NL,2026-07,2026-07-01,netherlands__standard_permanent_contract,"Pays-Bas · contrat à durée indéterminée, grand employeur","Netherlands · permanent contract, large employer",5.5,12861.42,0.0,0.0,0.0274,0.0763,0.061,0.005,6617.42,181.317308,504.909146,403.66262,33.0871,1122.976174,0.08731354500513941,12861.42,154337.04,66328.99,0.0,0.0,66328.99,5527.42,7334.0,13984.396174,1122.976174,6650.396174,1.0873135450051394,1.906789770111808,23.384400000000824,23.384400000000824,11.804399999999987,23.384399999999005,0.0,11.580000000000837,1.0,0.5047980705085258,0.9999999999999222,0.0,0.4952019294914742
Netherlands,NL,2026-07,2026-07-01,netherlands__standard_permanent_contract,"Pays-Bas · contrat à durée indéterminée, grand employeur","Netherlands · permanent contract, large employer",5.51,12884.8044,0.0,0.0,0.0274,0.0763,0.061,0.005,6617.42,181.317308,504.909146,403.66262,33.0871,1122.976174,0.08715508122110105,12884.8044,154617.6,66467.87,0.0,0.0,66467.87,5538.99,7345.8144,14007.780574,1122.976174,6661.966174,1.087155081221101,1.90690641108493,23.384400000000824,23.384400000000824,11.814400000000205,23.384400000000824,0.0,11.569999999999709,1.0,0.5052257060262307,1.0,0.0,0.4947742939737304
Netherlands,NL,2026-07,2026-07-01,netherlands__standard_permanent_contract,"Pays-Bas · contrat à durée indéterminée, grand employeur","Netherlands · permanent contract, large employer",5.52,12908.1888,0.0,0.0,0.0274,0.0763,0.061,0.005,6617.42,181.317308,504.909146,403.66262,33.0871,1122.976174,0.08699719158120775,12908.1888,154898.28,66606.8,0.0,0.0,66606.8,5550.57,7357.6188,14031.164974,1122.976174,6673.546174,1.0869971915812078,1.9070252693711176,23.384399999999005,23.384399999999005,11.804399999999987,23.384399999999005,0.0,11.579999999999927,1.0,0.5047980705085651,1.0,0.0,0.4952019294914738
Netherlands,NL,2026-07,2026-07-01,netherlands__standard_permanent_contract,"Pays-Bas · contrat à durée indéterminée, grand employeur","Netherlands · permanent contract, large employer",5.53,12931.5732,0.0,0.0,0.0274,0.0763,0.061,0.005,6617.42,181.317308,504.909146,403.66262,33.0871,1122.976174,0.08683987297075348,12931.5732,155178.84,66745.68,0.0,0.0,66745.68,5562.14,7369.4332,14054.549374,1122.976174,6685.116174,1.0868398729707534,1.9071411589700005,23.384400000000824,23.384400000000824,11.814400000000205,23.384400000000824,0.0,11.569999999999709,1.0,0.5052257060262307,1.0,0.0,0.4947742939737304
Netherlands,NL,2026-07,2026-07-01,netherlands__standard_permanent_contract,"Pays-Bas · contrat à durée indéterminée, grand employeur","Netherlands · permanent contract, large employer",5.54,12954.9576,0.0,0.0,0.0274,0.0763,0.061,0.005,6617.42,181.317308,504.909146,403.66262,33.0871,1122.976174,0.08668312229752108,12954.9576,155459.52,66884.62,0.0,0.0,66884.62,5573.72,7381.2376,14077.933774,1122.976174,6696.696174,1.086683122297521,1.907259261509208,23.384399999999005,23.384399999999005,11.804399999999987,23.384399999999005,0.0,11.579999999999927,1.0,0.5047980705085651,1.0,0.0,0.4952019294914738
Netherlands,NL,2026-07,2026-07-01,netherlands__standard_permanent_contract,"Pays-Bas · contrat à durée indéterminée, grand employeur","Netherlands · permanent contract, large employer",5.55,12978.342,0.0,0.0,0.0274,0.0763,0.061,0.005,6617.42,181.317308,504.909146,403.66262,33.0871,1122.976174,0.0865269364915796,12978.342,155740.08,67023.49,0.0,0.0,67023.49,5585.29,7393.052,14101.318174,1122.976174,6708.266174,1.0865269364915795,1.9073744069431675,23.384400000000824,23.384400000000824,11.814399999999296,23.384400000000824,0.0,11.570000000000618,1.0,0.5052257060261918,1.0,0.0,0.4947742939737693
Netherlands,NL,2026-07,2026-07-01,netherlands__standard_permanent_contract,"Pays-Bas · contrat à durée indéterminée, grand employeur","Netherlands · permanent contract, large employer",5.56,13001.7264,0.0,0.0,0.0274,0.0763,0.061,0.005,6617.42,181.317308,504.909146,403.66262,33.0871,1122.976174,0.08637131250508395,13001.7264,156020.76,67162.43,0.0,0.0,67162.43,5596.87,7404.8564,14124.702574,1122.976174,6719.846174,1.086371312505084,1.9074917609475857,23.384399999999005,23.384399999999005,11.804399999999987,23.384400000000824,0.0,11.579999999999927,1.0,0.5047980705085651,1.0000000000000777,0.0,0.4952019294914738
Netherlands,NL,2026-07,2026-07-01,netherlands__standard_permanent_contract,"Pays-Bas · contrat à durée indéterminée, grand employeur","Netherlands · permanent contract, large employer",5.57,13025.1108,0.0,0.0,0.0274,0.0763,0.061,0.005,6617.42,181.317308,504.909146,403.66262,33.0871,1122.976174,0.08621624731207661,13025.1108,156301.32,67301.31,0.0,0.0,67301.31,5608.44,7416.6708,14148.086974,1122.976174,6731.416174,1.0862162473120767,1.9076061693340898,23.384400000000824,23.384400000000824,11.814400000000205,23.384399999999005,0.0,11.569999999999709,1.0,0.5052257060262307,0.9999999999999222,0.0,0.4947742939737304
Netherlands,NL,2026-07,2026-07-01,netherlands__standard_permanent_contract,"Pays-Bas · contrat à durée indéterminée, grand employeur","Netherlands · permanent contract, large employer",5.58,13048.4952,0.0,0.0,0.0274,0.0763,0.061,0.005,6617.42,181.317308,504.909146,403.66262,33.0871,1122.976174,0.08606173790829152,13048.4952,156582.0,67440.24,0.0,0.0,67440.24,5620.02,7428.4752,14171.471374,1122.976174,6742.996174,1.0860617379082915,1.9077227819243443,23.384399999999005,23.384399999999005,11.804399999999987,23.384400000000824,0.0,11.579999999999927,1.0,0.5047980705085651,1.0000000000000777,0.0,0.4952019294914738
Netherlands,NL,2026-07,2026-07-01,netherlands__standard_permanent_contract,"Pays-Bas · contrat à durée indéterminée, grand employeur","Netherlands · permanent contract, large employer",5.59,13071.8796,0.0,0.0,0.0274,0.0763,0.061,0.005,6617.42,181.317308,504.909146,403.66262,33.0871,1122.976174,0.08590778131096007,13071.8796,156862.56,67579.12,0.0,0.0,67579.12,5631.59,7440.2896,14194.855774,1122.976174,6754.566174,1.08590778131096,1.9078364602904703,23.384400000000824,23.384400000000824,11.814400000000205,23.384399999999005,0.0,11.569999999999709,1.0,0.5052257060262307,0.9999999999999222,0.0,0.4947742939737304
Netherlands,NL,2026-07,2026-07-01,netherlands__standard_permanent_contract,"Pays-Bas · contrat à durée indéterminée, grand employeur","Netherlands · permanent contract, large employer",5.6,13095.264,0.0,0.0,0.0274,0.0763,0.061,0.005,6617.42,181.317308,504.909146,403.66262,33.0871,1122.976174,0.08575437455861908,13095.264,157143.12,67718.0,0.0,0.0,67718.0,5643.17,7452.094,14218.240174,1122.976174,6766.146174,1.0857543745586191,1.9079523384970722,23.384399999999005,23.384399999999005,11.804399999999987,23.384400000000824,0.0,11.580000000000837,1.0,0.5047980705085651,1.0000000000000777,0.0,0.4952019294915127
Netherlands,NL,2026-07,2026-07-01,netherlands__standard_permanent_contract,"Pays-Bas · contrat à durée indéterminée, grand employeur","Netherlands · permanent contract, large employer",5.61,13118.6484,0.0,0.0,0.0274,0.0763,0.061,0.005,6617.42,181.317308,504.909146,403.66262,33.0871,1122.976174,0.08560151471092098,13118.6484,157423.8,67856.93,0.0,0.0,67856.93,5654.74,7463.9084,14241.624574,1122.976174,6777.716174,1.085601514710921,1.9080652937809361,23.384400000000824,23.384400000000824,11.814400000000205,23.384399999999005,0.0,11.569999999999709,1.0,0.5052257060262307,0.9999999999999222,0.0,0.4947742939737304
Netherlands,NL,2026-07,2026-07-01,netherlands__standard_permanent_contract,"Pays-Bas · contrat à durée indéterminée, grand employeur","Netherlands · permanent contract, large employer",5.62,13142.0328,0.0,0.0,0.0274,0.0763,0.061,0.005,6617.42,181.317308,504.909146,403.66262,33.0871,1122.976174,0.08544919884844604,13142.0328,157704.36,67995.81,0.0,0.0,67995.81,5666.32,7475.7128,14265.008974,1122.976174,6789.296174,1.085449198848446,1.9081804445457025,23.384400000000824,23.384400000000824,11.804399999999987,23.384400000000824,0.0,11.579999999999927,1.0,0.5047980705085258,1.0,0.0,0.49520192949143527
Netherlands,NL,2026-07,2026-07-01,netherlands__standard_permanent_contract,"Pays-Bas · contrat à durée indéterminée, grand employeur","Netherlands · permanent contract, large employer",5.63,13165.4172,0.0,0.0,0.0274,0.0763,0.061,0.005,6617.42,181.317308,504.909146,403.66262,33.0871,1122.976174,0.0852974240725163,13165.4172,157985.04,68134.75,0.0,0.0,68134.75,5677.9,7487.5172,14288.393374,1122.976174,6800.876174,1.0852974240725162,1.908295232229984,23.384399999999005,23.384399999999005,11.804399999999987,23.384399999999005,0.0,11.579999999999927,1.0,0.5047980705085651,1.0,0.0,0.4952019294914738
Netherlands,NL,2026-07,2026-07-01,netherlands__standard_permanent_contract,"Pays-Bas · contrat à durée indéterminée, grand employeur","Netherlands · permanent contract, large employer",5.64,13188.8016,0.0,0.0,0.0274,0.0763,0.061,0.005,6617.42,181.317308,504.909146,403.66262,33.0871,1122.976174,0.08514618750501185,13188.8016,158265.6,68273.63,0.0,0.0,68273.63,5689.47,7499.3316,14311.777774,1122.976174,6812.446174,1.0851461875050117,1.9084071137753131,23.384400000000824,23.384400000000824,11.814400000000205,23.384400000000824,0.0,11.569999999999709,1.0,0.5052257060262307,1.0,0.0,0.4947742939737304
Netherlands,NL,2026-07,2026-07-01,netherlands__standard_permanent_contract,"Pays-Bas · contrat à durée indéterminée, grand employeur","Netherlands · permanent contract, large employer",5.65,13212.186,0.0,0.0,0.0274,0.0763,0.061,0.005,6617.42,181.317308,504.909146,403.66262,33.0871,1122.976174,0.0849954862881888,13212.186,158546.28,68412.56,0.0,0.0,68412.56,5701.05,7511.136,14335.162174,1122.976174,6824.026174,1.0849954862881888,1.9085211842789158,23.384399999999005,23.384399999999005,11.804399999999987,23.384399999999005,0.0,11.579999999999927,1.0,0.5047980705085651,1.0,0.0,0.4952019294914738
Netherlands,NL,2026-07,2026-07-01,netherlands__standard_permanent_contract,"Pays-Bas · contrat à durée indéterminée, grand employeur","Netherlands · permanent contract, large employer",5.66,13235.5704,0.0,0.0,0.0274,0.0763,0.061,0.005,6617.42,181.317308,504.909146,403.66262,33.0871,1122.976174,0.08484531758449942,13235.5704,158826.84,68551.44,0.0,0.0,68551.44,5712.62,7522.9504,14358.546574,1122.976174,6835.596174,1.0848453175844994,1.9086323597188677,23.384400000000824,23.384400000000824,11.814399999999296,23.384400000000824,0.0,11.570000000000618,1.0,0.5052257060261918,1.0,0.0,0.4947742939737693
Netherlands,NL,2026-07,2026-07-01,netherlands__standard_permanent_contract,"Pays-Bas · contrat à durée indéterminée, grand employeur","Netherlands · permanent contract, large employer",5.67,13258.9548,0.0,0.0,0.0274,0.0763,0.061,0.005,6617.42,181.317308,504.909146,403.66262,33.0871,1122.976174,0.0846956785764139,13258.9548,159107.4,68690.32,0.0,0.0,68690.32,5724.19,7534.7648,14381.930974,1122.976174,6847.166174,1.084695678576414,1.9087431865159215,23.384399999999005,23.384399999999005,11.814400000000205,23.384400000000824,0.0,11.569999999999709,1.0,0.50522570602627,1.0000000000000777,0.0,0.4947742939737689
Netherlands,NL,2026-07,2026-07-01,netherlands__standard_permanent_contract,"Pays-Bas · contrat à durée indéterminée, grand employeur","Netherlands · permanent contract, large employer",5.68,13282.3392,0.0,0.0,0.0274,0.0763,0.061,0.005,6617.42,181.317308,504.909146,403.66262,33.0871,1122.976174,0.08454656646624414,13282.3392,159388.08,68829.25,0.0,0.0,68829.25,5735.77,7546.5692,14405.315374,1122.976174,6858.746174,1.0845465664662441,1.9088561957399133,23.384400000000824,23.384400000000824,11.804399999999987,23.384399999999005,0.0,11.579999999999927,1.0,0.5047980705085258,0.9999999999999222,0.0,0.49520192949143527
Netherlands,NL,2026-07,2026-07-01,netherlands__standard_permanent_contract,"Pays-Bas · contrat à durée indéterminée, grand employeur","Netherlands · permanent contract, large employer",5.69,13305.7236,0.0,0.0,0.0274,0.0763,0.061,0.005,6617.42,181.317308,504.909146,403.66262,33.0871,1122.976174,0.08439797847596954,13305.7236,159668.64,68968.13,0.0,0.0,68968.13,5747.34,7558.3836,14428.699774,1122.976174,6870.316174,1.0843979784759694,1.9089663263452252,23.384399999999005,23.384399999999005,11.814400000000205,23.384400000000824,0.0,11.569999999999709,1.0,0.50522570602627,1.0000000000000777,0.0,0.4947742939737689
Netherlands,NL,2026-07,2026-07-01,netherlands__standard_permanent_contract,"Pays-Bas · contrat à durée indéterminée, grand employeur","Netherlands · permanent contract, large employer",5.7,13329.108,0.0,0.0,0.0274,0.0763,0.061,0.005,6617.42,181.317308,504.909146,403.66262,33.0871,1122.976174,0.08424991184706435,13329.108,159949.32,69107.07,0.0,0.0,69107.07,5758.92,7570.188,14452.084174,1122.976174,6881.896174,1.0842499118470643,1.9090786350352196,23.384400000000824,23.384400000000824,11.804399999999987,23.384399999999005,0.0,11.580000000000837,1.0,0.5047980705085258,0.9999999999999222,0.0,0.4952019294914742
Netherlands,NL,2026-07,2026-07-01,netherlands__standard_permanent_contract,"Pays-Bas · contrat à durée indéterminée, grand employeur","Netherlands · permanent contract, large employer",5.71,13352.4924,0.0,0.0,0.0274,0.0763,0.061,0.005,6617.42,181.317308,504.909146,403.66262,33.0871,1122.976174,0.08410236384032692,13352.4924,160229.88,69245.94,0.0,0.0,69245.94,5770.5,7581.9924,14475.468574,1122.976174,6893.476174,1.0841023638403269,1.9091905940185325,23.384399999999005,23.384399999999005,11.804399999999987,23.384400000000824,0.0,11.579999999999927,1.0,0.5047980705085651,1.0000000000000777,0.0,0.4952019294914738
Netherlands,NL,2026-07,2026-07-01,netherlands__standard_permanent_contract,"Pays-Bas · contrat à durée indéterminée, grand employeur","Netherlands · permanent contract, large employer",5.72,13375.8768,0.0,0.0,0.0274,0.0763,0.061,0.005,6617.42,181.317308,504.909146,403.66262,33.0871,1122.976174,0.08395533173571097,13375.8768,160510.56,69384.88,0.0,0.0,69384.88,5782.07,7593.8068,14498.852974,1122.976174,6905.046174,1.083955331735711,1.9092996906373756,23.384400000000824,23.384400000000824,11.814400000000205,23.384399999999005,0.0,11.569999999999709,1.0,0.5052257060262307,0.9999999999999222,0.0,0.4947742939737304
Netherlands,NL,2026-07,2026-07-01,netherlands__standard_permanent_contract,"Pays-Bas · contrat à durée indéterminée, grand employeur","Netherlands · permanent contract, large employer",5.73,13399.2612,0.0,0.0,0.0274,0.0763,0.061,0.005,6617.42,181.317308,504.909146,403.66262,33.0871,1122.976174,0.08380881283215824,13399.2612,160791.12,69523.76,0.0,0.0,69523.76,5793.65,7605.6112,14522.237374,1122.976174,6916.626174,1.0838088128321581,1.909410958845753,23.384400000000824,23.384400000000824,11.804399999999987,23.384400000000824,0.0,11.579999999999927,1.0,0.5047980705085258,1.0,0.0,0.49520192949143527
Netherlands,NL,2026-07,2026-07-01,netherlands__standard_permanent_contract,"Pays-Bas · contrat à durée indéterminée, grand employeur","Netherlands · permanent contract, large employer",5.74,13422.6456,0.0,0.0,0.0274,0.0763,0.061,0.005,6617.42,181.317308,504.909146,403.66262,33.0871,1122.976174,0.08366280444743322,13422.6456,161071.8,69662.69,0.0,0.0,69662.69,5805.22,7617.4256,14545.621774,1122.976174,6928.196174,1.0836628044474332,1.9095193754173323,23.384399999999005,23.384399999999005,11.814399999999296,23.384399999999005,0.0,11.569999999999709,1.0,0.5052257060262311,1.0,0.0,0.4947742939737689
Netherlands,NL,2026-07,2026-07-01,netherlands__standard_permanent_contract,"Pays-Bas · contrat à durée indéterminée, grand employeur","Netherlands · permanent contract, large employer",5.75,13446.03,0.0,0.0,0.0274,0.0763,0.061,0.005,6617.42,181.317308,504.909146,403.66262,33.0871,1122.976174,0.08351730391795943,13446.03,161352.36,69801.57,0.0,0.0,69801.57,5816.8,7629.23,14569.006174,1122.976174,6939.776174,1.0835173039179593,1.9096299592488364,23.384400000000824,23.384400000000824,11.804399999999987,23.384400000000824,0.0,11.579999999999927,1.0,0.5047980705085258,1.0,0.0,0.49520192949143527
Netherlands,NL,2026-07,2026-07-01,netherlands__standard_permanent_contract,"Pays-Bas · contrat à durée indéterminée, grand employeur","Netherlands · permanent contract, large employer",5.76,13469.4144,0.0,0.0,0.0274,0.0763,0.061,0.005,6617.42,181.317308,504.909146,403.66262,33.0871,1122.976174,0.08337230859865742,13469.4144,161632.92,69940.45,0.0,0.0,69940.45,5828.37,7641.0444,14592.390574,1122.976174,6951.346174,1.0833723085986573,1.909737702086903,23.384399999999005,23.384399999999005,11.814400000000205,23.384399999999005,0.0,11.570000000000618,1.0,0.50522570602627,1.0,0.0,0.4947742939738078
Netherlands,NL,2026-07,2026-07-01,netherlands__standard_permanent_contract,"Pays-Bas · contrat à durée indéterminée, grand employeur","Netherlands · permanent contract, large employer",5.77,13492.7988,0.0,0.0,0.0274,0.0763,0.061,0.005,6617.42,181.317308,504.909146,403.66262,33.0871,1122.976174,0.08322781586278455,13492.7988,161913.6,70079.39,0.0,0.0,70079.39,5839.95,7652.8488,14615.774974,1122.976174,6962.926174,1.0832278158627844,1.9098476078607485,23.384400000000824,23.384400000000824,11.804399999999987,23.384400000000824,0.0,11.579999999999927,1.0,0.5047980705085258,1.0,0.0,0.49520192949143527
Netherlands,NL,2026-07,2026-07-01,netherlands__standard_permanent_contract,"Pays-Bas · contrat à durée indéterminée, grand employeur","Netherlands · permanent contract, large employer",5.78,13516.1832,0.0,0.0,0.0274,0.0763,0.061,0.005,6617.42,181.317308,504.909146,403.66262,33.0871,1122.976174,0.08308382310177626,13516.1832,162194.16,70218.26,0.0,0.0,70218.26,5851.52,7664.6632,14639.159374,1122.976174,6974.496174,1.083083823101776,1.9099546832012135,23.384399999999005,23.384399999999005,11.814400000000205,23.384400000000824,0.0,11.569999999999709,1.0,0.50522570602627,1.0000000000000777,0.0,0.4947742939737689
Netherlands,NL,2026-07,2026-07-01,netherlands__standard_permanent_contract,"Pays-Bas · contrat à durée indéterminée, grand employeur","Netherlands · permanent contract, large employer",5.79,13539.5676,0.0,0.0,0.0274,0.0763,0.061,0.005,6617.42,181.317308,504.909146,403.66262,33.0871,1122.976174,0.08294032772508925,13539.5676,162474.84,70357.2,0.0,0.0,70357.2,5863.1,7676.4676,14662.543774,1122.976174,6986.076174,1.0829403277250893,1.9100639171589808,23.384400000000824,23.384400000000824,11.804399999999987,23.384399999999005,0.0,11.579999999999927,1.0,0.5047980705085258,0.9999999999999222,0.0,0.49520192949143527
Netherlands,NL,2026-07,2026-07-01,netherlands__standard_permanent_contract,"Pays-Bas · contrat à durée indéterminée, grand employeur","Netherlands · permanent contract, large employer",5.8,13562.952,0.0,0.0,0.0274,0.0763,0.061,0.005,6617.42,181.317308,504.909146,403.66262,33.0871,1122.976174,0.082797327160046,13562.952,162755.4,70496.08,0.0,0.0,70496.08,5874.67,7688.282,14685.928174,1122.976174,6997.646174,1.082797327160046,1.9101703311611098,23.384399999999005,23.384399999999005,11.814400000000205,23.384400000000824,0.0,11.570000000000618,1.0,0.50522570602627,1.0000000000000777,0.0,0.4947742939738078
Netherlands,NL,2026-07,2026-07-01,netherlands__standard_permanent_contract,"Pays-Bas · contrat à durée indéterminée, grand employeur","Netherlands · permanent contract, large employer",5.81,13586.3364,0.0,0.0,0.0274,0.0763,0.061,0.005,6617.42,181.317308,504.909146,403.66262,33.0871,1122.976174,0.08265481885168102,13586.3364,163036.08,70635.01,0.0,0.0,70635.01,5886.25,7700.0864,14709.312574,1122.976174,7009.226174,1.082654818851681,1.9102788994679332,23.384400000000824,23.384400000000824,11.804399999999987,23.384399999999005,0.0,11.579999999999927,1.0,0.5047980705085258,0.9999999999999222,0.0,0.49520192949143527
Netherlands,NL,2026-07,2026-07-01,netherlands__standard_permanent_contract,"Pays-Bas · contrat à durée indéterminée, grand employeur","Netherlands · permanent contract, large employer",5.82,13609.7208,0.0,0.0,0.0274,0.0763,0.061,0.005,6617.42,181.317308,504.909146,403.66262,33.0871,1122.976174,0.08251280026258878,13609.7208,163316.64,70773.89,0.0,0.0,70773.89,5897.82,7711.9008,14732.696974,1122.976174,7020.796174,1.0825128002625888,1.9103846582155204,23.384399999999005,23.384399999999005,11.814400000000205,23.384400000000824,0.0,11.569999999999709,1.0,0.50522570602627,1.0000000000000777,0.0,0.4947742939737689
Netherlands,NL,2026-07,2026-07-01,netherlands__standard_permanent_contract,"Pays-Bas · contrat à durée indéterminée, grand employeur","Netherlands · permanent contract, large employer",5.83,13633.1052,0.0,0.0,0.0274,0.0763,0.061,0.005,6617.42,181.317308,504.909146,403.66262,33.0871,1122.976174,0.08237126887277303,13633.1052,163597.32,70912.83,0.0,0.0,70912.83,5909.4,7723.7052,14756.081374,1122.976174,7032.376174,1.082371268872773,1.9104925669612558,23.384400000000824,23.384400000000824,11.804399999999987,23.384399999999005,0.0,11.579999999999927,1.0,0.5047980705085258,0.9999999999999222,0.0,0.49520192949143527
Netherlands,NL,2026-07,2026-07-01,netherlands__standard_permanent_contract,"Pays-Bas · contrat à durée indéterminée, grand employeur","Netherlands · permanent contract, large employer",5.84,13656.4896,0.0,0.0,0.0274,0.0763,0.061,0.005,6617.42,181.317308,504.909146,403.66262,33.0871,1122.976174,0.08223022217949773,13656.4896,163877.88,71051.7,0.0,0.0,71051.7,5920.98,7735.5096,14779.465774,1122.976174,7043.956174,1.0822302221794977,1.9106001463691542,23.384400000000824,23.384400000000824,11.804399999999987,23.384400000000824,0.0,11.579999999999927,1.0,0.5047980705085258,1.0,0.0,0.49520192949143527
Netherlands,NL,2026-07,2026-07-01,netherlands__standard_permanent_contract,"Pays-Bas · contrat à durée indéterminée, grand employeur","Netherlands · permanent contract, large employer",5.85,13679.874,0.0,0.0,0.0274,0.0763,0.061,0.005,6617.42,181.317308,504.909146,403.66262,33.0871,1122.976174,0.08208965769713962,13679.874,164158.44,71190.58,0.0,0.0,71190.58,5932.55,7747.324,14802.850174,1122.976174,7055.526174,1.0820896576971395,1.9107049316641462,23.384399999999005,23.384399999999005,11.814399999999296,23.384399999999005,0.0,11.569999999999709,1.0,0.5052257060262311,1.0,0.0,0.4947742939737689
Netherlands,NL,2026-07,2026-07-01,netherlands__standard_permanent_contract,"Pays-Bas · contrat à durée indéterminée, grand employeur","Netherlands · permanent contract, large employer",5.86,13703.2584,0.0,0.0,0.0274,0.0763,0.061,0.005,6617.42,181.317308,504.909146,403.66262,33.0871,1122.976174,0.08194957295704211,13703.2584,164439.12,71329.52,0.0,0.0,71329.52,5944.13,7759.1284,14826.234574,1122.976174,7067.106174,1.081949572957042,1.9108118605177353,23.384400000000824,23.384400000000824,11.804399999999987,23.384400000000824,0.0,11.579999999999927,1.0,0.5047980705085258,1.0,0.0,0.49520192949143527
Netherlands,NL,2026-07,2026-07-01,netherlands__standard_permanent_contract,"Pays-Bas · contrat à durée indéterminée, grand employeur","Netherlands · permanent contract, large employer",5.87,13726.6428,0.0,0.0,0.0274,0.0763,0.061,0.005,6617.42,181.317308,504.909146,403.66262,33.0871,1122.976174,0.08180996550737082,13726.6428,164719.68,71468.39,0.0,0.0,71468.39,5955.7,7770.9428,14849.618974,1122.976174,7078.676174,1.0818099655073707,1.9109160054556054,23.384399999999005,23.384399999999005,11.814400000000205,23.384400000000824,0.0,11.570000000000618,1.0,0.50522570602627,1.0000000000000777,0.0,0.4947742939738078
Netherlands,NL,2026-07,2026-07-01,netherlands__standard_permanent_contract,"Pays-Bas · contrat à durée indéterminée, grand employeur","Netherlands · permanent contract, large employer",5.88,13750.0272,0.0,0.0,0.0274,0.0763,0.061,0.005,6617.42,181.317308,504.909146,403.66262,33.0871,1122.976174,0.08167083291297053,13750.0272,165000.36,71607.33,0.0,0.0,71607.33,5967.28,7782.7472,14873.003374,1122.976174,7090.256174,1.0816708329129705,1.911022289661419,23.384400000000824,23.384400000000824,11.804399999999987,23.384399999999005,0.0,11.579999999999927,1.0,0.5047980705085258,0.9999999999999222,0.0,0.49520192949143527
Netherlands,NL,2026-07,2026-07-01,netherlands__standard_permanent_contract,"Pays-Bas · contrat à durée indéterminée, grand employeur","Netherlands · permanent contract, large employer",5.89,13773.4116,0.0,0.0,0.0274,0.0763,0.061,0.005,6617.42,181.317308,504.909146,403.66262,33.0871,1122.976174,0.08153217275522356,13773.4116,165280.92,71746.21,0.0,0.0,71746.21,5978.85,7794.5616,14896.387774,1122.976174,7101.826174,1.0815321727552236,1.9111258000706546,23.384399999999005,23.384399999999005,11.814400000000205,23.384400000000824,0.0,11.569999999999709,1.0,0.50522570602627,1.0000000000000777,0.0,0.4947742939737689
Netherlands,NL,2026-07,2026-07-01,netherlands__standard_permanent_contract,"Pays-Bas · contrat à durée indéterminée, grand employeur","Netherlands · permanent contract, large employer",5.9,13796.796,0.0,0.0,0.0274,0.0763,0.061,0.005,6617.42,181.317308,504.909146,403.66262,33.0871,1122.976174,0.08139398263190963,13796.796,165561.6,71885.15,0.0,0.0,71885.15,5990.43,7806.366,14919.772174,1122.976174,7113.406174,1.0813939826319097,1.9112314454638688,23.384400000000824,23.384400000000824,11.804399999999987,23.384399999999005,0.0,11.579999999999927,1.0,0.5047980705085258,0.9999999999999222,0.0,0.49520192949143527
Netherlands,NL,2026-07,2026-07-01,netherlands__standard_permanent_contract,"Pays-Bas · contrat à durée indéterminée, grand employeur","Netherlands · permanent contract, large employer",5.91,13820.1804,0.0,0.0,0.0274,0.0763,0.061,0.005,6617.42,181.317308,504.909146,403.66262,33.0871,1122.976174,0.08125626015706713,13820.1804,165842.16,72024.02,0.0,0.0,72024.02,6002.0,7818.1804,14943.156574,1122.976174,7124.976174,1.081256260157067,1.9113343271025056,23.384399999999005,23.384399999999005,11.814400000000205,23.384400000000824,0.0,11.570000000000618,1.0,0.50522570602627,1.0000000000000777,0.0,0.4947742939738078
Netherlands,NL,2026-07,2026-07-01,netherlands__standard_permanent_contract,"Pays-Bas · contrat à durée indéterminée, grand employeur","Netherlands · permanent contract, large employer",5.92,13843.5648,0.0,0.0,0.0274,0.0763,0.061,0.005,6617.42,181.317308,504.909146,403.66262,33.0871,1122.976174,0.08111900296085588,13843.5648,166122.72,72162.9,0.0,0.0,72162.9,6013.58,7829.9848,14966.540974,1122.976174,7136.556174,1.0811190029608557,1.9114393394480151,23.384400000000824,23.384400000000824,11.804399999999987,23.384399999999005,0.0,11.579999999999927,1.0,0.5047980705085258,0.9999999999999222,0.0,0.49520192949143527
Netherlands,NL,2026-07,2026-07-01,netherlands__standard_permanent_contract,"Pays-Bas · contrat à durée indéterminée, grand employeur","Netherlands · permanent contract, large employer",5.93,13866.9492,0.0,0.0,0.0274,0.0763,0.061,0.005,6617.42,181.317308,504.909146,403.66262,33.0871,1122.976174,0.08098220868942105,13866.9492,166403.4,72301.84,0.0,0.0,72301.84,6025.15,7841.7992,14989.925374,1122.976174,7148.126174,1.080982208689421,1.9115415980047028,23.384399999999005,23.384399999999005,11.814400000000205,23.384400000000824,0.0,11.569999999999709,1.0,0.50522570602627,1.0000000000000777,0.0,0.4947742939737689
Netherlands,NL,2026-07,2026-07-01,netherlands__standard_permanent_contract,"Pays-Bas · contrat à durée indéterminée, grand employeur","Netherlands · permanent contract, large employer",5.94,13890.3336,0.0,0.0,0.0274,0.0763,0.061,0.005,6617.42,181.317308,504.909146,403.66262,33.0871,1122.976174,0.0808458750047587,13890.3336,166683.96,72440.71,0.0,0.0,72440.71,6036.73,7853.6036,15013.309774,1122.976174,7159.706174,1.0808458750047587,1.9116459829981738,23.384400000000824,23.384400000000824,11.804399999999987,23.384399999999005,0.0,11.579999999999927,1.0,0.5047980705085258,0.9999999999999222,0.0,0.49520192949143527
Netherlands,NL,2026-07,2026-07-01,netherlands__standard_permanent_contract,"Pays-Bas · contrat à durée indéterminée, grand employeur","Netherlands · permanent contract, large employer",5.95,13913.718,0.0,0.0,0.0274,0.0763,0.061,0.005,6617.42,181.317308,504.909146,403.66262,33.0871,1122.976174,0.08070999958458265,13913.718,166964.64,72579.65,0.0,0.0,72579.65,6048.3,7865.418,15036.694174,1122.976174,7171.276174,1.0807099995845826,1.911747624093214,23.384400000000824,23.384400000000824,11.814399999999296,23.384400000000824,0.0,11.569999999999709,1.0,0.5052257060261918,1.0,0.0,0.4947742939737304
Netherlands,NL,2026-07,2026-07-01,netherlands__standard_permanent_contract,"Pays-Bas · contrat à durée indéterminée, grand employeur","Netherlands · permanent contract, large employer",5.96,13937.1024,0.0,0.0,0.0274,0.0763,0.061,0.005,6617.42,181.317308,504.909146,403.66262,33.0871,1122.976174,0.08057458012219242,13937.1024,167245.2,72718.53,0.0,0.0,72718.53,6059.88,7877.2224,15060.078574,1122.976174,7182.856174,1.0805745801221924,1.911851387362124,23.384399999999005,23.384399999999005,11.804399999999987,23.384399999999005,0.0,11.579999999999927,1.0,0.5047980705085651,1.0,0.0,0.4952019294914738
Netherlands,NL,2026-07,2026-07-01,netherlands__standard_permanent_contract,"Pays-Bas · contrat à durée indéterminée, grand employeur","Netherlands · permanent contract, large employer",5.97,13960.4868,0.0,0.0,0.0274,0.0763,0.061,0.005,6617.42,181.317308,504.909146,403.66262,33.0871,1122.976174,0.08043961432634283,13960.4868,167525.88,72857.46,0.0,0.0,72857.46,6071.46,7889.0268,15083.462974,1122.976174,7194.436174,1.0804396143263428,1.911954840107781,23.384400000000824,23.384400000000824,11.804399999999987,23.384400000000824,0.0,11.580000000000837,1.0,0.5047980705085258,1.0,0.0,0.4952019294914742
Netherlands,NL,2026-07,2026-07-01,netherlands__standard_permanent_contract,"Pays-Bas · contrat à durée indéterminée, grand employeur","Netherlands · permanent contract, large employer",5.98,13983.8712,0.0,0.0,0.0274,0.0763,0.061,0.005,6617.42,181.317308,504.909146,403.66262,33.0871,1122.976174,0.08030509992111484,13983.8712,167806.44,72996.34,0.0,0.0,72996.34,6083.03,7900.8412,15106.847374,1122.976174,7206.006174,1.0803050999211148,1.912055563653146,23.384399999999005,23.384399999999005,11.814400000000205,23.384400000000824,0.0,11.569999999999709,1.0,0.50522570602627,1.0000000000000777,0.0,0.4947742939737689
Netherlands,NL,2026-07,2026-07-01,netherlands__standard_permanent_contract,"Pays-Bas · contrat à durée indéterminée, grand employeur","Netherlands · permanent contract, large employer",5.99,14007.2556,0.0,0.0,0.0274,0.0763,0.061,0.005,6617.42,181.317308,504.909146,403.66262,33.0871,1122.976174,0.08017103464578744,14007.2556,168087.12,73135.28,0.0,0.0,73135.28,6094.61,7912.6456,15130.231774,1122.976174,7217.586174,1.0801710346457873,1.9121584029998764,23.384400000000824,23.384400000000824,11.804399999999987,23.384399999999005,0.0,11.579999999999927,1.0,0.5047980705085258,0.9999999999999222,0.0,0.49520192949143527
Netherlands,NL,2026-07,2026-07-01,netherlands__standard_permanent_contract,"Pays-Bas · contrat à durée indéterminée, grand employeur","Netherlands · permanent contract, large employer",6.0,14030.64,0.0,0.0,0.0274,0.0763,0.061,0.005,6617.42,181.317308,504.909146,403.66262,33.0871,1122.976174,0.08003741625471113,14030.64,168367.68,73274.15,0.0,0.0,73274.15,6106.18,7924.46,15153.616174,1122.976174,7229.156174,1.080037416254711,1.9122585228520304,23.384399999999005,23.384399999999005,11.814400000000205,23.384400000000824,0.0,11.569999999999709,1.0,0.50522570602627,1.0000000000000777,0.0,0.4947742939737689
