country,country_code,version,effective_from,profile_id,profile_label_fr,profile_label_en,smic_multiple,gross_monthly_sek,arbetsgivaravgifter_monthly_sek,grundavdrag_annual_sek,kommunalskatt_annual_sek,statlig_skatt_annual_sek,jobbskatteavdrag_annual_sek,employee_contributions_monthly_sek,employer_contributions_monthly_sek,employee_contribution_rate,employer_contribution_rate,net_before_income_tax_monthly_sek,income_tax_monthly_sek,net_after_income_tax_monthly_sek,employer_cost_monthly_sek,social_wedge_monthly_sek,total_wedge_after_income_tax_monthly_sek,cost_to_net_ratio,cost_to_net_after_income_tax_ratio,delta_gross_monthly_sek,delta_net_before_income_tax_monthly_sek,delta_net_after_income_tax_monthly_sek,delta_employer_cost_monthly_sek,delta_social_wedge_monthly_sek,delta_total_wedge_after_income_tax_monthly_sek,marginal_net_before_income_tax_rate,marginal_net_after_income_tax_rate,marginal_employer_cost_rate,marginal_social_wedge_rate,marginal_total_wedge_after_income_tax_rate
Sweden,SE,2026-01,2026-01-01,sweden__standard_employee_stockholm,Suede · salarie standard (Stockholm),Sweden · standard employee (Stockholm),0.8,27576.0,8664.38,31000.0,91623.12,0.0,32693.0,0.0,8664.38,0.0,0.31420002901073396,27576.0,4910.84,22665.16,36240.38,8664.38,13575.22,1.3142000290107339,1.5989465770371794,,,,,,,,,,,
Sweden,SE,2026-01,2026-01-01,sweden__standard_employee_stockholm,Suede · salarie standard (Stockholm),Sweden · standard employee (Stockholm),0.81,27920.7,8772.68,30500.0,93039.54,0.0,33143.0,0.0,8772.68,0.0,0.31419985888605945,27920.7,4991.38,22929.32,36693.38,8772.68,13764.06,1.3141998588860595,1.6002820842484646,344.7000000000007,344.7000000000007,264.15999999999985,453.0,108.30000000000109,188.84000000000015,1.0,0.7663475485929774,1.3141862489120948,0.31418624891209995,0.5478387003191173
Sweden,SE,2026-01,2026-01-01,sweden__standard_employee_stockholm,Suede · salarie standard (Stockholm),Sweden · standard employee (Stockholm),0.82,28265.4,8880.99,30100.0,94425.41,0.0,33563.0,0.0,8880.99,0.0,0.3142000467002059,28265.4,5071.87,23193.53,37146.39,8880.99,13952.86,1.314200046700206,1.601584148682844,344.7000000000007,344.7000000000007,264.2099999999991,453.01000000000204,108.30999999999949,188.8000000000011,1.0,0.7664926022628331,1.314215259646072,0.3142152596460669,0.5477226573832338
Sweden,SE,2026-01,2026-01-01,sweden__standard_employee_stockholm,Suede · salarie standard (Stockholm),Sweden · standard employee (Stockholm),0.83,28610.1,8989.29,29700.0,95811.28,0.0,33990.0,0.0,8989.29,0.0,0.31419988046179503,28610.1,5151.77,23458.33,37599.39,8989.29,14141.06,1.314199880461795,1.6028161424960772,344.6999999999971,344.6999999999971,264.8000000000029,453.0,108.30000000000109,188.1999999999989,1.0,0.7682042355671748,1.3141862489121086,0.3141862489121033,0.5459820133449391
Sweden,SE,2026-01,2026-01-01,sweden__standard_employee_stockholm,Suede · salarie standard (Stockholm),Sweden · standard employee (Stockholm),0.84,28954.8,9097.6,29300.0,97197.15,0.0,34410.0,0.0,9097.6,0.0,0.31420006354732205,28954.8,5232.26,23722.54,38052.4,9097.6,14329.86,1.314200063547322,1.6040609479423367,344.7000000000007,344.7000000000007,264.2099999999991,453.01000000000204,108.30999999999949,188.8000000000011,1.0,0.7664926022628331,1.314215259646072,0.3142152596460669,0.5477226573832338
Sweden,SE,2026-01,2026-01-01,sweden__standard_employee_stockholm,Suede · salarie standard (Stockholm),Sweden · standard employee (Stockholm),0.85,29299.5,9205.9,28900.0,98583.02,0.0,34830.0,0.0,9205.9,0.0,0.31419990102220174,29299.5,5312.75,23986.75,38505.4,9205.9,14518.65,1.3141999010222019,1.6052779138482705,344.7000000000007,344.7000000000007,264.2099999999991,453.0,108.29999999999927,188.78999999999905,1.0,0.7664926022628331,1.3141862489120948,0.3141862489120947,0.5476936466492563
Sweden,SE,2026-01,2026-01-01,sweden__standard_employee_stockholm,Suede · salarie standard (Stockholm),Sweden · standard employee (Stockholm),0.86,29644.2,9314.21,28500.0,99968.89,0.0,35258.0,0.0,9314.21,0.0,0.31420007961085133,29644.2,5392.57,24251.63,38958.41,9314.21,14706.78,1.3142000796108515,1.6064243929170947,344.7000000000007,344.7000000000007,264.880000000001,453.01000000000204,108.30999999999949,188.13000000000102,1.0,0.7684363214389337,1.314215259646072,0.3142152596460669,0.5457789382071384
Sweden,SE,2026-01,2026-01-01,sweden__standard_employee_stockholm,Suede · salarie standard (Stockholm),Sweden · standard employee (Stockholm),0.87,29988.9,9422.51,28100.0,101354.76,0.0,35678.0,0.0,9422.51,0.0,0.31419992063730245,29988.9,5473.06,24515.84,39411.41,9422.51,14895.57,1.3141999206373025,1.6075896236881952,344.7000000000007,344.7000000000007,264.2099999999991,453.0,108.30000000000109,188.78999999999905,1.0,0.7664926022628331,1.3141862489120948,0.31418624891209995,0.5476936466492563
Sweden,SE,2026-01,2026-01-01,sweden__standard_employee_stockholm,Suede · salarie standard (Stockholm),Sweden · standard employee (Stockholm),0.88,30333.6,9530.82,27600.0,102771.18,0.0,36134.0,0.0,9530.82,0.0,0.3142000949442203,30333.6,5553.1,24780.5,39864.42,9530.82,15083.92,1.3142000949442203,1.6087011965053166,344.6999999999971,344.6999999999971,264.65999999999985,453.00999999999476,108.30999999999949,188.35000000000036,1.0,0.7677980852915639,1.314215259646065,0.3142152596460702,0.5464171743545169
Sweden,SE,2026-01,2026-01-01,sweden__standard_employee_stockholm,Suede · salarie standard (Stockholm),Sweden · standard employee (Stockholm),0.89,30678.3,9639.12,27200.0,104157.05,0.0,36554.0,0.0,9639.12,0.0,0.3141999393708257,30678.3,5633.59,25044.71,40317.42,9639.12,15272.71,1.3141999393708257,1.6098178018431837,344.7000000000007,344.7000000000007,264.2099999999991,453.0,108.30000000000109,188.78999999999905,1.0,0.7664926022628331,1.3141862489120948,0.31418624891209995,0.5476936466492563
Sweden,SE,2026-01,2026-01-01,sweden__standard_employee_stockholm,Suede · salarie standard (Stockholm),Sweden · standard employee (Stockholm),0.9,31023.0,9747.43,26800.0,105542.92,0.0,36974.0,0.0,9747.43,0.0,0.3142001095961061,31023.0,5714.08,25308.92,40770.43,9747.43,15461.51,1.3142001095961062,1.61091148891379,344.7000000000007,344.7000000000007,264.2099999999991,453.01000000000204,108.30999999999949,188.8000000000011,1.0,0.7664926022628331,1.314215259646072,0.3142152596460669,0.5477226573832338
Sweden,SE,2026-01,2026-01-01,sweden__standard_employee_stockholm,Suede · salarie standard (Stockholm),Sweden · standard employee (Stockholm),0.91,31367.7,9855.73,26400.0,106928.79,0.0,37402.0,0.0,9855.73,0.0,0.3141999572808972,31367.7,5793.9,25573.8,41223.43,9855.73,15649.63,1.3141999572808971,1.6119399541718475,344.7000000000007,344.7000000000007,264.880000000001,453.0,108.29999999999927,188.11999999999898,1.0,0.7684363214389337,1.3141862489120948,0.3141862489120947,0.545749927473161
Sweden,SE,2026-01,2026-01-01,sweden__standard_employee_stockholm,Suede · salarie standard (Stockholm),Sweden · standard employee (Stockholm),0.92,31712.4,9964.04,26000.0,108314.66,0.0,37822.0,0.0,9964.04,0.0,0.31420012361095345,31712.4,5874.39,25838.01,41676.44,9964.04,15838.43,1.3142001236109535,1.612989545247486,344.7000000000007,344.7000000000007,264.2099999999991,453.01000000000204,108.31000000000131,188.8000000000011,1.0,0.7664926022628331,1.314215259646072,0.31421525964607216,0.5477226573832338
Sweden,SE,2026-01,2026-01-01,sweden__standard_employee_stockholm,Suede · salarie standard (Stockholm),Sweden · standard employee (Stockholm),0.93,32057.1,10072.34,25600.0,109700.53,0.0,38242.0,0.0,10072.34,0.0,0.3141999744206431,32057.1,5954.88,26102.22,42129.44,10072.34,16027.22,1.3141999744206432,1.614017505024477,344.6999999999971,344.6999999999971,264.21000000000276,453.0,108.29999999999927,188.78999999999905,1.0,0.7664926022628518,1.3141862489121086,0.314186248912098,0.5476936466492621
Sweden,SE,2026-01,2026-01-01,sweden__standard_employee_stockholm,Suede · salarie standard (Stockholm),Sweden · standard employee (Stockholm),0.94,32401.8,10180.65,25200.0,111086.4,0.0,38669.0,0.0,10180.65,0.0,0.3142001370294243,32401.8,6034.78,26367.02,42582.45,10180.65,16215.43,1.3142001370294243,1.6149891038122623,344.7000000000007,344.7000000000007,264.7999999999993,453.00999999999476,108.30999999999949,188.21000000000095,1.0,0.7682042355671561,1.314215259646051,0.3142152596460669,0.5460110240789108
Sweden,SE,2026-01,2026-01-01,sweden__standard_employee_stockholm,Suede · salarie standard (Stockholm),Sweden · standard employee (Stockholm),0.95,32746.5,10288.95,24700.0,112502.82,0.0,39119.0,0.0,10288.95,0.0,0.31419999083871564,32746.5,6115.32,26631.18,43035.45,10288.95,16404.27,1.3141999908387154,1.6159798401723091,344.7000000000007,344.7000000000007,264.15999999999985,453.0,108.30000000000109,188.84000000000015,1.0,0.7663475485929774,1.3141862489120948,0.31418624891209995,0.5478387003191173
Sweden,SE,2026-01,2026-01-01,sweden__standard_employee_stockholm,Suede · salarie standard (Stockholm),Sweden · standard employee (Stockholm),0.96,33091.2,10397.26,24300.0,113888.69,0.0,39539.0,0.0,10397.26,0.0,0.31420014988879225,33091.2,6195.81,26895.39,43488.46,10397.26,16593.07,1.3142001498887923,1.616948480761945,344.6999999999971,344.6999999999971,264.2099999999991,453.01000000000204,108.30999999999949,188.79999999999927,1.0,0.7664926022628412,1.314215259646086,0.3142152596460702,0.5477226573832343
Sweden,SE,2026-01,2026-01-01,sweden__standard_employee_stockholm,Suede · salarie standard (Stockholm),Sweden · standard employee (Stockholm),0.97,33435.9,10505.56,23900.0,115274.56,0.0,39966.0,0.0,10505.56,0.0,0.31420000657975405,33435.9,6275.71,27160.19,43941.46,10505.56,16781.27,1.314200006579754,1.617862761637529,344.70000000000437,344.70000000000437,264.7999999999993,453.0,108.29999999999927,188.20000000000073,1.0,0.768204235567148,1.3141862489120808,0.3141862489120914,0.5459820133449328
Sweden,SE,2026-01,2026-01-01,sweden__standard_employee_stockholm,Suede · salarie standard (Stockholm),Sweden · standard employee (Stockholm),0.98,33780.6,10613.86,23500.0,116660.43,0.0,40386.0,0.0,10613.86,0.0,0.3141998661953903,33780.6,6356.2,27424.4,44394.46,10613.86,16970.06,1.3141998661953902,1.618794212453144,344.6999999999971,344.6999999999971,264.21000000000276,453.0,108.30000000000109,188.79000000000087,1.0,0.7664926022628518,1.3141862489121086,0.3141862489121033,0.5476936466492673
Sweden,SE,2026-01,2026-01-01,sweden__standard_employee_stockholm,Suede · salarie standard (Stockholm),Sweden · standard employee (Stockholm),0.99,34125.3,10722.17,23100.0,118046.3,0.0,40813.0,0.0,10722.17,0.0,0.314200021684791,34125.3,6436.11,27689.19,44847.47,10722.17,17158.28,1.3142000216847909,1.6196743205561448,344.70000000000437,344.70000000000437,264.78999999999724,453.01000000000204,108.30999999999949,188.21999999999753,1.0,0.7681752248331706,1.3142152596460583,0.3142152596460636,0.5460400348128667
Sweden,SE,2026-01,2026-01-01,sweden__standard_employee_stockholm,Suede · salarie standard (Stockholm),Sweden · standard employee (Stockholm),1.0,34470.0,10830.47,22700.0,119432.17,0.0,41233.0,0.0,10830.47,0.0,0.3141998839570641,34470.0,6516.6,27953.4,45300.47,10830.47,17347.07,1.314199883957064,1.620571021771949,344.6999999999971,344.6999999999971,264.21000000000276,453.0,108.29999999999927,188.79000000000087,1.0,0.7664926022628518,1.3141862489121086,0.314186248912098,0.5476936466492673
Sweden,SE,2026-01,2026-01-01,sweden__standard_employee_stockholm,Suede · salarie standard (Stockholm),Sweden · standard employee (Stockholm),1.01,34814.7,10938.78,22300.0,120818.04,0.0,41654.0,0.0,10938.78,0.0,0.31420003619160874,34814.7,6597.0,28217.7,45753.48,10938.78,17535.78,1.3142000361916086,1.621446113609543,344.6999999999971,344.6999999999971,264.2999999999993,453.01000000000204,108.31000000000131,188.70999999999913,1.0,0.7667536988685857,1.314215259646086,0.3142152596460755,0.5474615607774898
Sweden,SE,2026-01,2026-01-01,sweden__standard_employee_stockholm,Suede · salarie standard (Stockholm),Sweden · standard employee (Stockholm),1.02,35159.4,11047.08,21900.0,122203.91,0.0,42081.0,0.0,11047.08,0.0,0.31419990102220174,35159.4,6676.91,28482.49,46206.48,11047.08,17723.99,1.3141999010222019,1.6222767040381652,344.70000000000437,344.70000000000437,264.7900000000009,453.0,108.29999999999927,188.21000000000276,1.0,0.7681752248331811,1.3141862489120808,0.3141862489120914,0.5460110240789103
Sweden,SE,2026-01,2026-01-01,sweden__standard_employee_stockholm,Suede · salarie standard (Stockholm),Sweden · standard employee (Stockholm),1.03,35504.1,11155.39,21400.0,123620.33,0.0,42530.0,0.0,11155.39,0.0,0.3142000501350548,35504.1,6757.53,28746.57,46659.49,11155.39,17912.92,1.3142000501350548,1.6231324293646163,344.6999999999971,344.6999999999971,264.0799999999981,453.00999999999476,108.30999999999949,188.92999999999665,1.0,0.7661154627212078,1.314215259646065,0.3142152596460702,0.5480997969248571
Sweden,SE,2026-01,2026-01-01,sweden__standard_employee_stockholm,Suede · salarie standard (Stockholm),Sweden · standard employee (Stockholm),1.04,35848.8,11263.69,21000.0,125006.2,0.0,42950.0,0.0,11263.69,0.0,0.3141999174309879,35848.8,6838.02,29010.78,47112.49,11263.69,18101.71,1.314199917430988,1.6239649537172045,344.70000000000437,344.70000000000437,264.2099999999991,453.0,108.30000000000109,188.79000000000087,1.0,0.766492602262825,1.3141862489120808,0.3141862489120967,0.5476936466492558
Sweden,SE,2026-01,2026-01-01,sweden__standard_employee_stockholm,Suede · salarie standard (Stockholm),Sweden · standard employee (Stockholm),1.05,36193.5,11372.0,20600.0,126392.07,0.0,43378.0,0.0,11372.0,0.0,0.31420006354732205,36193.5,6917.84,29275.66,47565.5,11372.0,18289.84,1.314200063547322,1.6247456077847604,344.6999999999971,344.6999999999971,264.880000000001,453.01000000000204,108.30999999999949,188.13000000000102,1.0,0.7684363214389418,1.314215259646086,0.3142152596460702,0.5457789382071442
Sweden,SE,2026-01,2026-01-01,sweden__standard_employee_stockholm,Suede · salarie standard (Stockholm),Sweden · standard employee (Stockholm),1.06,36538.2,11480.3,20200.0,127777.94,0.0,43798.0,0.0,11480.3,0.0,0.3141999332205746,36538.2,6998.33,29539.87,48018.5,11480.3,18478.63,1.3141999332205745,1.6255487921917056,344.6999999999971,344.6999999999971,264.2099999999991,453.0,108.29999999999927,188.79000000000087,1.0,0.7664926022628412,1.3141862489121086,0.314186248912098,0.5476936466492673
Sweden,SE,2026-01,2026-01-01,sweden__standard_employee_stockholm,Suede · salarie standard (Stockholm),Sweden · standard employee (Stockholm),1.07,36882.9,11588.61,19800.0,129163.81,0.0,44218.0,0.0,11588.61,0.0,0.3142000764581961,36882.9,7078.82,29804.08,48471.51,11588.61,18667.43,1.314200076458196,1.6263380718344602,344.70000000000437,344.70000000000437,264.21000000000276,453.01000000000204,108.31000000000131,188.79999999999927,1.0,0.7664926022628356,1.3142152596460583,0.3142152596460689,0.5477226573832228
Sweden,SE,2026-01,2026-01-01,sweden__standard_employee_stockholm,Suede · salarie standard (Stockholm),Sweden · standard employee (Stockholm),1.08,37227.6,11696.91,19400.0,130549.68,0.0,44645.0,0.0,11696.91,0.0,0.31419994842536175,37227.6,7158.72,30068.88,48924.51,11696.91,18855.63,1.314199948425362,1.6270812215154007,344.6999999999971,344.6999999999971,264.7999999999993,453.0,108.29999999999927,188.20000000000073,1.0,0.7682042355671642,1.3141862489121086,0.314186248912098,0.5459820133449443
Sweden,SE,2026-01,2026-01-01,sweden__standard_employee_stockholm,Suede · salarie standard (Stockholm),Sweden · standard employee (Stockholm),1.09,37572.3,11805.22,19000.0,131935.55,0.0,45065.0,0.0,11805.22,0.0,0.3142000888952765,37572.3,7239.21,30333.09,49377.52,11805.22,19044.43,1.3142000888952765,1.627843388194213,344.70000000000437,344.70000000000437,264.2099999999991,453.00999999999476,108.30999999999949,188.79999999999927,1.0,0.766492602262825,1.3142152596460372,0.3142152596460636,0.5477226573832228
Sweden,SE,2026-01,2026-01-01,sweden__standard_employee_stockholm,Suede · salarie standard (Stockholm),Sweden · standard employee (Stockholm),1.1,37917.0,11913.52,18500.0,133351.97,0.0,45522.0,0.0,11913.52,0.0,0.3141999630772477,37917.0,7319.16,30597.84,49830.52,11913.52,19232.68,1.3141999630772478,1.6285633234241372,344.6999999999971,344.6999999999971,264.75,453.0,108.30000000000109,188.25,1.0,0.7680591818973085,1.3141862489121086,0.3141862489121033,0.5461270670148001
Sweden,SE,2026-01,2026-01-01,sweden__standard_employee_stockholm,Suede · salarie standard (Stockholm),Sweden · standard employee (Stockholm),1.11,38261.7,12021.83,18100.0,134737.84,0.0,45942.0,0.0,12021.83,0.0,0.31420010088417394,38261.7,7399.65,30862.05,50283.53,12021.83,19421.48,1.314200100884174,1.629299738675817,344.6999999999971,344.6999999999971,264.2099999999991,453.01000000000204,108.30999999999949,188.79999999999927,1.0,0.7664926022628412,1.314215259646086,0.3142152596460702,0.5477226573832343
Sweden,SE,2026-01,2026-01-01,sweden__standard_employee_stockholm,Suede · salarie standard (Stockholm),Sweden · standard employee (Stockholm),1.12,38606.4,12130.13,17700.0,136123.71,0.0,46362.0,0.0,12130.13,0.0,0.31419997720585185,38606.4,7480.14,31126.26,50736.53,12130.13,19610.27,1.314199977205852,1.6300233307824323,344.70000000000437,344.70000000000437,264.2099999999991,453.0,108.29999999999927,188.79000000000087,1.0,0.766492602262825,1.3141862489120808,0.3141862489120914,0.5476936466492558
Sweden,SE,2026-01,2026-01-01,sweden__standard_employee_stockholm,Suede · salarie standard (Stockholm),Sweden · standard employee (Stockholm),1.13,38951.1,12238.44,17400.0,137479.03,0.0,46760.0,0.0,12238.44,0.0,0.3142001124486857,38951.1,7559.92,31391.18,51189.54,12238.44,19798.36,1.3142001124486857,1.630698177003859,344.6999999999971,344.6999999999971,264.9200000000019,453.01000000000204,108.31000000000131,188.09000000000015,1.0,0.7685523643748307,1.314215259646086,0.3142152596460755,0.5456628952712554
Sweden,SE,2026-01,2026-01-01,sweden__standard_employee_stockholm,Suede · salarie standard (Stockholm),Sweden · standard employee (Stockholm),1.14,39295.8,12346.74,17400.0,138742.7,0.0,47062.0,0.0,12346.74,0.0,0.31419999083871564,39295.8,7640.06,31655.74,51642.54,12346.74,19986.8,1.3141999908387156,1.631379964581463,344.70000000000437,344.70000000000437,264.5600000000013,453.0,108.29999999999927,188.4399999999987,1.0,0.7675079779518362,1.3141862489120808,0.3141862489120914,0.5466782709602446
Sweden,SE,2026-01,2026-01-01,sweden__standard_employee_stockholm,Suede · salarie standard (Stockholm),Sweden · standard employee (Stockholm),1.15,39640.5,12455.05,17400.0,140006.37,0.0,47365.0,0.0,12455.05,0.0,0.31420012361095345,39640.5,7720.11,31920.39,52095.55,12455.05,20175.16,1.3142001236109535,1.6320461623432547,344.6999999999971,344.6999999999971,264.6499999999978,453.01000000000204,108.30999999999949,188.36000000000058,1.0,0.7677690745575865,1.314215259646086,0.3142152596460702,0.5464461850884891
Sweden,SE,2026-01,2026-01-01,sweden__standard_employee_stockholm,Suede · salarie standard (Stockholm),Sweden · standard employee (Stockholm),1.16,39985.2,12563.35,17400.0,141270.04,0.0,47552.0,0.0,12563.35,0.0,0.31420000400148057,39985.2,7809.84,32175.36,52548.55,12563.35,20373.19,1.3142000040014805,1.6331922937303576,344.6999999999971,344.6999999999971,254.97000000000116,453.0,108.30000000000109,198.02999999999884,1.0,0.7396866840731167,1.3141862489121086,0.3141862489121033,0.5744995648389919
Sweden,SE,2026-01,2026-01-01,sweden__standard_employee_stockholm,Suede · salarie standard (Stockholm),Sweden · standard employee (Stockholm),1.17,40329.9,12671.65,17400.0,142533.71,0.0,47552.0,0.0,12671.65,0.0,0.31419988643661406,40329.9,7915.14,32414.76,53001.55,12671.65,20586.79,1.314199886436614,1.6351054272806587,344.70000000000437,344.70000000000437,239.39999999999782,453.0,108.29999999999927,213.60000000000218,1.0,0.6945169712793582,1.3141862489120808,0.3141862489120914,0.6196692776327226
Sweden,SE,2026-01,2026-01-01,sweden__standard_employee_stockholm,Suede · salarie standard (Stockholm),Sweden · standard employee (Stockholm),1.18,40674.6,12779.96,17400.0,143797.38,0.0,47552.0,0.0,12779.96,0.0,0.3142000167180501,40674.6,8020.45,32654.15,53454.56,12779.96,20800.41,1.31420001671805,1.6369913165707881,344.6999999999971,344.6999999999971,239.39000000000306,453.00999999999476,108.30999999999949,213.61999999999898,1.0,0.6944879605454165,1.314215259646065,0.3142152596460702,0.6197272991006695
Sweden,SE,2026-01,2026-01-01,sweden__standard_employee_stockholm,Suede · salarie standard (Stockholm),Sweden · standard employee (Stockholm),1.19,41019.3,12888.26,17400.0,145061.05,0.0,47552.0,0.0,12888.26,0.0,0.3141999010222018,41019.3,8125.75,32893.55,53907.56,12888.26,21014.01,1.3141999010222019,1.6388489536702486,344.70000000000437,344.70000000000437,239.40000000000146,453.0,108.30000000000109,213.59999999999854,1.0,0.6945169712793688,1.3141862489120808,0.3141862489120967,0.6196692776327121
Sweden,SE,2026-01,2026-01-01,sweden__standard_employee_stockholm,Suede · salarie standard (Stockholm),Sweden · standard employee (Stockholm),1.2,41364.0,12996.57,17400.0,146324.72,0.0,47552.0,0.0,12996.57,0.0,0.31420002901073396,41364.0,8231.06,33132.94,54360.57,12996.57,21227.63,1.314200029010734,1.6406805432901517,344.6999999999971,344.6999999999971,239.38999999999942,453.01000000000204,108.30999999999949,213.62000000000262,1.0,0.694487960545406,1.314215259646086,0.3142152596460702,0.61972729910068
Sweden,SE,2026-01,2026-01-01,sweden__standard_employee_stockholm,Suede · salarie standard (Stockholm),Sweden · standard employee (Stockholm),1.21,41708.7,13104.87,17400.0,147588.39,0.0,47552.0,0.0,13104.87,0.0,0.3141999151256213,41708.7,8336.37,33372.33,54813.57,13104.87,21441.24,1.3141999151256214,1.6424855561478628,344.6999999999971,344.6999999999971,239.38999999999942,453.0,108.30000000000109,213.61000000000058,1.0,0.694487960545406,1.3141862489121086,0.3141862489121033,0.6196982883667026
Sweden,SE,2026-01,2026-01-01,sweden__standard_employee_stockholm,Suede · salarie standard (Stockholm),Sweden · standard employee (Stockholm),1.22,42053.4,13213.18,17400.0,148852.06,0.0,47552.0,0.0,13213.18,0.0,0.31420004090037906,42053.4,8441.67,33611.73,55266.58,13213.18,21654.85,1.3142000409003791,1.6442646659365643,344.70000000000437,344.70000000000437,239.40000000000146,453.01000000000204,108.30999999999949,213.60999999999694,1.0,0.6945169712793688,1.3142152596460583,0.3142152596460636,0.619698288366679
Sweden,SE,2026-01,2026-01-01,sweden__standard_employee_stockholm,Suede · salarie standard (Stockholm),Sweden · standard employee (Stockholm),1.23,42398.1,13321.48,17400.0,150115.73,0.0,47552.0,0.0,13321.48,0.0,0.314199928770393,42398.1,8546.98,33851.12,55719.58,13321.48,21868.46,1.3141999287703932,1.6460188023320945,344.6999999999971,344.6999999999971,239.38999999999942,453.0,108.29999999999927,213.61000000000058,1.0,0.694487960545406,1.3141862489121086,0.314186248912098,0.6196982883667026
Sweden,SE,2026-01,2026-01-01,sweden__standard_employee_stockholm,Suede · salarie standard (Stockholm),Sweden · standard employee (Stockholm),1.24,42742.8,13429.79,17400.0,151379.4,0.0,47552.0,0.0,13429.79,0.0,0.3142000524064872,42742.8,8652.28,34090.52,56172.59,13429.79,22082.07,1.3142000524064872,1.6477481129651292,344.70000000000437,344.70000000000437,239.39999999999418,453.00999999999476,108.31000000000131,213.61000000000058,1.0,0.6945169712793476,1.3142152596460372,0.3142152596460689,0.6196982883666895
Sweden,SE,2026-01,2026-01-01,sweden__standard_employee_stockholm,Suede · salarie standard (Stockholm),Sweden · standard employee (Stockholm),1.25,43087.5,13538.09,17400.0,152643.08,0.0,47552.0,0.0,13538.09,0.0,0.31419994197853207,43087.5,8757.59,34329.91,56625.59,13538.09,22295.68,1.314199941978532,1.6494534940522707,344.6999999999971,344.6999999999971,239.3900000000067,453.0,108.29999999999927,213.61000000000058,1.0,0.694487960545427,1.3141862489121086,0.314186248912098,0.6196982883667026
Sweden,SE,2026-01,2026-01-01,sweden__standard_employee_stockholm,Suede · salarie standard (Stockholm),Sweden · standard employee (Stockholm),1.26,43432.2,13646.4,17400.0,153906.75,0.0,47552.0,0.0,13646.4,0.0,0.31420006354732205,43432.2,8862.9,34569.3,57078.6,13646.4,22509.3,1.314200063547322,1.6511355451224066,344.6999999999971,344.6999999999971,239.38999999999942,453.01000000000204,108.30999999999949,213.61999999999898,1.0,0.694487960545406,1.314215259646086,0.3142152596460702,0.6197272991006695
Sweden,SE,2026-01,2026-01-01,sweden__standard_employee_stockholm,Suede · salarie standard (Stockholm),Sweden · standard employee (Stockholm),1.27,43776.9,13754.7,17400.0,155170.42,0.0,47552.0,0.0,13754.7,0.0,0.3141999547706667,43776.9,8968.2,34808.7,57531.6,13754.7,22722.9,1.3141999547706669,1.6527936981271927,344.70000000000437,344.70000000000437,239.39999999999418,453.0,108.30000000000109,213.60000000000218,1.0,0.6945169712793476,1.3141862489120808,0.3141862489120967,0.6196692776327226
Sweden,SE,2026-01,2026-01-01,sweden__standard_employee_stockholm,Suede · salarie standard (Stockholm),Sweden · standard employee (Stockholm),1.28,44121.6,13863.01,17400.0,156434.09,0.0,47552.0,0.0,13863.01,0.0,0.3142000743400058,44121.6,9073.51,35048.09,57984.61,13863.01,22936.52,1.314200074340006,1.6544299560974651,344.6999999999971,344.6999999999971,239.38999999999942,453.01000000000204,108.30999999999949,213.61999999999898,1.0,0.694487960545406,1.314215259646086,0.3142152596460702,0.6197272991006695
Sweden,SE,2026-01,2026-01-01,sweden__standard_employee_stockholm,Suede · salarie standard (Stockholm),Sweden · standard employee (Stockholm),1.29,44466.3,13971.31,17400.0,157697.76,0.0,47552.0,0.0,13971.31,0.0,0.314199967166146,44466.3,9178.81,35287.49,58437.61,13971.31,23150.12,1.314199967166146,1.6560432606569635,344.70000000000437,344.70000000000437,239.40000000000146,453.0,108.29999999999927,213.59999999999854,1.0,0.6945169712793688,1.3141862489120808,0.3141862489120914,0.6196692776327121
Sweden,SE,2026-01,2026-01-01,sweden__standard_employee_stockholm,Suede · salarie standard (Stockholm),Sweden · standard employee (Stockholm),1.3,44811.0,14079.62,17400.0,158961.43,0.0,47552.0,0.0,14079.62,0.0,0.314200084800607,44811.0,9284.12,35526.88,58890.62,14079.62,23363.74,1.314200084800607,1.657635570587679,344.6999999999971,344.6999999999971,239.38999999999942,453.01000000000204,108.31000000000131,213.62000000000262,1.0,0.694487960545406,1.314215259646086,0.3142152596460755,0.61972729910068
Sweden,SE,2026-01,2026-01-01,sweden__standard_employee_stockholm,Suede · salarie standard (Stockholm),Sweden · standard employee (Stockholm),1.31,45155.7,14187.92,17400.0,160225.1,0.0,47552.0,0.0,14187.92,0.0,0.3141999791831374,45155.7,9389.43,35766.27,59343.62,14187.92,23577.35,1.3141999791831374,1.6592062856987881,344.6999999999971,344.6999999999971,239.38999999999942,453.0,108.29999999999927,213.60999999999694,1.0,0.694487960545406,1.3141862489121086,0.314186248912098,0.619698288366692
Sweden,SE,2026-01,2026-01-01,sweden__standard_employee_stockholm,Suede · salarie standard (Stockholm),Sweden · standard employee (Stockholm),1.32,45500.4,14296.23,17400.0,161488.77,0.0,47552.0,0.0,14296.23,0.0,0.31420009494422024,45500.4,9494.73,36005.67,59796.63,14296.23,23790.96,1.3142000949442203,1.660755930940877,344.70000000000437,344.70000000000437,239.40000000000146,453.00999999999476,108.30999999999949,213.61000000000058,1.0,0.6945169712793688,1.3142152596460372,0.3142152596460636,0.6196982883666895
Sweden,SE,2026-01,2026-01-01,sweden__standard_employee_stockholm,Suede · salarie standard (Stockholm),Sweden · standard employee (Stockholm),1.33,45845.1,14404.53,17400.0,162752.44,0.0,47552.0,0.0,14404.53,0.0,0.3141999908387156,45845.1,9600.04,36245.06,60249.63,14404.53,24004.57,1.3141999908387154,1.6622852879813137,344.6999999999971,344.6999999999971,239.38999999999942,453.0,108.30000000000109,213.61000000000058,1.0,0.694487960545406,1.3141862489121086,0.3141862489121033,0.6196982883667026
Sweden,SE,2026-01,2026-01-01,sweden__standard_employee_stockholm,Suede · salarie standard (Stockholm),Sweden · standard employee (Stockholm),1.34,46189.8,14512.84,17400.0,164016.11,0.0,47552.0,0.0,14512.84,0.0,0.3142001047850391,46189.8,9705.34,36484.46,60702.64,14512.84,24218.18,1.3142001047850391,1.6637943935582433,344.70000000000437,344.70000000000437,239.40000000000146,453.01000000000204,108.30999999999949,213.61000000000058,1.0,0.6945169712793688,1.3142152596460583,0.3142152596460636,0.6196982883666895
Sweden,SE,2026-01,2026-01-01,sweden__standard_employee_stockholm,Suede · salarie standard (Stockholm),Sweden · standard employee (Stockholm),1.35,46534.5,14621.14,17400.0,165279.78,0.0,47552.0,0.0,14621.14,0.0,0.3142000021489432,46534.5,9810.65,36723.85,61155.64,14621.14,24431.79,1.3142000021489433,1.665284004808864,344.6999999999971,344.6999999999971,239.38999999999942,453.0,108.29999999999927,213.61000000000058,1.0,0.694487960545406,1.3141862489121086,0.314186248912098,0.6196982883667026
Sweden,SE,2026-01,2026-01-01,sweden__standard_employee_stockholm,Suede · salarie standard (Stockholm),Sweden · standard employee (Stockholm),1.36,46879.2,14729.44,17400.0,166543.45,0.0,47552.0,0.0,14729.44,0.0,0.31419990102220174,46879.2,9915.95,36963.25,61608.64,14729.44,24645.39,1.3141999010222019,1.6667538703983011,344.6999999999971,344.6999999999971,239.40000000000146,453.0,108.30000000000109,213.59999999999854,1.0,0.6945169712793835,1.3141862489121086,0.3141862489121033,0.6196692776327252
Sweden,SE,2026-01,2026-01-01,sweden__standard_employee_stockholm,Suede · salarie standard (Stockholm),Sweden · standard employee (Stockholm),1.37,47223.9,14837.75,17400.0,167807.12,0.0,47552.0,0.0,14837.75,0.0,0.3142000131289453,47223.9,10021.26,37202.64,62061.65,14837.75,24859.01,1.3142000131289453,1.6682055359512122,344.70000000000437,344.70000000000437,239.38999999999942,453.01000000000204,108.30999999999949,213.61999999999898,1.0,0.6944879605453913,1.3142152596460583,0.3142152596460636,0.6197272991006565
Sweden,SE,2026-01,2026-01-01,sweden__standard_employee_stockholm,Suede · salarie standard (Stockholm),Sweden · standard employee (Stockholm),1.38,47568.6,14946.05,17400.0,169070.79,0.0,47552.0,0.0,14946.05,0.0,0.3141999133882435,47568.6,10126.57,37442.03,62514.65,14946.05,25072.62,1.3141999133882434,1.6696383716374352,344.6999999999971,344.6999999999971,239.38999999999942,453.0,108.29999999999927,213.61000000000058,1.0,0.694487960545406,1.3141862489121086,0.314186248912098,0.6196982883667026
Sweden,SE,2026-01,2026-01-01,sweden__standard_employee_stockholm,Suede · salarie standard (Stockholm),Sweden · standard employee (Stockholm),1.39,47913.3,15054.36,17400.0,170334.46,0.0,47552.0,0.0,15054.36,0.0,0.3142000237929761,47913.3,10231.87,37681.43,62967.66,15054.36,25286.23,1.314200023792976,1.6710528236322244,344.70000000000437,344.70000000000437,239.40000000000146,453.01000000000204,108.31000000000131,213.61000000000058,1.0,0.6945169712793688,1.3142152596460583,0.3142152596460689,0.6196982883666895
Sweden,SE,2026-01,2026-01-01,sweden__standard_employee_stockholm,Suede · salarie standard (Stockholm),Sweden · standard employee (Stockholm),1.4,48258.0,15162.66,17400.0,171598.13,0.0,47552.0,0.0,15162.66,0.0,0.3141999254009698,48258.0,10337.18,37920.82,63420.66,15162.66,25499.84,1.31419992540097,1.672449593653302,344.6999999999971,344.6999999999971,239.38999999999942,453.0,108.29999999999927,213.61000000000058,1.0,0.694487960545406,1.3141862489121086,0.314186248912098,0.6196982883667026
Sweden,SE,2026-01,2026-01-01,sweden__standard_employee_stockholm,Suede · salarie standard (Stockholm),Sweden · standard employee (Stockholm),1.41,48602.7,15270.97,17400.0,172861.8,0.0,47552.0,0.0,15270.97,0.0,0.3142000341544811,48602.7,10442.48,38160.22,63873.67,15270.97,25713.45,1.3142000341544813,1.6738286624133718,344.6999999999971,344.6999999999971,239.40000000000146,453.00999999999476,108.30999999999949,213.61000000000058,1.0,0.6945169712793835,1.314215259646065,0.3142152596460702,0.6196982883667026
Sweden,SE,2026-01,2026-01-01,sweden__standard_employee_stockholm,Suede · salarie standard (Stockholm),Sweden · standard employee (Stockholm),1.42,48947.4,15379.27,17400.0,174125.47,0.0,47552.0,0.0,15379.27,0.0,0.31419993707530947,48947.4,10547.79,38399.61,64326.67,15379.27,25927.06,1.3141999370753095,1.6751907115723312,344.70000000000437,344.70000000000437,239.38999999999942,453.0,108.30000000000109,213.61000000000058,1.0,0.6944879605453913,1.3141862489120808,0.3141862489120967,0.6196982883666895
Sweden,SE,2026-01,2026-01-01,sweden__standard_employee_stockholm,Suede · salarie standard (Stockholm),Sweden · standard employee (Stockholm),1.43,49292.1,15487.58,17400.0,175389.14,0.0,47552.0,0.0,15487.58,0.0,0.3142000442261539,49292.1,10653.1,38639.0,64779.68,15487.58,26140.68,1.3142000442261539,1.676536142239706,344.6999999999971,344.6999999999971,239.38999999999942,453.01000000000204,108.30999999999949,213.61999999999898,1.0,0.694487960545406,1.314215259646086,0.3142152596460702,0.6197272991006695
Sweden,SE,2026-01,2026-01-01,sweden__standard_employee_stockholm,Suede · salarie standard (Stockholm),Sweden · standard employee (Stockholm),1.44,49636.8,15595.88,17400.0,176652.81,0.0,47552.0,0.0,15595.88,0.0,0.31419994842536186,49636.8,10758.4,38878.4,65232.68,15595.88,26354.28,1.3141999484253617,1.677864315403926,344.70000000000437,344.70000000000437,239.40000000000146,453.0,108.29999999999927,213.59999999999854,1.0,0.6945169712793688,1.3141862489120808,0.3141862489120914,0.6196692776327121
Sweden,SE,2026-01,2026-01-01,sweden__standard_employee_stockholm,Suede · salarie standard (Stockholm),Sweden · standard employee (Stockholm),1.45,49981.5,15704.19,17400.0,177916.48,0.0,47552.0,0.0,15704.19,0.0,0.3142000540199874,49981.5,10863.71,39117.79,65685.69,15704.19,26567.9,1.3142000540199874,1.6791769166918684,344.6999999999971,344.6999999999971,239.38999999999942,453.01000000000204,108.31000000000131,213.62000000000262,1.0,0.694487960545406,1.314215259646086,0.3142152596460755,0.61972729910068
Sweden,SE,2026-01,2026-01-01,sweden__standard_employee_stockholm,Suede · salarie standard (Stockholm),Sweden · standard employee (Stockholm),1.46,50326.2,15812.49,17400.0,179180.15,0.0,47552.0,0.0,15812.49,0.0,0.3141999594644539,50326.2,10969.01,39357.19,66138.69,15812.49,26781.5,1.314199959464454,1.6804728691250572,344.6999999999971,344.6999999999971,239.40000000000146,453.0,108.29999999999927,213.59999999999854,1.0,0.6945169712793835,1.3141862489121086,0.314186248912098,0.6196692776327252
Sweden,SE,2026-01,2026-01-01,sweden__standard_employee_stockholm,Suede · salarie standard (Stockholm),Sweden · standard employee (Stockholm),1.47,50670.9,15920.8,17400.0,180443.82,0.0,47552.0,0.0,15920.8,0.0,0.314200063547322,50670.9,11074.32,39596.58,66591.7,15920.8,26995.12,1.3142000635473219,1.6817538282346605,344.70000000000437,344.70000000000437,239.38999999999942,453.00999999999476,108.30999999999949,213.61999999999898,1.0,0.6944879605453913,1.3142152596460372,0.3142152596460636,0.6197272991006565
Sweden,SE,2026-01,2026-01-01,sweden__standard_employee_stockholm,Suede · salarie standard (Stockholm),Sweden · standard employee (Stockholm),1.48,51015.6,16029.1,17400.0,181707.49,0.0,47552.0,0.0,16029.1,0.0,0.31419997020519214,51015.6,11179.62,39835.98,67044.7,16029.1,27208.72,1.314199970205192,1.6830187182542014,344.6999999999971,344.6999999999971,239.40000000000146,453.0,108.30000000000109,213.60000000000218,1.0,0.6945169712793835,1.3141862489121086,0.3141862489121033,0.6196692776327357
Sweden,SE,2026-01,2026-01-01,sweden__standard_employee_stockholm,Suede · salarie standard (Stockholm),Sweden · standard employee (Stockholm),1.49,51360.3,16137.41,17400.0,182971.16,0.0,47552.0,0.0,16137.41,0.0,0.3142000728188893,51360.3,11284.93,40075.37,67497.71,16137.41,27422.34,1.3142000728188894,1.6842691658242956,344.70000000000437,344.70000000000437,239.38999999999942,453.0100000000093,108.30999999999949,213.61999999999898,1.0,0.6944879605453913,1.3142152596460794,0.3142152596460636,0.6197272991006565
Sweden,SE,2026-01,2026-01-01,sweden__standard_employee_stockholm,Suede · salarie standard (Stockholm),Sweden · standard employee (Stockholm),1.5,51705.0,16245.71,17400.0,184234.83,0.0,47552.0,0.0,16245.71,0.0,0.31419998065951066,51705.0,11390.24,40314.76,67950.71,16245.71,27635.95,1.3141999806595106,1.6855045149716874,344.6999999999971,344.6999999999971,239.38999999999942,453.0,108.29999999999927,213.61000000000058,1.0,0.694487960545406,1.3141862489121086,0.314186248912098,0.6196982883667026
Sweden,SE,2026-01,2026-01-01,sweden__standard_employee_stockholm,Suede · salarie standard (Stockholm),Sweden · standard employee (Stockholm),1.51,52049.7,16354.02,17400.0,185498.5,0.0,47552.0,0.0,16354.02,0.0,0.31420008184485215,52049.7,11495.54,40554.16,68403.72,16354.02,27849.56,1.3142000818448523,1.6867251103216048,344.6999999999971,344.6999999999971,239.40000000000146,453.00999999999476,108.31000000000131,213.61000000000058,1.0,0.6945169712793835,1.314215259646065,0.3142152596460755,0.6196982883667026
Sweden,SE,2026-01,2026-01-01,sweden__standard_employee_stockholm,Suede · salarie standard (Stockholm),Sweden · standard employee (Stockholm),1.52,52394.4,16462.32,17400.0,186762.17,0.0,47552.0,0.0,16462.32,0.0,0.3141999908387156,52394.4,11600.85,40793.55,68856.72,16462.32,28063.17,1.3141999908387156,1.6879315480020738,344.70000000000437,344.70000000000437,239.38999999999942,453.0,108.29999999999927,213.60999999999694,1.0,0.6944879605453913,1.3141862489120808,0.3141862489120914,0.619698288366679
Sweden,SE,2026-01,2026-01-01,sweden__standard_employee_stockholm,Suede · salarie standard (Stockholm),Sweden · standard employee (Stockholm),1.53,52739.1,16570.63,17400.0,188025.84,0.0,47552.0,0.0,16570.63,0.0,0.3142000906348421,52739.1,11706.15,41032.95,69309.73,16570.63,28276.78,1.314200090634842,1.6891237407985533,344.6999999999971,344.6999999999971,239.39999999999418,453.00999999999476,108.31000000000131,213.61000000000058,1.0,0.6945169712793623,1.314215259646065,0.3142152596460755,0.6196982883667026
Sweden,SE,2026-01,2026-01-01,sweden__standard_employee_stockholm,Suede · salarie standard (Stockholm),Sweden · standard employee (Stockholm),1.54,53083.8,16678.93,17400.0,189289.51,0.0,47552.0,0.0,16678.93,0.0,0.31420000075352555,53083.8,11811.46,41272.34,69762.73,16678.93,28490.39,1.3142000007535257,1.6903022702371613,344.70000000000437,344.70000000000437,239.38999999999942,453.0,108.29999999999927,213.61000000000058,1.0,0.6944879605453913,1.3141862489120808,0.3141862489120914,0.6196982883666895
Sweden,SE,2026-01,2026-01-01,sweden__standard_employee_stockholm,Suede · salarie standard (Stockholm),Sweden · standard employee (Stockholm),1.55,53428.5,16787.23,17400.0,190553.18,0.0,47552.0,0.0,16787.23,0.0,0.31419991203196795,53428.5,11916.77,41511.73,70215.73,16787.23,28704.0,1.3141999120319678,1.6914672069798105,344.6999999999971,344.6999999999971,239.3900000000067,453.0,108.29999999999927,213.61000000000058,1.0,0.694487960545427,1.3141862489121086,0.314186248912098,0.6196982883667026
Sweden,SE,2026-01,2026-01-01,sweden__standard_employee_stockholm,Suede · salarie standard (Stockholm),Sweden · standard employee (Stockholm),1.56,53773.2,16895.54,17400.0,191816.85,0.0,47552.0,0.0,16895.54,0.0,0.3142000104141096,53773.2,12022.07,41751.13,70668.74,16895.54,28917.61,1.3142000104141096,1.6926186189451637,344.6999999999971,344.6999999999971,239.39999999999418,453.0100000000093,108.31000000000131,213.61000000000058,1.0,0.6945169712793623,1.3142152596461072,0.3142152596460755,0.6196982883667026
Sweden,SE,2026-01,2026-01-01,sweden__standard_employee_stockholm,Suede · salarie standard (Stockholm),Sweden · standard employee (Stockholm),1.57,54117.9,17003.84,17400.0,193080.52,0.0,47552.0,0.0,17003.84,0.0,0.31419992276123054,54117.9,12127.38,41990.52,71121.74,17003.84,29131.22,1.3141999227612307,1.6937570670713293,344.70000000000437,344.70000000000437,239.38999999999942,453.0,108.29999999999927,213.61000000000058,1.0,0.6944879605453913,1.3141862489120808,0.3141862489120914,0.6196982883666895
Sweden,SE,2026-01,2026-01-01,sweden__standard_employee_stockholm,Suede · salarie standard (Stockholm),Sweden · standard employee (Stockholm),1.58,54462.6,17112.15,17400.0,194344.19,0.0,47552.0,0.0,17112.15,0.0,0.31420001983012197,54462.6,12232.68,42229.92,71574.75,17112.15,29344.83,1.3142000198301218,1.6948824435376622,344.6999999999971,344.6999999999971,239.40000000000146,453.00999999999476,108.31000000000131,213.61000000000058,1.0,0.6945169712793835,1.314215259646065,0.3142152596460755,0.6196982883667026
Sweden,SE,2026-01,2026-01-01,sweden__standard_employee_stockholm,Suede · salarie standard (Stockholm),Sweden · standard employee (Stockholm),1.59,54807.3,17220.45,17400.0,195607.86,0.0,47552.0,0.0,17220.45,0.0,0.3141999332205746,54807.3,12337.99,42469.31,72027.75,17220.45,29558.44,1.3141999332205745,1.6959952963681302,344.70000000000437,344.70000000000437,239.38999999999942,453.0,108.29999999999927,213.60999999999694,1.0,0.6944879605453913,1.3141862489120808,0.3141862489120914,0.619698288366679
Sweden,SE,2026-01,2026-01-01,sweden__standard_employee_stockholm,Suede · salarie standard (Stockholm),Sweden · standard employee (Stockholm),1.6,55152.0,17328.76,17400.0,196871.53,284.8,47552.0,0.0,17328.76,0.0,0.31420002901073396,55152.0,12467.03,42684.97,72480.76,17328.76,29795.79,1.3142000290107339,1.698039380137786,344.6999999999971,344.6999999999971,215.6600000000035,453.00999999999476,108.30999999999767,237.35000000000218,1.0,0.6256454888308829,1.314215259646065,0.31421525964606495,0.6885697708152138
Sweden,SE,2026-01,2026-01-01,sweden__standard_employee_stockholm,Suede · salarie standard (Stockholm),Sweden · standard employee (Stockholm),1.61,55496.7,17437.06,17400.0,198135.2,1112.08,47552.0,0.0,17437.06,0.0,0.3141999434200592,55496.7,12641.27,42855.43,72933.76,17437.06,30078.33,1.3141999434200593,1.7018557508348415,344.6999999999971,344.6999999999971,170.45999999999913,453.0,108.30000000000291,282.5400000000009,1.0,0.494516971279375,1.3141862489121086,0.31418624891210856,0.8196692776327336
Sweden,SE,2026-01,2026-01-01,sweden__standard_employee_stockholm,Suede · salarie standard (Stockholm),Sweden · standard employee (Stockholm),1.62,55841.4,17545.37,17400.0,199398.87,1939.36,47552.0,0.0,17545.37,0.0,0.31420003796466417,55841.4,12815.52,43025.88,73386.77,17545.37,30360.89,1.3142000379646643,1.7056425109724658,344.70000000000437,344.70000000000437,170.4499999999971,453.0100000000093,108.30999999999767,282.5599999999977,1.0,0.4944879605453871,1.3142152596460794,0.3142152596460583,0.8197272991006501
Sweden,SE,2026-01,2026-01-01,sweden__standard_employee_stockholm,Suede · salarie standard (Stockholm),Sweden · standard employee (Stockholm),1.63,56186.1,17653.67,17400.0,200662.54,2766.64,47552.0,0.0,17653.67,0.0,0.31419995336924966,56186.1,12989.77,43196.33,73839.77,17653.67,30643.44,1.3141999533692494,1.709399154974508,344.6999999999971,344.6999999999971,170.45000000000437,453.0,108.29999999999927,282.5499999999993,1.0,0.49448796054541866,1.3141862489121086,0.314186248912098,0.8196982883667004
Sweden,SE,2026-01,2026-01-01,sweden__standard_employee_stockholm,Suede · salarie standard (Stockholm),Sweden · standard employee (Stockholm),1.64,56530.8,17761.98,17400.0,201926.21,3593.92,47552.0,0.0,17761.98,0.0,0.3142000467002059,56530.8,13164.01,43366.79,74292.78,17761.98,30925.99,1.314200046700206,1.7131261040994736,344.70000000000437,344.70000000000437,170.45999999999913,453.00999999999476,108.31000000000131,282.5500000000029,1.0,0.49451697127936456,1.3142152596460372,0.3142152596460689,0.8196982883666938
Sweden,SE,2026-01,2026-01-01,sweden__standard_employee_stockholm,Suede · salarie standard (Stockholm),Sweden · standard employee (Stockholm),1.65,56875.5,17870.28,17400.0,203189.88,4421.2,47552.0,0.0,17870.28,0.0,0.3141999630772477,56875.5,13338.26,43537.24,74745.78,17870.28,31208.54,1.3141999630772476,1.716824033861586,344.6999999999971,344.6999999999971,170.4499999999971,453.0,108.29999999999927,282.5499999999993,1.0,0.4944879605453975,1.3141862489121086,0.314186248912098,0.8196982883667004
Sweden,SE,2026-01,2026-01-01,sweden__standard_employee_stockholm,Suede · salarie standard (Stockholm),Sweden · standard employee (Stockholm),1.66,57220.2,17978.59,17400.0,204453.55,5248.48,47552.0,0.0,17978.59,0.0,0.31420005522525263,57220.2,13512.5,43707.7,75198.79,17978.59,31491.09,1.3142000552252526,1.7204929566186278,344.6999999999971,344.6999999999971,170.45999999999913,453.00999999999476,108.31000000000131,282.5499999999993,1.0,0.494516971279375,1.314215259646065,0.3142152596460755,0.8196982883667004
Sweden,SE,2026-01,2026-01-01,sweden__standard_employee_stockholm,Suede · salarie standard (Stockholm),Sweden · standard employee (Stockholm),1.67,57564.9,18086.89,17400.0,205717.22,6075.76,47552.0,0.0,18086.89,0.0,0.31419997255271875,57564.9,13686.75,43878.15,75651.79,18086.89,31773.64,1.3141999725527187,1.7241335379910048,344.70000000000437,344.70000000000437,170.45000000000437,453.0,108.29999999999927,282.5499999999993,1.0,0.4944879605454082,1.3141862489120808,0.3141862489120914,0.8196982883666832
Sweden,SE,2026-01,2026-01-01,sweden__standard_employee_stockholm,Suede · salarie standard (Stockholm),Sweden · standard employee (Stockholm),1.68,57909.6,18195.2,17400.0,206980.89,6903.04,47552.0,0.0,18195.2,0.0,0.31420006354732205,57909.6,13860.99,44048.61,76104.8,18195.2,32056.19,1.314200063547322,1.7277457790382036,344.6999999999971,344.6999999999971,170.45999999999913,453.0100000000093,108.31000000000131,282.5499999999993,1.0,0.494516971279375,1.3142152596461072,0.3142152596460755,0.8196982883667004
Sweden,SE,2026-01,2026-01-01,sweden__standard_employee_stockholm,Suede · salarie standard (Stockholm),Sweden · standard employee (Stockholm),1.69,58254.3,18303.5,17400.0,208244.56,7730.32,47552.0,0.0,18303.5,0.0,0.31419998180391834,58254.3,14035.24,44219.06,76557.8,18303.5,32338.74,1.3141999818039183,1.7313303358325571,344.70000000000437,344.70000000000437,170.4499999999971,453.0,108.29999999999927,282.5500000000029,1.0,0.4944879605453871,1.3141862489120808,0.3141862489120914,0.8196982883666938
Sweden,SE,2026-01,2026-01-01,sweden__standard_employee_stockholm,Suede · salarie standard (Stockholm),Sweden · standard employee (Stockholm),1.7,58599.0,18411.81,17400.0,209508.23,8557.6,47552.0,0.0,18411.81,0.0,0.31420007167357805,58599.0,14209.49,44389.51,77010.81,18411.81,32621.3,1.314200071673578,1.7348875894327285,344.6999999999971,344.6999999999971,170.45000000000437,453.00999999999476,108.31000000000131,282.5599999999977,1.0,0.49448796054541866,1.314215259646065,0.3142152596460755,0.8197272991006674
Sweden,SE,2026-01,2026-01-01,sweden__standard_employee_stockholm,Suede · salarie standard (Stockholm),Sweden · standard employee (Stockholm),1.71,58943.7,18520.11,17400.0,210771.9,9384.88,47552.0,0.0,18520.11,0.0,0.31419999083871564,58943.7,14383.73,44559.97,77463.81,18520.11,32903.84,1.3141999908387156,1.7384170141945785,344.6999999999971,344.6999999999971,170.45999999999913,453.0,108.29999999999927,282.53999999999724,1.0,0.494516971279375,1.3141862489121086,0.314186248912098,0.819669277632723
Sweden,SE,2026-01,2026-01-01,sweden__standard_employee_stockholm,Suede · salarie standard (Stockholm),Sweden · standard employee (Stockholm),1.72,59288.4,18628.42,17400.0,212035.57,10212.16,47552.0,0.0,18628.42,0.0,0.31420007961085133,59288.4,14557.98,44730.42,77916.82,18628.42,33186.4,1.3142000796108515,1.741920151878744,344.70000000000437,344.70000000000437,170.4499999999971,453.0100000000093,108.30999999999767,282.56000000000495,1.0,0.4944879605453871,1.3142152596460794,0.3142152596460583,0.8197272991006712
Sweden,SE,2026-01,2026-01-01,sweden__standard_employee_stockholm,Suede · salarie standard (Stockholm),Sweden · standard employee (Stockholm),1.73,59633.1,18736.72,17400.0,213299.24,11039.44,47552.0,0.0,18736.72,0.0,0.3141999996646158,59633.1,14732.22,44900.88,78369.82,18736.72,33468.94,1.3141999996646159,1.7453960813240188,344.6999999999971,344.6999999999971,170.45999999999913,453.0,108.30000000000291,282.5400000000009,1.0,0.494516971279375,1.3141862489121086,0.31418624891210856,0.8196692776327336
Sweden,SE,2026-01,2026-01-01,sweden__standard_employee_stockholm,Suede · salarie standard (Stockholm),Sweden · standard employee (Stockholm),1.74,59977.8,18845.02,17400.0,214562.91,11866.72,47552.0,0.0,18845.02,0.0,0.31419992063730245,59977.8,14906.47,45071.33,78822.82,18845.02,33751.49,1.3141999206373025,1.7488461068266679,344.70000000000437,344.70000000000437,170.45000000000437,453.0,108.29999999999927,282.54999999999563,1.0,0.4944879605454082,1.3141862489120808,0.3141862489120914,0.8196982883666726
Sweden,SE,2026-01,2026-01-01,sweden__standard_employee_stockholm,Suede · salarie standard (Stockholm),Sweden · standard employee (Stockholm),1.75,60322.5,18953.33,17400.0,215826.59,12694.0,47552.0,0.0,18953.33,0.0,0.31420000828878114,60322.5,15080.72,45241.78,79275.83,18953.33,34034.05,1.3142000082887813,1.7522703571786964,344.6999999999971,344.6999999999971,170.4499999999971,453.00999999999476,108.31000000000131,282.56000000000495,1.0,0.4944879605453975,1.314215259646065,0.3142152596460755,0.8197272991006885
Sweden,SE,2026-01,2026-01-01,sweden__standard_employee_stockholm,Suede · salarie standard (Stockholm),Sweden · standard employee (Stockholm),1.76,60667.2,19061.63,17400.0,217090.26,13521.28,47552.0,0.0,19061.63,0.0,0.31419993011050457,60667.2,15254.96,45412.24,79728.83,19061.63,34316.59,1.3141999301105045,1.7556682955960774,344.6999999999971,344.6999999999971,170.45999999999913,453.0,108.29999999999927,282.5399999999936,1.0,0.494516971279375,1.3141862489121086,0.314186248912098,0.8196692776327125
Sweden,SE,2026-01,2026-01-01,sweden__standard_employee_stockholm,Suede · salarie standard (Stockholm),Sweden · standard employee (Stockholm),1.77,61011.9,19169.94,17400.0,218353.93,14348.56,47552.0,0.0,19169.94,0.0,0.31420001671805003,61011.9,15429.21,45582.69,80181.84,19169.94,34599.15,1.31420001671805,1.7590414255937943,344.70000000000437,344.70000000000437,170.45000000000437,453.00999999999476,108.30999999999767,282.56000000000495,1.0,0.4944879605454082,1.3142152596460372,0.3142152596460583,0.8197272991006712
Sweden,SE,2026-01,2026-01-01,sweden__standard_employee_stockholm,Suede · salarie standard (Stockholm),Sweden · standard employee (Stockholm),1.78,61356.6,19278.24,17400.0,219617.6,15175.84,47552.0,0.0,19278.24,0.0,0.3141999393708257,61356.6,15603.45,45753.15,80634.84,19278.24,34881.69,1.3141999393708257,1.7623888191304862,344.6999999999971,344.6999999999971,170.45999999999913,453.0,108.30000000000291,282.5400000000009,1.0,0.494516971279375,1.3141862489121086,0.31418624891210856,0.8196692776327336
Sweden,SE,2026-01,2026-01-01,sweden__standard_employee_stockholm,Suede · salarie standard (Stockholm),Sweden · standard employee (Stockholm),1.79,61701.3,19386.55,17400.0,220881.27,16003.12,47552.0,0.0,19386.55,0.0,0.31420002495895544,61701.3,15777.7,45923.6,81087.85,19386.55,35164.25,1.3142000249589556,1.7657119650898447,344.70000000000437,344.70000000000437,170.4499999999971,453.0100000000093,108.30999999999767,282.5599999999977,1.0,0.4944879605453871,1.3142152596460794,0.3142152596460583,0.8197272991006501
Sweden,SE,2026-01,2026-01-01,sweden__standard_employee_stockholm,Suede · salarie standard (Stockholm),Sweden · standard employee (Stockholm),1.8,62046.0,19494.85,17400.0,222144.94,16830.4,47552.0,0.0,19494.85,0.0,0.3141999484253618,62046.0,15951.95,46094.05,81540.85,19494.85,35446.8,1.314199948425362,1.7690103169498015,344.6999999999971,344.6999999999971,170.45000000000437,453.0,108.29999999999927,282.5500000000029,1.0,0.49448796054541866,1.3141862489121086,0.314186248912098,0.819698288366711
Sweden,SE,2026-01,2026-01-01,sweden__standard_employee_stockholm,Suede · salarie standard (Stockholm),Sweden · standard employee (Stockholm),1.81,62390.7,19603.16,17400.0,223408.61,17657.68,47552.0,0.0,19603.16,0.0,0.3142000330177414,62390.7,16126.19,46264.51,81993.86,19603.16,35729.35,1.3142000330177412,1.7722841979737816,344.6999999999971,344.6999999999971,170.45999999999913,453.00999999999476,108.31000000000131,282.54999999999563,1.0,0.494516971279375,1.314215259646065,0.3142152596460755,0.8196982883666899
Sweden,SE,2026-01,2026-01-01,sweden__standard_employee_stockholm,Suede · salarie standard (Stockholm),Sweden · standard employee (Stockholm),1.82,62735.4,19711.46,17400.0,224672.28,18484.96,47552.0,0.0,19711.46,0.0,0.3141999572808972,62735.4,16300.44,46434.96,82446.86,19711.46,36011.9,1.3141999572808971,1.7755342095696864,344.70000000000437,344.70000000000437,170.4499999999971,453.0,108.29999999999927,282.5500000000029,1.0,0.4944879605453871,1.3141862489120808,0.3141862489120914,0.8196982883666938
Sweden,SE,2026-01,2026-01-01,sweden__standard_employee_stockholm,Suede · salarie standard (Stockholm),Sweden · standard employee (Stockholm),1.83,63080.1,19819.77,17400.0,225935.95,19312.24,47552.0,0.0,19819.77,0.0,0.314200040900379,63080.1,16474.68,46605.42,82899.87,19819.77,36294.45,1.3142000409003791,1.7787602815294874,344.6999999999971,344.6999999999971,170.45999999999913,453.00999999999476,108.31000000000131,282.54999999999563,1.0,0.494516971279375,1.314215259646065,0.3142152596460755,0.8196982883666899
Sweden,SE,2026-01,2026-01-01,sweden__standard_employee_stockholm,Suede · salarie standard (Stockholm),Sweden · standard employee (Stockholm),1.84,63424.8,19928.07,17400.0,227199.62,20139.52,47552.0,0.0,19928.07,0.0,0.31419996594392097,63424.8,16648.93,46775.87,83352.87,19928.07,36577.0,1.314199965943921,1.7819630078499875,344.70000000000437,344.70000000000437,170.45000000000437,453.0,108.29999999999927,282.5500000000029,1.0,0.4944879605454082,1.3141862489120808,0.3141862489120914,0.8196982883666938
Sweden,SE,2026-01,2026-01-01,sweden__standard_employee_stockholm,Suede · salarie standard (Stockholm),Sweden · standard employee (Stockholm),1.85,63769.5,20036.38,17400.0,228463.29,20966.8,47552.0,0.0,20036.38,0.0,0.3142000486125813,63769.5,16823.17,46946.33,83805.88,20036.38,36859.55,1.3142000486125813,1.7851423103786814,344.6999999999971,344.6999999999971,170.45999999999913,453.0100000000093,108.31000000000131,282.5500000000029,1.0,0.494516971279375,1.3142152596461072,0.3142152596460755,0.819698288366711
Sweden,SE,2026-01,2026-01-01,sweden__standard_employee_stockholm,Suede · salarie standard (Stockholm),Sweden · standard employee (Stockholm),1.86,64114.2,20144.68,17400.0,229726.96,21794.08,47552.0,0.0,20144.68,0.0,0.3141999744206431,64114.2,16997.42,47116.78,84258.88,20144.68,37142.1,1.3141999744206432,1.7882987759350277,344.6999999999971,344.6999999999971,170.4499999999971,453.0,108.29999999999927,282.54999999999563,1.0,0.4944879605453975,1.3141862489121086,0.314186248912098,0.8196982883666899
Sweden,SE,2026-01,2026-01-01,sweden__standard_employee_stockholm,Suede · salarie standard (Stockholm),Sweden · standard employee (Stockholm),1.87,64458.9,20252.99,17400.0,230990.63,22621.36,47552.0,0.0,20252.99,0.0,0.3142000561598166,64458.9,17171.67,47287.23,84711.89,20252.99,37424.66,1.3142000561598166,1.7914326975802979,344.70000000000437,344.70000000000437,170.45000000000437,453.00999999999476,108.31000000000131,282.56000000000495,1.0,0.4944879605454082,1.3142152596460372,0.3142152596460689,0.8197272991006712
Sweden,SE,2026-01,2026-01-01,sweden__standard_employee_stockholm,Suede · salarie standard (Stockholm),Sweden · standard employee (Stockholm),1.88,64803.6,20361.29,17400.0,232254.3,23448.64,47552.0,0.0,20361.29,0.0,0.31419998271700955,64803.6,17345.91,47457.69,85164.89,20361.29,37707.2,1.3141999827170097,1.794543518658409,344.6999999999971,344.6999999999971,170.45999999999913,453.0,108.29999999999927,282.5399999999936,1.0,0.494516971279375,1.3141862489121086,0.314186248912098,0.8196692776327125
Sweden,SE,2026-01,2026-01-01,sweden__standard_employee_stockholm,Suede · salarie standard (Stockholm),Sweden · standard employee (Stockholm),1.89,65148.3,20469.6,17400.0,233517.97,24275.92,47552.0,0.0,20469.6,0.0,0.31420006354732205,65148.3,17520.16,47628.14,85617.9,20469.6,37989.76,1.314200063547322,1.7976326600198957,344.70000000000437,344.70000000000437,170.4499999999971,453.00999999999476,108.30999999999767,282.56000000000495,1.0,0.4944879605453871,1.3142152596460372,0.3142152596460583,0.8197272991006712
Sweden,SE,2026-01,2026-01-01,sweden__standard_employee_stockholm,Suede · salarie standard (Stockholm),Sweden · standard employee (Stockholm),1.9,65493.0,20577.9,17400.0,234781.64,25103.2,47552.0,0.0,20577.9,0.0,0.31419999083871564,65493.0,17694.4,47798.6,86070.9,20577.9,38272.3,1.3141999908387154,1.8006991836580988,344.6999999999971,344.6999999999971,170.45999999999913,453.0,108.30000000000291,282.5400000000009,1.0,0.494516971279375,1.3141862489121086,0.31418624891210856,0.8196692776327336
Sweden,SE,2026-01,2026-01-01,sweden__standard_employee_stockholm,Suede · salarie standard (Stockholm),Sweden · standard employee (Stockholm),1.91,65837.7,20686.21,17400.0,236045.31,25930.48,47552.0,0.0,20686.21,0.0,0.31420007078011536,65837.7,17868.65,47969.05,86523.91,20686.21,38554.86,1.3142000707801154,1.8037444977542814,344.6999999999971,344.6999999999971,170.45000000000437,453.0100000000093,108.30999999999767,282.5599999999977,1.0,0.49448796054541866,1.3142152596461072,0.31421525964606495,0.8197272991006674
Sweden,SE,2026-01,2026-01-01,sweden__standard_employee_stockholm,Suede · salarie standard (Stockholm),Sweden · standard employee (Stockholm),1.92,66182.4,20794.51,17400.0,237308.98,26757.76,47552.0,0.0,20794.51,0.0,0.3141999987912194,66182.4,18042.9,48139.5,86976.91,20794.51,38837.41,1.3141999987912194,1.806768038720801,344.6999999999971,344.6999999999971,170.4499999999971,453.0,108.29999999999927,282.5500000000029,1.0,0.4944879605453975,1.3141862489121086,0.314186248912098,0.819698288366711
Sweden,SE,2026-01,2026-01-01,sweden__standard_employee_stockholm,Suede · salarie standard (Stockholm),Sweden · standard employee (Stockholm),1.93,66527.1,20902.81,17400.0,238572.65,27585.04,47552.0,0.0,20902.81,0.0,0.3141999275483225,66527.1,18217.14,48309.96,87429.91,20902.81,39119.95,1.3141999275483225,1.8097698694016722,344.70000000001164,344.70000000001164,170.45999999999913,453.0,108.30000000000291,282.5399999999936,1.0,0.4945169712793541,1.314186248912053,0.3141862489120953,0.8196692776326778
Sweden,SE,2026-01,2026-01-01,sweden__standard_employee_stockholm,Suede · salarie standard (Stockholm),Sweden · standard employee (Stockholm),1.94,66871.8,21011.12,17400.0,239836.32,28412.32,47552.0,0.0,21011.12,0.0,0.31420000657975405,66871.8,18391.39,48480.41,87882.92,21011.12,39402.51,1.314200006579754,1.8127511710400137,344.6999999999971,344.6999999999971,170.45000000000437,453.00999999999476,108.30999999999767,282.56000000000495,1.0,0.49448796054541866,1.314215259646065,0.31421525964606495,0.8197272991006885
Sweden,SE,2026-01,2026-01-01,sweden__standard_employee_stockholm,Suede · salarie standard (Stockholm),Sweden · standard employee (Stockholm),1.95,67216.5,21119.42,17400.0,241099.99,29239.6,47552.0,0.0,21119.42,0.0,0.31419993602761226,67216.5,18565.63,48650.87,88335.92,21119.42,39685.05,1.3141999360276122,1.8157110037292243,344.6999999999971,344.6999999999971,170.45999999999913,453.0,108.29999999999927,282.5400000000009,1.0,0.494516971279375,1.3141862489121086,0.314186248912098,0.8196692776327336
Sweden,SE,2026-01,2026-01-01,sweden__standard_employee_stockholm,Suede · salarie standard (Stockholm),Sweden · standard employee (Stockholm),1.96,67561.2,21227.73,17400.0,242363.66,30066.88,47552.0,0.0,21227.73,0.0,0.3142000142093391,67561.2,18739.88,48821.32,88788.93,21227.73,39967.61,1.314200014209339,1.818650745207217,344.6999999999971,344.6999999999971,170.4499999999971,453.00999999999476,108.31000000000131,282.5599999999977,1.0,0.4944879605453975,1.314215259646065,0.3142152596460755,0.8197272991006674
Sweden,SE,2026-01,2026-01-01,sweden__standard_employee_stockholm,Suede · salarie standard (Stockholm),Sweden · standard employee (Stockholm),1.97,67905.9,21336.03,17400.0,243627.33,30894.16,47552.0,0.0,21336.03,0.0,0.3141999443347338,67905.9,18914.12,48991.78,89241.93,21336.03,40250.15,1.3141999443347339,1.8215694551208386,344.6999999999971,344.6999999999971,170.45999999999913,453.0,108.29999999999927,282.5400000000009,1.0,0.494516971279375,1.3141862489121086,0.314186248912098,0.8196692776327336
Sweden,SE,2026-01,2026-01-01,sweden__standard_employee_stockholm,Suede · salarie standard (Stockholm),Sweden · standard employee (Stockholm),1.98,68250.6,21444.34,17400.0,244891.0,31721.44,47552.0,0.0,21444.34,0.0,0.314200021684791,68250.6,19088.37,49162.23,89694.94,21444.34,40532.71,1.3142000216847909,1.8244684994964626,344.70000000001164,344.70000000001164,170.45000000000437,453.0100000000093,108.31000000000131,282.5599999999977,1.0,0.4944879605453978,1.3142152596460517,0.31421525964606223,0.8197272991006328
Sweden,SE,2026-01,2026-01-01,sweden__standard_employee_stockholm,Suede · salarie standard (Stockholm),Sweden · standard employee (Stockholm),1.99,68595.3,21552.64,17400.0,246154.67,32548.72,47552.0,0.0,21552.64,0.0,0.314199952474878,68595.3,19262.62,49332.68,90147.94,21552.64,40815.26,1.314199952474878,1.8273473081129992,344.6999999999971,344.6999999999971,170.4499999999971,453.0,108.29999999999927,282.5500000000029,1.0,0.4944879605453975,1.3141862489121086,0.314186248912098,0.819698288366711
Sweden,SE,2026-01,2026-01-01,sweden__standard_employee_stockholm,Suede · salarie standard (Stockholm),Sweden · standard employee (Stockholm),2.0,68940.0,21660.95,17400.0,247418.34,33376.0,47552.0,0.0,21660.95,0.0,0.31420002901073396,68940.0,19436.86,49503.14,90600.95,21660.95,41097.81,1.3142000290107339,1.8302061242983778,344.6999999999971,344.6999999999971,170.45999999999913,453.00999999999476,108.31000000000131,282.54999999999563,1.0,0.494516971279375,1.314215259646065,0.3142152596460755,0.8196982883666899
Sweden,SE,2026-01,2026-01-01,sweden__standard_employee_stockholm,Suede · salarie standard (Stockholm),Sweden · standard employee (Stockholm),2.01,69284.7,21769.25,17400.0,248682.01,34203.28,47552.0,0.0,21769.25,0.0,0.31419996045302934,69284.7,19611.11,49673.59,91053.95,21769.25,41380.36,1.3141999604530292,1.833045487551836,344.6999999999971,344.6999999999971,170.4499999999971,453.0,108.29999999999927,282.5500000000029,1.0,0.4944879605453975,1.3141862489121086,0.314186248912098,0.819698288366711
Sweden,SE,2026-01,2026-01-01,sweden__standard_employee_stockholm,Suede · salarie standard (Stockholm),Sweden · standard employee (Stockholm),2.02,69629.4,21877.56,17400.0,249945.68,35030.56,47552.0,0.0,21877.56,0.0,0.31420003619160874,69629.4,19785.35,49844.05,91506.96,21877.56,41662.91,1.3142000361916086,1.8358652637576602,344.6999999999971,344.6999999999971,170.4600000000064,453.0100000000093,108.31000000000131,282.5500000000029,1.0,0.49451697127939614,1.3142152596461072,0.3142152596460755,0.819698288366711
Sweden,SE,2026-01,2026-01-01,sweden__standard_employee_stockholm,Suede · salarie standard (Stockholm),Sweden · standard employee (Stockholm),2.03,69974.1,21985.86,17400.0,251209.35,35857.84,47552.0,0.0,21985.86,0.0,0.3141999682739757,69974.1,19959.6,50014.5,91959.96,21985.86,41945.46,1.3141999682739758,1.8386659868638096,344.70000000001164,344.70000000001164,170.4499999999971,453.0,108.29999999999927,282.54999999999563,1.0,0.49448796054537664,1.314186248912053,0.31418624891208474,0.8196982883666554
Sweden,SE,2026-01,2026-01-01,sweden__standard_employee_stockholm,Suede · salarie standard (Stockholm),Sweden · standard employee (Stockholm),2.04,70318.8,22094.17,17400.0,252473.02,36685.12,47552.0,0.0,22094.17,0.0,0.31420004323168194,70318.8,20133.85,50184.95,92412.97,22094.17,42228.02,1.314200043231682,1.8414478842760627,344.6999999999971,344.6999999999971,170.4499999999971,453.00999999999476,108.30999999999767,282.5599999999977,1.0,0.4944879605453975,1.314215259646065,0.31421525964606495,0.8197272991006674
Sweden,SE,2026-01,2026-01-01,sweden__standard_employee_stockholm,Suede · salarie standard (Stockholm),Sweden · standard employee (Stockholm),2.05,70663.5,22202.47,17400.0,253736.69,37512.4,47552.0,0.0,22202.47,0.0,0.3141999759423182,70663.5,20308.09,50355.41,92865.97,22202.47,42510.56,1.3141999759423182,1.8442103837502266,344.6999999999971,344.6999999999971,170.4600000000064,453.0,108.30000000000291,282.5400000000009,1.0,0.49451697127939614,1.3141862489121086,0.31418624891210856,0.8196692776327336
Sweden,SE,2026-01,2026-01-01,sweden__standard_employee_stockholm,Suede · salarie standard (Stockholm),Sweden · standard employee (Stockholm),2.06,71008.2,22310.78,17400.0,255000.36,38339.68,47552.0,0.0,22310.78,0.0,0.3142000501350548,71008.2,20482.34,50525.86,93318.98,22310.78,42793.12,1.3142000501350548,1.8469548069048205,344.6999999999971,344.6999999999971,170.4499999999971,453.00999999999476,108.30999999999767,282.56000000000495,1.0,0.4944879605453975,1.314215259646065,0.31421525964606495,0.8197272991006885
Sweden,SE,2026-01,2026-01-01,sweden__standard_employee_stockholm,Suede · salarie standard (Stockholm),Sweden · standard employee (Stockholm),2.07,71352.9,22419.08,17400.0,256264.03,39166.96,47552.0,0.0,22419.08,0.0,0.3141999834624802,71352.9,20656.58,50696.32,93771.98,22419.08,43075.66,1.3141999834624802,1.8496802134750612,344.6999999999971,344.6999999999971,170.45999999999913,453.0,108.30000000000291,282.5400000000009,1.0,0.494516971279375,1.3141862489121086,0.31418624891210856,0.8196692776327336
Sweden,SE,2026-01,2026-01-01,sweden__standard_employee_stockholm,Suede · salarie standard (Stockholm),Sweden · standard employee (Stockholm),2.08,71697.6,22527.39,17400.0,257527.7,39994.24,47552.0,0.0,22527.39,0.0,0.31420005690567043,71697.6,20830.83,50866.77,94224.99,22527.39,43358.22,1.3142000569056704,1.8523879145461761,344.70000000001164,344.70000000001164,170.4499999999971,453.0100000000093,108.30999999999767,282.5599999999977,1.0,0.49448796054537664,1.3142152596460517,0.3142152596460517,0.8197272991006328
Sweden,SE,2026-01,2026-01-01,sweden__standard_employee_stockholm,Suede · salarie standard (Stockholm),Sweden · standard employee (Stockholm),2.09,72042.3,22635.69,17400.0,258791.37,40821.52,47552.0,0.0,22635.69,0.0,0.31419999083871564,72042.3,21005.07,51037.23,94677.99,22635.69,43640.76,1.3141999908387156,1.8550769702822825,344.6999999999971,344.6999999999971,170.4600000000064,453.0,108.29999999999927,282.5400000000009,1.0,0.49451697127939614,1.3141862489121086,0.314186248912098,0.8196692776327336
Sweden,SE,2026-01,2026-01-01,sweden__standard_employee_stockholm,Suede · salarie standard (Stockholm),Sweden · standard employee (Stockholm),2.1,72387.0,22744.0,17400.0,260055.04,41648.8,47552.0,0.0,22744.0,0.0,0.31420006354732205,72387.0,21179.32,51207.68,95131.0,22744.0,43923.32,1.314200063547322,1.8577486814477828,344.6999999999971,344.6999999999971,170.4499999999971,453.00999999999476,108.31000000000131,282.5599999999977,1.0,0.4944879605453975,1.314215259646065,0.3142152596460755,0.8197272991006674
Sweden,SE,2026-01,2026-01-01,sweden__standard_employee_stockholm,Suede · salarie standard (Stockholm),Sweden · standard employee (Stockholm),2.11,72731.7,22852.3,17400.0,261318.71,42476.08,47552.0,0.0,22852.3,0.0,0.31419999807511717,72731.7,21353.57,51378.13,95584.0,22852.3,44205.87,1.3141999980751173,1.8604024708567635,344.6999999999971,344.6999999999971,170.4499999999971,453.0,108.29999999999927,282.5500000000029,1.0,0.4944879605453975,1.3141862489121086,0.314186248912098,0.819698288366711
Sweden,SE,2026-01,2026-01-01,sweden__standard_employee_stockholm,Suede · salarie standard (Stockholm),Sweden · standard employee (Stockholm),2.12,73076.4,22960.6,17400.0,262582.38,43303.36,47552.0,0.0,22960.6,0.0,0.3141999332205746,73076.4,21527.81,51548.59,96037.0,22960.6,44488.41,1.3141999332205745,1.8630383488665738,344.6999999999971,344.6999999999971,170.45999999999913,453.0,108.29999999999927,282.5400000000009,1.0,0.494516971279375,1.3141862489121086,0.314186248912098,0.8196692776327336
Sweden,SE,2026-01,2026-01-01,sweden__standard_employee_stockholm,Suede · salarie standard (Stockholm),Sweden · standard employee (Stockholm),2.13,73421.1,23068.91,17400.0,263846.05,44130.64,47552.0,0.0,23068.91,0.0,0.3142000051756239,73421.1,21702.06,51719.04,96490.01,23068.91,44770.97,1.314200005175624,1.8656574058605884,344.70000000001164,344.70000000001164,170.45000000000437,453.00999999999476,108.31000000000131,282.5599999999977,1.0,0.4944879605453978,1.3142152596460095,0.31421525964606223,0.8197272991006328
Sweden,SE,2026-01,2026-01-01,sweden__standard_employee_stockholm,Suede · salarie standard (Stockholm),Sweden · standard employee (Stockholm),2.14,73765.8,23177.21,17400.0,265109.72,44957.92,47552.0,0.0,23177.21,0.0,0.3141999408940186,73765.8,21876.3,51889.5,96943.01,23177.21,45053.51,1.3141999408940188,1.8682587035912854,344.6999999999971,344.6999999999971,170.45999999999913,453.0,108.29999999999927,282.5400000000009,1.0,0.494516971279375,1.3141862489121086,0.314186248912098,0.8196692776327336
Sweden,SE,2026-01,2026-01-01,sweden__standard_employee_stockholm,Suede · salarie standard (Stockholm),Sweden · standard employee (Stockholm),2.15,74110.5,23285.52,17400.0,266373.39,45785.2,47552.0,0.0,23285.52,0.0,0.3142000121440282,74110.5,22050.55,52059.95,97396.02,23285.52,45336.07,1.3142000121440283,1.8708435179057992,344.6999999999971,344.6999999999971,170.4499999999971,453.0100000000093,108.31000000000131,282.5599999999977,1.0,0.4944879605453975,1.3142152596461072,0.3142152596460755,0.8197272991006674
Sweden,SE,2026-01,2026-01-01,sweden__standard_employee_stockholm,Suede · salarie standard (Stockholm),Sweden · standard employee (Stockholm),2.16,74455.2,23393.82,17400.0,267637.06,46612.48,47552.0,0.0,23393.82,0.0,0.31419994842536175,74455.2,22224.8,52230.4,97849.02,23393.82,45618.62,1.314199948425362,1.873411270064943,344.6999999999971,344.6999999999971,170.45000000000437,453.0,108.29999999999927,282.5500000000029,1.0,0.49448796054541866,1.3141862489121086,0.314186248912098,0.819698288366711
Sweden,SE,2026-01,2026-01-01,sweden__standard_employee_stockholm,Suede · salarie standard (Stockholm),Sweden · standard employee (Stockholm),2.17,74799.9,23502.13,17400.0,268900.73,47439.76,47552.0,0.0,23502.13,0.0,0.31420001898398264,74799.9,22399.04,52400.86,98302.03,23502.13,45901.17,1.3142000189839826,1.8759621502395192,344.6999999999971,344.6999999999971,170.45999999999913,453.00999999999476,108.31000000000131,282.54999999999563,1.0,0.494516971279375,1.314215259646065,0.3142152596460755,0.8196982883666899
Sweden,SE,2026-01,2026-01-01,sweden__standard_employee_stockholm,Suede · salarie standard (Stockholm),Sweden · standard employee (Stockholm),2.18,75144.6,23610.43,17400.0,270164.4,48267.04,47552.0,0.0,23610.43,0.0,0.31419995581851523,75144.6,22573.29,52571.31,98755.03,23610.43,46183.72,1.3141999558185151,1.878496655304956,344.70000000001164,344.70000000001164,170.4499999999971,453.0,108.29999999999927,282.5500000000029,1.0,0.49448796054537664,1.314186248912053,0.31418624891208474,0.8196982883666765
Sweden,SE,2026-01,2026-01-01,sweden__standard_employee_stockholm,Suede · salarie standard (Stockholm),Sweden · standard employee (Stockholm),2.19,75489.3,23718.74,17400.0,271428.07,49094.32,47552.0,0.0,23718.74,0.0,0.31420002569900635,75489.3,22747.53,52741.77,99208.04,23718.74,46466.27,1.3142000256990065,1.8810146113791781,344.6999999999971,344.6999999999971,170.45999999999913,453.00999999999476,108.31000000000131,282.54999999999563,1.0,0.494516971279375,1.314215259646065,0.3142152596460755,0.8196982883666899
Sweden,SE,2026-01,2026-01-01,sweden__standard_employee_stockholm,Suede · salarie standard (Stockholm),Sweden · standard employee (Stockholm),2.2,75834.0,23827.04,17400.0,272691.74,49921.6,47552.0,0.0,23827.04,0.0,0.3141999630772477,75834.0,22921.78,52912.22,99661.04,23827.04,46748.82,1.3141999630772478,1.8835165109307455,344.6999999999971,344.6999999999971,170.45000000000437,453.0,108.29999999999927,282.5500000000029,1.0,0.49448796054541866,1.3141862489121086,0.314186248912098,0.819698288366711
Sweden,SE,2026-01,2026-01-01,sweden__standard_employee_stockholm,Suede · salarie standard (Stockholm),Sweden · standard employee (Stockholm),2.21,76178.7,23935.35,17400.0,273955.41,50748.88,47552.0,0.0,23935.35,0.0,0.3142000322924912,76178.7,23096.02,53082.68,100114.05,23935.35,47031.37,1.3142000322924912,1.8860021762277264,344.6999999999971,344.6999999999971,170.45999999999913,453.0100000000093,108.30999999999767,282.5500000000029,1.0,0.494516971279375,1.3142152596461072,0.31421525964606495,0.819698288366711
Sweden,SE,2026-01,2026-01-01,sweden__standard_employee_stockholm,Suede · salarie standard (Stockholm),Sweden · standard employee (Stockholm),2.22,76523.4,24043.65,17400.0,275219.08,51576.16,47552.0,0.0,24043.65,0.0,0.31419997020519214,76523.4,23270.27,53253.13,100567.05,24043.65,47313.92,1.3141999702051923,1.8884720954430285,344.6999999999971,344.6999999999971,170.4499999999971,453.0,108.30000000000291,282.54999999999563,1.0,0.4944879605453975,1.3141862489121086,0.31418624891210856,0.8196982883666899
Sweden,SE,2026-01,2026-01-01,sweden__standard_employee_stockholm,Suede · salarie standard (Stockholm),Sweden · standard employee (Stockholm),2.23,76868.1,24151.96,17400.0,276482.75,52403.44,47552.0,0.0,24151.96,0.0,0.31420003876770725,76868.1,23444.52,53423.58,101020.06,24151.96,47596.48,1.314200038767707,1.8909264410958606,344.70000000001164,344.70000000001164,170.45000000000437,453.00999999999476,108.30999999999767,282.56000000000495,1.0,0.4944879605453978,1.3142152596460095,0.3142152596460517,0.8197272991006539
Sweden,SE,2026-01,2026-01-01,sweden__standard_employee_stockholm,Suede · salarie standard (Stockholm),Sweden · standard employee (Stockholm),2.24,77212.8,24260.26,17400.0,277746.42,53230.72,47552.0,0.0,24260.26,0.0,0.31419997720585185,77212.8,23618.76,53594.04,101473.06,24260.26,47879.02,1.314199977205852,1.89336463532139,344.6999999999971,344.6999999999971,170.45999999999913,453.0,108.29999999999927,282.5399999999936,1.0,0.494516971279375,1.3141862489121086,0.314186248912098,0.8196692776327125
Sweden,SE,2026-01,2026-01-01,sweden__standard_employee_stockholm,Suede · salarie standard (Stockholm),Sweden · standard employee (Stockholm),2.25,77557.5,24368.57,17400.0,279010.1,54058.0,47552.0,0.0,24368.57,0.0,0.3142000451278084,77557.5,23793.01,53764.49,101926.07,24368.57,48161.58,1.3142000451278084,1.8957879075947712,344.6999999999971,344.6999999999971,170.4499999999971,453.0100000000093,108.31000000000131,282.56000000000495,1.0,0.4944879605453975,1.3142152596461072,0.3142152596460755,0.8197272991006885
Sweden,SE,2026-01,2026-01-01,sweden__standard_employee_stockholm,Suede · salarie standard (Stockholm),Sweden · standard employee (Stockholm),2.26,77902.2,24476.87,17400.0,280273.77,54885.28,47552.0,0.0,24476.87,0.0,0.31419998408260613,77902.2,23967.25,53934.95,102379.07,24476.87,48444.12,1.3141999840826062,1.8981953260362714,344.6999999999971,344.6999999999971,170.45999999999913,453.0,108.29999999999927,282.5400000000009,1.0,0.494516971279375,1.3141862489121086,0.314186248912098,0.8196692776327336
Sweden,SE,2026-01,2026-01-01,sweden__standard_employee_stockholm,Suede · salarie standard (Stockholm),Sweden · standard employee (Stockholm),2.27,78246.9,24585.18,17400.0,281537.44,55712.56,47552.0,0.0,24585.18,0.0,0.3142000513758373,78246.9,24141.5,54105.4,102832.08,24585.18,48726.68,1.3142000513758372,1.9005881113530256,344.6999999999971,344.6999999999971,170.45000000000437,453.00999999999476,108.31000000000131,282.5599999999977,1.0,0.49448796054541866,1.314215259646065,0.3142152596460755,0.8197272991006674
Sweden,SE,2026-01,2026-01-01,sweden__standard_employee_stockholm,Suede · salarie standard (Stockholm),Sweden · standard employee (Stockholm),2.28,78591.6,24693.48,17400.0,282801.11,56539.84,47552.0,0.0,24693.48,0.0,0.31419999083871564,78591.6,24315.75,54275.85,103285.08,24693.48,49009.23,1.3141999908387156,1.902965683632776,344.70000000001164,344.70000000001164,170.4499999999971,453.0,108.29999999999927,282.5500000000029,1.0,0.49448796054537664,1.314186248912053,0.31418624891208474,0.8196982883666765
Sweden,SE,2026-01,2026-01-01,sweden__standard_employee_stockholm,Suede · salarie standard (Stockholm),Sweden · standard employee (Stockholm),2.29,78936.3,24801.79,17400.0,284064.78,57367.12,47552.0,0.0,24801.79,0.0,0.31420005751473024,78936.3,24489.99,54446.31,103738.09,24801.79,49291.78,1.3142000575147301,1.905328203141774,344.6999999999971,344.6999999999971,170.45999999999913,453.00999999999476,108.31000000000131,282.54999999999563,1.0,0.494516971279375,1.314215259646065,0.3142152596460755,0.8196982883666899
Sweden,SE,2026-01,2026-01-01,sweden__standard_employee_stockholm,Suede · salarie standard (Stockholm),Sweden · standard employee (Stockholm),2.3,79281.0,24910.09,17400.0,285328.45,58194.4,47552.0,0.0,24910.09,0.0,0.31419999747732746,79281.0,24664.24,54616.76,104191.09,24910.09,49574.33,1.3141999974773275,1.9076761419022294,344.6999999999971,344.6999999999971,170.45000000000437,453.0,108.29999999999927,282.5500000000029,1.0,0.49448796054541866,1.3141862489121086,0.314186248912098,0.819698288366711
Sweden,SE,2026-01,2026-01-01,sweden__standard_employee_stockholm,Suede · salarie standard (Stockholm),Sweden · standard employee (Stockholm),2.31,79625.7,25018.39,17400.0,286592.12,59021.68,47552.0,0.0,25018.39,0.0,0.3141999379597291,79625.7,24838.48,54787.22,104644.09,25018.39,49856.87,1.3141999379597291,1.910009122565445,344.6999999999971,344.6999999999971,170.45999999999913,453.0,108.29999999999927,282.5400000000009,1.0,0.494516971279375,1.3141862489121086,0.314186248912098,0.8196692776327336
Sweden,SE,2026-01,2026-01-01,sweden__standard_employee_stockholm,Suede · salarie standard (Stockholm),Sweden · standard employee (Stockholm),2.32,79970.4,25126.7,17400.0,287855.79,59848.96,47552.0,0.0,25126.7,0.0,0.31420000400148057,79970.4,25012.73,54957.67,105097.1,25126.7,50139.43,1.3142000040014805,1.9123281609282197,344.6999999999971,344.6999999999971,170.4499999999971,453.0100000000093,108.31000000000131,282.5599999999977,1.0,0.4944879605453975,1.3142152596461072,0.3142152596460755,0.8197272991006674
Sweden,SE,2026-01,2026-01-01,sweden__standard_employee_stockholm,Suede · salarie standard (Stockholm),Sweden · standard employee (Stockholm),2.33,80315.1,25235.0,17400.0,289119.46,60676.24,47552.0,0.0,25235.0,0.0,0.3141999449667621,80315.1,25186.98,55128.12,105550.1,25235.0,50421.98,1.314199944966762,1.914632677479297,344.70000000001164,344.70000000001164,170.45000000000437,453.0,108.29999999999927,282.5500000000029,1.0,0.4944879605453978,1.314186248912053,0.31418624891208474,0.8196982883666765
Sweden,SE,2026-01,2026-01-01,sweden__standard_employee_stockholm,Suede · salarie standard (Stockholm),Sweden · standard employee (Stockholm),2.34,80659.8,25343.31,17400.0,290383.13,61503.52,47552.0,0.0,25343.31,0.0,0.31420001041410967,80659.8,25361.22,55298.58,106003.11,25343.31,50704.53,1.3142000104141096,1.9169228215263396,344.6999999999971,344.6999999999971,170.45999999999913,453.00999999999476,108.31000000000131,282.54999999999563,1.0,0.494516971279375,1.314215259646065,0.3142152596460755,0.8196982883666899
Sweden,SE,2026-01,2026-01-01,sweden__standard_employee_stockholm,Suede · salarie standard (Stockholm),Sweden · standard employee (Stockholm),2.35,81004.5,25451.61,17400.0,291646.8,62330.8,47552.0,0.0,25451.61,0.0,0.3141999518545266,81004.5,25535.47,55469.03,106456.11,25451.61,50987.08,1.3141999518545266,1.9191990557613863,344.6999999999971,344.6999999999971,170.4499999999971,453.0,108.29999999999927,282.5500000000029,1.0,0.4944879605453975,1.3141862489121086,0.314186248912098,0.819698288366711
Sweden,SE,2026-01,2026-01-01,sweden__standard_employee_stockholm,Suede · salarie standard (Stockholm),Sweden · standard employee (Stockholm),2.36,81349.2,25559.92,17400.0,292910.47,63158.08,47552.0,0.0,25559.92,0.0,0.3142000167180501,81349.2,25709.71,55639.49,106909.12,25559.92,51269.63,1.31420001671805,1.9214611780230193,344.6999999999971,344.6999999999971,170.45999999999913,453.00999999999476,108.30999999999767,282.54999999999563,1.0,0.494516971279375,1.314215259646065,0.31421525964606495,0.8196982883666899
Sweden,SE,2026-01,2026-01-01,sweden__standard_employee_stockholm,Suede · salarie standard (Stockholm),Sweden · standard employee (Stockholm),2.37,81693.9,25668.22,17400.0,294174.14,63985.36,47552.0,0.0,25668.22,0.0,0.31419995862604183,81693.9,25883.96,55809.94,107362.12,25668.22,51552.18,1.3141999586260418,1.9237096474212299,344.6999999999971,344.6999999999971,170.45000000000437,453.0,108.30000000000291,282.5500000000029,1.0,0.49448796054541866,1.3141862489121086,0.31418624891210856,0.819698288366711
Sweden,SE,2026-01,2026-01-01,sweden__standard_employee_stockholm,Suede · salarie standard (Stockholm),Sweden · standard employee (Stockholm),2.38,82038.6,25776.53,17400.0,295437.81,64812.64,47552.0,0.0,25776.53,0.0,0.314200022916042,82038.6,26058.2,55980.4,107815.13,25776.53,51834.73,1.314200022916042,1.9259442590621003,344.70000000001164,344.70000000001164,170.45999999999913,453.0100000000093,108.30999999999767,282.5500000000029,1.0,0.4945169712793541,1.3142152596460517,0.3142152596460517,0.8196982883666765
Sweden,SE,2026-01,2026-01-01,sweden__standard_employee_stockholm,Suede · salarie standard (Stockholm),Sweden · standard employee (Stockholm),2.39,82383.3,25884.83,17400.0,296701.48,65639.92,47552.0,0.0,25884.83,0.0,0.3141999652842263,82383.3,26232.45,56150.85,108268.13,25884.83,52117.28,1.3141999652842262,1.9281654685547946,344.6999999999971,344.6999999999971,170.4499999999971,453.0,108.30000000000291,282.54999999999563,1.0,0.4944879605453975,1.3141862489121086,0.31418624891210856,0.8196982883666899
Sweden,SE,2026-01,2026-01-01,sweden__standard_employee_stockholm,Suede · salarie standard (Stockholm),Sweden · standard employee (Stockholm),2.4,82728.0,25993.14,17400.0,297965.15,66467.2,47552.0,0.0,25993.14,0.0,0.31420002901073396,82728.0,26406.7,56321.3,108721.14,25993.14,52399.84,1.314200029010734,1.9303734111250983,344.6999999999971,344.6999999999971,170.45000000000437,453.00999999999476,108.30999999999767,282.5599999999977,1.0,0.49448796054541866,1.314215259646065,0.31421525964606495,0.8197272991006674
Sweden,SE,2026-01,2026-01-01,sweden__standard_employee_stockholm,Suede · salarie standard (Stockholm),Sweden · standard employee (Stockholm),2.41,83072.7,26101.44,17400.0,299228.82,67294.48,47552.0,0.0,26101.44,0.0,0.3141999718319014,83072.7,26580.94,56491.76,109174.14,26101.44,52682.38,1.3141999718319015,1.9325675107307685,344.6999999999971,344.6999999999971,170.45999999999913,453.0,108.29999999999927,282.5400000000009,1.0,0.494516971279375,1.3141862489121086,0.314186248912098,0.8196692776327336
Sweden,SE,2026-01,2026-01-01,sweden__standard_employee_stockholm,Suede · salarie standard (Stockholm),Sweden · standard employee (Stockholm),2.42,83417.4,26209.75,17400.0,300492.49,68121.76,47552.0,0.0,26209.75,0.0,0.3142000350046873,83417.4,26755.19,56662.21,109627.15,26209.75,52964.94,1.3142000350046872,1.9347489270185545,344.6999999999971,344.6999999999971,170.4499999999971,453.00999999999476,108.31000000000131,282.56000000000495,1.0,0.4944879605453975,1.314215259646065,0.3142152596460755,0.8197272991006885
Sweden,SE,2026-01,2026-01-01,sweden__standard_employee_stockholm,Suede · salarie standard (Stockholm),Sweden · standard employee (Stockholm),2.43,83762.1,26318.05,17400.0,301756.16,68949.04,47552.0,0.0,26318.05,0.0,0.3141999782717959,83762.1,26929.43,56832.67,110080.15,26318.05,53247.48,1.314199978271796,1.9369167417261937,344.70000000001164,344.70000000001164,170.45999999999913,453.0,108.29999999999927,282.5400000000009,1.0,0.4945169712793541,1.314186248912053,0.31418624891208474,0.8196692776326989
Sweden,SE,2026-01,2026-01-01,sweden__standard_employee_stockholm,Suede · salarie standard (Stockholm),Sweden · standard employee (Stockholm),2.44,84106.8,26426.36,17400.0,303019.83,69776.32,47552.0,0.0,26426.36,0.0,0.31420004090037906,84106.8,27103.68,57003.12,110533.16,26426.36,53530.04,1.3142000409003791,1.9390721069302872,344.6999999999971,344.6999999999971,170.45000000000437,453.0100000000093,108.31000000000131,282.5599999999977,1.0,0.49448796054541866,1.3142152596461072,0.3142152596460755,0.8197272991006674
Sweden,SE,2026-01,2026-01-01,sweden__standard_employee_stockholm,Suede · salarie standard (Stockholm),Sweden · standard employee (Stockholm),2.45,84451.5,26534.66,17400.0,304283.5,70603.6,47552.0,0.0,26534.66,0.0,0.3141999846065493,84451.5,27277.93,57173.57,110986.16,26534.66,53812.59,1.3141999846065493,1.941214445765762,344.6999999999971,344.6999999999971,170.4499999999971,453.0,108.29999999999927,282.54999999999563,1.0,0.4944879605453975,1.3141862489121086,0.314186248912098,0.8196982883666899
Sweden,SE,2026-01,2026-01-01,sweden__standard_employee_stockholm,Suede · salarie standard (Stockholm),Sweden · standard employee (Stockholm),2.46,84796.2,26642.97,17400.0,305547.17,71430.88,47552.0,0.0,26642.97,0.0,0.3142000467002059,84796.2,27452.17,57344.03,111439.17,26642.97,54095.14,1.314200046700206,1.943343884271824,344.6999999999971,344.6999999999971,170.45999999999913,453.00999999999476,108.31000000000131,282.5500000000029,1.0,0.494516971279375,1.314215259646065,0.3142152596460755,0.819698288366711
Sweden,SE,2026-01,2026-01-01,sweden__standard_employee_stockholm,Suede · salarie standard (Stockholm),Sweden · standard employee (Stockholm),2.47,85140.9,26751.27,17400.0,306810.84,72258.16,47552.0,0.0,26751.27,0.0,0.3141999908387156,85140.9,27626.42,57514.48,111892.17,26751.27,54377.69,1.3141999908387156,1.9454608648117828,344.6999999999971,344.6999999999971,170.45000000000437,453.0,108.29999999999927,282.5500000000029,1.0,0.49448796054541866,1.3141862489121086,0.314186248912098,0.819698288366711
Sweden,SE,2026-01,2026-01-01,sweden__standard_employee_stockholm,Suede · salarie standard (Stockholm),Sweden · standard employee (Stockholm),2.48,85485.6,26859.58,17400.0,308074.51,73085.44,47552.0,0.0,26859.58,0.0,0.3142000524064872,85485.6,27800.66,57684.94,112345.18,26859.58,54660.24,1.3142000524064872,1.94756517038936,344.70000000001164,344.70000000001164,170.45999999999913,453.00999999999476,108.31000000000131,282.54999999999563,1.0,0.4945169712793541,1.3142152596460095,0.31421525964606223,0.8196982883666554
Sweden,SE,2026-01,2026-01-01,sweden__standard_employee_stockholm,Suede · salarie standard (Stockholm),Sweden · standard employee (Stockholm),2.49,85830.3,26967.88,17400.0,309338.18,73912.72,47552.0,0.0,26967.88,0.0,0.3141999969707667,85830.3,27974.91,57855.39,112798.18,26967.88,54942.79,1.3141999969707667,1.9496572402329326,344.6999999999971,344.6999999999971,170.4499999999971,453.0,108.29999999999927,282.5500000000029,1.0,0.4944879605453975,1.3141862489121086,0.314186248912098,0.819698288366711
Sweden,SE,2026-01,2026-01-01,sweden__standard_employee_stockholm,Suede · salarie standard (Stockholm),Sweden · standard employee (Stockholm),2.5,86175.0,27076.19,17400.0,310601.85,74740.0,47552.0,0.0,27076.19,0.0,0.31420005802146794,86175.0,28149.15,58025.85,113251.19,27076.19,55225.34,1.3142000580214679,1.9517368552119445,344.6999999999971,344.6999999999971,170.45999999999913,453.0100000000093,108.30999999999767,282.54999999999563,1.0,0.494516971279375,1.3142152596461072,0.31421525964606495,0.8196982883666899
Sweden,SE,2026-01,2026-01-01,sweden__standard_employee_stockholm,Suede · salarie standard (Stockholm),Sweden · standard employee (Stockholm),2.51,86519.7,27184.49,17400.0,311865.52,75567.28,47552.0,0.0,27184.49,0.0,0.314200003005096,86519.7,28323.4,58196.3,113704.19,27184.49,55507.89,1.314200003005096,1.9538044514857476,344.6999999999971,344.6999999999971,170.45000000000437,453.0,108.30000000000291,282.5500000000029,1.0,0.49448796054541866,1.3141862489121086,0.31418624891210856,0.819698288366711
Sweden,SE,2026-01,2026-01-01,sweden__standard_employee_stockholm,Suede · salarie standard (Stockholm),Sweden · standard employee (Stockholm),2.52,86864.4,27292.79,17400.0,313129.19,76394.56,47552.0,0.0,27292.79,0.0,0.31419994842536186,86864.4,28497.65,58366.75,114157.19,27292.79,55790.44,1.314199948425362,1.9558599716448153,344.6999999999971,344.6999999999971,170.4499999999971,453.0,108.29999999999927,282.5500000000029,1.0,0.4944879605453975,1.3141862489121086,0.314186248912098,0.819698288366711
Sweden,SE,2026-01,2026-01-01,sweden__standard_employee_stockholm,Suede · salarie standard (Stockholm),Sweden · standard employee (Stockholm),2.53,87209.1,27401.1,17400.0,314392.86,77221.84,47552.0,0.0,27401.1,0.0,0.3142000089440208,87209.1,28671.89,58537.21,114610.2,27401.1,56072.99,1.3142000089440207,1.957903357539589,344.70000000001164,344.70000000001164,170.45999999999913,453.00999999999476,108.30999999999767,282.54999999999563,1.0,0.4945169712793541,1.3142152596460095,0.3142152596460517,0.8196982883666554
Sweden,SE,2026-01,2026-01-01,sweden__standard_employee_stockholm,Suede · salarie standard (Stockholm),Sweden · standard employee (Stockholm),2.54,87553.8,27509.4,17400.0,315656.53,78049.12,47552.0,0.0,27509.4,0.0,0.3141999547706667,87553.8,28846.14,58707.66,115063.2,27509.4,56355.54,1.3141999547706669,1.9599350408447553,344.6999999999971,344.6999999999971,170.45000000000437,453.0,108.30000000000291,282.5500000000029,1.0,0.49448796054541866,1.3141862489121086,0.31418624891210856,0.819698288366711
Sweden,SE,2026-01,2026-01-01,sweden__standard_employee_stockholm,Suede · salarie standard (Stockholm),Sweden · standard employee (Stockholm),2.55,87898.5,27617.71,17400.0,316920.2,78876.4,47552.0,0.0,27617.71,0.0,0.31420001478978593,87898.5,29020.38,58878.12,115516.21,27617.71,56638.09,1.3142000147897859,1.9619547974697562,344.6999999999971,344.6999999999971,170.45999999999913,453.0100000000093,108.30999999999767,282.54999999999563,1.0,0.494516971279375,1.3142152596461072,0.31421525964606495,0.8196982883666899
Sweden,SE,2026-01,2026-01-01,sweden__standard_employee_stockholm,Suede · salarie standard (Stockholm),Sweden · standard employee (Stockholm),2.56,88243.2,27726.01,17400.0,318183.87,79703.68,47552.0,0.0,27726.01,0.0,0.31419996101682623,88243.2,29194.63,59048.57,115969.21,27726.01,56920.64,1.3141999610168262,1.9639630561756196,344.6999999999971,344.6999999999971,170.4499999999971,453.0,108.29999999999927,282.5500000000029,1.0,0.4944879605453975,1.3141862489121086,0.314186248912098,0.819698288366711
Sweden,SE,2026-01,2026-01-01,sweden__standard_employee_stockholm,Suede · salarie standard (Stockholm),Sweden · standard employee (Stockholm),2.57,88587.9,27834.32,17400.0,319447.54,80530.96,47552.0,0.0,27834.32,0.0,0.31420002054456647,88587.9,29368.88,59219.02,116422.22,27834.32,57203.2,1.3142000205445665,1.9659599230112221,344.6999999999971,344.6999999999971,170.4499999999971,453.00999999999476,108.31000000000131,282.5599999999977,1.0,0.4944879605453975,1.314215259646065,0.3142152596460755,0.8197272991006674
Sweden,SE,2026-01,2026-01-01,sweden__standard_employee_stockholm,Suede · salarie standard (Stockholm),Sweden · standard employee (Stockholm),2.58,88932.6,27942.62,17400.0,320711.21,81358.24,47552.0,0.0,27942.62,0.0,0.314199967166146,88932.6,29543.12,59389.48,116875.22,27942.62,57485.74,1.314199967166146,1.967944827939224,344.70000000001164,344.70000000001164,170.4600000000064,453.0,108.29999999999927,282.5400000000009,1.0,0.4945169712793752,1.314186248912053,0.31418624891208474,0.8196692776326989
Sweden,SE,2026-01,2026-01-01,sweden__standard_employee_stockholm,Suede · salarie standard (Stockholm),Sweden · standard employee (Stockholm),2.59,89277.3,28050.93,17400.0,321974.88,82185.52,47552.0,0.0,28050.93,0.0,0.3142000262104701,89277.3,29717.37,59559.93,117328.23,28050.93,57768.3,1.31420002621047,1.9699188699516603,344.6999999999971,344.6999999999971,170.4499999999971,453.00999999999476,108.31000000000131,282.56000000000495,1.0,0.4944879605453975,1.314215259646065,0.3142152596460755,0.8197272991006885
Sweden,SE,2026-01,2026-01-01,sweden__standard_employee_stockholm,Suede · salarie standard (Stockholm),Sweden · standard employee (Stockholm),2.6,89622.0,28159.23,17400.0,323238.55,83012.8,47552.0,0.0,28159.23,0.0,0.31419997322086096,89622.0,29891.61,59730.39,117781.23,28159.23,58050.84,1.314199973220861,1.9718811479382605,344.6999999999971,344.6999999999971,170.45999999999913,453.0,108.29999999999927,282.5399999999936,1.0,0.494516971279375,1.3141862489121086,0.314186248912098,0.8196692776327125
Sweden,SE,2026-01,2026-01-01,sweden__standard_employee_stockholm,Suede · salarie standard (Stockholm),Sweden · standard employee (Stockholm),2.61,89966.7,28267.54,17400.0,324502.22,83840.08,47552.0,0.0,28267.54,0.0,0.3142000317895399,89966.7,30065.86,59900.84,118234.24,28267.54,58333.4,1.31420003178954,1.9738327542652156,344.6999999999971,344.6999999999971,170.4499999999971,453.0100000000093,108.31000000000131,282.56000000000495,1.0,0.4944879605453975,1.3142152596461072,0.3142152596460755,0.8197272991006885
Sweden,SE,2026-01,2026-01-01,sweden__standard_employee_stockholm,Suede · salarie standard (Stockholm),Sweden · standard employee (Stockholm),2.62,90311.4,28375.84,17400.0,325765.89,84667.36,47552.0,0.0,28375.84,0.0,0.3141999791831374,90311.4,30240.1,60071.3,118687.24,28375.84,58615.94,1.3141999791831374,1.975772790001215,344.6999999999971,344.6999999999971,170.4600000000064,453.0,108.29999999999927,282.5400000000009,1.0,0.49451697127939614,1.3141862489121086,0.314186248912098,0.8196692776327336
Sweden,SE,2026-01,2026-01-01,sweden__standard_employee_stockholm,Suede · salarie standard (Stockholm),Sweden · standard employee (Stockholm),2.63,90656.1,28484.15,17400.0,327029.56,85494.64,47552.0,0.0,28484.15,0.0,0.314200037283757,90656.1,30414.35,60241.75,119140.25,28484.15,58898.5,1.314200037283757,1.9777023409844503,344.70000000001164,344.70000000001164,170.4499999999971,453.00999999999476,108.31000000000131,282.5599999999977,1.0,0.49448796054537664,1.3142152596460095,0.31421525964606223,0.8197272991006328
Sweden,SE,2026-01,2026-01-01,sweden__standard_employee_stockholm,Suede · salarie standard (Stockholm),Sweden · standard employee (Stockholm),2.64,91000.8,28592.45,17400.0,328293.23,86321.92,47552.0,0.0,28592.45,0.0,0.31419998505507646,91000.8,30588.6,60412.2,119593.25,28592.45,59181.05,1.3141999850550763,1.9796208381750704,344.6999999999971,344.6999999999971,170.4499999999971,453.0,108.29999999999927,282.5500000000029,1.0,0.4944879605453975,1.3141862489121086,0.314186248912098,0.819698288366711
Sweden,SE,2026-01,2026-01-01,sweden__standard_employee_stockholm,Suede · salarie standard (Stockholm),Sweden · standard employee (Stockholm),2.65,91345.5,28700.76,17400.0,329556.9,87149.2,47552.0,0.0,28700.76,0.0,0.3142000426950424,91345.5,30762.84,60582.66,120046.26,28700.76,59463.6,1.3142000426950424,1.9815283779219992,344.6999999999971,344.6999999999971,170.4600000000064,453.00999999999476,108.30999999999767,282.54999999999563,1.0,0.49451697127939614,1.314215259646065,0.31421525964606495,0.8196982883666899
Sweden,SE,2026-01,2026-01-01,sweden__standard_employee_stockholm,Suede · salarie standard (Stockholm),Sweden · standard employee (Stockholm),2.66,91690.2,28809.06,17400.0,330820.57,87976.48,47552.0,0.0,28809.06,0.0,0.3141999908387156,91690.2,30937.09,60753.11,120499.26,28809.06,59746.15,1.3141999908387154,1.9834253752606241,344.6999999999971,344.6999999999971,170.4499999999971,453.0,108.30000000000291,282.5500000000029,1.0,0.4944879605453975,1.3141862489121086,0.31418624891210856,0.819698288366711
Sweden,SE,2026-01,2026-01-01,sweden__standard_employee_stockholm,Suede · salarie standard (Stockholm),Sweden · standard employee (Stockholm),2.67,92034.9,28917.37,17400.0,332084.24,88803.76,47552.0,0.0,28917.37,0.0,0.31420004802525997,92034.9,31111.33,60923.57,120952.27,28917.37,60028.7,1.31420004802526,1.9853115961523595,344.6999999999971,344.6999999999971,170.45999999999913,453.0100000000093,108.30999999999767,282.54999999999563,1.0,0.494516971279375,1.3142152596461072,0.31421525964606495,0.8196982883666899
Sweden,SE,2026-01,2026-01-01,sweden__standard_employee_stockholm,Suede · salarie standard (Stockholm),Sweden · standard employee (Stockholm),2.68,92379.6,29025.67,17400.0,333347.91,89631.04,47552.0,0.0,29025.67,0.0,0.3141999965360317,92379.6,31285.58,61094.02,121405.27,29025.67,60311.25,1.3141999965360318,1.9871874530436857,344.70000000001164,344.70000000001164,170.4499999999971,453.0,108.29999999999927,282.5500000000029,1.0,0.49448796054537664,1.314186248912053,0.31418624891208474,0.8196982883666765
Sweden,SE,2026-01,2026-01-01,sweden__standard_employee_stockholm,Suede · salarie standard (Stockholm),Sweden · standard employee (Stockholm),2.69,92724.3,29133.98,17400.0,334611.58,90458.32,47552.0,0.0,29133.98,0.0,0.31420005327621775,92724.3,31459.83,61264.47,121858.28,29133.98,60593.81,1.3142000532762177,1.989053035144187,344.6999999999971,344.6999999999971,170.45000000000437,453.00999999999476,108.31000000000131,282.5599999999977,1.0,0.49448796054541866,1.314215259646065,0.3142152596460755,0.8197272991006674
Sweden,SE,2026-01,2026-01-01,sweden__standard_employee_stockholm,Suede · salarie standard (Stockholm),Sweden · standard employee (Stockholm),2.7,93069.0,29242.28,17400.0,335875.25,91285.6,47552.0,0.0,29242.28,0.0,0.3142000021489432,93069.0,31634.07,61434.93,122311.28,29242.28,60876.35,1.3142000021489433,1.9909077783599656,344.6999999999971,344.6999999999971,170.45999999999913,453.0,108.29999999999927,282.5400000000009,1.0,0.494516971279375,1.3141862489121086,0.314186248912098,0.8196692776327336
Sweden,SE,2026-01,2026-01-01,sweden__standard_employee_stockholm,Suede · salarie standard (Stockholm),Sweden · standard employee (Stockholm),2.71,93413.7,29350.58,17400.0,337138.92,92112.88,47552.0,0.0,29350.58,0.0,0.3141999513989918,93413.7,31808.32,61605.38,122764.28,29350.58,61158.9,1.314199951398992,1.9927525810245794,344.6999999999971,344.6999999999971,170.4499999999971,453.0,108.30000000000291,282.5500000000029,1.0,0.4944879605453975,1.3141862489121086,0.31418624891210856,0.819698288366711
Sweden,SE,2026-01,2026-01-01,sweden__standard_employee_stockholm,Suede · salarie standard (Stockholm),Sweden · standard employee (Stockholm),2.72,93758.4,29458.89,17400.0,338402.59,92940.16,47552.0,0.0,29458.89,0.0,0.3142000076793119,93758.4,31982.56,61775.84,123217.29,29458.89,61441.45,1.3142000076793119,1.994587042442482,344.6999999999971,344.6999999999971,170.45999999999913,453.00999999999476,108.30999999999767,282.54999999999563,1.0,0.494516971279375,1.314215259646065,0.31421525964606495,0.8196982883666899
Sweden,SE,2026-01,2026-01-01,sweden__standard_employee_stockholm,Suede · salarie standard (Stockholm),Sweden · standard employee (Stockholm),2.73,94103.1,29567.19,17400.0,339666.26,93767.44,47552.0,0.0,29567.19,0.0,0.31419995728089717,94103.1,32156.81,61946.29,123670.29,29567.19,61724.0,1.3141999572808973,1.9964115687961295,344.70000000001164,344.70000000001164,170.45000000000437,453.0,108.29999999999927,282.5500000000029,1.0,0.4944879605453978,1.314186248912053,0.31418624891208474,0.8196982883666765
Sweden,SE,2026-01,2026-01-01,sweden__standard_employee_stockholm,Suede · salarie standard (Stockholm),Sweden · standard employee (Stockholm),2.74,94447.8,29675.5,17400.0,340929.93,94594.72,47552.0,0.0,29675.5,0.0,0.3142000131289453,94447.8,32331.05,62116.75,124123.3,29675.5,62006.55,1.3142000131289453,1.9982259213497164,344.6999999999971,344.6999999999971,170.45999999999913,453.0100000000093,108.31000000000131,282.5500000000029,1.0,0.494516971279375,1.3142152596461072,0.3142152596460755,0.819698288366711
Sweden,SE,2026-01,2026-01-01,sweden__standard_employee_stockholm,Suede · salarie standard (Stockholm),Sweden · standard employee (Stockholm),2.75,94792.5,29783.8,17400.0,342193.61,95422.0,47552.0,0.0,29783.8,0.0,0.3141999630772477,94792.5,32505.3,62287.2,124576.3,29783.8,62289.1,1.3141999630772476,2.000030503859541,344.6999999999971,344.6999999999971,170.4499999999971,453.0,108.29999999999927,282.54999999999563,1.0,0.4944879605453975,1.3141862489121086,0.314186248912098,0.8196982883666899
Sweden,SE,2026-01,2026-01-01,sweden__standard_employee_stockholm,Suede · salarie standard (Stockholm),Sweden · standard employee (Stockholm),2.76,95137.2,29892.11,17400.0,343457.28,96249.28,47552.0,0.0,29892.11,0.0,0.3142000184995985,95137.2,32679.55,62457.65,125029.31,29892.11,62571.66,1.3142000184995986,2.001825396888932,344.6999999999971,344.6999999999971,170.45000000000437,453.00999999999476,108.31000000000131,282.56000000000495,1.0,0.49448796054541866,1.314215259646065,0.3142152596460755,0.8197272991006885
Sweden,SE,2026-01,2026-01-01,sweden__standard_employee_stockholm,Suede · salarie standard (Stockholm),Sweden · standard employee (Stockholm),2.77,95481.9,30000.41,17400.0,344720.95,97076.56,47552.0,0.0,30000.41,0.0,0.3141999687898963,95481.9,32853.79,62628.11,125482.31,30000.41,62854.2,1.3141999687898964,2.003610040283828,344.6999999999971,344.6999999999971,170.45999999999913,453.0,108.29999999999927,282.5399999999936,1.0,0.494516971279375,1.3141862489121086,0.314186248912098,0.8196692776327125
Sweden,SE,2026-01,2026-01-01,sweden__standard_employee_stockholm,Suede · salarie standard (Stockholm),Sweden · standard employee (Stockholm),2.78,95826.6,30108.72,17400.0,345984.62,97903.84,47552.0,0.0,30108.72,0.0,0.3142000237929761,95826.6,33028.04,62798.56,125935.32,30108.72,63136.76,1.314200023792976,2.005385473807043,344.70000000001164,344.70000000001164,170.4499999999971,453.0100000000093,108.31000000000131,282.56000000000495,1.0,0.49448796054537664,1.3142152596460517,0.31421525964606223,0.8197272991006539
Sweden,SE,2026-01,2026-01-01,sweden__standard_employee_stockholm,Suede · salarie standard (Stockholm),Sweden · standard employee (Stockholm),2.79,96171.3,30217.02,17400.0,347248.29,98731.12,47552.0,0.0,30217.02,0.0,0.3141999744206432,96171.3,33202.28,62969.02,126388.32,30217.02,63419.3,1.3141999744206432,2.0071508179736637,344.6999999999971,344.6999999999971,170.45999999999913,453.0,108.29999999999927,282.5400000000009,1.0,0.494516971279375,1.3141862489121086,0.314186248912098,0.8196692776327336
Sweden,SE,2026-01,2026-01-01,sweden__standard_employee_stockholm,Suede · salarie standard (Stockholm),Sweden · standard employee (Stockholm),2.8,96516.0,30325.33,17400.0,348511.96,99558.4,47552.0,0.0,30325.33,0.0,0.314200029010734,96516.0,33376.53,63139.47,126841.33,30325.33,63701.86,1.314200029010734,2.0089071067590525,344.6999999999971,344.6999999999971,170.45000000000437,453.00999999999476,108.31000000000131,282.5599999999977,1.0,0.49448796054541866,1.314215259646065,0.3142152596460755,0.8197272991006674
Sweden,SE,2026-01,2026-01-01,sweden__standard_employee_stockholm,Suede · salarie standard (Stockholm),Sweden · standard employee (Stockholm),2.81,96860.7,30433.63,17400.0,349775.63,100385.68,47552.0,0.0,30433.63,0.0,0.31419997997123705,96860.7,33550.78,63309.92,127294.33,30433.63,63984.41,1.3141999799712372,2.010653780639748,344.6999999999971,344.6999999999971,170.4499999999971,453.0,108.29999999999927,282.5500000000029,1.0,0.4944879605453975,1.3141862489121086,0.314186248912098,0.819698288366711
Sweden,SE,2026-01,2026-01-01,sweden__standard_employee_stockholm,Suede · salarie standard (Stockholm),Sweden · standard employee (Stockholm),2.82,97205.4,30541.94,17400.0,351039.3,101212.96,47552.0,0.0,30541.94,0.0,0.3142000341544811,97205.4,33725.02,63480.38,127747.34,30541.94,64266.96,1.3142000341544813,2.0123909151142447,344.6999999999971,344.6999999999971,170.45999999999913,453.00999999999476,108.30999999999767,282.54999999999563,1.0,0.494516971279375,1.314215259646065,0.31421525964606495,0.8196982883666899
Sweden,SE,2026-01,2026-01-01,sweden__standard_employee_stockholm,Suede · salarie standard (Stockholm),Sweden · standard employee (Stockholm),2.83,97550.1,30650.24,17400.0,352302.97,102040.24,47552.0,0.0,30650.24,0.0,0.3141999854433773,97550.1,33899.27,63650.83,128200.34,30650.24,64549.51,1.3141999854433772,2.0141189046552888,344.70000000001164,344.70000000001164,170.45000000000437,453.0,108.30000000000291,282.5500000000029,1.0,0.4944879605453978,1.314186248912053,0.3141862489120953,0.8196982883666765
Sweden,SE,2026-01,2026-01-01,sweden__standard_employee_stockholm,Suede · salarie standard (Stockholm),Sweden · standard employee (Stockholm),2.84,97894.8,30758.55,17400.0,353566.64,102867.52,47552.0,0.0,30758.55,0.0,0.31420003922578116,97894.8,34073.51,63821.29,128653.35,30758.55,64832.06,1.314200039225781,2.0158375050081254,344.6999999999971,344.6999999999971,170.45999999999913,453.0100000000093,108.30999999999767,282.54999999999563,1.0,0.494516971279375,1.3142152596461072,0.31421525964606495,0.8196982883666899
Sweden,SE,2026-01,2026-01-01,sweden__standard_employee_stockholm,Suede · salarie standard (Stockholm),Sweden · standard employee (Stockholm),2.85,98239.5,30866.85,17400.0,354830.31,103694.8,47552.0,0.0,30866.85,0.0,0.3141999908387156,98239.5,34247.76,63991.74,129106.35,30866.85,65114.61,1.3141999908387156,2.017547108423681,344.6999999999971,344.6999999999971,170.4499999999971,453.0,108.29999999999927,282.5500000000029,1.0,0.4944879605453975,1.3141862489121086,0.314186248912098,0.819698288366711
Sweden,SE,2026-01,2026-01-01,sweden__standard_employee_stockholm,Suede · salarie standard (Stockholm),Sweden · standard employee (Stockholm),2.86,98584.2,30975.16,17400.0,356093.98,104522.08,47552.0,0.0,30975.16,0.0,0.3142000442261539,98584.2,34422.01,64162.19,129559.36,30975.16,65397.17,1.3142000442261539,2.019247784403868,344.6999999999971,344.6999999999971,170.45000000000437,453.00999999999476,108.31000000000131,282.5599999999977,1.0,0.49448796054541866,1.314215259646065,0.3142152596460755,0.8197272991006674
Sweden,SE,2026-01,2026-01-01,sweden__standard_employee_stockholm,Suede · salarie standard (Stockholm),Sweden · standard employee (Stockholm),2.87,98928.9,31083.46,17400.0,357357.65,105349.36,47552.0,0.0,31083.46,0.0,0.31419999615885746,98928.9,34596.25,64332.65,130012.36,31083.46,65679.71,1.3141999961588575,2.020938978885527,344.6999999999971,344.6999999999971,170.45999999999913,453.0,108.29999999999927,282.54000000000815,1.0,0.494516971279375,1.3141862489121086,0.314186248912098,0.8196692776327547
Sweden,SE,2026-01,2026-01-01,sweden__standard_employee_stockholm,Suede · salarie standard (Stockholm),Sweden · standard employee (Stockholm),2.88,99273.6,31191.77,17400.0,358621.32,106176.64,47552.0,0.0,31191.77,0.0,0.31420004915707705,99273.6,34770.5,64503.1,130465.37,31191.77,65962.27,1.314200049157077,2.0226217034530127,344.70000000001164,344.70000000001164,170.4499999999971,453.00999999999476,108.31000000000131,282.5599999999977,1.0,0.49448796054537664,1.3142152596460095,0.31421525964606223,0.8197272991006328
Sweden,SE,2026-01,2026-01-01,sweden__standard_employee_stockholm,Suede · salarie standard (Stockholm),Sweden · standard employee (Stockholm),2.89,99618.3,31300.07,17400.0,359884.99,107003.92,47552.0,0.0,31300.07,0.0,0.31420000140536425,99618.3,34944.74,64673.56,130918.37,31300.07,66244.81,1.314200001405364,2.0242950906058055,344.6999999999971,344.6999999999971,170.45999999999913,453.0,108.29999999999927,282.5399999999936,1.0,0.494516971279375,1.3141862489121086,0.314186248912098,0.8196692776327125
Sweden,SE,2026-01,2026-01-01,sweden__standard_employee_stockholm,Suede · salarie standard (Stockholm),Sweden · standard employee (Stockholm),2.9,99963.0,31408.37,17400.0,361148.66,107831.2,47552.0,0.0,31408.37,0.0,0.3141999539829737,99963.0,35118.99,64844.01,131371.37,31408.37,66527.36,1.3141999539829736,2.025959992295356,344.6999999999971,344.6999999999971,170.45000000000437,453.0,108.29999999999927,282.5500000000029,1.0,0.49448796054541866,1.3141862489121086,0.314186248912098,0.819698288366711
Sweden,SE,2026-01,2026-01-01,sweden__standard_employee_stockholm,Suede · salarie standard (Stockholm),Sweden · standard employee (Stockholm),2.91,100307.7,31516.68,17400.0,362412.33,108658.48,47552.0,0.0,31516.68,0.0,0.31420000657975405,100307.7,35293.23,65014.47,131824.38,31516.68,66809.91,1.3142000065797539,2.0276160060983344,344.6999999999971,344.6999999999971,170.45999999999913,453.0100000000093,108.31000000000131,282.5500000000029,1.0,0.494516971279375,1.3142152596461072,0.3142152596460755,0.819698288366711
Sweden,SE,2026-01,2026-01-01,sweden__standard_employee_stockholm,Suede · salarie standard (Stockholm),Sweden · standard employee (Stockholm),2.92,100652.4,31624.98,17400.0,363676.0,109485.76,47552.0,0.0,31624.98,0.0,0.3141999594644539,100652.4,35467.48,65184.92,132277.38,31624.98,67092.46,1.314199959464454,2.02926351677658,344.6999999999971,344.6999999999971,170.4499999999971,453.0,108.29999999999927,282.5500000000029,1.0,0.4944879605453975,1.3141862489121086,0.314186248912098,0.819698288366711
Sweden,SE,2026-01,2026-01-01,sweden__standard_employee_stockholm,Suede · salarie standard (Stockholm),Sweden · standard employee (Stockholm),2.93,100997.1,31733.29,17400.0,364939.67,110313.04,47552.0,0.0,31733.29,0.0,0.31420001168350375,100997.1,35641.73,65355.37,132730.39,31733.29,67375.02,1.3142000116835038,2.0309025868876573,344.70000000001164,344.70000000001164,170.45000000000437,453.0100000000093,108.31000000000131,282.5599999999977,1.0,0.4944879605453978,1.3142152596460517,0.31421525964606223,0.8197272991006328
Sweden,SE,2026-01,2026-01-01,sweden__standard_employee_stockholm,Suede · salarie standard (Stockholm),Sweden · standard employee (Stockholm),2.94,101341.8,31841.59,17400.0,366203.34,111140.32,47552.0,0.0,31841.59,0.0,0.31419996487135615,101341.8,35815.97,65525.83,133183.39,31841.59,67657.56,1.3141999648713563,2.0325326668887675,344.6999999999971,344.6999999999971,170.45999999999913,453.0,108.29999999999927,282.5399999999936,1.0,0.494516971279375,1.3141862489121086,0.314186248912098,0.8196692776327125
Sweden,SE,2026-01,2026-01-01,sweden__standard_employee_stockholm,Suede · salarie standard (Stockholm),Sweden · standard employee (Stockholm),2.95,101686.5,31949.9,17400.0,367467.01,111967.6,47552.0,0.0,31949.9,0.0,0.3142000167180501,101686.5,35990.22,65696.28,133636.4,31949.9,67940.12,1.31420001671805,2.0341547497057673,344.6999999999971,344.6999999999971,170.4499999999971,453.0099999999802,108.31000000000131,282.5599999999977,1.0,0.4944879605453975,1.3142152596460228,0.3142152596460755,0.8197272991006674
Sweden,SE,2026-01,2026-01-01,sweden__standard_employee_stockholm,Suede · salarie standard (Stockholm),Sweden · standard employee (Stockholm),2.96,102031.2,32058.2,17400.0,368730.68,112794.88,47552.0,0.0,32058.2,0.0,0.31419997020519214,102031.2,36164.46,65866.74,134089.4,32058.2,68222.66,1.314199970205192,2.0357679763716865,344.6999999999971,344.6999999999971,170.4600000000064,453.0,108.29999999999927,282.54000000000815,1.0,0.49451697127939614,1.3141862489121086,0.314186248912098,0.8196692776327547
Sweden,SE,2026-01,2026-01-01,sweden__standard_employee_stockholm,Suede · salarie standard (Stockholm),Sweden · standard employee (Stockholm),2.97,102375.9,32166.51,17400.0,369994.35,113622.16,47552.0,0.0,32166.51,0.0,0.314200021684791,102375.9,36338.71,66037.19,134542.41,32166.51,68505.22,1.3142000216847909,2.037373334631592,344.6999999999971,344.6999999999971,170.4499999999971,453.0100000000093,108.30999999999767,282.5599999999977,1.0,0.4944879605453975,1.3142152596461072,0.31421525964606495,0.8197272991006674
Sweden,SE,2026-01,2026-01-01,sweden__standard_employee_stockholm,Suede · salarie standard (Stockholm),Sweden · standard employee (Stockholm),2.98,102720.6,32274.81,17400.0,371258.02,114449.44,47552.0,0.0,32274.81,0.0,0.314199975467433,102720.6,36512.96,66207.64,134995.41,32274.81,68787.77,1.314199975467433,2.0389702759379427,344.70000000001164,344.70000000001164,170.4499999999971,453.0,108.30000000000291,282.5500000000029,1.0,0.49448796054537664,1.314186248912053,0.3141862489120953,0.8196982883666765
Sweden,SE,2026-01,2026-01-01,sweden__standard_employee_stockholm,Suede · salarie standard (Stockholm),Sweden · standard employee (Stockholm),2.99,103065.3,32383.12,17400.0,372521.69,115276.72,47552.0,0.0,32383.12,0.0,0.3142000265850873,103065.3,36687.2,66378.1,135448.42,32383.12,69070.32,1.3142000265850875,2.0405588590212735,344.6999999999971,344.6999999999971,170.4600000000064,453.0100000000093,108.30999999999767,282.5500000000029,1.0,0.49451697127939614,1.3142152596461072,0.31421525964606495,0.819698288366711
Sweden,SE,2026-01,2026-01-01,sweden__standard_employee_stockholm,Suede · salarie standard (Stockholm),Sweden · standard employee (Stockholm),3.0,103410.0,32491.42,17400.0,373785.36,116104.0,47552.0,0.0,32491.42,0.0,0.31419998065951066,103410.0,36861.45,66548.55,135901.42,32491.42,69352.87,1.3141999806595106,2.042139460589299,344.6999999999971,344.6999999999971,170.4499999999971,453.0,108.29999999999927,282.54999999998836,1.0,0.4944879605453975,1.3141862489121086,0.314186248912098,0.8196982883666688
Sweden,SE,2026-01,2026-01-01,sweden__standard_employee_stockholm,Suede · salarie standard (Stockholm),Sweden · standard employee (Stockholm),3.01,103754.7,32599.73,17400.0,375049.03,116931.28,47552.0,0.0,32599.73,0.0,0.31420003142026337,103754.7,37035.69,66719.01,136354.43,32599.73,69635.42,1.3142000314202633,2.043711829656945,344.6999999999971,344.6999999999971,170.45999999999185,453.0099999999802,108.31000000000131,282.5500000000029,1.0,0.4945169712793539,1.3142152596460228,0.3142152596460755,0.819698288366711
Sweden,SE,2026-01,2026-01-01,sweden__standard_employee_stockholm,Suede · salarie standard (Stockholm),Sweden · standard employee (Stockholm),3.02,104099.4,32708.03,17400.0,376312.7,117758.56,47552.0,0.0,32708.03,0.0,0.3141999857828191,104099.4,37209.94,66889.46,136807.43,32708.03,69917.97,1.314199985782819,2.0452763409960255,344.6999999999971,344.6999999999971,170.45000000001164,453.0,108.29999999999927,282.5500000000029,1.0,0.49448796054543975,1.3141862489121086,0.314186248912098,0.819698288366711
Sweden,SE,2026-01,2026-01-01,sweden__standard_employee_stockholm,Suede · salarie standard (Stockholm),Sweden · standard employee (Stockholm),3.03,104444.1,32816.34,17400.0,377576.37,118585.84,47552.0,0.0,32816.34,0.0,0.3142000361916087,104444.1,37384.18,67059.92,137260.44,32816.34,70200.52,1.3142000361916089,2.046832743015501,344.70000000001164,344.70000000001164,170.45999999999185,453.0100000000093,108.30999999999767,282.5500000000029,1.0,0.49451697127933303,1.3142152596460517,0.3142152596460517,0.8196982883666765
Sweden,SE,2026-01,2026-01-01,sweden__standard_employee_stockholm,Suede · salarie standard (Stockholm),Sweden · standard employee (Stockholm),3.04,104788.8,32924.64,17400.0,378840.04,119413.12,47552.0,0.0,32924.64,0.0,0.3141999908387156,104788.8,37558.43,67230.37,137713.44,32924.64,70483.07,1.3141999908387156,2.048381408580676,344.6999999999971,344.6999999999971,170.4499999999971,453.0,108.30000000000291,282.5500000000029,1.0,0.4944879605453975,1.3141862489121086,0.31418624891210856,0.819698288366711
Sweden,SE,2026-01,2026-01-01,sweden__standard_employee_stockholm,Suede · salarie standard (Stockholm),Sweden · standard employee (Stockholm),3.05,105133.5,33032.95,17400.0,380103.71,120240.4,47552.0,0.0,33032.95,0.0,0.314200040900379,105133.5,37732.68,67400.82,138166.45,33032.95,70765.63,1.3142000409003791,2.0499223896682564,344.6999999999971,344.6999999999971,170.45000000001164,453.0100000000093,108.30999999999767,282.5599999999977,1.0,0.49448796054543975,1.3142152596461072,0.31421525964606495,0.8197272991006674
Sweden,SE,2026-01,2026-01-01,sweden__standard_employee_stockholm,Suede · salarie standard (Stockholm),Sweden · standard employee (Stockholm),3.06,105478.2,33141.25,17400.0,381367.38,121067.68,47552.0,0.0,33141.25,0.0,0.3141999958285219,105478.2,37906.92,67571.28,138619.45,33141.25,71048.17,1.314199995828522,2.051455144848522,344.6999999999971,344.6999999999971,170.45999999999185,453.0,108.30000000000291,282.5399999999936,1.0,0.4945169712793539,1.3141862489121086,0.31418624891210856,0.8196692776327125
Sweden,SE,2026-01,2026-01-01,sweden__standard_employee_stockholm,Suede · salarie standard (Stockholm),Sweden · standard employee (Stockholm),3.07,105822.9,33249.56,17400.0,382631.05,121894.96,47552.0,0.0,33249.56,0.0,0.3142000455477973,105822.9,38081.17,67741.73,139072.46,33249.56,71330.73,1.3142000455477973,2.052980636898408,344.6999999999971,344.6999999999971,170.4499999999971,453.0099999999802,108.30999999999767,282.5599999999977,1.0,0.4944879605453975,1.3142152596460228,0.31421525964606495,0.8197272991006674
Sweden,SE,2026-01,2026-01-01,sweden__standard_employee_stockholm,Suede · salarie standard (Stockholm),Sweden · standard employee (Stockholm),3.08,106167.6,33357.86,17400.0,383894.72,122722.24,47552.0,0.0,33357.86,0.0,0.31420000075352555,106167.6,38255.41,67912.19,139525.46,33357.86,71613.27,1.3142000007535257,2.054498021636469,344.70000000001164,344.70000000001164,170.4600000000064,453.0,108.30000000000291,282.54000000000815,1.0,0.4945169712793752,1.314186248912053,0.3141862489120953,0.81966927763272
Sweden,SE,2026-01,2026-01-01,sweden__standard_employee_stockholm,Suede · salarie standard (Stockholm),Sweden · standard employee (Stockholm),3.09,106512.3,33466.16,17400.0,385158.39,123549.52,47552.0,0.0,33466.16,0.0,0.31419995624918445,106512.3,38429.66,68082.64,139978.46,33466.16,71895.82,1.3141999562491844,2.0560081101437904,344.6999999999971,344.6999999999971,170.4499999999971,453.0,108.30000000000291,282.5500000000029,1.0,0.4944879605453975,1.3141862489121086,0.31418624891210856,0.819698288366711
Sweden,SE,2026-01,2026-01-01,sweden__standard_employee_stockholm,Suede · salarie standard (Stockholm),Sweden · standard employee (Stockholm),3.1,106857.0,33574.47,17400.0,386422.06,124376.8,47552.0,0.0,33574.47,0.0,0.3142000056149808,106857.0,38603.91,68253.09,140431.47,33574.47,72178.38,1.3142000056149807,2.0575108028076095,344.6999999999971,344.6999999999971,170.4499999999971,453.0100000000093,108.30999999999767,282.5599999999977,1.0,0.4944879605453975,1.3142152596461072,0.31421525964606495,0.8197272991006674
Sweden,SE,2026-01,2026-01-01,sweden__standard_employee_stockholm,Suede · salarie standard (Stockholm),Sweden · standard employee (Stockholm),3.11,107201.7,33682.77,17400.0,387685.73,125204.08,47552.0,0.0,33682.77,0.0,0.3141999613812094,107201.7,38778.15,68423.55,140884.47,33682.77,72460.92,1.3141999613812094,2.0590055616816145,344.6999999999971,344.6999999999971,170.4600000000064,453.0,108.29999999999563,282.5399999999936,1.0,0.49451697127939614,1.3141862489121086,0.31418624891208746,0.8196692776327125
Sweden,SE,2026-01,2026-01-01,sweden__standard_employee_stockholm,Suede · salarie standard (Stockholm),Sweden · standard employee (Stockholm),3.12,107546.4,33791.08,17400.0,388949.4,126031.36,47552.0,0.0,33791.08,0.0,0.3142000104141096,107546.4,38952.4,68594.0,141337.48,33791.08,72743.48,1.3142000104141096,2.0604933376097034,344.6999999999971,344.6999999999971,170.4499999999971,453.0100000000093,108.31000000000495,282.5599999999977,1.0,0.4944879605453975,1.3142152596461072,0.31421525964608604,0.8197272991006674
Sweden,SE,2026-01,2026-01-01,sweden__standard_employee_stockholm,Suede · salarie standard (Stockholm),Sweden · standard employee (Stockholm),3.13,107891.1,33899.38,17400.0,390213.07,126858.64,47552.0,0.0,33899.38,0.0,0.3141999664476495,107891.1,39126.64,68764.46,141790.48,33899.38,73026.02,1.3141999664476494,2.061973292599113,344.70000000001164,344.70000000001164,170.4600000000064,453.0,108.29999999999563,282.54000000000815,1.0,0.4945169712793752,1.314186248912053,0.3141862489120742,0.81966927763272
Sweden,SE,2026-01,2026-01-01,sweden__standard_employee_stockholm,Suede · salarie standard (Stockholm),Sweden · standard employee (Stockholm),3.14,108235.8,34007.69,17400.0,391476.74,127685.92,47552.0,0.0,34007.69,0.0,0.3142000151521031,108235.8,39300.89,68934.91,142243.49,34007.69,73308.58,1.314200015152103,2.063446372817488,344.6999999999971,344.6999999999971,170.4499999999971,453.0099999999802,108.31000000000495,282.5599999999977,1.0,0.4944879605453975,1.3142152596460228,0.31421525964608604,0.8197272991006674
Sweden,SE,2026-01,2026-01-01,sweden__standard_employee_stockholm,Suede · salarie standard (Stockholm),Sweden · standard employee (Stockholm),3.15,108580.5,34115.99,17400.0,392740.41,128513.2,47552.0,0.0,34115.99,0.0,0.31419997144975387,108580.5,39475.13,69105.37,142696.49,34115.99,73591.12,1.3141999714497539,2.064911742748791,344.6999999999971,344.6999999999971,170.45999999999185,453.0,108.29999999999563,282.5399999999936,1.0,0.4945169712793539,1.3141862489121086,0.31418624891208746,0.8196692776327125
Sweden,SE,2026-01,2026-01-01,sweden__standard_employee_stockholm,Suede · salarie standard (Stockholm),Sweden · standard employee (Stockholm),3.16,108925.2,34224.3,17400.0,394004.08,129340.48,47552.0,0.0,34224.3,0.0,0.31420001983012197,108925.2,39649.38,69275.82,143149.5,34224.3,73873.68,1.3142000198301218,2.0663703439381877,344.6999999999971,344.6999999999971,170.45000000001164,453.0100000000093,108.31000000000495,282.5599999999977,1.0,0.49448796054543975,1.3142152596461072,0.31421525964608604,0.8197272991006674
Sweden,SE,2026-01,2026-01-01,sweden__standard_employee_stockholm,Suede · salarie standard (Stockholm),Sweden · standard employee (Stockholm),3.17,109269.9,34332.6,17400.0,395267.75,130167.76,47552.0,0.0,34332.6,0.0,0.3141999763887402,109269.9,39823.63,69446.27,143602.5,34332.6,74156.23,1.3141999763887402,2.067821641104699,344.6999999999971,344.6999999999971,170.4499999999971,453.0,108.29999999999563,282.5500000000029,1.0,0.4944879605453975,1.3141862489121086,0.31418624891208746,0.819698288366711
Sweden,SE,2026-01,2026-01-01,sweden__standard_employee_stockholm,Suede · salarie standard (Stockholm),Sweden · standard employee (Stockholm),3.18,109614.6,34440.91,17400.0,396531.42,130995.04,47552.0,0.0,34440.91,0.0,0.31420002444929784,109614.6,39997.87,69616.73,144055.51,34440.91,74438.78,1.3142000244492977,2.0692656779483896,344.70000000001164,344.70000000001164,170.45999999999185,453.0100000000093,108.31000000000495,282.5500000000029,1.0,0.49451697127933303,1.3142152596460517,0.3142152596460728,0.8196982883666765
Sweden,SE,2026-01,2026-01-01,sweden__standard_employee_stockholm,Suede · salarie standard (Stockholm),Sweden · standard employee (Stockholm),3.19,109959.3,34549.21,17400.0,397795.09,131822.32,47552.0,0.0,34549.21,0.0,0.3141999812657956,109959.3,40172.12,69787.18,144508.51,34549.21,74721.33,1.3141999812657956,2.070702813897911,344.6999999999971,344.6999999999971,170.4499999999971,453.0,108.29999999999563,282.5500000000029,1.0,0.4944879605453975,1.3141862489121086,0.31418624891208746,0.819698288366711
Sweden,SE,2026-01,2026-01-01,sweden__standard_employee_stockholm,Suede · salarie standard (Stockholm),Sweden · standard employee (Stockholm),3.2,110304.0,34657.52,17400.0,399058.76,132649.6,47552.0,0.0,34657.52,0.0,0.31420002901073396,110304.0,40346.36,69957.64,144961.52,34657.52,75003.88,1.3142000290107339,2.072132793501896,344.6999999999971,344.6999999999971,170.4600000000064,453.0099999999802,108.30999999999767,282.5500000000029,1.0,0.49451697127939614,1.3142152596460228,0.31421525964606495,0.819698288366711
Sweden,SE,2026-01,2026-01-01,sweden__standard_employee_stockholm,Suede · salarie standard (Stockholm),Sweden · standard employee (Stockholm),3.21,110648.7,34765.82,17400.0,400322.43,133476.88,47552.0,0.0,34765.82,0.0,0.3141999860820778,110648.7,40520.61,70128.09,145414.52,34765.82,75286.43,1.3141999860820777,2.073555974503227,344.6999999999971,344.6999999999971,170.4499999999971,453.0,108.30000000000291,282.54999999998836,1.0,0.4944879605453975,1.3141862489121086,0.31418624891210856,0.8196982883666688
Sweden,SE,2026-01,2026-01-01,sweden__standard_employee_stockholm,Suede · salarie standard (Stockholm),Sweden · standard employee (Stockholm),3.22,110993.4,34874.13,17400.0,401586.1,134304.16,47552.0,0.0,34874.13,0.0,0.3142000335155063,110993.4,40694.86,70298.54,145867.53,34874.13,75568.99,1.3142000335155062,2.074972396297277,344.6999999999971,344.6999999999971,170.4499999999971,453.0100000000093,108.30999999999767,282.5600000000122,1.0,0.4944879605453975,1.3142152596461072,0.31421525964606495,0.8197272991007096
Sweden,SE,2026-01,2026-01-01,sweden__standard_employee_stockholm,Suede · salarie standard (Stockholm),Sweden · standard employee (Stockholm),3.23,111338.1,34982.43,17400.0,402849.77,135131.44,47552.0,0.0,34982.43,0.0,0.3141999908387156,111338.1,40869.1,70469.0,146320.53,34982.43,75851.53,1.3141999908387154,2.076381529466858,344.70000000001164,344.70000000001164,170.4600000000064,453.0,108.30000000000291,282.5399999999936,1.0,0.4945169712793752,1.314186248912053,0.3141862489120953,0.8196692776326778
Sweden,SE,2026-01,2026-01-01,sweden__standard_employee_stockholm,Suede · salarie standard (Stockholm),Sweden · standard employee (Stockholm),3.24,111682.8,35090.74,17400.0,404113.44,135958.72,47552.0,0.0,35090.74,0.0,0.31420003796466417,111682.8,41043.35,70639.45,146773.54,35090.74,76134.09,1.3142000379646643,2.077784297584423,344.6999999999971,344.6999999999971,170.4499999999971,453.0100000000093,108.30999999999767,282.5599999999977,1.0,0.4944879605453975,1.3142152596461072,0.31421525964606495,0.8197272991006674
Sweden,SE,2026-01,2026-01-01,sweden__standard_employee_stockholm,Suede · salarie standard (Stockholm),Sweden · standard employee (Stockholm),3.25,112027.5,35199.04,17400.0,405377.12,136786.0,47552.0,0.0,35199.04,0.0,0.31419999553681016,112027.5,41217.59,70809.91,147226.54,35199.04,76416.63,1.3141999955368102,2.079179877505846,344.6999999999971,344.6999999999971,170.4600000000064,453.0,108.30000000000291,282.54000000000815,1.0,0.49451697127939614,1.3141862489121086,0.31418624891210856,0.8196692776327547
Sweden,SE,2026-01,2026-01-01,sweden__standard_employee_stockholm,Suede · salarie standard (Stockholm),Sweden · standard employee (Stockholm),3.26,112372.2,35307.35,17400.0,406640.79,137613.28,47552.0,0.0,35307.35,0.0,0.3142000423592312,112372.2,41391.84,70980.36,147679.55,35307.35,76699.19,1.314200042359231,2.08056918843466,344.6999999999971,344.6999999999971,170.4499999999971,453.0099999999802,108.30999999999767,282.5599999999977,1.0,0.4944879605453975,1.3142152596460228,0.31421525964606495,0.8197272991006674
Sweden,SE,2026-01,2026-01-01,sweden__standard_employee_stockholm,Suede · salarie standard (Stockholm),Sweden · standard employee (Stockholm),3.27,112716.9,35415.65,17400.0,407904.46,138440.56,47552.0,0.0,35415.65,0.0,0.3142000001774357,112716.9,41566.09,71150.81,148132.55,35415.65,76981.74,1.3142000001774357,2.081951702306692,344.6999999999971,344.6999999999971,170.4499999999971,453.0,108.30000000000291,282.5500000000029,1.0,0.4944879605453975,1.3141862489121086,0.31418624891210856,0.819698288366711
Sweden,SE,2026-01,2026-01-01,sweden__standard_employee_stockholm,Suede · salarie standard (Stockholm),Sweden · standard employee (Stockholm),3.28,113061.6,35523.95,17400.0,409168.13,139267.84,47552.0,0.0,35523.95,0.0,0.31419995825284625,113061.6,41740.33,71321.27,148585.55,35523.95,77264.28,1.3141999582528463,2.0833273159605823,344.70000000001164,344.70000000001164,170.4600000000064,453.0,108.29999999999563,282.5399999999936,1.0,0.4945169712793752,1.314186248912053,0.3141862489120742,0.8196692776326778
Sweden,SE,2026-01,2026-01-01,sweden__standard_employee_stockholm,Suede · salarie standard (Stockholm),Sweden · standard employee (Stockholm),3.29,113406.3,35632.26,17400.0,410431.8,140095.12,47552.0,0.0,35632.26,0.0,0.31420000476164023,113406.3,41914.58,71491.72,149038.56,35632.26,77546.84,1.3142000047616402,2.084696801251949,344.6999999999971,344.6999999999971,170.4499999999971,453.0100000000093,108.31000000000495,282.5599999999977,1.0,0.4944879605453975,1.3142152596461072,0.31421525964608604,0.8197272991006674
Sweden,SE,2026-01,2026-01-01,sweden__standard_employee_stockholm,Suede · salarie standard (Stockholm),Sweden · standard employee (Stockholm),3.3,113751.0,35740.56,17400.0,411695.47,140922.4,47552.0,0.0,35740.56,0.0,0.3141999630772477,113751.0,42088.82,71662.18,149491.56,35740.56,77829.38,1.3141999630772476,2.0860593412034074,344.6999999999971,344.6999999999971,170.45999999999185,453.0,108.29999999999563,282.54000000000815,1.0,0.4945169712793539,1.3141862489121086,0.31418624891208746,0.8196692776327547
Sweden,SE,2026-01,2026-01-01,sweden__standard_employee_stockholm,Suede · salarie standard (Stockholm),Sweden · standard employee (Stockholm),3.31,114095.7,35848.87,17400.0,412959.14,141749.68,47552.0,0.0,35848.87,0.0,0.31420000929044656,114095.7,42263.07,71832.63,149944.57,35848.87,78111.94,1.3142000092904467,2.087415844303626,344.6999999999971,344.6999999999971,170.45000000001164,453.0100000000093,108.31000000000495,282.5599999999977,1.0,0.49448796054543975,1.3142152596461072,0.31421525964608604,0.8197272991006674
Sweden,SE,2026-01,2026-01-01,sweden__standard_employee_stockholm,Suede · salarie standard (Stockholm),Sweden · standard employee (Stockholm),3.32,114440.4,35957.17,17400.0,414222.81,142576.96,47552.0,0.0,35957.17,0.0,0.3141999678435238,114440.4,42437.31,72003.09,150397.57,35957.17,78394.48,1.3141999678435239,2.0887654960363506,344.6999999999971,344.6999999999971,170.45999999999185,453.0,108.29999999999563,282.5399999999936,1.0,0.4945169712793539,1.3141862489121086,0.31418624891208746,0.8196692776327125
Sweden,SE,2026-01,2026-01-01,sweden__standard_employee_stockholm,Suede · salarie standard (Stockholm),Sweden · standard employee (Stockholm),3.33,114785.1,36065.48,17400.0,415486.48,143404.24,47552.0,0.0,36065.48,0.0,0.3142000137648528,114785.1,42611.56,72173.54,150850.58,36065.48,78677.04,1.3142000137648528,2.0901092006849047,344.70000000001164,344.70000000001164,170.4499999999971,453.0099999999802,108.31000000000495,282.5599999999977,1.0,0.49448796054537664,1.3142152596459673,0.3142152596460728,0.8197272991006328
Sweden,SE,2026-01,2026-01-01,sweden__standard_employee_stockholm,Suede · salarie standard (Stockholm),Sweden · standard employee (Stockholm),3.34,115129.8,36173.78,17400.0,416750.15,144231.52,47552.0,0.0,36173.78,0.0,0.31419997255271875,115129.8,42785.81,72343.99,151303.58,36173.78,78959.59,1.3141999725527187,2.091446435287852,344.6999999999971,344.6999999999971,170.45000000001164,453.0,108.29999999999563,282.5500000000029,1.0,0.49448796054543975,1.3141862489121086,0.31418624891208746,0.819698288366711
Sweden,SE,2026-01,2026-01-01,sweden__standard_employee_stockholm,Suede · salarie standard (Stockholm),Sweden · standard employee (Stockholm),3.35,115474.5,36282.09,17400.0,418013.82,145058.8,47552.0,0.0,36282.09,0.0,0.3142000181858332,115474.5,42960.05,72514.45,151756.59,36282.09,79242.14,1.314200018185833,2.092777232675694,344.6999999999971,344.6999999999971,170.45999999999185,453.0100000000093,108.30999999999767,282.5500000000029,1.0,0.4945169712793539,1.3142152596461072,0.31421525964606495,0.819698288366711
Sweden,SE,2026-01,2026-01-01,sweden__standard_employee_stockholm,Suede · salarie standard (Stockholm),Sweden · standard employee (Stockholm),3.36,115819.2,36390.39,17400.0,419277.49,145886.08,47552.0,0.0,36390.39,0.0,0.31419997720585185,115819.2,43134.3,72684.9,152209.59,36390.39,79524.69,1.314199977205852,2.0941019386420012,344.6999999999971,344.6999999999971,170.4499999999971,453.0,108.30000000000291,282.5500000000029,1.0,0.4944879605453975,1.3141862489121086,0.31418624891210856,0.819698288366711
Sweden,SE,2026-01,2026-01-01,sweden__standard_employee_stockholm,Suede · salarie standard (Stockholm),Sweden · standard employee (Stockholm),3.37,116163.9,36498.7,17400.0,420541.16,146713.36,47552.0,0.0,36498.7,0.0,0.3142000225543391,116163.9,43308.54,72855.36,152662.6,36498.7,79807.24,1.314200022554339,2.0954202957750807,344.6999999999971,344.6999999999971,170.4600000000064,453.0100000000093,108.30999999999767,282.5500000000029,1.0,0.49451697127939614,1.3142152596461072,0.31421525964606495,0.819698288366711
Sweden,SE,2026-01,2026-01-01,sweden__standard_employee_stockholm,Suede · salarie standard (Stockholm),Sweden · standard employee (Stockholm),3.38,116508.6,36607.0,17400.0,421804.83,147540.64,47552.0,0.0,36607.0,0.0,0.31419998180391834,116508.6,43482.79,73025.81,153115.6,36607.0,80089.79,1.3141999818039183,2.0967326483609012,344.70000000001164,344.70000000001164,170.4499999999971,453.0,108.30000000000291,282.54999999998836,1.0,0.49448796054537664,1.314186248912053,0.3141862489120953,0.8196982883666343
Sweden,SE,2026-01,2026-01-01,sweden__standard_employee_stockholm,Suede · salarie standard (Stockholm),Sweden · standard employee (Stockholm),3.39,116853.3,36715.31,17400.0,423068.5,148367.92,47552.0,0.0,36715.31,0.0,0.3142000268712993,116853.3,43657.04,73196.26,153568.61,36715.31,80372.35,1.3142000268712992,2.0980390254911927,344.6999999999971,344.6999999999971,170.4499999999971,453.0099999999802,108.30999999999767,282.5600000000122,1.0,0.4944879605453975,1.3142152596460228,0.31421525964606495,0.8197272991007096
Sweden,SE,2026-01,2026-01-01,sweden__standard_employee_stockholm,Suede · salarie standard (Stockholm),Sweden · standard employee (Stockholm),3.4,117198.0,36823.61,17400.0,424332.17,149195.2,47552.0,0.0,36823.61,0.0,0.3141999863478899,117198.0,43831.28,73366.72,154021.61,36823.61,80654.89,1.3141999863478897,2.0993389100671256,344.6999999999971,344.6999999999971,170.4600000000064,453.0,108.30000000000291,282.5399999999936,1.0,0.49451697127939614,1.3141862489121086,0.31418624891210856,0.8196692776327125
Sweden,SE,2026-01,2026-01-01,sweden__standard_employee_stockholm,Suede · salarie standard (Stockholm),Sweden · standard employee (Stockholm),3.41,117542.7,36931.92,17400.0,425595.84,150022.48,47552.0,0.0,36931.92,0.0,0.3142000311376206,117542.7,44005.53,73537.17,154474.62,36931.92,80937.45,1.3142000311376205,2.1006331899908575,344.6999999999971,344.6999999999971,170.4499999999971,453.0100000000093,108.30999999999767,282.5599999999977,1.0,0.4944879605453975,1.3142152596461072,0.31421525964606495,0.8197272991006674
Sweden,SE,2026-01,2026-01-01,sweden__standard_employee_stockholm,Suede · salarie standard (Stockholm),Sweden · standard employee (Stockholm),3.42,117887.4,37040.22,17400.0,426859.51,150849.76,47552.0,0.0,37040.22,0.0,0.31419999083871564,117887.4,44179.77,73707.63,154927.62,37040.22,81219.99,1.3141999908387156,2.101921062989001,344.6999999999971,344.6999999999971,170.4600000000064,453.0,108.30000000000291,282.54000000000815,1.0,0.49451697127939614,1.3141862489121086,0.31418624891210856,0.8196692776327547
Sweden,SE,2026-01,2026-01-01,sweden__standard_employee_stockholm,Suede · salarie standard (Stockholm),Sweden · standard employee (Stockholm),3.43,118232.1,37148.53,17400.0,428123.18,151677.04,47552.0,0.0,37148.53,0.0,0.3142000353541889,118232.1,44354.02,73878.08,155380.63,37148.53,81502.55,1.314200035354189,2.103203412974457,344.70000000001164,344.70000000001164,170.4499999999971,453.0100000000093,108.30999999999767,282.5599999999977,1.0,0.49448796054537664,1.3142152596460517,0.3142152596460517,0.8197272991006328
Sweden,SE,2026-01,2026-01-01,sweden__standard_employee_stockholm,Suede · salarie standard (Stockholm),Sweden · standard employee (Stockholm),3.44,118576.8,37256.83,17400.0,429386.85,152504.32,47552.0,0.0,37256.83,0.0,0.3141999952773224,118576.8,44528.26,74048.54,155833.63,37256.83,81785.09,1.3141999952773225,2.1044794401077995,344.6999999999971,344.6999999999971,170.45999999999185,453.0,108.30000000000291,282.5399999999936,1.0,0.4945169712793539,1.3141862489121086,0.31418624891210856,0.8196692776327125
Sweden,SE,2026-01,2026-01-01,sweden__standard_employee_stockholm,Suede · salarie standard (Stockholm),Sweden · standard employee (Stockholm),3.45,118921.5,37365.14,17400.0,430650.52,153331.6,47552.0,0.0,37365.14,0.0,0.3142000395218695,118921.5,44702.51,74218.99,156286.64,37365.14,82067.65,1.3142000395218696,2.105750024353606,344.6999999999971,344.6999999999971,170.45000000001164,453.0100000000093,108.30999999999767,282.5599999999977,1.0,0.49448796054543975,1.3142152596461072,0.31421525964606495,0.8197272991006674
Sweden,SE,2026-01,2026-01-01,sweden__standard_employee_stockholm,Suede · salarie standard (Stockholm),Sweden · standard employee (Stockholm),3.46,119266.2,37473.44,17400.0,431914.19,154158.88,47552.0,0.0,37473.44,0.0,0.3141999996646158,119266.2,44876.76,74389.44,156739.64,37473.44,82350.2,1.3141999996646159,2.1070146515419395,344.6999999999971,344.6999999999971,170.4499999999971,453.0,108.30000000000291,282.5500000000029,1.0,0.4944879605453975,1.3141862489121086,0.31418624891210856,0.819698288366711
Sweden,SE,2026-01,2026-01-01,sweden__standard_employee_stockholm,Suede · salarie standard (Stockholm),Sweden · standard employee (Stockholm),3.47,119610.9,37581.74,17400.0,433177.86,154986.16,47552.0,0.0,37581.74,0.0,0.3141999600370869,119610.9,45051.0,74559.9,157192.64,37581.74,82632.74,1.3141999600370868,2.1082732138857483,344.6999999999971,344.6999999999971,170.45999999999185,453.0,108.29999999999563,282.54000000000815,1.0,0.4945169712793539,1.3141862489121086,0.31418624891208746,0.8196692776327547
Sweden,SE,2026-01,2026-01-01,sweden__standard_employee_stockholm,Suede · salarie standard (Stockholm),Sweden · standard employee (Stockholm),3.48,119955.6,37690.05,17400.0,434441.53,155813.44,47552.0,0.0,37690.05,0.0,0.31420000400148057,119955.6,45225.25,74730.35,157645.65,37690.05,82915.3,1.3142000040014807,2.1095264507659874,344.70000000001164,344.70000000001164,170.45000000001164,453.0099999999802,108.31000000000495,282.5599999999977,1.0,0.4944879605454189,1.3142152596459673,0.3142152596460728,0.8197272991006328
Sweden,SE,2026-01,2026-01-01,sweden__standard_employee_stockholm,Suede · salarie standard (Stockholm),Sweden · standard employee (Stockholm),3.49,120300.3,37798.35,17400.0,435705.2,156640.72,47552.0,0.0,37798.35,0.0,0.314199964588617,120300.3,45399.49,74900.81,158098.65,37798.35,83197.84,1.3141999645886169,2.1107735684033324,344.6999999999971,344.6999999999971,170.45999999999185,453.0,108.29999999999563,282.5399999999936,1.0,0.4945169712793539,1.3141862489121086,0.31418624891208746,0.8196692776327125
Sweden,SE,2026-01,2026-01-01,sweden__standard_employee_stockholm,Suede · salarie standard (Stockholm),Sweden · standard employee (Stockholm),3.5,120645.0,37906.66,17400.0,436968.87,157468.0,47552.0,0.0,37906.66,0.0,0.31420000828878114,120645.0,45573.74,75071.26,158551.66,37906.66,83480.4,1.3142000082887813,2.112015437066062,344.6999999999971,344.6999999999971,170.4499999999971,453.0100000000093,108.31000000000495,282.5599999999977,1.0,0.4944879605453975,1.3142152596461072,0.31421525964608604,0.8197272991006674
Sweden,SE,2026-01,2026-01-01,sweden__standard_employee_stockholm,Suede · salarie standard (Stockholm),Sweden · standard employee (Stockholm),3.51,120989.7,38014.96,17400.0,438232.54,158295.28,47552.0,0.0,38014.96,0.0,0.31419996908827774,120989.7,45747.99,75241.71,159004.66,38014.96,83762.95,1.3141999690882777,2.113251546250079,344.6999999999971,344.6999999999971,170.45000000001164,453.0,108.29999999999563,282.5500000000029,1.0,0.49448796054543975,1.3141862489121086,0.31418624891208746,0.819698288366711
Sweden,SE,2026-01,2026-01-01,sweden__standard_employee_stockholm,Suede · salarie standard (Stockholm),Sweden · standard employee (Stockholm),3.52,121334.4,38123.27,17400.0,439496.21,159122.56,47552.0,0.0,38123.27,0.0,0.3142000125273624,121334.4,45922.23,75412.17,159457.67,38123.27,84045.5,1.3142000125273623,2.11448191982806,344.6999999999971,344.6999999999971,170.45999999999185,453.0100000000093,108.30999999999767,282.5500000000029,1.0,0.4945169712793539,1.3142152596461072,0.31421525964606495,0.819698288366711
Sweden,SE,2026-01,2026-01-01,sweden__standard_employee_stockholm,Suede · salarie standard (Stockholm),Sweden · standard employee (Stockholm),3.53,121679.1,38231.57,17400.0,440759.88,159949.84,47552.0,0.0,38231.57,0.0,0.3141999735369509,121679.1,46096.48,75582.62,159910.67,38231.57,84328.05,1.314199973536951,2.115706891346185,344.70000000001164,344.70000000001164,170.4499999999971,453.0,108.30000000000291,282.5500000000029,1.0,0.49448796054537664,1.314186248912053,0.3141862489120953,0.8196982883666765
Sweden,SE,2026-01,2026-01-01,sweden__standard_employee_stockholm,Suede · salarie standard (Stockholm),Sweden · standard employee (Stockholm),3.54,122023.8,38339.88,17400.0,442023.55,160777.12,47552.0,0.0,38339.88,0.0,0.31420001671805003,122023.8,46270.72,75753.08,160363.68,38339.88,84610.6,1.31420001671805,2.1169262028685827,344.6999999999971,344.6999999999971,170.4600000000064,453.0099999999802,108.30999999999767,282.5500000000029,1.0,0.49451697127939614,1.3142152596460228,0.31421525964606495,0.819698288366711
Sweden,SE,2026-01,2026-01-01,sweden__standard_employee_stockholm,Suede · salarie standard (Stockholm),Sweden · standard employee (Stockholm),3.55,122368.5,38448.18,17400.0,443287.22,161604.4,47552.0,0.0,38448.18,0.0,0.3141999779354981,122368.5,46444.97,75923.53,160816.68,38448.18,84893.15,1.314199977935498,2.118140186579839,344.6999999999971,344.6999999999971,170.4499999999971,453.0,108.30000000000291,282.54999999998836,1.0,0.4944879605453975,1.3141862489121086,0.31418624891210856,0.8196982883666688
Sweden,SE,2026-01,2026-01-01,sweden__standard_employee_stockholm,Suede · salarie standard (Stockholm),Sweden · standard employee (Stockholm),3.56,122713.2,38556.49,17400.0,444550.89,162431.68,47552.0,0.0,38556.49,0.0,0.3142000208616514,122713.2,46619.21,76093.99,161269.69,38556.49,85175.7,1.3142000208616516,2.1193485845597007,344.6999999999971,344.6999999999971,170.4600000000064,453.0100000000093,108.30999999999767,282.5500000000029,1.0,0.49451697127939614,1.3142152596461072,0.31421525964606495,0.819698288366711
Sweden,SE,2026-01,2026-01-01,sweden__standard_employee_stockholm,Suede · salarie standard (Stockholm),Sweden · standard employee (Stockholm),3.57,123057.9,38664.79,17400.0,445814.56,163258.96,47552.0,0.0,38664.79,0.0,0.3141999822847619,123057.9,46793.46,76264.44,161722.69,38664.79,85458.25,1.3141999822847619,2.120551727646594,344.6999999999971,344.6999999999971,170.4499999999971,453.0,108.30000000000291,282.5500000000029,1.0,0.4944879605453975,1.3141862489121086,0.31418624891210856,0.819698288366711
Sweden,SE,2026-01,2026-01-01,sweden__standard_employee_stockholm,Suede · salarie standard (Stockholm),Sweden · standard employee (Stockholm),3.58,123402.6,38773.1,17400.0,447078.23,164086.24,47552.0,0.0,38773.1,0.0,0.31420002495895544,123402.6,46967.71,76434.89,162175.7,38773.1,85740.81,1.3142000249589556,2.1217496355394765,344.70000000001164,344.70000000001164,170.4499999999971,453.0100000000093,108.30999999999767,282.5599999999977,1.0,0.49448796054537664,1.3142152596460517,0.3142152596460517,0.8197272991006328
Sweden,SE,2026-01,2026-01-01,sweden__standard_employee_stockholm,Suede · salarie standard (Stockholm),Sweden · standard employee (Stockholm),3.59,123747.3,38881.4,17400.0,448341.9,164913.52,47552.0,0.0,38881.4,0.0,0.31419998658556597,123747.3,47141.95,76605.35,162628.7,38881.4,86023.35,1.3141999865855658,2.122941804978373,344.6999999999971,344.6999999999971,170.4600000000064,453.0,108.30000000000291,282.54000000000815,1.0,0.49451697127939614,1.3141862489121086,0.31418624891210856,0.8196692776327547
Sweden,SE,2026-01,2026-01-01,sweden__standard_employee_stockholm,Suede · salarie standard (Stockholm),Sweden · standard employee (Stockholm),3.6,124092.0,38989.71,17400.0,449605.57,165740.8,47552.0,0.0,38989.71,0.0,0.31420002901073396,124092.0,47316.2,76775.8,163081.71,38989.71,86305.91,1.3142000290107339,2.124129087551025,344.6999999999971,344.6999999999971,170.4499999999971,453.0099999999802,108.30999999999767,282.5599999999977,1.0,0.4944879605453975,1.3142152596460228,0.31421525964606495,0.8197272991006674
Sweden,SE,2026-01,2026-01-01,sweden__standard_employee_stockholm,Suede · salarie standard (Stockholm),Sweden · standard employee (Stockholm),3.61,124436.7,39098.01,17400.0,450869.24,166568.08,47552.0,0.0,39098.01,0.0,0.31419999083871564,124436.7,47490.44,76946.26,163534.71,39098.01,86588.45,1.3141999908387156,2.1253107038600705,344.6999999999971,344.6999999999971,170.45999999999185,453.0,108.30000000000291,282.5399999999936,1.0,0.4945169712793539,1.3141862489121086,0.31418624891210856,0.8196692776327125
Sweden,SE,2026-01,2026-01-01,sweden__standard_employee_stockholm,Suede · salarie standard (Stockholm),Sweden · standard employee (Stockholm),3.62,124781.4,39206.32,17400.0,452132.91,167395.36,47552.0,0.0,39206.32,0.0,0.3142000330177414,124781.4,47664.69,77116.71,163987.72,39206.32,86871.01,1.3142000330177412,2.1264875018656784,344.6999999999971,344.6999999999971,170.45000000001164,453.0100000000093,108.30999999999767,282.5599999999977,1.0,0.49448796054543975,1.3142152596461072,0.31421525964606495,0.8197272991006674
Sweden,SE,2026-01,2026-01-01,sweden__standard_employee_stockholm,Suede · salarie standard (Stockholm),Sweden · standard employee (Stockholm),3.63,125126.1,39314.62,17400.0,453396.58,168222.64,47552.0,0.0,39314.62,0.0,0.3141999950449986,125126.1,47838.94,77287.16,164440.72,39314.62,87153.56,1.3141999950449987,2.1276589798357195,344.70000000001164,344.70000000001164,170.4499999999971,453.0,108.30000000000291,282.5500000000029,1.0,0.49448796054537664,1.314186248912053,0.3141862489120953,0.8196982883666765
Sweden,SE,2026-01,2026-01-01,sweden__standard_employee_stockholm,Suede · salarie standard (Stockholm),Sweden · standard employee (Stockholm),3.64,125470.8,39422.93,17400.0,454660.25,169049.92,47552.0,0.0,39422.93,0.0,0.3142000369807158,125470.8,48013.18,77457.62,164893.73,39422.93,87436.11,1.3142000369807159,2.1288251562596425,344.6999999999971,344.6999999999971,170.45999999999185,453.0100000000093,108.30999999999767,282.5500000000029,1.0,0.4945169712793539,1.3142152596461072,0.31421525964606495,0.819698288366711
Sweden,SE,2026-01,2026-01-01,sweden__standard_employee_stockholm,Suede · salarie standard (Stockholm),Sweden · standard employee (Stockholm),3.65,125815.5,39531.23,17400.0,455923.92,169877.2,47552.0,0.0,39531.23,0.0,0.3141999992051854,125815.5,48187.43,77628.07,165346.73,39531.23,87718.66,1.3141999992051854,2.129986356739257,344.6999999999971,344.6999999999971,170.45000000001164,453.0,108.30000000000291,282.5500000000029,1.0,0.49448796054543975,1.3141862489121086,0.31418624891210856,0.819698288366711
Sweden,SE,2026-01,2026-01-01,sweden__standard_employee_stockholm,Suede · salarie standard (Stockholm),Sweden · standard employee (Stockholm),3.66,126160.2,39639.53,17400.0,457187.59,170704.48,47552.0,0.0,39639.53,0.0,0.31419996163607855,126160.2,48361.67,77798.53,165799.73,39639.53,88001.2,1.3141999616360784,2.131142195103172,344.6999999999971,344.6999999999971,170.45999999999185,453.0,108.29999999999563,282.5399999999936,1.0,0.4945169712793539,1.3141862489121086,0.31418624891208746,0.8196692776327125
Sweden,SE,2026-01,2026-01-01,sweden__standard_employee_stockholm,Suede · salarie standard (Stockholm),Sweden · standard employee (Stockholm),3.67,126504.9,39747.84,17400.0,458451.26,171531.76,47552.0,0.0,39747.84,0.0,0.3142000033200295,126504.9,48535.92,77968.98,166252.74,39747.84,88283.76,1.3142000033200294,2.132293381290867,344.6999999999971,344.6999999999971,170.4499999999971,453.0099999999802,108.30999999999767,282.5599999999977,1.0,0.4944879605453975,1.3142152596460228,0.31421525964606495,0.8197272991006674
Sweden,SE,2026-01,2026-01-01,sweden__standard_employee_stockholm,Suede · salarie standard (Stockholm),Sweden · standard employee (Stockholm),3.68,126849.6,39856.14,17400.0,459714.93,172359.04,47552.0,0.0,39856.14,0.0,0.31419996594392097,126849.6,48710.16,78139.44,166705.74,39856.14,88566.3,1.314199965943921,2.1334391441761036,344.70000000001164,344.70000000001164,170.4600000000064,453.0,108.30000000000291,282.54000000000815,1.0,0.4945169712793752,1.314186248912053,0.3141862489120953,0.81966927763272
Sweden,SE,2026-01,2026-01-01,sweden__standard_employee_stockholm,Suede · salarie standard (Stockholm),Sweden · standard employee (Stockholm),3.69,127194.3,39964.45,17400.0,460978.6,173186.32,47552.0,0.0,39964.45,0.0,0.31420000739026827,127194.3,48884.41,78309.89,167158.75,39964.45,88848.86,1.3142000073902682,2.1345803192930037,344.6999999999971,344.6999999999971,170.4499999999971,453.0100000000093,108.30999999999767,282.5599999999977,1.0,0.4944879605453975,1.3142152596461072,0.31421525964606495,0.8197272991006674
Sweden,SE,2026-01,2026-01-01,sweden__standard_employee_stockholm,Suede · salarie standard (Stockholm),Sweden · standard employee (Stockholm),3.7,127539.0,40072.75,17400.0,462242.27,174013.6,47552.0,0.0,40072.75,0.0,0.31419997020519214,127539.0,49058.66,78480.34,167611.75,40072.75,89131.41,1.314199970205192,2.1357164099951658,344.6999999999971,344.6999999999971,170.4499999999971,453.0,108.30000000000291,282.5500000000029,1.0,0.4944879605453975,1.3141862489121086,0.31418624891210856,0.819698288366711
Sweden,SE,2026-01,2026-01-01,sweden__standard_employee_stockholm,Suede · salarie standard (Stockholm),Sweden · standard employee (Stockholm),3.71,127883.7,40181.06,17400.0,463505.94,174840.88,47552.0,0.0,40181.06,0.0,0.31420001141662307,127883.7,49232.9,78650.8,168064.76,40181.06,89413.96,1.3142000114166232,2.1368474319396626,344.6999999999971,344.6999999999971,170.4600000000064,453.0100000000093,108.30999999999767,282.5500000000029,1.0,0.49451697127939614,1.3142152596461072,0.31421525964606495,0.819698288366711
Sweden,SE,2026-01,2026-01-01,sweden__standard_employee_stockholm,Suede · salarie standard (Stockholm),Sweden · standard employee (Stockholm),3.72,128228.4,40289.36,17400.0,464769.61,175668.16,47552.0,0.0,40289.36,0.0,0.3141999744206431,128228.4,49407.15,78821.25,168517.76,40289.36,89696.51,1.3141999744206432,2.1379737063291944,344.6999999999971,344.6999999999971,170.4499999999971,453.0,108.30000000000291,282.54999999998836,1.0,0.4944879605453975,1.3141862489121086,0.31418624891210856,0.8196982883666688
Sweden,SE,2026-01,2026-01-01,sweden__standard_employee_stockholm,Suede · salarie standard (Stockholm),Sweden · standard employee (Stockholm),3.73,128573.1,40397.67,17400.0,466033.28,176495.44,47552.0,0.0,40397.67,0.0,0.31420001539979975,128573.1,49581.39,78991.71,168970.77,40397.67,89979.06,1.3142000153998,2.1390949759158273,344.70000000001164,344.70000000001164,170.4600000000064,453.0099999999802,108.30999999999767,282.5500000000029,1.0,0.4945169712793752,1.3142152596459673,0.3142152596460517,0.8196982883666765
Sweden,SE,2026-01,2026-01-01,sweden__standard_employee_stockholm,Suede · salarie standard (Stockholm),Sweden · standard employee (Stockholm),3.74,128917.8,40505.97,17400.0,467296.95,177322.72,47552.0,0.0,40505.97,0.0,0.3141999785910092,128917.8,49755.64,79162.16,169423.77,40505.97,90261.61,1.3141999785910092,2.140211560674949,344.6999999999971,344.6999999999971,170.4499999999971,453.0,108.30000000000291,282.5500000000029,1.0,0.4944879605453975,1.3141862489121086,0.31418624891210856,0.819698288366711
Sweden,SE,2026-01,2026-01-01,sweden__standard_employee_stockholm,Suede · salarie standard (Stockholm),Sweden · standard employee (Stockholm),3.75,129262.5,40614.28,17400.0,468560.63,178150.0,47552.0,0.0,40614.28,0.0,0.3142000193404893,129262.5,49929.89,79332.61,169876.78,40614.28,90544.17,1.3142000193404892,2.1413234734115014,344.6999999999971,344.6999999999971,170.4499999999971,453.0100000000093,108.30999999999767,282.5599999999977,1.0,0.4944879605453975,1.3142152596461072,0.31421525964606495,0.8197272991006674
Sweden,SE,2026-01,2026-01-01,sweden__standard_employee_stockholm,Suede · salarie standard (Stockholm),Sweden · standard employee (Stockholm),3.76,129607.2,40722.58,17400.0,469824.3,178977.28,47552.0,0.0,40722.58,0.0,0.31419998271700955,129607.2,50104.13,79503.07,170329.78,40722.58,90826.71,1.3141999827170097,2.142430223134779,344.6999999999971,344.6999999999971,170.4600000000064,453.0,108.30000000000291,282.54000000000815,1.0,0.49451697127939614,1.3141862489121086,0.31418624891210856,0.8196692776327547
Sweden,SE,2026-01,2026-01-01,sweden__standard_employee_stockholm,Suede · salarie standard (Stockholm),Sweden · standard employee (Stockholm),3.77,129951.9,40830.89,17400.0,471087.97,179804.56,47552.0,0.0,40830.89,0.0,0.3142000232393678,129951.9,50278.38,79673.52,170782.79,40830.89,91109.27,1.3142000232393678,2.143532631669845,344.6999999999971,344.6999999999971,170.4499999999971,453.0100000000093,108.30999999999767,282.5599999999977,1.0,0.4944879605453975,1.3142152596461072,0.31421525964606495,0.8197272991006674
Sweden,SE,2026-01,2026-01-01,sweden__standard_employee_stockholm,Suede · salarie standard (Stockholm),Sweden · standard employee (Stockholm),3.78,130296.6,40939.19,17400.0,472351.64,180631.84,47552.0,0.0,40939.19,0.0,0.31419998679934863,130296.6,50452.62,79843.98,171235.79,40939.19,91391.81,1.3141999867993486,2.144629939539587,344.70000000001164,344.70000000001164,170.45999999999185,453.0,108.30000000000291,282.5399999999936,1.0,0.49451697127933303,1.314186248912053,0.3141862489120953,0.8196692776326778
Sweden,SE,2026-01,2026-01-01,sweden__standard_employee_stockholm,Suede · salarie standard (Stockholm),Sweden · standard employee (Stockholm),3.79,130641.3,41047.5,17400.0,473615.31,181459.12,47552.0,0.0,41047.5,0.0,0.31420002709709716,130641.3,50626.87,80014.43,171688.8,41047.5,91674.37,1.314200027097097,2.1457229652201484,344.6999999999971,344.6999999999971,170.4499999999971,453.0099999999802,108.30999999999767,282.5599999999977,1.0,0.4944879605453975,1.3142152596460228,0.31421525964606495,0.8197272991006674
Sweden,SE,2026-01,2026-01-01,sweden__standard_employee_stockholm,Suede · salarie standard (Stockholm),Sweden · standard employee (Stockholm),3.8,130986.0,41155.8,17400.0,474878.98,182286.4,47552.0,0.0,41155.8,0.0,0.31419999083871564,130986.0,50801.12,80184.88,172141.8,41155.8,91956.92,1.3141999908387154,2.1468112192722617,344.6999999999971,344.6999999999971,170.45000000001164,453.0,108.30000000000291,282.5500000000029,1.0,0.49448796054543975,1.3141862489121086,0.31418624891210856,0.819698288366711
Sweden,SE,2026-01,2026-01-01,sweden__standard_employee_stockholm,Suede · salarie standard (Stockholm),Sweden · standard employee (Stockholm),3.81,131330.7,41264.11,17400.0,476142.65,183113.68,47552.0,0.0,41264.11,0.0,0.3142000309143254,131330.7,50975.36,80355.34,172594.81,41264.11,92239.47,1.3142000309143254,2.14789471365562,344.70000000001164,344.70000000001164,170.45999999999185,453.0100000000093,108.30999999999767,282.5500000000029,1.0,0.49451697127933303,1.3142152596460517,0.3142152596460517,0.8196982883666765
Sweden,SE,2026-01,2026-01-01,sweden__standard_employee_stockholm,Suede · salarie standard (Stockholm),Sweden · standard employee (Stockholm),3.82,131675.4,41372.41,17400.0,477406.32,183940.96,47552.0,0.0,41372.41,0.0,0.3141999948357856,131675.4,51149.61,80525.79,173047.81,41372.41,92522.02,1.3141999948357856,2.1489737635607176,344.69999999998254,344.69999999998254,170.4499999999971,453.0,108.30000000000291,282.5500000000029,1.0,0.4944879605454184,1.314186248912164,0.3141862489121218,0.8196982883667456
Sweden,SE,2026-01,2026-01-01,sweden__standard_employee_stockholm,Suede · salarie standard (Stockholm),Sweden · standard employee (Stockholm),3.83,132020.1,41480.72,17400.0,478669.99,184768.24,47552.0,0.0,41480.72,0.0,0.3142000346916871,132020.1,51323.85,80696.25,173500.82,41480.72,92804.57,1.3142000346916871,2.150048112520718,344.70000000001164,344.70000000001164,170.4600000000064,453.0100000000093,108.30999999999767,282.5500000000029,1.0,0.4945169712793752,1.3142152596460517,0.3142152596460517,0.8196982883666765
Sweden,SE,2026-01,2026-01-01,sweden__standard_employee_stockholm,Suede · salarie standard (Stockholm),Sweden · standard employee (Stockholm),3.84,132364.8,41589.02,17400.0,479933.66,185595.52,47552.0,0.0,41589.02,0.0,0.3141999987912194,132364.8,51498.1,80866.7,173953.82,41589.02,93087.12,1.3141999987912194,2.1511180745597387,344.69999999998254,344.69999999998254,170.4499999999971,453.0,108.29999999999563,282.54999999998836,1.0,0.4944879605454184,1.314186248912164,0.31418624891210073,0.8196982883667034
Sweden,SE,2026-01,2026-01-01,sweden__standard_employee_stockholm,Suede · salarie standard (Stockholm),Sweden · standard employee (Stockholm),3.85,132709.5,41697.32,17400.0,481197.33,186422.8,47552.0,0.0,41697.32,0.0,0.3141999630772477,132709.5,51672.34,81037.16,174406.82,41697.32,93369.66,1.3141999630772476,2.152183269996135,344.70000000001164,344.70000000001164,170.4600000000064,453.0,108.30000000000291,282.54000000000815,1.0,0.4945169712793752,1.314186248912053,0.3141862489120953,0.81966927763272
Sweden,SE,2026-01,2026-01-01,sweden__standard_employee_stockholm,Suede · salarie standard (Stockholm),Sweden · standard employee (Stockholm),3.86,133054.2,41805.63,17400.0,482461.0,187250.08,47552.0,0.0,41805.63,0.0,0.31420000270566434,133054.2,51846.59,81207.61,174859.83,41805.63,93652.22,1.3142000027056644,2.1532443818996767,344.70000000001164,344.70000000001164,170.4499999999971,453.0099999999802,108.30999999999767,282.5599999999977,1.0,0.49448796054537664,1.3142152596459673,0.3142152596460517,0.8197272991006328
Sweden,SE,2026-01,2026-01-01,sweden__standard_employee_stockholm,Suede · salarie standard (Stockholm),Sweden · standard employee (Stockholm),3.87,133398.9,41913.93,17400.0,483724.67,188077.36,47552.0,0.0,41913.93,0.0,0.31419996716614607,133398.9,52020.84,81378.06,175312.83,41913.93,93934.77,1.314199967166146,2.1543009258269366,344.69999999998254,344.69999999998254,170.4499999999971,453.0,108.30000000000291,282.5500000000029,1.0,0.4944879605454184,1.314186248912164,0.3141862489121218,0.8196982883667456
Sweden,SE,2026-01,2026-01-01,sweden__standard_employee_stockholm,Suede · salarie standard (Stockholm),Sweden · standard employee (Stockholm),3.88,133743.6,42022.24,17400.0,484988.34,188904.64,47552.0,0.0,42022.24,0.0,0.31420000657975405,133743.6,52195.08,81548.52,175765.84,42022.24,94217.32,1.314200006579754,2.1553529113710463,344.70000000001164,344.70000000001164,170.4600000000064,453.0100000000093,108.30999999999767,282.5500000000029,1.0,0.4945169712793752,1.3142152596460517,0.3142152596460517,0.8196982883666765
Sweden,SE,2026-01,2026-01-01,sweden__standard_employee_stockholm,Suede · salarie standard (Stockholm),Sweden · standard employee (Stockholm),3.89,134088.3,42130.54,17400.0,486252.01,189731.92,47552.0,0.0,42130.54,0.0,0.31419997121299914,134088.3,52369.33,81718.97,176218.84,42130.54,94499.87,1.3141999712129993,2.156400649690029,344.69999999998254,344.69999999998254,170.4499999999971,453.0,108.30000000000291,282.54999999998836,1.0,0.4944879605454184,1.314186248912164,0.3141862489121218,0.8196982883667034
Sweden,SE,2026-01,2026-01-01,sweden__standard_employee_stockholm,Suede · salarie standard (Stockholm),Sweden · standard employee (Stockholm),3.9,134433.0,42238.85,17400.0,487515.68,190559.2,47552.0,0.0,42238.85,0.0,0.3142000104141096,134433.0,52543.57,81889.43,176671.85,42238.85,94782.42,1.3142000104141096,2.157443885004451,344.70000000001164,344.70000000001164,170.45999999999185,453.0100000000093,108.30999999999767,282.5500000000029,1.0,0.49451697127933303,1.3142152596460517,0.3142152596460517,0.8196982883666765
Sweden,SE,2026-01,2026-01-01,sweden__standard_employee_stockholm,Suede · salarie standard (Stockholm),Sweden · standard employee (Stockholm),3.91,134777.7,42347.15,17400.0,488779.35,191386.48,47552.0,0.0,42347.15,0.0,0.3141999752184523,134777.7,52717.82,82059.88,177124.85,42347.15,95064.97,1.3141999752184523,2.1584829273452506,344.70000000001164,344.70000000001164,170.45000000001164,453.0,108.30000000000291,282.5500000000029,1.0,0.4944879605454189,1.314186248912053,0.3141862489120953,0.8196982883666765
Sweden,SE,2026-01,2026-01-01,sweden__standard_employee_stockholm,Suede · salarie standard (Stockholm),Sweden · standard employee (Stockholm),3.92,135122.4,42455.46,17400.0,490043.02,192213.76,47552.0,0.0,42455.46,0.0,0.3142000142093391,135122.4,52892.07,82230.33,177577.86,42455.46,95347.53,1.314200014209339,2.159517783766647,344.69999999998254,344.69999999998254,170.4499999999971,453.0099999999802,108.30999999999767,282.5599999999977,1.0,0.4944879605454184,1.314215259646078,0.3142152596460782,0.819727299100702
Sweden,SE,2026-01,2026-01-01,sweden__standard_employee_stockholm,Suede · salarie standard (Stockholm),Sweden · standard employee (Stockholm),3.93,135467.1,42563.76,17400.0,491306.69,193041.04,47552.0,0.0,42563.76,0.0,0.31419997918313747,135467.1,53066.31,82400.79,178030.86,42563.76,95630.07,1.3141999791831376,2.1605479753288774,344.70000000001164,344.70000000001164,170.45999999999185,453.0,108.30000000000291,282.54000000000815,1.0,0.49451697127933303,1.314186248912053,0.3141862489120953,0.81966927763272
Sweden,SE,2026-01,2026-01-01,sweden__standard_employee_stockholm,Suede · salarie standard (Stockholm),Sweden · standard employee (Stockholm),3.94,135811.8,42672.07,17400.0,492570.36,193868.32,47552.0,0.0,42672.07,0.0,0.3142000179660383,135811.8,53240.56,82571.24,178483.87,42672.07,95912.63,1.3142000179660385,2.161574296328843,344.69999999998254,344.69999999998254,170.45000000001164,453.0100000000093,108.30999999999767,282.5599999999977,1.0,0.4944879605454606,1.3142152596461627,0.3142152596460782,0.819727299100702
Sweden,SE,2026-01,2026-01-01,sweden__standard_employee_stockholm,Suede · salarie standard (Stockholm),Sweden · standard employee (Stockholm),3.95,136156.5,42780.37,17400.0,493834.03,194695.6,47552.0,0.0,42780.37,0.0,0.3141999831076739,136156.5,53414.8,82741.7,178936.87,42780.37,96195.17,1.3141999831076738,2.162596006608518,344.70000000001164,344.70000000001164,170.45999999999185,453.0,108.30000000000291,282.5399999999936,1.0,0.49451697127933303,1.314186248912053,0.3141862489120953,0.8196692776326778
Sweden,SE,2026-01,2026-01-01,sweden__standard_employee_stockholm,Suede · salarie standard (Stockholm),Sweden · standard employee (Stockholm),3.96,136501.2,42888.68,17400.0,495097.7,195522.88,47552.0,0.0,42888.68,0.0,0.314200021684791,136501.2,53589.05,82912.15,179389.88,42888.68,96477.73,1.3142000216847909,2.1636138973600367,344.70000000001164,344.70000000001164,170.4499999999971,453.0100000000093,108.30999999999767,282.5599999999977,1.0,0.49448796054537664,1.3142152596460517,0.3142152596460517,0.8197272991006328
Sweden,SE,2026-01,2026-01-01,sweden__standard_employee_stockholm,Suede · salarie standard (Stockholm),Sweden · standard employee (Stockholm),3.97,136845.9,42996.98,17400.0,496361.37,196350.16,47552.0,0.0,42996.98,0.0,0.31419998699266843,136845.9,53763.29,83082.61,179842.88,42996.98,96760.27,1.3141999869926684,2.1646272306563317,344.69999999998254,344.69999999998254,170.4600000000064,453.0,108.30000000000291,282.54000000000815,1.0,0.494516971279417,1.314186248912164,0.3141862489121218,0.8196692776327893
Sweden,SE,2026-01,2026-01-01,sweden__standard_employee_stockholm,Suede · salarie standard (Stockholm),Sweden · standard employee (Stockholm),3.98,137190.6,43105.29,17400.0,497625.04,197177.44,47552.0,0.0,43105.29,0.0,0.3142000253661694,137190.6,53937.54,83253.06,180295.89,43105.29,97042.83,1.3142000253661694,2.1656367946115136,344.70000000001164,344.70000000001164,170.4499999999971,453.0100000000093,108.30999999999767,282.5599999999977,1.0,0.49448796054537664,1.3142152596460517,0.3142152596460517,0.8197272991006328
Sweden,SE,2026-01,2026-01-01,sweden__standard_employee_stockholm,Suede · salarie standard (Stockholm),Sweden · standard employee (Stockholm),3.99,137535.3,43213.59,17400.0,498888.71,198004.72,47552.0,0.0,43213.59,0.0,0.3141999908387155,137535.3,54111.79,83423.51,180748.89,43213.59,97325.38,1.3141999908387154,2.1666421132364246,344.69999999998254,344.69999999998254,170.4499999999971,453.0,108.29999999999563,282.5500000000029,1.0,0.4944879605454184,1.314186248912164,0.31418624891210073,0.8196982883667456
Sweden,SE,2026-01,2026-01-01,sweden__standard_employee_stockholm,Suede · salarie standard (Stockholm),Sweden · standard employee (Stockholm),4.0,137880.0,43321.9,17400.0,500152.38,198832.0,47552.0,0.0,43321.9,0.0,0.31420002901073396,137880.0,54286.03,83593.97,181201.9,43321.9,97607.93,1.3142000290107339,2.1676431924455795,344.70000000001164,344.70000000001164,170.4600000000064,453.0099999999802,108.31000000000495,282.54999999998836,1.0,0.4945169712793752,1.3142152596459673,0.3142152596460728,0.8196982883666343
Sweden,SE,2026-01,2026-01-01,sweden__standard_employee_stockholm,Suede · salarie standard (Stockholm),Sweden · standard employee (Stockholm),4.01,138224.7,43430.2,17400.0,501416.05,199659.28,47552.0,0.0,43430.2,0.0,0.31419999464639825,138224.7,54460.28,83764.42,181654.9,43430.2,97890.48,1.314199994646398,2.1686403367921607,344.70000000001164,344.70000000001164,170.4499999999971,453.0,108.29999999999563,282.5500000000029,1.0,0.49448796054537664,1.314186248912053,0.3141862489120742,0.8196982883666765
Sweden,SE,2026-01,2026-01-01,sweden__standard_employee_stockholm,Suede · salarie standard (Stockholm),Sweden · standard employee (Stockholm),4.02,138569.4,43538.51,17400.0,502679.72,200486.56,47552.0,0.0,43538.51,0.0,0.31420003261903423,138569.4,54634.52,83934.88,182107.91,43538.51,98173.03,1.3142000326190344,2.1696332919043906,344.69999999998254,344.69999999998254,170.4600000000064,453.0100000000093,108.31000000000495,282.5500000000029,1.0,0.494516971279417,1.3142152596461627,0.3142152596460993,0.8196982883667456
Sweden,SE,2026-01,2026-01-01,sweden__standard_employee_stockholm,Suede · salarie standard (Stockholm),Sweden · standard employee (Stockholm),4.03,138914.1,43646.81,17400.0,503943.39,201313.84,47552.0,0.0,43646.81,0.0,0.31419999841628743,138914.1,54808.77,84105.33,182560.91,43646.81,98455.58,1.3141999984162875,2.170622361270088,344.70000000001164,344.70000000001164,170.4499999999971,453.0,108.29999999999563,282.5500000000029,1.0,0.49448796054537664,1.314186248912053,0.3141862489120742,0.8196982883666765
Sweden,SE,2026-01,2026-01-01,sweden__standard_employee_stockholm,Suede · salarie standard (Stockholm),Sweden · standard employee (Stockholm),4.04,139258.8,43755.11,17400.0,505207.06,202141.12,47552.0,0.0,43755.11,0.0,0.3141999643828613,139258.8,54983.02,84275.78,183013.91,43755.11,98738.13,1.3141999643828612,2.171607429797742,344.69999999998254,344.69999999998254,170.4499999999971,453.0,108.30000000000291,282.5500000000029,1.0,0.4944879605454184,1.314186248912164,0.3141862489121218,0.8196982883667456
Sweden,SE,2026-01,2026-01-01,sweden__standard_employee_stockholm,Suede · salarie standard (Stockholm),Sweden · standard employee (Stockholm),4.05,139603.5,43863.42,17400.0,506470.73,202968.4,47552.0,0.0,43863.42,0.0,0.3142000021489432,139603.5,55157.26,84446.24,183466.92,43863.42,99020.68,1.314200002148943,2.1725883828575436,344.70000000001164,344.70000000001164,170.4600000000064,453.0100000000093,108.30999999999767,282.54999999998836,1.0,0.4945169712793752,1.3142152596460517,0.3142152596460517,0.8196982883666343
Sweden,SE,2026-01,2026-01-01,sweden__standard_employee_stockholm,Suede · salarie standard (Stockholm),Sweden · standard employee (Stockholm),4.06,139948.2,43971.72,17400.0,507734.4,203795.68,47552.0,0.0,43971.72,0.0,0.3141999682739757,139948.2,55331.51,84616.69,183919.92,43971.72,99303.23,1.3141999682739758,2.173565522357351,344.70000000001164,344.70000000001164,170.4499999999971,453.0,108.30000000000291,282.5500000000029,1.0,0.49448796054537664,1.314186248912053,0.3141862489120953,0.8196982883666765
Sweden,SE,2026-01,2026-01-01,sweden__standard_employee_stockholm,Suede · salarie standard (Stockholm),Sweden · standard employee (Stockholm),4.07,140292.9,44080.03,17400.0,508998.07,204622.96,47552.0,0.0,44080.03,0.0,0.3142000058449144,140292.9,55505.75,84787.15,184372.93,44080.03,99585.78,1.3142000058449144,2.1745385945865614,344.69999999998254,344.69999999998254,170.45999999999185,453.0099999999802,108.30999999999767,282.5500000000029,1.0,0.4945169712793748,1.314215259646078,0.3142152596460782,0.8196982883667456
Sweden,SE,2026-01,2026-01-01,sweden__standard_employee_stockholm,Suede · salarie standard (Stockholm),Sweden · standard employee (Stockholm),4.08,140637.6,44188.33,17400.0,510261.74,205450.24,47552.0,0.0,44188.33,0.0,0.3141999721269419,140637.6,55680.0,84957.6,184825.93,44188.33,99868.33,1.3141999721269417,2.175507900411499,344.70000000001164,344.70000000001164,170.45000000001164,453.0,108.30000000000291,282.5500000000029,1.0,0.4944879605454189,1.314186248912053,0.3141862489120953,0.8196982883666765
Sweden,SE,2026-01,2026-01-01,sweden__standard_employee_stockholm,Suede · salarie standard (Stockholm),Sweden · standard employee (Stockholm),4.09,140982.3,44296.64,17400.0,511525.41,206277.52,47552.0,0.0,44296.64,0.0,0.31420000950473925,140982.3,55854.24,85128.06,185278.94,44296.64,100150.88,1.3142000095047395,2.176473186397059,344.69999999998254,344.69999999998254,170.45999999999185,453.0100000000093,108.30999999999767,282.5500000000029,1.0,0.4945169712793748,1.3142152596461627,0.3142152596460782,0.8196982883667456
Sweden,SE,2026-01,2026-01-01,sweden__standard_employee_stockholm,Suede · salarie standard (Stockholm),Sweden · standard employee (Stockholm),4.1,141327.0,44404.94,17400.0,512789.08,207104.8,47552.0,0.0,44404.94,0.0,0.3141999759423182,141327.0,56028.49,85298.51,185731.94,44404.94,100433.43,1.3141999759423182,2.177434752377269,344.70000000001164,344.70000000001164,170.4499999999971,453.0,108.30000000000291,282.54999999998836,1.0,0.49448796054537664,1.314186248912053,0.3141862489120953,0.8196982883666343
Sweden,SE,2026-01,2026-01-01,sweden__standard_employee_stockholm,Suede · salarie standard (Stockholm),Sweden · standard employee (Stockholm),4.11,141671.7,44513.25,17400.0,514052.75,207932.08,47552.0,0.0,44513.25,0.0,0.3142000131289453,141671.7,56202.74,85468.96,186184.95,44513.25,100715.99,1.3142000131289453,2.1783926000737575,344.70000000001164,344.70000000001164,170.45000000001164,453.0100000000093,108.30999999999767,282.5600000000122,1.0,0.4944879605454189,1.3142152596460517,0.3142152596460517,0.819727299100675
Sweden,SE,2026-01,2026-01-01,sweden__standard_employee_stockholm,Suede · salarie standard (Stockholm),Sweden · standard employee (Stockholm),4.12,142016.4,44621.55,17400.0,515316.42,208759.36,47552.0,0.0,44621.55,0.0,0.314199979720652,142016.4,56376.98,85639.42,186637.95,44621.55,100998.53,1.314199979720652,2.1793462636715666,344.69999999998254,344.69999999998254,170.45999999999185,453.0,108.30000000000291,282.5399999999936,1.0,0.4945169712793748,1.314186248912164,0.3141862489121218,0.8196692776327471
Sweden,SE,2026-01,2026-01-01,sweden__standard_employee_stockholm,Suede · salarie standard (Stockholm),Sweden · standard employee (Stockholm),4.13,142361.1,44729.86,17400.0,516580.09,209586.64,47552.0,0.0,44729.86,0.0,0.3142000167180501,142361.1,56551.23,85809.87,187090.96,44729.86,101281.09,1.31420001671805,2.1802965090146396,344.70000000001164,344.70000000001164,170.4499999999971,453.0099999999802,108.30999999999767,282.5599999999977,1.0,0.49448796054537664,1.3142152596459673,0.3142152596460517,0.8197272991006328
Sweden,SE,2026-01,2026-01-01,sweden__standard_employee_stockholm,Suede · salarie standard (Stockholm),Sweden · standard employee (Stockholm),4.14,142705.8,44838.16,17400.0,517843.76,210413.92,47552.0,0.0,44838.16,0.0,0.3141999834624802,142705.8,56725.47,85980.33,187543.96,44838.16,101563.63,1.3141999834624802,2.1812426167706036,344.69999999998254,344.69999999998254,170.4600000000064,453.0,108.30000000000291,282.54000000000815,1.0,0.494516971279417,1.314186248912164,0.3141862489121218,0.8196692776327893
Sweden,SE,2026-01,2026-01-01,sweden__standard_employee_stockholm,Suede · salarie standard (Stockholm),Sweden · standard employee (Stockholm),4.15,143050.5,44946.47,17400.0,519107.43,211241.2,47552.0,0.0,44946.47,0.0,0.3142000202725611,143050.5,56899.72,86150.78,187996.97,44946.47,101846.19,1.314200020272561,2.1821853499178996,344.70000000001164,344.70000000001164,170.4499999999971,453.0100000000093,108.30999999999767,282.5599999999977,1.0,0.49448796054537664,1.3142152596460517,0.3142152596460517,0.8197272991006328
Sweden,SE,2026-01,2026-01-01,sweden__standard_employee_stockholm,Suede · salarie standard (Stockholm),Sweden · standard employee (Stockholm),4.16,143395.2,45054.77,17400.0,520371.1,212068.48,47552.0,0.0,45054.77,0.0,0.31419998716832914,143395.2,57073.97,86321.23,188449.97,45054.77,102128.74,1.3141999871683292,2.1831242441749263,344.70000000001164,344.70000000001164,170.4499999999971,453.0,108.29999999999563,282.5500000000029,1.0,0.49448796054537664,1.314186248912053,0.3141862489120742,0.8196982883666765
Sweden,SE,2026-01,2026-01-01,sweden__standard_employee_stockholm,Suede · salarie standard (Stockholm),Sweden · standard employee (Stockholm),4.17,143739.9,45163.08,17400.0,521634.77,212895.76,47552.0,0.0,45163.08,0.0,0.31420002379297607,143739.9,57248.21,86491.69,188902.98,45163.08,102411.29,1.314200023792976,2.1840593009571205,344.69999999998254,344.69999999998254,170.4600000000064,453.0100000000093,108.31000000000495,282.54999999998836,1.0,0.494516971279417,1.3142152596461627,0.3142152596460993,0.8196982883667034
Sweden,SE,2026-01,2026-01-01,sweden__standard_employee_stockholm,Suede · salarie standard (Stockholm),Sweden · standard employee (Stockholm),4.18,144084.6,45271.38,17400.0,522898.44,213723.04,47552.0,0.0,45271.38,0.0,0.31419999083871564,144084.6,57422.46,86662.14,189355.98,45271.38,102693.84,1.3141999908387156,2.1849908160587774,344.70000000001164,344.70000000001164,170.4499999999971,453.0,108.29999999999563,282.5500000000029,1.0,0.49448796054537664,1.314186248912053,0.3141862489120742,0.8196982883666765
Sweden,SE,2026-01,2026-01-01,sweden__standard_employee_stockholm,Suede · salarie standard (Stockholm),Sweden · standard employee (Stockholm),4.19,144429.3,45379.69,17400.0,524162.11,214550.32,47552.0,0.0,45379.69,0.0,0.31420002727978324,144429.3,57596.7,86832.6,189808.99,45379.69,102976.39,1.3142000272797831,2.1859185375078023,344.69999999998254,344.69999999998254,170.4600000000064,453.0099999999802,108.31000000000495,282.5500000000029,1.0,0.494516971279417,1.314215259646078,0.3142152596460993,0.8196982883667456
Sweden,SE,2026-01,2026-01-01,sweden__standard_employee_stockholm,Suede · salarie standard (Stockholm),Sweden · standard employee (Stockholm),4.2,144774.0,45487.99,17400.0,525425.78,215377.6,47552.0,0.0,45487.99,0.0,0.31419999447414587,144774.0,57770.95,87003.05,190261.99,45487.99,103258.94,1.3141999944741458,2.186842760110134,344.70000000001164,344.70000000001164,170.4499999999971,453.0,108.29999999999563,282.5500000000029,1.0,0.49448796054537664,1.314186248912053,0.3141862489120742,0.8196982883666765
Sweden,SE,2026-01,2026-01-01,sweden__standard_employee_stockholm,Suede · salarie standard (Stockholm),Sweden · standard employee (Stockholm),4.21,145118.7,45596.3,17400.0,526689.45,216204.88,47552.0,0.0,45596.3,0.0,0.31420003073346164,145118.7,57945.19,87173.51,190715.0,45596.3,103541.49,1.3142000307334616,2.1877632322020757,344.70000000001164,344.70000000001164,170.45999999999185,453.0100000000093,108.31000000000495,282.5500000000029,1.0,0.49451697127933303,1.3142152596460517,0.3142152596460728,0.8196982883666765
Sweden,SE,2026-01,2026-01-01,sweden__standard_employee_stockholm,Suede · salarie standard (Stockholm),Sweden · standard employee (Stockholm),4.22,145463.4,45704.6,17400.0,527953.12,217032.16,47552.0,0.0,45704.6,0.0,0.31419999807511717,145463.4,58119.44,87343.96,191168.0,45704.6,103824.04,1.3141999980751173,2.188680247609566,344.69999999998254,344.69999999998254,170.45000000001164,453.0,108.29999999999563,282.54999999998836,1.0,0.4944879605454606,1.314186248912164,0.31418624891210073,0.8196982883667034
Sweden,SE,2026-01,2026-01-01,sweden__standard_employee_stockholm,Suede · salarie standard (Stockholm),Sweden · standard employee (Stockholm),4.23,145808.1,45812.91,17400.0,529216.79,217859.44,47552.0,0.0,45812.91,0.0,0.31420003415448117,145808.1,58293.69,87514.41,191621.01,45812.91,104106.6,1.314200034154481,2.1895938051801984,344.70000000001164,344.70000000001164,170.4499999999971,453.0100000000093,108.31000000000495,282.5600000000122,1.0,0.49448796054537664,1.3142152596460517,0.3142152596460728,0.819727299100675
Sweden,SE,2026-01,2026-01-01,sweden__standard_employee_stockholm,Suede · salarie standard (Stockholm),Sweden · standard employee (Stockholm),4.24,146152.8,45921.21,17400.0,530480.46,218686.72,47552.0,0.0,45921.21,0.0,0.314200001642117,146152.8,58467.93,87684.87,192074.01,45921.21,104389.14,1.314200001642117,2.190503447173953,344.69999999998254,344.69999999998254,170.45999999999185,453.0,108.29999999999563,282.5399999999936,1.0,0.4945169712793748,1.314186248912164,0.31418624891210073,0.8196692776327471
Sweden,SE,2026-01,2026-01-01,sweden__standard_employee_stockholm,Suede · salarie standard (Stockholm),Sweden · standard employee (Stockholm),4.25,146497.5,46029.51,17400.0,531744.14,219514.0,47552.0,0.0,46029.51,0.0,0.3141999692827523,146497.5,58642.18,87855.32,192527.01,46029.51,104671.69,1.3141999692827524,2.1914098087628613,344.70000000001164,344.70000000001164,170.45000000001164,453.0,108.30000000000291,282.5500000000029,1.0,0.4944879605454189,1.314186248912053,0.3141862489120953,0.8196982883666765
Sweden,SE,2026-01,2026-01-01,sweden__standard_employee_stockholm,Suede · salarie standard (Stockholm),Sweden · standard employee (Stockholm),4.26,146842.2,46137.82,17400.0,533007.81,220341.28,47552.0,0.0,46137.82,0.0,0.3142000051756239,146842.2,58816.42,88025.78,192980.02,46137.82,104954.24,1.314200005175624,2.1923125248080737,344.70000000001164,344.70000000001164,170.45999999999185,453.0099999999802,108.30999999999767,282.5500000000029,1.0,0.49451697127933303,1.3142152596459673,0.3142152596460517,0.8196982883666765
Sweden,SE,2026-01,2026-01-01,sweden__standard_employee_stockholm,Suede · salarie standard (Stockholm),Sweden · standard employee (Stockholm),4.27,147186.9,46246.12,17400.0,534271.48,221168.56,47552.0,0.0,46246.12,0.0,0.3141999729595501,147186.9,58990.67,88196.23,193433.02,46246.12,105236.79,1.3141999729595502,2.193211886721235,344.69999999998254,344.69999999998254,170.4499999999971,453.0,108.30000000000291,282.54999999998836,1.0,0.4944879605454184,1.314186248912164,0.3141862489121218,0.8196982883667034
Sweden,SE,2026-01,2026-01-01,sweden__standard_employee_stockholm,Suede · salarie standard (Stockholm),Sweden · standard employee (Stockholm),4.28,147531.6,46354.43,17400.0,535535.15,221995.84,47552.0,0.0,46354.43,0.0,0.31420000867610737,147531.6,59164.92,88366.68,193886.03,46354.43,105519.35,1.3142000086761072,2.1941078922507895,344.70000000001164,344.70000000001164,170.4499999999971,453.0100000000093,108.30999999999767,282.5600000000122,1.0,0.49448796054537664,1.3142152596460517,0.3142152596460517,0.819727299100675
Sweden,SE,2026-01,2026-01-01,sweden__standard_employee_stockholm,Suede · salarie standard (Stockholm),Sweden · standard employee (Stockholm),4.29,147876.3,46462.73,17400.0,536798.82,222823.12,47552.0,0.0,46462.73,0.0,0.31419997660206544,147876.3,59339.16,88537.14,194339.03,46462.73,105801.89,1.3141999766020656,2.1950000869691526,344.69999999998254,344.69999999998254,170.4600000000064,453.0,108.30000000000291,282.5399999999936,1.0,0.494516971279417,1.314186248912164,0.3141862489121218,0.8196692776327471
Sweden,SE,2026-01,2026-01-01,sweden__standard_employee_stockholm,Suede · salarie standard (Stockholm),Sweden · standard employee (Stockholm),4.3,148221.0,46571.04,17400.0,538062.49,223650.4,47552.0,0.0,46571.04,0.0,0.3142000121440282,148221.0,59513.41,88707.59,194792.04,46571.04,106084.45,1.3142000121440283,2.195889213087629,344.70000000001164,344.70000000001164,170.4499999999971,453.0100000000093,108.30999999999767,282.5599999999977,1.0,0.49448796054537664,1.3142152596460517,0.3142152596460517,0.8197272991006328
Sweden,SE,2026-01,2026-01-01,sweden__standard_employee_stockholm,Suede · salarie standard (Stockholm),Sweden · standard employee (Stockholm),4.31,148565.7,46679.34,17400.0,539326.16,224477.68,47552.0,0.0,46679.34,0.0,0.31419998021077544,148565.7,59687.65,88878.05,195245.04,46679.34,106366.99,1.3141999802107756,2.196774569199032,344.70000000001164,344.70000000001164,170.4600000000064,453.0,108.29999999999563,282.54000000000815,1.0,0.4945169712793752,1.314186248912053,0.3141862489120742,0.81966927763272
Sweden,SE,2026-01,2026-01-01,sweden__standard_employee_stockholm,Suede · salarie standard (Stockholm),Sweden · standard employee (Stockholm),4.32,148910.4,46787.65,17400.0,540589.83,225304.96,47552.0,0.0,46787.65,0.0,0.31420001557983857,148910.4,59861.9,89048.5,195698.05,46787.65,106649.55,1.3142000155798386,2.1976568948382056,344.69999999998254,344.69999999998254,170.4499999999971,453.0099999999802,108.31000000000495,282.5599999999977,1.0,0.4944879605454184,1.314215259646078,0.3142152596460993,0.819727299100702
Sweden,SE,2026-01,2026-01-01,sweden__standard_employee_stockholm,Suede · salarie standard (Stockholm),Sweden · standard employee (Stockholm),4.33,149255.1,46895.95,17400.0,541853.5,226132.24,47552.0,0.0,46895.95,0.0,0.31419998378614866,149255.1,60036.15,89218.95,196151.05,46895.95,106932.1,1.3141999837861487,2.1985357370827607,344.70000000001164,344.70000000001164,170.4499999999971,453.0,108.29999999999563,282.5500000000029,1.0,0.49448796054537664,1.314186248912053,0.3141862489120742,0.8196982883666765
Sweden,SE,2026-01,2026-01-01,sweden__standard_employee_stockholm,Suede · salarie standard (Stockholm),Sweden · standard employee (Stockholm),4.34,149599.8,47004.26,17400.0,543117.17,226959.52,47552.0,0.0,47004.26,0.0,0.31420001898398264,149599.8,60210.39,89389.41,196604.06,47004.26,107214.65,1.3142000189839826,2.1994110935512388,344.69999999998254,344.69999999998254,170.4600000000064,453.0100000000093,108.31000000000495,282.54999999998836,1.0,0.494516971279417,1.3142152596461627,0.3142152596460993,0.8196982883667034
Sweden,SE,2026-01,2026-01-01,sweden__standard_employee_stockholm,Suede · salarie standard (Stockholm),Sweden · standard employee (Stockholm),4.35,149944.5,47112.56,17400.0,544380.84,227786.8,47552.0,0.0,47112.56,0.0,0.3141999873286449,149944.5,60384.64,89559.86,197057.06,47112.56,107497.2,1.314199987328645,2.2002832518943194,344.70000000001164,344.70000000001164,170.4499999999971,453.0,108.29999999999563,282.5500000000029,1.0,0.49448796054537664,1.314186248912053,0.3141862489120742,0.8196982883666765
Sweden,SE,2026-01,2026-01-01,sweden__standard_employee_stockholm,Suede · salarie standard (Stockholm),Sweden · standard employee (Stockholm),4.36,150289.2,47220.87,17400.0,545644.51,228614.08,47552.0,0.0,47220.87,0.0,0.3142000223568959,150289.2,60558.88,89730.32,197510.07,47220.87,107779.75,1.314200022356896,2.2011519629039547,344.70000000001164,344.70000000001164,170.4600000000064,453.0100000000093,108.31000000000495,282.5500000000029,1.0,0.4945169712793752,1.3142152596460517,0.3142152596460728,0.8196982883666765
Sweden,SE,2026-01,2026-01-01,sweden__standard_employee_stockholm,Suede · salarie standard (Stockholm),Sweden · standard employee (Stockholm),4.37,150633.9,47329.17,17400.0,546908.18,229441.36,47552.0,0.0,47329.17,0.0,0.3141999908387156,150633.9,60733.13,89900.77,197963.07,47329.17,108062.3,1.3141999908387156,2.202017513309397,344.69999999998254,344.69999999998254,170.4499999999971,453.0,108.29999999999563,282.5500000000029,1.0,0.4944879605454184,1.314186248912164,0.31418624891210073,0.8196982883667456
Sweden,SE,2026-01,2026-01-01,sweden__standard_employee_stockholm,Suede · salarie standard (Stockholm),Sweden · standard employee (Stockholm),4.38,150978.6,47437.48,17400.0,548171.85,230268.64,47552.0,0.0,47437.48,0.0,0.31420002569900635,150978.6,60907.37,90071.23,198416.08,47437.48,108344.85,1.3142000256990065,2.2028796542469777,344.70000000001164,344.70000000001164,170.45999999999185,453.0099999999802,108.31000000000495,282.5500000000029,1.0,0.49451697127933303,1.3142152596459673,0.3142152596460728,0.8196982883666765
Sweden,SE,2026-01,2026-01-01,sweden__standard_employee_stockholm,Suede · salarie standard (Stockholm),Sweden · standard employee (Stockholm),4.39,151323.3,47545.78,17400.0,549435.52,231095.92,47552.0,0.0,47545.78,0.0,0.31419999431680384,151323.3,61081.62,90241.68,198869.08,47545.78,108627.4,1.314199994316804,2.2037386715318243,344.69999999998254,344.69999999998254,170.4499999999971,453.0,108.29999999999563,282.54999999998836,1.0,0.4944879605454184,1.314186248912164,0.31418624891210073,0.8196982883667034
Sweden,SE,2026-01,2026-01-01,sweden__standard_employee_stockholm,Suede · salarie standard (Stockholm),Sweden · standard employee (Stockholm),4.4,151668.0,47654.09,17400.0,550699.19,231923.2,47552.0,0.0,47654.09,0.0,0.31420002901073396,151668.0,61255.87,90412.13,199322.09,47654.09,108909.96,1.3142000290107339,2.2045945604865187,344.70000000001164,344.70000000001164,170.45000000001164,453.0100000000093,108.30999999999767,282.5600000000122,1.0,0.4944879605454189,1.3142152596460517,0.3142152596460517,0.819727299100675
Sweden,SE,2026-01,2026-01-01,sweden__standard_employee_stockholm,Suede · salarie standard (Stockholm),Sweden · standard employee (Stockholm),4.41,152012.7,47762.39,17400.0,551962.86,232750.48,47552.0,0.0,47762.39,0.0,0.31419999776334473,152012.7,61430.11,90582.59,199775.09,47762.39,109192.5,1.314199997763345,2.2054468745042506,344.70000000001164,344.70000000001164,170.45999999999185,453.0,108.30000000000291,282.5399999999936,1.0,0.49451697127933303,1.314186248912053,0.3141862489120953,0.8196692776326778
Sweden,SE,2026-01,2026-01-01,sweden__standard_employee_stockholm,Suede · salarie standard (Stockholm),Sweden · standard employee (Stockholm),4.42,152357.4,47870.7,17400.0,553226.53,233577.76,47552.0,0.0,47870.7,0.0,0.3142000322924912,152357.4,61604.36,90753.04,200228.1,47870.7,109475.06,1.3142000322924912,2.2062963400454683,344.69999999998254,344.69999999998254,170.4499999999971,453.0100000000093,108.30999999999767,282.5599999999977,1.0,0.4944879605454184,1.3142152596461627,0.3142152596460782,0.819727299100702
Sweden,SE,2026-01,2026-01-01,sweden__standard_employee_stockholm,Suede · salarie standard (Stockholm),Sweden · standard employee (Stockholm),4.43,152702.1,47979.0,17400.0,554490.2,234405.04,47552.0,0.0,47979.0,0.0,0.3142000011787658,152702.1,61778.6,90923.5,200681.1,47979.0,109757.6,1.3142000011787658,2.2071422679505304,344.70000000001164,344.70000000001164,170.4600000000064,453.0,108.30000000000291,282.54000000000815,1.0,0.4945169712793752,1.314186248912053,0.3141862489120953,0.81966927763272
Sweden,SE,2026-01,2026-01-01,sweden__standard_employee_stockholm,Suede · salarie standard (Stockholm),Sweden · standard employee (Stockholm),4.44,153046.8,48087.3,17400.0,555753.87,235232.32,47552.0,0.0,48087.3,0.0,0.31419997020519214,153046.8,61952.85,91093.95,201134.1,48087.3,110040.15,1.3141999702051923,2.207985272347944,344.69999999998254,344.69999999998254,170.4499999999971,453.0,108.30000000000291,282.54999999998836,1.0,0.4944879605454184,1.314186248912164,0.3141862489121218,0.8196982883667034
Sweden,SE,2026-01,2026-01-01,sweden__standard_employee_stockholm,Suede · salarie standard (Stockholm),Sweden · standard employee (Stockholm),4.45,153391.5,48195.61,17400.0,557017.54,236059.6,47552.0,0.0,48195.61,0.0,0.31420000456348623,153391.5,62127.1,91264.4,201587.11,48195.61,110322.71,1.314200004563486,2.2088252374419817,344.70000000001164,344.70000000001164,170.4499999999971,453.0099999999802,108.30999999999767,282.5600000000122,1.0,0.49448796054537664,1.3142152596459673,0.3142152596460517,0.819727299100675
Sweden,SE,2026-01,2026-01-01,sweden__standard_employee_stockholm,Suede · salarie standard (Stockholm),Sweden · standard employee (Stockholm),4.46,153736.2,48303.91,17400.0,558281.21,236886.88,47552.0,0.0,48303.91,0.0,0.31419997372121855,153736.2,62301.34,91434.86,202040.11,48303.91,110605.25,1.3141999737212187,2.2096617198298327,344.70000000001164,344.70000000001164,170.4600000000064,453.0,108.30000000000291,282.5399999999936,1.0,0.4945169712793752,1.314186248912053,0.3141862489120953,0.8196692776326778
Sweden,SE,2026-01,2026-01-01,sweden__standard_employee_stockholm,Suede · salarie standard (Stockholm),Sweden · standard employee (Stockholm),4.47,154080.9,48412.22,17400.0,559544.88,237714.16,47552.0,0.0,48412.22,0.0,0.31420000791791847,154080.9,62475.59,91605.31,202493.12,48412.22,110887.81,1.3142000079179184,2.210495439620258,344.69999999998254,344.69999999998254,170.4499999999971,453.0100000000093,108.30999999999767,282.5599999999977,1.0,0.4944879605454184,1.3142152596461627,0.3142152596460782,0.819727299100702
Sweden,SE,2026-01,2026-01-01,sweden__standard_employee_stockholm,Suede · salarie standard (Stockholm),Sweden · standard employee (Stockholm),4.48,154425.6,48520.52,17400.0,560808.55,238541.44,47552.0,0.0,48520.52,0.0,0.31419997720585185,154425.6,62649.83,91775.77,202946.12,48520.52,111170.35,1.314199977205852,2.211325712658145,344.70000000001164,344.70000000001164,170.4600000000064,453.0,108.29999999999563,282.54000000000815,1.0,0.4945169712793752,1.314186248912053,0.3141862489120742,0.81966927763272
Sweden,SE,2026-01,2026-01-01,sweden__standard_employee_stockholm,Suede · salarie standard (Stockholm),Sweden · standard employee (Stockholm),4.49,154770.3,48628.83,17400.0,562072.22,239368.72,47552.0,0.0,48628.83,0.0,0.31420001124246705,154770.3,62824.08,91946.22,203399.13,48628.83,111452.91,1.314200011242467,2.212153256544967,344.69999999998254,344.69999999998254,170.4499999999971,453.0100000000093,108.31000000000495,282.5599999999977,1.0,0.4944879605454184,1.3142152596461627,0.3142152596460993,0.819727299100702
Sweden,SE,2026-01,2026-01-01,sweden__standard_employee_stockholm,Suede · salarie standard (Stockholm),Sweden · standard employee (Stockholm),4.5,155115.0,48737.13,17400.0,563335.89,240196.0,47552.0,0.0,48737.13,0.0,0.31419998065951066,155115.0,62998.32,92116.68,203852.13,48737.13,111735.45,1.3141999806595108,2.212977389111288,344.70000000001164,344.70000000001164,170.45999999999185,453.0,108.29999999999563,282.5399999999936,1.0,0.49451697127933303,1.314186248912053,0.3141862489120742,0.8196692776326778
Sweden,SE,2026-01,2026-01-01,sweden__standard_employee_stockholm,Suede · salarie standard (Stockholm),Sweden · standard employee (Stockholm),4.51,155459.7,48845.44,17400.0,564599.56,241023.28,47552.0,0.0,48845.44,0.0,0.3142000145375297,155459.7,63172.57,92287.13,204305.14,48845.44,112018.01,1.3142000145375297,2.2137988254700307,344.70000000001164,344.70000000001164,170.45000000001164,453.0100000000093,108.31000000000495,282.5599999999977,1.0,0.4944879605454189,1.3142152596460517,0.3142152596460728,0.8197272991006328
Sweden,SE,2026-01,2026-01-01,sweden__standard_employee_stockholm,Suede · salarie standard (Stockholm),Sweden · standard employee (Stockholm),4.52,155804.4,48953.74,17400.0,565863.23,241850.56,47552.0,0.0,48953.74,0.0,0.31419998408260613,155804.4,63346.82,92457.58,204758.14,48953.74,112300.56,1.3141999840826062,2.2146171249561153,344.69999999998254,344.69999999998254,170.4499999999971,453.0,108.29999999999563,282.5500000000029,1.0,0.4944879605454184,1.314186248912164,0.31418624891210073,0.8196982883667456
Sweden,SE,2026-01,2026-01-01,sweden__standard_employee_stockholm,Suede · salarie standard (Stockholm),Sweden · standard employee (Stockholm),4.53,156149.1,49062.05,17400.0,567126.9,242677.84,47552.0,0.0,49062.05,0.0,0.31420001780349677,156149.1,63521.06,92628.04,205211.15,49062.05,112583.11,1.314200017803497,2.2154322816287597,344.70000000001164,344.70000000001164,170.45999999999185,453.0099999999802,108.31000000000495,282.5500000000029,1.0,0.49451697127933303,1.3142152596459673,0.3142152596460728,0.8196982883666765
Sweden,SE,2026-01,2026-01-01,sweden__standard_employee_stockholm,Suede · salarie standard (Stockholm),Sweden · standard employee (Stockholm),4.54,156493.8,49170.35,17400.0,568390.57,243505.12,47552.0,0.0,49170.35,0.0,0.3141999874755422,156493.8,63695.31,92798.49,205664.15,49170.35,112865.66,1.3141999874755421,2.2162445746692647,344.69999999998254,344.69999999998254,170.45000000001164,453.0,108.29999999999563,282.5500000000029,1.0,0.4944879605454606,1.314186248912164,0.31418624891210073,0.8196982883667456
Sweden,SE,2026-01,2026-01-01,sweden__standard_employee_stockholm,Suede · salarie standard (Stockholm),Sweden · standard employee (Stockholm),4.55,156838.5,49278.66,17400.0,569654.24,244332.4,47552.0,0.0,49278.66,0.0,0.3142000210407521,156838.5,63869.55,92968.95,206117.16,49278.66,113148.21,1.314200021040752,2.217053758270907,344.70000000001164,344.70000000001164,170.45999999999185,453.0100000000093,108.31000000000495,282.5500000000029,1.0,0.49451697127933303,1.3142152596460517,0.3142152596460728,0.8196982883666765
Sweden,SE,2026-01,2026-01-01,sweden__standard_employee_stockholm,Suede · salarie standard (Stockholm),Sweden · standard employee (Stockholm),4.56,157183.2,49386.96,17400.0,570917.91,245159.68,47552.0,0.0,49386.96,0.0,0.31419999083871564,157183.2,64043.8,93139.4,206570.16,49386.96,113430.76,1.3141999908387156,2.2178601107587124,344.70000000001164,344.70000000001164,170.4499999999971,453.0,108.29999999999563,282.54999999998836,1.0,0.49448796054537664,1.314186248912053,0.3141862489120742,0.8196982883666343
Sweden,SE,2026-01,2026-01-01,sweden__standard_employee_stockholm,Suede · salarie standard (Stockholm),Sweden · standard employee (Stockholm),4.57,157527.9,49495.27,17400.0,572181.58,245986.96,47552.0,0.0,49495.27,0.0,0.3142000242496725,157527.9,64218.05,93309.85,207023.17,49495.27,113713.32,1.3142000242496725,2.218663624472657,344.69999999998254,344.69999999998254,170.45000000001164,453.0100000000093,108.30999999999767,282.5600000000122,1.0,0.4944879605454606,1.3142152596461627,0.3142152596460782,0.8197272991007443
Sweden,SE,2026-01,2026-01-01,sweden__standard_employee_stockholm,Suede · salarie standard (Stockholm),Sweden · standard employee (Stockholm),4.58,157872.6,49603.57,17400.0,573445.25,246814.24,47552.0,0.0,49603.57,0.0,0.3141999941725163,157872.6,64392.29,93480.31,207476.17,49603.57,113995.86,1.3141999941725164,2.219463863566563,344.70000000001164,344.70000000001164,170.45999999999185,453.0,108.30000000000291,282.5399999999936,1.0,0.49451697127933303,1.314186248912053,0.3141862489120953,0.8196692776326778
Sweden,SE,2026-01,2026-01-01,sweden__standard_employee_stockholm,Suede · salarie standard (Stockholm),Sweden · standard employee (Stockholm),4.59,158217.3,49711.88,17400.0,574708.92,247641.52,47552.0,0.0,49711.88,0.0,0.31420002743062864,158217.3,64566.54,93650.76,207929.18,49711.88,114278.42,1.3142000274306287,2.2202615333821107,344.69999999998254,344.69999999998254,170.4499999999971,453.0099999999802,108.30999999999767,282.5599999999977,1.0,0.4944879605454184,1.314215259646078,0.3142152596460782,0.819727299100702
Sweden,SE,2026-01,2026-01-01,sweden__standard_employee_stockholm,Suede · salarie standard (Stockholm),Sweden · standard employee (Stockholm),4.6,158562.0,49820.18,17400.0,575972.59,248468.8,47552.0,0.0,49820.18,0.0,0.31419999747732746,158562.0,64740.78,93821.22,208382.18,49820.18,114560.96,1.3141999974773275,2.22105596154047,344.70000000001164,344.70000000001164,170.4600000000064,453.0,108.30000000000291,282.54000000000815,1.0,0.4945169712793752,1.314186248912053,0.3141862489120953,0.81966927763272
Sweden,SE,2026-01,2026-01-01,sweden__standard_employee_stockholm,Suede · salarie standard (Stockholm),Sweden · standard employee (Stockholm),4.61,158906.7,49928.49,17400.0,577236.26,249296.08,47552.0,0.0,49928.49,0.0,0.31420003058398416,158906.7,64915.03,93991.67,208835.19,49928.49,114843.52,1.314200030583984,2.2218478509850925,344.70000000001164,344.70000000001164,170.4499999999971,453.0100000000093,108.30999999999767,282.5599999999977,1.0,0.49448796054537664,1.3142152596460517,0.3142152596460517,0.8197272991006328
Sweden,SE,2026-01,2026-01-01,sweden__standard_employee_stockholm,Suede · salarie standard (Stockholm),Sweden · standard employee (Stockholm),4.62,159251.4,50036.79,17400.0,578499.93,250123.36,47552.0,0.0,50036.79,0.0,0.31420000075352555,159251.4,65089.27,94162.13,209288.19,50036.79,115126.06,1.3142000007535257,2.222636531267931,344.69999999998254,344.69999999998254,170.4600000000064,453.0,108.30000000000291,282.5399999999936,1.0,0.494516971279417,1.314186248912164,0.3141862489121218,0.8196692776327471
Sweden,SE,2026-01,2026-01-01,sweden__standard_employee_stockholm,Suede · salarie standard (Stockholm),Sweden · standard employee (Stockholm),4.63,159596.1,50145.09,17400.0,579763.6,250950.64,47552.0,0.0,50145.09,0.0,0.31419997105192415,159596.1,65263.52,94332.58,209741.19,50145.09,115408.61,1.314199971051924,2.2234225969437067,344.70000000001164,344.70000000001164,170.4499999999971,453.0,108.29999999999563,282.5500000000029,1.0,0.49448796054537664,1.314186248912053,0.3141862489120742,0.8196982883666765
Sweden,SE,2026-01,2026-01-01,sweden__standard_employee_stockholm,Suede · salarie standard (Stockholm),Sweden · standard employee (Stockholm),4.64,159940.8,50253.4,17400.0,581027.27,251777.92,47552.0,0.0,50253.4,0.0,0.31420000400148057,159940.8,65437.77,94503.03,210194.2,50253.4,115691.17,1.3142000040014805,2.2242059328679726,344.69999999998254,344.69999999998254,170.4499999999971,453.0100000000093,108.31000000000495,282.5599999999977,1.0,0.4944879605454184,1.3142152596461627,0.3142152596460993,0.819727299100702
Sweden,SE,2026-01,2026-01-01,sweden__standard_employee_stockholm,Suede · salarie standard (Stockholm),Sweden · standard employee (Stockholm),4.65,160285.5,50361.7,17400.0,582290.94,252605.2,47552.0,0.0,50361.7,0.0,0.3141999744206431,160285.5,65612.01,94673.49,210647.2,50361.7,115973.71,1.3141999744206432,2.2249861075154196,344.70000000001164,344.70000000001164,170.4600000000064,453.0,108.29999999999563,282.54000000000815,1.0,0.4945169712793752,1.314186248912053,0.3141862489120742,0.81966927763272
Sweden,SE,2026-01,2026-01-01,sweden__standard_employee_stockholm,Suede · salarie standard (Stockholm),Sweden · standard employee (Stockholm),4.66,160630.2,50470.01,17400.0,583554.61,253432.48,47552.0,0.0,50470.01,0.0,0.3142000072215561,160630.2,65786.26,94843.94,211100.21,50470.01,116256.27,1.314200007221556,2.2257638179097157,344.70000000001164,344.70000000001164,170.4499999999971,453.0099999999802,108.31000000000495,282.5599999999977,1.0,0.49448796054537664,1.3142152596459673,0.3142152596460728,0.8197272991006328
Sweden,SE,2026-01,2026-01-01,sweden__standard_employee_stockholm,Suede · salarie standard (Stockholm),Sweden · standard employee (Stockholm),4.67,160974.9,50578.31,17400.0,584818.28,254259.76,47552.0,0.0,50578.31,0.0,0.314199977760508,160974.9,65960.5,95014.4,211553.21,50578.31,116538.81,1.314199977760508,2.226538398390139,344.69999999998254,344.69999999998254,170.45999999999185,453.0,108.29999999999563,282.5399999999936,1.0,0.4945169712793748,1.314186248912164,0.31418624891210073,0.8196692776327471
Sweden,SE,2026-01,2026-01-01,sweden__standard_employee_stockholm,Suede · salarie standard (Stockholm),Sweden · standard employee (Stockholm),4.68,161319.6,50686.62,17400.0,586081.95,255087.04,47552.0,0.0,50686.62,0.0,0.31420001041410967,161319.6,66134.75,95184.85,212006.22,50686.62,116821.37,1.3142000104141096,2.227310543642187,344.70000000001164,344.70000000001164,170.45000000001164,453.0100000000093,108.31000000000495,282.5599999999977,1.0,0.4944879605454189,1.3142152596460517,0.3142152596460728,0.8197272991006328
Sweden,SE,2026-01,2026-01-01,sweden__standard_employee_stockholm,Suede · salarie standard (Stockholm),Sweden · standard employee (Stockholm),4.69,161664.3,50794.92,17400.0,587345.62,255914.32,47552.0,0.0,50794.92,0.0,0.3141999810718878,161664.3,66309.0,95355.3,212459.22,50794.92,117103.92,1.3141999810718878,2.2280798235651296,344.69999999998254,344.69999999998254,170.4499999999971,453.0,108.29999999999563,282.5500000000029,1.0,0.4944879605454184,1.314186248912164,0.31418624891210073,0.8196982883667456
Sweden,SE,2026-01,2026-01-01,sweden__standard_employee_stockholm,Suede · salarie standard (Stockholm),Sweden · standard employee (Stockholm),4.7,162009.0,50903.23,17400.0,588609.29,256741.6,47552.0,0.0,50903.23,0.0,0.3142000135794925,162009.0,66483.24,95525.76,212912.23,50903.23,117386.47,1.3142000135794925,2.2288462295405975,344.70000000001164,344.70000000001164,170.45999999999185,453.0100000000093,108.31000000000495,282.5500000000029,1.0,0.49451697127933303,1.3142152596460517,0.3142152596460728,0.8196982883666765
Sweden,SE,2026-01,2026-01-01,sweden__standard_employee_stockholm,Suede · salarie standard (Stockholm),Sweden · standard employee (Stockholm),4.71,162353.7,51011.53,17400.0,589872.96,257568.88,47552.0,0.0,51011.53,0.0,0.31419998435514557,162353.7,66657.49,95696.21,213365.23,51011.53,117669.02,1.3141999843551455,2.229610033668,344.70000000001164,344.70000000001164,170.45000000001164,453.0,108.29999999999563,282.5500000000029,1.0,0.4944879605454189,1.314186248912053,0.3141862489120742,0.8196982883666765
Sweden,SE,2026-01,2026-01-01,sweden__standard_employee_stockholm,Suede · salarie standard (Stockholm),Sweden · standard employee (Stockholm),4.72,162698.4,51119.84,17400.0,591136.63,258396.16,47552.0,0.0,51119.84,0.0,0.3142000167180501,162698.4,66831.73,95866.67,213818.24,51119.84,117951.57,1.31420001671805,2.2303709933807023,344.69999999998254,344.69999999998254,170.45999999999185,453.0099999999802,108.30999999999767,282.5500000000029,1.0,0.4945169712793748,1.314215259646078,0.3142152596460782,0.8196982883667456
Sweden,SE,2026-01,2026-01-01,sweden__standard_employee_stockholm,Suede · salarie standard (Stockholm),Sweden · standard employee (Stockholm),4.73,163043.1,51228.14,17400.0,592400.3,259223.44,47552.0,0.0,51228.14,0.0,0.3141999876106379,163043.1,67005.98,96037.12,214271.24,51228.14,118234.12,1.3141999876106378,2.2311293799730767,344.70000000001164,344.70000000001164,170.4499999999971,453.0,108.30000000000291,282.54999999998836,1.0,0.49448796054537664,1.314186248912053,0.3141862489120953,0.8196982883666343
Sweden,SE,2026-01,2026-01-01,sweden__standard_employee_stockholm,Suede · salarie standard (Stockholm),Sweden · standard employee (Stockholm),4.74,163387.8,51336.45,17400.0,593663.97,260050.72,47552.0,0.0,51336.45,0.0,0.3142000198301219,163387.8,67180.22,96207.58,214724.25,51336.45,118516.67,1.3142000198301218,2.231884951268912,344.69999999998254,344.69999999998254,170.4600000000064,453.0100000000093,108.30999999999767,282.5500000000029,1.0,0.494516971279417,1.3142152596461627,0.3142152596460782,0.8196982883667456
Sweden,SE,2026-01,2026-01-01,sweden__standard_employee_stockholm,Suede · salarie standard (Stockholm),Sweden · standard employee (Stockholm),4.75,163732.5,51444.75,17400.0,594927.65,260878.0,47552.0,0.0,51444.75,0.0,0.3141999908387156,163732.5,67354.47,96378.03,215177.25,51444.75,118799.22,1.3141999908387156,2.2326379777631895,344.70000000001164,344.70000000001164,170.4499999999971,453.0,108.30000000000291,282.5500000000029,1.0,0.49448796054537664,1.314186248912053,0.3141862489120953,0.8196982883666765
Sweden,SE,2026-01,2026-01-01,sweden__standard_employee_stockholm,Suede · salarie standard (Stockholm),Sweden · standard employee (Stockholm),4.76,164077.2,51553.06,17400.0,596191.32,261705.28,47552.0,0.0,51553.06,0.0,0.314200022916042,164077.2,67528.72,96548.48,215630.26,51553.06,119081.78,1.314200022916042,2.2333884489947438,344.70000000001164,344.70000000001164,170.4499999999971,453.0100000000093,108.30999999999767,282.5599999999977,1.0,0.49448796054537664,1.3142152596460517,0.3142152596460517,0.8197272991006328
Sweden,SE,2026-01,2026-01-01,sweden__standard_employee_stockholm,Suede · salarie standard (Stockholm),Sweden · standard employee (Stockholm),4.77,164421.9,51661.36,17400.0,597454.99,262532.56,47552.0,0.0,51661.36,0.0,0.31419999403972343,164421.9,67702.96,96718.94,216083.26,51661.36,119364.32,1.3141999940397235,2.234135940695794,344.69999999998254,344.69999999998254,170.4600000000064,453.0,108.30000000000291,282.54000000000815,1.0,0.494516971279417,1.314186248912164,0.3141862489121218,0.8196692776327893
Sweden,SE,2026-01,2026-01-01,sweden__standard_employee_stockholm,Suede · salarie standard (Stockholm),Sweden · standard employee (Stockholm),4.78,164766.6,51769.67,17400.0,598718.66,263359.84,47552.0,0.0,51769.67,0.0,0.31420002597613833,164766.6,67877.21,96889.39,216536.27,51769.67,119646.88,1.3142000259761384,2.2348811361078855,344.70000000001164,344.70000000001164,170.4499999999971,453.0099999999802,108.30999999999767,282.5599999999977,1.0,0.49448796054537664,1.3142152596459673,0.3142152596460517,0.8197272991006328
Sweden,SE,2026-01,2026-01-01,sweden__standard_employee_stockholm,Suede · salarie standard (Stockholm),Sweden · standard employee (Stockholm),4.79,165111.3,51877.97,17400.0,599982.33,264187.12,47552.0,0.0,51877.97,0.0,0.31419999721400055,165111.3,68051.45,97059.85,216989.27,51877.97,119929.42,1.3141999972140006,2.235623380831518,344.69999999998254,344.69999999998254,170.4600000000064,453.0,108.30000000000291,282.5399999999936,1.0,0.494516971279417,1.314186248912164,0.3141862489121218,0.8196692776327471
Sweden,SE,2026-01,2026-01-01,sweden__standard_employee_stockholm,Suede · salarie standard (Stockholm),Sweden · standard employee (Stockholm),4.8,165456.0,51986.28,17400.0,601246.0,265014.4,47552.0,0.0,51986.28,0.0,0.31420002901073396,165456.0,68225.7,97230.3,217442.28,51986.28,120211.98,1.314200029010734,2.236363355867461,344.70000000001164,344.70000000001164,170.4499999999971,453.0100000000093,108.30999999999767,282.5599999999977,1.0,0.49448796054537664,1.3142152596460517,0.3142152596460517,0.8197272991006328
Sweden,SE,2026-01,2026-01-01,sweden__standard_employee_stockholm,Suede · salarie standard (Stockholm),Sweden · standard employee (Stockholm),4.81,165800.7,52094.58,17400.0,602509.67,265841.68,47552.0,0.0,52094.58,0.0,0.3142000003618803,165800.7,68399.95,97400.75,217895.28,52094.58,120494.53,1.3142000003618801,2.237100638342107,344.70000000001164,344.70000000001164,170.4499999999971,453.0,108.30000000000291,282.5500000000029,1.0,0.49448796054537664,1.314186248912053,0.3141862489120953,0.8196982883666765
Sweden,SE,2026-01,2026-01-01,sweden__standard_employee_stockholm,Suede · salarie standard (Stockholm),Sweden · standard employee (Stockholm),4.82,166145.4,52202.88,17400.0,603773.34,266668.96,47552.0,0.0,52202.88,0.0,0.3141999718319014,166145.4,68574.19,97571.21,218348.28,52202.88,120777.07,1.3141999718319015,2.2378351155017957,344.69999999998254,344.69999999998254,170.4600000000064,453.0,108.29999999999563,282.54000000000815,1.0,0.494516971279417,1.314186248912164,0.31418624891210073,0.8196692776327893
Sweden,SE,2026-01,2026-01-01,sweden__standard_employee_stockholm,Suede · salarie standard (Stockholm),Sweden · standard employee (Stockholm),4.83,166490.1,52311.19,17400.0,605037.01,267496.24,47552.0,0.0,52311.19,0.0,0.31420000348369065,166490.1,68748.44,97741.66,218801.29,52311.19,121059.63,1.3142000034836907,2.238567362166757,344.70000000001164,344.70000000001164,170.4499999999971,453.0100000000093,108.31000000000495,282.5599999999977,1.0,0.49448796054537664,1.3142152596460517,0.3142152596460728,0.8197272991006328
Sweden,SE,2026-01,2026-01-01,sweden__standard_employee_stockholm,Suede · salarie standard (Stockholm),Sweden · standard employee (Stockholm),4.84,166834.8,52419.49,17400.0,606300.68,268323.52,47552.0,0.0,52419.49,0.0,0.3141999750651543,166834.8,68922.68,97912.12,219254.29,52419.49,121342.17,1.3141999750651543,2.239296728535752,344.69999999998254,344.69999999998254,170.45999999999185,453.0,108.29999999999563,282.5399999999936,1.0,0.4945169712793748,1.314186248912164,0.31418624891210073,0.8196692776327471
Sweden,SE,2026-01,2026-01-01,sweden__standard_employee_stockholm,Suede · salarie standard (Stockholm),Sweden · standard employee (Stockholm),4.85,167179.5,52527.8,17400.0,607564.35,269150.8,47552.0,0.0,52527.8,0.0,0.3142000065797541,167179.5,69096.93,98082.57,219707.3,52527.8,121624.73,1.314200006579754,2.240023890075474,344.70000000001164,344.70000000001164,170.45000000001164,453.0099999999802,108.31000000000495,282.5599999999977,1.0,0.4944879605454189,1.3142152596459673,0.3142152596460728,0.8197272991006328
Sweden,SE,2026-01,2026-01-01,sweden__standard_employee_stockholm,Suede · salarie standard (Stockholm),Sweden · standard employee (Stockholm),4.86,167524.2,52636.1,17400.0,608828.02,269978.08,47552.0,0.0,52636.1,0.0,0.3141999782717959,167524.2,69271.18,98253.02,220160.3,52636.1,121907.28,1.314199978271796,2.240748426867693,344.70000000001164,344.70000000001164,170.4499999999971,453.0,108.29999999999563,282.5500000000029,1.0,0.49448796054537664,1.314186248912053,0.3141862489120742,0.8196982883666765
Sweden,SE,2026-01,2026-01-01,sweden__standard_employee_stockholm,Suede · salarie standard (Stockholm),Sweden · standard employee (Stockholm),4.87,167868.9,52744.41,17400.0,610091.69,270805.36,47552.0,0.0,52744.41,0.0,0.3142000096503879,167868.9,69445.42,98423.48,220613.31,52744.41,122189.83,1.3142000096503879,2.2414703280152257,344.69999999998254,344.69999999998254,170.45999999999185,453.0100000000093,108.31000000000495,282.5500000000029,1.0,0.4945169712793748,1.3142152596461627,0.3142152596460993,0.8196982883667456
Sweden,SE,2026-01,2026-01-01,sweden__standard_employee_stockholm,Suede · salarie standard (Stockholm),Sweden · standard employee (Stockholm),4.88,168213.6,52852.71,17400.0,611355.36,271632.64,47552.0,0.0,52852.71,0.0,0.31419998145215366,168213.6,69619.67,98593.93,221066.31,52852.71,122472.38,1.3141999814521537,2.242189858949734,344.70000000001164,344.70000000001164,170.4499999999971,453.0,108.29999999999563,282.5500000000029,1.0,0.49448796054537664,1.314186248912053,0.3141862489120742,0.8196982883666765
Sweden,SE,2026-01,2026-01-01,sweden__standard_employee_stockholm,Suede · salarie standard (Stockholm),Sweden · standard employee (Stockholm),4.89,168558.3,52961.02,17400.0,612619.03,272459.92,47552.0,0.0,52961.02,0.0,0.31420001269590403,168558.3,69793.91,98764.39,221519.32,52961.02,122754.93,1.314200012695904,2.2429067804701677,344.69999999998254,344.69999999998254,170.4600000000064,453.0100000000093,108.30999999999767,282.54999999998836,1.0,0.494516971279417,1.3142152596461627,0.3142152596460782,0.8196982883667034
Sweden,SE,2026-01,2026-01-01,sweden__standard_employee_stockholm,Suede · salarie standard (Stockholm),Sweden · standard employee (Stockholm),4.9,168903.0,53069.32,17400.0,613882.7,273287.2,47552.0,0.0,53069.32,0.0,0.3141999846065493,168903.0,69968.16,98934.84,221972.32,53069.32,123037.48,1.3141999846065493,2.2436213572488723,344.70000000001164,344.70000000001164,170.4499999999971,453.0,108.30000000000291,282.5500000000029,1.0,0.49448796054537664,1.314186248912053,0.3141862489120953,0.8196982883666765
Sweden,SE,2026-01,2026-01-01,sweden__standard_employee_stockholm,Suede · salarie standard (Stockholm),Sweden · standard employee (Stockholm),4.91,169247.7,53177.63,17400.0,615146.37,274114.48,47552.0,0.0,53177.63,0.0,0.3142000157166094,169247.7,70142.4,99105.3,222425.33,53177.63,123320.03,1.3142000157166094,2.244333350486805,344.70000000001164,344.70000000001164,170.4600000000064,453.0099999999802,108.30999999999767,282.5500000000029,1.0,0.4945169712793752,1.3142152596459673,0.3142152596460517,0.8196982883666765
Sweden,SE,2026-01,2026-01-01,sweden__standard_employee_stockholm,Suede · salarie standard (Stockholm),Sweden · standard employee (Stockholm),4.92,169592.4,53285.93,17400.0,616410.04,274941.76,47552.0,0.0,53285.93,0.0,0.31419998773529945,169592.4,70316.65,99275.75,222878.33,53285.93,123602.58,1.3141999877352994,2.245043024102059,344.69999999998254,344.69999999998254,170.4499999999971,453.0,108.30000000000291,282.5500000000029,1.0,0.4944879605454184,1.314186248912164,0.3141862489121218,0.8196982883667456
Sweden,SE,2026-01,2026-01-01,sweden__standard_employee_stockholm,Suede · salarie standard (Stockholm),Sweden · standard employee (Stockholm),4.93,169937.1,53394.24,17400.0,617673.71,275769.04,47552.0,0.0,53394.24,0.0,0.3142000187128061,169937.1,70490.9,99446.2,223331.34,53394.24,123885.14,1.314200018712806,2.2457503655242737,344.70000000001164,344.70000000001164,170.4499999999971,453.0100000000093,108.30999999999767,282.5599999999977,1.0,0.49448796054537664,1.3142152596460517,0.3142152596460517,0.8197272991006328
Sweden,SE,2026-01,2026-01-01,sweden__standard_employee_stockholm,Suede · salarie standard (Stockholm),Sweden · standard employee (Stockholm),4.94,170281.8,53502.54,17400.0,618937.38,276596.32,47552.0,0.0,53502.54,0.0,0.3141999908387156,170281.8,70665.14,99616.66,223784.34,53502.54,124167.68,1.3141999908387156,2.246454960445371,344.69999999998254,344.69999999998254,170.4600000000064,453.0,108.30000000000291,282.5399999999936,1.0,0.494516971279417,1.314186248912164,0.3141862489121218,0.8196692776327471
Sweden,SE,2026-01,2026-01-01,sweden__standard_employee_stockholm,Suede · salarie standard (Stockholm),Sweden · standard employee (Stockholm),4.95,170626.5,53610.85,17400.0,620201.05,277423.6,47552.0,0.0,53610.85,0.0,0.31420002168479105,170626.5,70839.39,99787.11,224237.35,53610.85,124450.24,1.314200021684791,2.247157473545431,344.70000000001164,344.70000000001164,170.4499999999971,453.0100000000093,108.30999999999767,282.5600000000122,1.0,0.49448796054537664,1.3142152596460517,0.3142152596460517,0.819727299100675
Sweden,SE,2026-01,2026-01-01,sweden__standard_employee_stockholm,Suede · salarie standard (Stockholm),Sweden · standard employee (Stockholm),4.96,170971.2,53719.15,17400.0,621464.72,278250.88,47552.0,0.0,53719.15,0.0,0.3141999939171042,170971.2,71013.63,99957.57,224690.35,53719.15,124732.78,1.314199993917104,2.247857265837895,344.70000000001164,344.70000000001164,170.4600000000064,453.0,108.30000000000291,282.5399999999936,1.0,0.4945169712793752,1.314186248912053,0.3141862489120953,0.8196692776326778
Sweden,SE,2026-01,2026-01-01,sweden__standard_employee_stockholm,Suede · salarie standard (Stockholm),Sweden · standard employee (Stockholm),4.97,171315.9,53827.46,17400.0,622728.39,279078.16,47552.0,0.0,53827.46,0.0,0.3142000246328566,171315.9,71187.88,100128.02,225143.36,53827.46,125015.34,1.3142000246328567,2.248554999889142,344.69999999998254,344.69999999998254,170.4499999999971,453.0099999999802,108.30999999999767,282.5599999999977,1.0,0.4944879605454184,1.314215259646078,0.3142152596460782,0.819727299100702
Sweden,SE,2026-01,2026-01-01,sweden__standard_employee_stockholm,Suede · salarie standard (Stockholm),Sweden · standard employee (Stockholm),4.98,171660.6,53935.76,17400.0,623992.06,279905.44,47552.0,0.0,53935.76,0.0,0.3141999969707667,171660.6,71362.13,100298.47,225596.36,53935.76,125297.89,1.3141999969707667,2.2492502627407975,344.70000000001164,344.70000000001164,170.4499999999971,453.0,108.30000000000291,282.5500000000029,1.0,0.49448796054537664,1.314186248912053,0.3141862489120953,0.8196982883666765
Sweden,SE,2026-01,2026-01-01,sweden__standard_employee_stockholm,Suede · salarie standard (Stockholm),Sweden · standard employee (Stockholm),4.99,172005.3,54044.07,17400.0,625255.73,280732.72,47552.0,0.0,54044.07,0.0,0.3142000275572904,172005.3,71536.37,100468.93,226049.37,54044.07,125580.44,1.3142000275572905,2.2499430420927142,344.69999999998254,344.69999999998254,170.45999999999185,453.0100000000093,108.30999999999767,282.5500000000029,1.0,0.4945169712793748,1.3142152596461627,0.3142152596460782,0.8196982883667456
Sweden,SE,2026-01,2026-01-01,sweden__standard_employee_stockholm,Suede · salarie standard (Stockholm),Sweden · standard employee (Stockholm),5.0,172350.0,54152.37,17400.0,626519.4,281560.0,47552.0,0.0,54152.37,0.0,0.31420000000000003,172350.0,71710.62,100639.38,226502.37,54152.37,125862.99,1.3142,2.2506335988953827,344.70000000001164,344.70000000001164,170.45000000001164,453.0,108.30000000000291,282.5500000000029,1.0,0.4944879605454189,1.314186248912053,0.3141862489120953,0.8196982883666765
Sweden,SE,2026-01,2026-01-01,sweden__standard_employee_stockholm,Suede · salarie standard (Stockholm),Sweden · standard employee (Stockholm),5.01,172694.7,54260.67,17400.0,627783.07,282387.28,47552.0,0.0,54260.67,0.0,0.31419997255271875,172694.7,71884.86,100809.84,226955.37,54260.67,126145.53,1.314199972552719,2.2513215971774185,344.70000000001164,344.70000000001164,170.45999999999185,453.0,108.29999999999563,282.5399999999936,1.0,0.49451697127933303,1.314186248912053,0.3141862489120742,0.8196692776326778
Sweden,SE,2026-01,2026-01-01,sweden__standard_employee_stockholm,Suede · salarie standard (Stockholm),Sweden · standard employee (Stockholm),5.02,173039.4,54368.98,17400.0,629046.74,283214.56,47552.0,0.0,54368.98,0.0,0.314200003005096,173039.4,72059.11,100980.29,227408.38,54368.98,126428.09,1.314200003005096,2.252007594749431,344.69999999998254,344.69999999998254,170.4499999999971,453.0100000000093,108.31000000000495,282.5599999999977,1.0,0.4944879605454184,1.3142152596461627,0.3142152596460993,0.819727299100702
Sweden,SE,2026-01,2026-01-01,sweden__standard_employee_stockholm,Suede · salarie standard (Stockholm),Sweden · standard employee (Stockholm),5.03,173384.1,54477.28,17400.0,630310.41,284041.84,47552.0,0.0,54477.28,0.0,0.3141999756609747,173384.1,72233.35,101150.75,227861.38,54477.28,126710.63,1.3141999756609746,2.2526909587917046,344.70000000001164,344.70000000001164,170.4600000000064,453.0,108.29999999999563,282.54000000000815,1.0,0.4945169712793752,1.314186248912053,0.3141862489120742,0.81966927763272
Sweden,SE,2026-01,2026-01-01,sweden__standard_employee_stockholm,Suede · salarie standard (Stockholm),Sweden · standard employee (Stockholm),5.04,173728.8,54585.59,17400.0,631574.08,284869.12,47552.0,0.0,54585.59,0.0,0.31420000598634196,173728.8,72407.6,101321.2,228314.39,54585.59,126993.19,1.314200005986342,2.2533723445833647,344.69999999998254,344.69999999998254,170.4499999999971,453.0100000000093,108.30999999999767,282.5599999999977,1.0,0.4944879605454184,1.3142152596461627,0.3142152596460782,0.819727299100702
Sweden,SE,2026-01,2026-01-01,sweden__standard_employee_stockholm,Suede · salarie standard (Stockholm),Sweden · standard employee (Stockholm),5.05,174073.5,54693.89,17400.0,632837.75,285696.4,47552.0,0.0,54693.89,0.0,0.31419997874461075,174073.5,72581.85,101491.65,228767.39,54693.89,127275.74,1.3141999787446108,2.2540513431400515,344.70000000001164,344.70000000001164,170.4499999999971,453.0,108.30000000000291,282.5500000000029,1.0,0.49448796054537664,1.314186248912053,0.3141862489120953,0.8196982883666765
Sweden,SE,2026-01,2026-01-01,sweden__standard_employee_stockholm,Suede · salarie standard (Stockholm),Sweden · standard employee (Stockholm),5.06,174418.2,54802.2,17400.0,634101.42,286523.68,47552.0,0.0,54802.2,0.0,0.3142000089440208,174418.2,72756.09,101662.11,229220.4,54802.2,127558.29,1.3142000089440207,2.254727941412981,344.70000000001164,344.70000000001164,170.4600000000064,453.0099999999802,108.30999999999767,282.54999999998836,1.0,0.4945169712793752,1.3142152596459673,0.3142152596460517,0.8196982883666343
Sweden,SE,2026-01,2026-01-01,sweden__standard_employee_stockholm,Suede · salarie standard (Stockholm),Sweden · standard employee (Stockholm),5.07,174762.9,54910.5,17400.0,635365.09,287350.96,47552.0,0.0,54910.5,0.0,0.3141999818039183,174762.9,72930.34,101832.56,229673.4,54910.5,127840.84,1.3141999818039183,2.2554023978185365,344.69999999998254,344.69999999998254,170.4499999999971,453.0,108.30000000000291,282.5500000000029,1.0,0.4944879605454184,1.314186248912164,0.3141862489121218,0.8196982883667456
Sweden,SE,2026-01,2026-01-01,sweden__standard_employee_stockholm,Suede · salarie standard (Stockholm),Sweden · standard employee (Stockholm),5.08,175107.6,55018.81,17400.0,636628.76,288178.24,47552.0,0.0,55018.81,0.0,0.31420001187841073,175107.6,73104.58,102003.02,230126.41,55018.81,128123.39,1.3142000118784107,2.2560744770105825,344.70000000001164,344.70000000001164,170.4600000000064,453.0100000000093,108.30999999999767,282.5500000000029,1.0,0.4945169712793752,1.3142152596460517,0.3142152596460517,0.8196982883666765
Sweden,SE,2026-01,2026-01-01,sweden__standard_employee_stockholm,Suede · salarie standard (Stockholm),Sweden · standard employee (Stockholm),5.09,175452.3,55127.11,17400.0,637892.43,289005.52,47552.0,0.0,55127.11,0.0,0.3141999848391842,175452.3,73278.83,102173.47,230579.41,55127.11,128405.94,1.314199984839184,2.256744436691834,344.69999999998254,344.69999999998254,170.4499999999971,453.0,108.30000000000291,282.5500000000029,1.0,0.4944879605454184,1.314186248912164,0.3141862489121218,0.8196982883667456
Sweden,SE,2026-01,2026-01-01,sweden__standard_employee_stockholm,Suede · salarie standard (Stockholm),Sweden · standard employee (Stockholm),5.1,175797.0,55235.42,17400.0,639156.1,289832.8,47552.0,0.0,55235.42,0.0,0.31420001478978593,175797.0,73453.08,102343.92,231032.42,55235.42,128688.5,1.3142000147897859,2.257412262496883,344.70000000001164,344.70000000001164,170.4499999999971,453.0100000000093,108.30999999999767,282.5599999999977,1.0,0.49448796054537664,1.3142152596460517,0.3142152596460517,0.8197272991006328
Sweden,SE,2026-01,2026-01-01,sweden__standard_employee_stockholm,Suede · salarie standard (Stockholm),Sweden · standard employee (Stockholm),5.11,176141.7,55343.72,17400.0,640419.77,290660.08,47552.0,0.0,55343.72,0.0,0.31419998785069064,176141.7,73627.32,102514.38,231485.42,55343.72,128971.04,1.3141999878506907,2.2580775497057095,344.70000000001164,344.70000000001164,170.4600000000064,453.0,108.30000000000291,282.5399999999936,1.0,0.4945169712793752,1.314186248912053,0.3141862489120953,0.8196692776326778
Sweden,SE,2026-01,2026-01-01,sweden__standard_employee_stockholm,Suede · salarie standard (Stockholm),Sweden · standard employee (Stockholm),5.12,176486.4,55452.03,17400.0,641683.44,291487.36,47552.0,0.0,55452.03,0.0,0.31420001767841604,176486.4,73801.57,102684.83,231938.43,55452.03,129253.6,1.314200017678416,2.2587409454736402,344.69999999998254,344.69999999998254,170.4499999999971,453.0099999999802,108.30999999999767,282.5600000000122,1.0,0.4944879605454184,1.314215259646078,0.3142152596460782,0.8197272991007443
Sweden,SE,2026-01,2026-01-01,sweden__standard_employee_stockholm,Suede · salarie standard (Stockholm),Sweden · standard employee (Stockholm),5.13,176831.1,55560.33,17400.0,642947.11,292314.64,47552.0,0.0,55560.33,0.0,0.3141999908387156,176831.1,73975.81,102855.29,232391.43,55560.33,129536.14,1.3141999908387154,2.2594018256134416,344.70000000001164,344.70000000001164,170.45999999999185,453.0,108.30000000000291,282.5399999999936,1.0,0.49451697127933303,1.314186248912053,0.3141862489120953,0.8196692776326778
Sweden,SE,2026-01,2026-01-01,sweden__standard_employee_stockholm,Suede · salarie standard (Stockholm),Sweden · standard employee (Stockholm),5.14,177175.8,55668.64,17400.0,644210.78,293141.92,47552.0,0.0,55668.64,0.0,0.31420002054456647,177175.8,74150.06,103025.74,232844.44,55668.64,129818.7,1.3142000205445665,2.260060835282523,344.69999999998254,344.69999999998254,170.45000000001164,453.0100000000093,108.30999999999767,282.5599999999977,1.0,0.4944879605454606,1.3142152596461627,0.3142152596460782,0.819727299100702
Sweden,SE,2026-01,2026-01-01,sweden__standard_employee_stockholm,Suede · salarie standard (Stockholm),Sweden · standard employee (Stockholm),5.15,177520.5,55776.94,17400.0,645474.45,293969.2,47552.0,0.0,55776.94,0.0,0.3141999938035326,177520.5,74324.3,103196.2,233297.44,55776.94,130101.24,1.3141999938035325,2.2607173519955195,344.70000000001164,344.70000000001164,170.45999999999185,453.0,108.30000000000291,282.54000000000815,1.0,0.49451697127933303,1.314186248912053,0.3141862489120953,0.81966927763272
Sweden,SE,2026-01,2026-01-01,sweden__standard_employee_stockholm,Suede · salarie standard (Stockholm),Sweden · standard employee (Stockholm),5.16,177865.2,55885.25,17400.0,646738.12,294796.48,47552.0,0.0,55885.25,0.0,0.3142000233884987,177865.2,74498.55,103366.65,233750.45,55885.25,130383.8,1.3142000233884987,2.261372018924866,344.70000000001164,344.70000000001164,170.4499999999971,453.0100000000093,108.30999999999767,282.5599999999977,1.0,0.49448796054537664,1.3142152596460517,0.3142152596460517,0.8197272991006328
Sweden,SE,2026-01,2026-01-01,sweden__standard_employee_stockholm,Suede · salarie standard (Stockholm),Sweden · standard employee (Stockholm),5.17,178209.9,55993.55,17400.0,648001.79,295623.76,47552.0,0.0,55993.55,0.0,0.31419999674541094,178209.9,74672.8,103537.1,234203.45,55993.55,130666.35,1.314199996745411,2.262024433753698,344.69999999998254,344.69999999998254,170.45000000001164,453.0,108.30000000000291,282.5500000000029,1.0,0.4944879605454606,1.314186248912164,0.3141862489121218,0.8196982883667456
Sweden,SE,2026-01,2026-01-01,sweden__standard_employee_stockholm,Suede · salarie standard (Stockholm),Sweden · standard employee (Stockholm),5.18,178554.6,56101.86,17400.0,649265.46,296451.04,47552.0,0.0,56101.86,0.0,0.3142000262104701,178554.6,74847.04,103707.56,234656.46,56101.86,130948.9,1.31420002621047,2.262674582258034,344.70000000001164,344.70000000001164,170.45999999999185,453.0099999999802,108.30999999999767,282.54999999998836,1.0,0.49451697127933303,1.3142152596459673,0.3142152596460517,0.8196982883666343
Sweden,SE,2026-01,2026-01-01,sweden__standard_employee_stockholm,Suede · salarie standard (Stockholm),Sweden · standard employee (Stockholm),5.19,178899.3,56210.16,17400.0,650529.13,297278.32,47552.0,0.0,56210.16,0.0,0.31419999966461576,178899.3,75021.29,103878.01,235109.46,56210.16,131231.45,1.3141999996646159,2.2633227186389107,344.69999999998254,344.69999999998254,170.4499999999971,453.0,108.30000000000291,282.55000000001746,1.0,0.4944879605454184,1.314186248912164,0.3141862489121218,0.8196982883667878
Sweden,SE,2026-01,2026-01-01,sweden__standard_employee_stockholm,Suede · salarie standard (Stockholm),Sweden · standard employee (Stockholm),5.2,179244.0,56318.46,17400.0,651792.8,298105.6,47552.0,0.0,56318.46,0.0,0.31419997322086096,179244.0,75195.53,104048.47,235562.46,56318.46,131513.99,1.314199973220861,2.263968513905106,344.70000000001164,344.70000000001164,170.4600000000064,453.0,108.29999999999563,282.53999999997905,1.0,0.4945169712793752,1.314186248912053,0.3141862489120742,0.8196692776326356
Sweden,SE,2026-01,2026-01-01,sweden__standard_employee_stockholm,Suede · salarie standard (Stockholm),Sweden · standard employee (Stockholm),5.21,179588.7,56426.77,17400.0,653056.47,298932.88,47552.0,0.0,56426.77,0.0,0.31420000256140834,179588.7,75369.78,104218.92,236015.47,56426.77,131796.55,1.3142000025614082,2.264612509897435,344.70000000001164,344.70000000001164,170.4499999999971,453.0100000000093,108.30999999999767,282.5599999999977,1.0,0.49448796054537664,1.3142152596460517,0.3142152596460517,0.8197272991006328
Sweden,SE,2026-01,2026-01-01,sweden__standard_employee_stockholm,Suede · salarie standard (Stockholm),Sweden · standard employee (Stockholm),5.22,179933.4,56535.07,17400.0,654320.14,299760.16,47552.0,0.0,56535.07,0.0,0.3141999762134212,179933.4,75544.03,104389.37,236468.47,56535.07,132079.1,1.3141999762134213,2.26525430702379,344.69999999998254,344.69999999998254,170.4499999999971,453.0,108.30000000000291,282.55000000001746,1.0,0.4944879605454184,1.314186248912164,0.3141862489121218,0.8196982883667878
Sweden,SE,2026-01,2026-01-01,sweden__standard_employee_stockholm,Suede · salarie standard (Stockholm),Sweden · standard employee (Stockholm),5.23,180278.1,56643.38,17400.0,655583.81,300587.44,47552.0,0.0,56643.38,0.0,0.3142000054360457,180278.1,75718.27,104559.83,236921.48,56643.38,132361.65,1.3142000054360459,2.2658938906078943,344.70000000001164,344.70000000001164,170.4600000000064,453.0100000000093,108.30999999999767,282.54999999998836,1.0,0.4945169712793752,1.3142152596460517,0.3142152596460517,0.8196982883666343
Sweden,SE,2026-01,2026-01-01,sweden__standard_employee_stockholm,Suede · salarie standard (Stockholm),Sweden · standard employee (Stockholm),5.24,180622.8,56751.68,17400.0,656847.48,301414.72,47552.0,0.0,56751.68,0.0,0.3141999791831374,180622.8,75892.52,104730.28,237374.48,56751.68,132644.2,1.3141999791831374,2.26653151314023,344.69999999998254,344.69999999998254,170.4499999999971,453.0,108.30000000000291,282.55000000001746,1.0,0.4944879605454184,1.314186248912164,0.3141862489121218,0.8196982883667878
Sweden,SE,2026-01,2026-01-01,sweden__standard_employee_stockholm,Suede · salarie standard (Stockholm),Sweden · standard employee (Stockholm),5.25,180967.5,56859.99,17400.0,658111.16,302242.0,47552.0,0.0,56859.99,0.0,0.31420000828878114,180967.5,76066.76,104900.74,237827.49,56859.99,132926.75,1.314200008288781,2.267166942768945,344.70000000001164,344.70000000001164,170.4600000000064,453.0099999999802,108.30999999999767,282.54999999998836,1.0,0.4945169712793752,1.3142152596459673,0.3142152596460517,0.8196982883666343
Sweden,SE,2026-01,2026-01-01,sweden__standard_employee_stockholm,Suede · salarie standard (Stockholm),Sweden · standard employee (Stockholm),5.26,181312.2,56968.29,17400.0,659374.83,303069.28,47552.0,0.0,56968.29,0.0,0.31419998213027034,181312.2,76241.01,105071.19,238280.49,56968.29,133209.3,1.3141999821302703,2.2678004313075735,344.70000000001164,344.70000000001164,170.4499999999971,453.0,108.30000000000291,282.54999999998836,1.0,0.49448796054537664,1.314186248912053,0.3141862489120953,0.8196982883666343
Sweden,SE,2026-01,2026-01-01,sweden__standard_employee_stockholm,Suede · salarie standard (Stockholm),Sweden · standard employee (Stockholm),5.27,181656.9,57076.6,17400.0,660638.5,303896.56,47552.0,0.0,57076.6,0.0,0.3142000111198639,181656.9,76415.26,105241.64,238733.5,57076.6,133491.86,1.314200011119864,2.268431962861848,344.69999999998254,344.69999999998254,170.4499999999971,453.0100000000093,108.30999999999767,282.5599999999977,1.0,0.4944879605454184,1.3142152596461627,0.3142152596460782,0.819727299100702
Sweden,SE,2026-01,2026-01-01,sweden__standard_employee_stockholm,Suede · salarie standard (Stockholm),Sweden · standard employee (Stockholm),5.28,182001.6,57184.9,17400.0,661902.17,304723.84,47552.0,0.0,57184.9,0.0,0.31419998505507646,182001.6,76589.5,105412.1,239186.5,57184.9,133774.4,1.3141999850550763,2.269061141937216,344.70000000001164,344.70000000001164,170.4600000000064,453.0,108.30000000000291,282.54000000000815,1.0,0.4945169712793752,1.314186248912053,0.3141862489120953,0.81966927763272
Sweden,SE,2026-01,2026-01-01,sweden__standard_employee_stockholm,Suede · salarie standard (Stockholm),Sweden · standard employee (Stockholm),5.29,182346.3,57293.21,17400.0,663165.84,305551.12,47552.0,0.0,57293.21,0.0,0.31420001392953956,182346.3,76763.75,105582.55,239639.51,57293.21,134056.96,1.3142000139295396,2.2696885991103644,344.69999999998254,344.69999999998254,170.4499999999971,453.0100000000093,108.30999999999767,282.5599999999977,1.0,0.4944879605454184,1.3142152596461627,0.3142152596460782,0.819727299100702
Sweden,SE,2026-01,2026-01-01,sweden__standard_employee_stockholm,Suede · salarie standard (Stockholm),Sweden · standard employee (Stockholm),5.3,182691.0,57401.51,17400.0,664429.51,306378.4,47552.0,0.0,57401.51,0.0,0.31419998795780857,182691.0,76937.99,105753.01,240092.51,57401.51,134339.5,1.3141999879578086,2.270313724403684,344.70000000001164,344.70000000001164,170.45999999999185,453.0,108.30000000000291,282.54000000000815,1.0,0.49451697127933303,1.314186248912053,0.3141862489120953,0.81966927763272
Sweden,SE,2026-01,2026-01-01,sweden__standard_employee_stockholm,Suede · salarie standard (Stockholm),Sweden · standard employee (Stockholm),5.31,183035.7,57509.82,17400.0,665693.18,307205.68,47552.0,0.0,57509.82,0.0,0.3142000167180501,183035.7,77112.24,105923.46,240545.52,57509.82,134622.06,1.31420001671805,2.2709371465018235,344.70000000001164,344.70000000001164,170.45000000001164,453.0099999999802,108.30999999999767,282.5599999999977,1.0,0.4944879605454189,1.3142152596459673,0.3142152596460517,0.8197272991006328
Sweden,SE,2026-01,2026-01-01,sweden__standard_employee_stockholm,Suede · salarie standard (Stockholm),Sweden · standard employee (Stockholm),5.32,183380.4,57618.12,17400.0,666956.85,308032.96,47552.0,0.0,57618.12,0.0,0.3141999908387156,183380.4,77286.48,106093.92,240998.52,57618.12,134904.6,1.3141999908387154,2.27155825706129,344.69999999998254,344.69999999998254,170.45999999999185,453.0,108.30000000000291,282.54000000000815,1.0,0.4945169712793748,1.314186248912164,0.3141862489121218,0.8196692776327893
Sweden,SE,2026-01,2026-01-01,sweden__standard_employee_stockholm,Suede · salarie standard (Stockholm),Sweden · standard employee (Stockholm),5.33,183725.1,57726.43,17400.0,668220.52,308860.24,47552.0,0.0,57726.43,0.0,0.3142000194856337,183725.1,77460.73,106264.37,241451.53,57726.43,135187.16,1.3142000194856336,2.272177682886559,344.70000000001164,344.70000000001164,170.4499999999971,453.0100000000093,108.30999999999767,282.5599999999977,1.0,0.49448796054537664,1.3142152596460517,0.3142152596460517,0.8197272991006328
Sweden,SE,2026-01,2026-01-01,sweden__standard_employee_stockholm,Suede · salarie standard (Stockholm),Sweden · standard employee (Stockholm),5.34,184069.8,57834.73,17400.0,669484.19,309687.52,47552.0,0.0,57834.73,0.0,0.31419999369804286,184069.8,77634.98,106434.82,241904.53,57834.73,135469.71,1.3141999936980429,2.2727950307991316,344.69999999998254,344.69999999998254,170.45000000001164,453.0,108.30000000000291,282.54999999998836,1.0,0.4944879605454606,1.314186248912164,0.3141862489121218,0.8196982883667034
Sweden,SE,2026-01,2026-01-01,sweden__standard_employee_stockholm,Suede · salarie standard (Stockholm),Sweden · standard employee (Stockholm),5.35,184414.5,57943.04,17400.0,670747.86,310514.8,47552.0,0.0,57943.04,0.0,0.3142000222325251,184414.5,77809.22,106605.28,242357.54,57943.04,135752.26,1.3142000222325252,2.2734102851190863,344.70000000001164,344.70000000001164,170.45999999999185,453.0100000000093,108.30999999999767,282.55000000001746,1.0,0.49451697127933303,1.3142152596460517,0.3142152596460517,0.8196982883667187
Sweden,SE,2026-01,2026-01-01,sweden__standard_employee_stockholm,Suede · salarie standard (Stockholm),Sweden · standard employee (Stockholm),5.36,184759.2,58051.34,17400.0,672011.53,311342.08,47552.0,0.0,58051.34,0.0,0.3141999965360317,184759.2,77983.47,106775.73,242810.54,58051.34,136034.81,1.3141999965360318,2.274023694335782,344.70000000001164,344.70000000001164,170.4499999999971,453.0,108.29999999999563,282.54999999998836,1.0,0.49448796054537664,1.314186248912053,0.3141862489120742,0.8196982883666343
Sweden,SE,2026-01,2026-01-01,sweden__standard_employee_stockholm,Suede · salarie standard (Stockholm),Sweden · standard employee (Stockholm),5.37,185103.9,58159.65,17400.0,673275.2,312169.36,47552.0,0.0,58159.65,0.0,0.3142000249589555,185103.9,78157.71,106946.19,243263.55,58159.65,136317.36,1.3142000249589554,2.274635029073967,344.69999999998254,344.69999999998254,170.4600000000064,453.0099999999802,108.31000000000495,282.54999999998836,1.0,0.494516971279417,1.314215259646078,0.3142152596460993,0.8196982883667034
Sweden,SE,2026-01,2026-01-01,sweden__standard_employee_stockholm,Suede · salarie standard (Stockholm),Sweden · standard employee (Stockholm),5.38,185448.6,58267.95,17400.0,674538.87,312996.64,47552.0,0.0,58267.95,0.0,0.3141999993529204,185448.6,78331.96,107116.64,243716.55,58267.95,136599.91,1.3141999993529203,2.2752445371699483,344.70000000001164,344.70000000001164,170.4499999999971,453.0,108.29999999999563,282.55000000001746,1.0,0.49448796054537664,1.314186248912053,0.3141862489120742,0.8196982883667187
Sweden,SE,2026-01,2026-01-01,sweden__standard_employee_stockholm,Suede · salarie standard (Stockholm),Sweden · standard employee (Stockholm),5.39,185793.3,58376.25,17400.0,675802.54,313823.92,47552.0,0.0,58376.25,0.0,0.3141999738418985,185793.3,78506.21,107287.09,244169.55,58376.25,136882.46,1.3141999738418986,2.2758521085808185,344.69999999998254,344.69999999998254,170.4499999999971,453.0,108.30000000000291,282.54999999998836,1.0,0.4944879605454184,1.314186248912164,0.3141862489121218,0.8196982883667034
Sweden,SE,2026-01,2026-01-01,sweden__standard_employee_stockholm,Suede · salarie standard (Stockholm),Sweden · standard employee (Stockholm),5.4,186138.0,58484.56,17400.0,677066.21,314651.2,47552.0,0.0,58484.56,0.0,0.3142000021489432,186138.0,78680.45,107457.55,244622.56,58484.56,137165.01,1.3142000021489433,2.276457633735368,344.70000000001164,344.70000000001164,170.4600000000064,453.0100000000093,108.30999999999767,282.55000000001746,1.0,0.4945169712793752,1.3142152596460517,0.3142152596460517,0.8196982883667187
Sweden,SE,2026-01,2026-01-01,sweden__standard_employee_stockholm,Suede · salarie standard (Stockholm),Sweden · standard employee (Stockholm),5.41,186482.7,58592.86,17400.0,678329.88,315478.48,47552.0,0.0,58592.86,0.0,0.3141999767270637,186482.7,78854.7,107628.0,245075.56,58592.86,137447.56,1.3141999767270636,2.2770613594975284,344.70000000001164,344.70000000001164,170.4499999999971,453.0,108.30000000000291,282.54999999998836,1.0,0.49448796054537664,1.314186248912053,0.3141862489120953,0.8196982883666343
Sweden,SE,2026-01,2026-01-01,sweden__standard_employee_stockholm,Suede · salarie standard (Stockholm),Sweden · standard employee (Stockholm),5.42,186827.4,58701.17,17400.0,679593.55,316305.76,47552.0,0.0,58701.17,0.0,0.31420000492433126,186827.4,79028.94,107798.46,245528.57,58701.17,137730.11,1.3142000049243312,2.2776630575241987,344.69999999998254,344.69999999998254,170.4600000000064,453.0100000000093,108.30999999999767,282.54999999998836,1.0,0.494516971279417,1.3142152596461627,0.3142152596460782,0.8196982883667034
Sweden,SE,2026-01,2026-01-01,sweden__standard_employee_stockholm,Suede · salarie standard (Stockholm),Sweden · standard employee (Stockholm),5.43,187172.1,58809.47,17400.0,680857.22,317133.04,47552.0,0.0,58809.47,0.0,0.3141999795909754,187172.1,79203.19,107968.91,245981.57,58809.47,138012.66,1.3141999795909753,2.278262974035767,344.70000000001164,344.70000000001164,170.4499999999971,453.0,108.30000000000291,282.55000000001746,1.0,0.49448796054537664,1.314186248912053,0.3141862489120953,0.8196982883667187
Sweden,SE,2026-01,2026-01-01,sweden__standard_employee_stockholm,Suede · salarie standard (Stockholm),Sweden · standard employee (Stockholm),5.44,187516.8,58917.78,17400.0,682120.89,317960.32,47552.0,0.0,58917.78,0.0,0.3142000076793119,187516.8,79377.43,108139.37,246434.58,58917.78,138295.21,1.3142000076793119,2.2788608811018594,344.69999999998254,344.69999999998254,170.45999999999185,453.0099999999802,108.30999999999767,282.54999999998836,1.0,0.4945169712793748,1.314215259646078,0.3142152596460782,0.8196982883667034
Sweden,SE,2026-01,2026-01-01,sweden__standard_employee_stockholm,Suede · salarie standard (Stockholm),Sweden · standard employee (Stockholm),5.45,187861.5,59026.08,17400.0,683384.56,318787.6,47552.0,0.0,59026.08,0.0,0.3141999824338675,187861.5,79551.68,108309.82,246887.58,59026.08,138577.76,1.3141999824338675,2.2794570243030594,344.70000000001164,344.70000000001164,170.45000000001164,453.0,108.30000000000291,282.55000000001746,1.0,0.4944879605454189,1.314186248912053,0.3141862489120953,0.8196982883667187
Sweden,SE,2026-01,2026-01-01,sweden__standard_employee_stockholm,Suede · salarie standard (Stockholm),Sweden · standard employee (Stockholm),5.46,188206.2,59134.39,17400.0,684648.23,319614.88,47552.0,0.0,59134.39,0.0,0.3142000104141096,188206.2,79725.93,108480.27,247340.59,59134.39,138860.32,1.3142000104141096,2.280051386302781,344.70000000001164,344.70000000001164,170.4499999999971,453.0100000000093,108.30999999999767,282.5599999999977,1.0,0.49448796054537664,1.3142152596460517,0.3142152596460517,0.8197272991006328
Sweden,SE,2026-01,2026-01-01,sweden__standard_employee_stockholm,Suede · salarie standard (Stockholm),Sweden · standard employee (Stockholm),5.47,188550.9,59242.69,17400.0,685911.9,320442.16,47552.0,0.0,59242.69,0.0,0.3141999852559707,188550.9,79900.17,108650.73,247793.59,59242.69,139142.86,1.3141999852559707,2.2806435815019377,344.69999999998254,344.69999999998254,170.45999999999185,453.0,108.30000000000291,282.53999999997905,1.0,0.4945169712793748,1.314186248912164,0.3141862489121218,0.8196692776327048
Sweden,SE,2026-01,2026-01-01,sweden__standard_employee_stockholm,Suede · salarie standard (Stockholm),Sweden · standard employee (Stockholm),5.48,188895.6,59351.0,17400.0,687175.57,321269.44,47552.0,0.0,59351.0,0.0,0.3142000131289453,188895.6,80074.42,108821.18,248246.6,59351.0,139425.42,1.3142000131289453,2.2812342229701974,344.70000000001164,344.70000000001164,170.4499999999971,453.0100000000093,108.30999999999767,282.5600000000268,1.0,0.49448796054537664,1.3142152596460517,0.3142152596460517,0.8197272991007173
Sweden,SE,2026-01,2026-01-01,sweden__standard_employee_stockholm,Suede · salarie standard (Stockholm),Sweden · standard employee (Stockholm),5.49,189240.3,59459.3,17400.0,688439.24,322096.72,47552.0,0.0,59459.3,0.0,0.31419998805751204,189240.3,80248.66,108991.64,248699.6,59459.3,139707.96,1.3141999880575121,2.2818227159440854,344.69999999998254,344.69999999998254,170.4600000000064,453.0,108.30000000000291,282.53999999997905,1.0,0.494516971279417,1.314186248912164,0.3141862489121218,0.8196692776327048
Sweden,SE,2026-01,2026-01-01,sweden__standard_employee_stockholm,Suede · salarie standard (Stockholm),Sweden · standard employee (Stockholm),5.5,189585.0,59567.61,17400.0,689702.91,322924.0,47552.0,0.0,59567.61,0.0,0.3142000158240367,189585.0,80422.91,109162.09,249152.61,59567.61,139990.52,1.3142000158240366,2.2824096717092903,344.70000000001164,344.70000000001164,170.4499999999971,453.0099999999802,108.30999999999767,282.5599999999977,1.0,0.49448796054537664,1.3142152596459673,0.3142152596460517,0.8197272991006328
Sweden,SE,2026-01,2026-01-01,sweden__standard_employee_stockholm,Suede · salarie standard (Stockholm),Sweden · standard employee (Stockholm),5.51,189929.7,59675.91,17400.0,690966.58,323751.28,47552.0,0.0,59675.91,0.0,0.31419999083871564,189929.7,80597.16,109332.54,249605.61,59675.91,140273.07,1.3141999908387156,2.2829947058762197,344.70000000001164,344.70000000001164,170.4499999999971,453.0,108.30000000000291,282.55000000001746,1.0,0.49448796054537664,1.314186248912053,0.3141862489120953,0.8196982883667187
Sweden,SE,2026-01,2026-01-01,sweden__standard_employee_stockholm,Suede · salarie standard (Stockholm),Sweden · standard employee (Stockholm),5.52,190274.4,59784.22,17400.0,692230.25,324578.56,47552.0,0.0,59784.22,0.0,0.3142000184995985,190274.4,80771.4,109503.0,250058.62,59784.22,140555.62,1.3142000184995986,2.2835778015214196,344.69999999998254,344.69999999998254,170.4600000000064,453.0100000000093,108.30999999999767,282.54999999998836,1.0,0.494516971279417,1.3142152596461627,0.3142152596460782,0.8196982883667034
Sweden,SE,2026-01,2026-01-01,sweden__standard_employee_stockholm,Suede · salarie standard (Stockholm),Sweden · standard employee (Stockholm),5.53,190619.1,59892.52,17400.0,693493.92,325405.84,47552.0,0.0,59892.52,0.0,0.3141999935998019,190619.1,80945.65,109673.45,250511.62,59892.52,140838.17,1.3141999935998019,2.284159201702873,344.70000000001164,344.70000000001164,170.4499999999971,453.0,108.29999999999563,282.55000000001746,1.0,0.49448796054537664,1.314186248912053,0.3141862489120742,0.8196982883667187
Sweden,SE,2026-01,2026-01-01,sweden__standard_employee_stockholm,Suede · salarie standard (Stockholm),Sweden · standard employee (Stockholm),5.54,190963.8,60000.83,17400.0,694757.59,326233.12,47552.0,0.0,60000.83,0.0,0.3142000211558421,190963.8,81119.89,109843.91,250964.63,60000.83,141120.72,1.3142000211558422,2.2847386805513388,344.69999999998254,344.69999999998254,170.4600000000064,453.0100000000093,108.31000000000495,282.54999999998836,1.0,0.494516971279417,1.3142152596461627,0.3142152596460993,0.8196982883667034
Sweden,SE,2026-01,2026-01-01,sweden__standard_employee_stockholm,Suede · salarie standard (Stockholm),Sweden · standard employee (Stockholm),5.55,191308.5,60109.13,17400.0,696021.26,327060.4,47552.0,0.0,60109.13,0.0,0.3141999963409885,191308.5,81294.14,110014.36,251417.63,60109.13,141403.27,1.3141999963409885,2.2853164805030906,344.70000000001164,344.70000000001164,170.4499999999971,453.0,108.29999999999563,282.54999999998836,1.0,0.49448796054537664,1.314186248912053,0.3141862489120742,0.8196982883666343
Sweden,SE,2026-01,2026-01-01,sweden__standard_employee_stockholm,Suede · salarie standard (Stockholm),Sweden · standard employee (Stockholm),5.56,191653.2,60217.44,17400.0,697284.93,327887.68,47552.0,0.0,60217.44,0.0,0.3142000237929761,191653.2,81468.38,110184.82,251870.64,60217.44,141685.82,1.314200023792976,2.285892376100447,344.70000000001164,344.70000000001164,170.4600000000064,453.0100000000093,108.31000000000495,282.55000000001746,1.0,0.4945169712793752,1.3142152596460517,0.3142152596460728,0.8196982883667187
Sweden,SE,2026-01,2026-01-01,sweden__standard_employee_stockholm,Suede · salarie standard (Stockholm),Sweden · standard employee (Stockholm),5.57,191997.9,60325.74,17400.0,698548.6,328714.96,47552.0,0.0,60325.74,0.0,0.3141999990624897,191997.9,81642.63,110355.27,252323.64,60325.74,141968.37,1.3141999990624897,2.2864666091614834,344.69999999998254,344.69999999998254,170.4499999999971,453.0,108.29999999999563,282.54999999998836,1.0,0.4944879605454184,1.314186248912164,0.31418624891210073,0.8196982883667034
Sweden,SE,2026-01,2026-01-01,sweden__standard_employee_stockholm,Suede · salarie standard (Stockholm),Sweden · standard employee (Stockholm),5.58,192342.6,60434.04,17400.0,699812.27,329542.24,47552.0,0.0,60434.04,0.0,0.3141999744206432,192342.6,81816.88,110525.72,252776.64,60434.04,142250.92,1.3141999744206432,2.2870390710868023,344.70000000001164,344.70000000001164,170.4499999999971,453.0,108.30000000000291,282.55000000001746,1.0,0.49448796054537664,1.314186248912053,0.3141862489120953,0.8196982883667187
Sweden,SE,2026-01,2026-01-01,sweden__standard_employee_stockholm,Suede · salarie standard (Stockholm),Sweden · standard employee (Stockholm),5.59,192687.3,60542.35,17400.0,701075.94,330369.52,47552.0,0.0,60542.35,0.0,0.3142000017645169,192687.3,81991.12,110696.18,253229.65,60542.35,142533.47,1.314200001764517,2.2876096537387287,344.69999999998254,344.69999999998254,170.45999999999185,453.0099999999802,108.30999999999767,282.54999999998836,1.0,0.4945169712793748,1.314215259646078,0.3142152596460782,0.8196982883667034
Sweden,SE,2026-01,2026-01-01,sweden__standard_employee_stockholm,Suede · salarie standard (Stockholm),Sweden · standard employee (Stockholm),5.6,193032.0,60650.65,17400.0,702339.61,331196.8,47552.0,0.0,60650.65,0.0,0.3141999772058519,193032.0,82165.37,110866.63,253682.65,60650.65,142816.02,1.314199977205852,2.2881785980145692,344.70000000001164,344.70000000001164,170.45000000001164,453.0,108.30000000000291,282.54999999998836,1.0,0.4944879605454189,1.314186248912053,0.3141862489120953,0.8196982883666343
Sweden,SE,2026-01,2026-01-01,sweden__standard_employee_stockholm,Suede · salarie standard (Stockholm),Sweden · standard employee (Stockholm),5.61,193376.7,60758.96,17400.0,703603.28,332024.08,47552.0,0.0,60758.96,0.0,0.31420000444727825,193376.7,82339.61,111037.09,254135.66,60758.96,143098.57,1.3142000044472781,2.2887456794842156,344.70000000001164,344.70000000001164,170.45999999999185,453.0100000000093,108.30999999999767,282.55000000001746,1.0,0.49451697127933303,1.3142152596460517,0.3142152596460517,0.8196982883667187
Sweden,SE,2026-01,2026-01-01,sweden__standard_employee_stockholm,Suede · salarie standard (Stockholm),Sweden · standard employee (Stockholm),5.62,193721.4,60867.26,17400.0,704866.95,332851.36,47552.0,0.0,60867.26,0.0,0.31419997997123705,193721.4,82513.86,111207.54,254588.66,60867.26,143381.12,1.3141999799712372,2.2893111384353975,344.69999999998254,344.69999999998254,170.4499999999971,453.0,108.30000000000291,282.54999999998836,1.0,0.4944879605454184,1.314186248912164,0.3141862489121218,0.8196982883667034
Sweden,SE,2026-01,2026-01-01,sweden__standard_employee_stockholm,Suede · salarie standard (Stockholm),Sweden · standard employee (Stockholm),5.63,194066.1,60975.57,17400.0,706130.62,333678.64,47552.0,0.0,60975.57,0.0,0.3142000071109792,194066.1,82688.11,111377.99,255041.67,60975.57,143663.68,1.3142000071109792,2.289874956443369,344.70000000001164,344.70000000001164,170.45000000001164,453.0100000000093,108.30999999999767,282.5599999999977,1.0,0.4944879605454189,1.3142152596460517,0.3142152596460517,0.8197272991006328
Sweden,SE,2026-01,2026-01-01,sweden__standard_employee_stockholm,Suede · salarie standard (Stockholm),Sweden · standard employee (Stockholm),5.64,194410.8,61083.87,17400.0,707394.29,334505.92,47552.0,0.0,61083.87,0.0,0.3141999827170096,194410.8,82862.35,111548.45,255494.67,61083.87,143946.22,1.3141999827170094,2.2904367564049526,344.69999999998254,344.69999999998254,170.45999999999185,453.0,108.30000000000291,282.54000000000815,1.0,0.4945169712793748,1.314186248912164,0.3141862489121218,0.8196692776327893
Sweden,SE,2026-01,2026-01-01,sweden__standard_employee_stockholm,Suede · salarie standard (Stockholm),Sweden · standard employee (Stockholm),5.65,194755.5,61192.18,17400.0,708657.96,335333.2,47552.0,0.0,61192.18,0.0,0.314200009755822,194755.5,83036.6,111718.9,255947.68,61192.18,144228.78,1.314200009755822,2.290997136563285,344.70000000001164,344.70000000001164,170.4499999999971,453.0099999999802,108.30999999999767,282.5599999999977,1.0,0.49448796054537664,1.3142152596459673,0.3142152596460517,0.8197272991006328
Sweden,SE,2026-01,2026-01-01,sweden__standard_employee_stockholm,Suede · salarie standard (Stockholm),Sweden · standard employee (Stockholm),5.66,195100.2,61300.48,17400.0,709921.63,336160.48,47552.0,0.0,61300.48,0.0,0.3141999854433773,195100.2,83210.84,111889.36,256400.68,61300.48,144511.32,1.3141999854433772,2.291555515198228,344.70000000001164,344.70000000001164,170.4600000000064,453.0,108.30000000000291,282.54000000000815,1.0,0.4945169712793752,1.314186248912053,0.3141862489120953,0.81966927763272
Sweden,SE,2026-01,2026-01-01,sweden__standard_employee_stockholm,Suede · salarie standard (Stockholm),Sweden · standard employee (Stockholm),5.67,195444.9,61408.79,17400.0,711185.3,336987.76,47552.0,0.0,61408.79,0.0,0.3142000123820064,195444.9,83385.09,112059.81,256853.69,61408.79,144793.88,1.3142000123820063,2.292112488857513,344.69999999998254,344.69999999998254,170.4499999999971,453.0100000000093,108.30999999999767,282.5599999999977,1.0,0.4944879605454184,1.3142152596461627,0.3142152596460782,0.819727299100702
Sweden,SE,2026-01,2026-01-01,sweden__standard_employee_stockholm,Suede · salarie standard (Stockholm),Sweden · standard employee (Stockholm),5.68,195789.6,61517.09,17400.0,712448.97,337815.04,47552.0,0.0,61517.09,0.0,0.3141999881505453,195789.6,83559.33,112230.27,257306.69,61517.09,145076.42,1.3141999881505453,2.292667477321404,344.70000000001164,344.70000000001164,170.4600000000064,453.0,108.29999999999563,282.54000000000815,1.0,0.4945169712793752,1.314186248912053,0.3141862489120742,0.81966927763272
Sweden,SE,2026-01,2026-01-01,sweden__standard_employee_stockholm,Suede · salarie standard (Stockholm),Sweden · standard employee (Stockholm),5.69,196134.3,61625.4,17400.0,713712.64,338642.32,47552.0,0.0,61625.4,0.0,0.31420001498972894,196134.3,83733.58,112400.72,257759.7,61625.4,145358.98,1.3142000149897288,2.2932210754521853,344.69999999998254,344.69999999998254,170.4499999999971,453.0100000000093,108.31000000000495,282.5599999999977,1.0,0.4944879605454184,1.3142152596461627,0.3142152596460993,0.819727299100702
Sweden,SE,2026-01,2026-01-01,sweden__standard_employee_stockholm,Suede · salarie standard (Stockholm),Sweden · standard employee (Stockholm),5.7,196479.0,61733.7,17400.0,714976.31,339469.6,47552.0,0.0,61733.7,0.0,0.3141999908387156,196479.0,83907.83,112571.17,258212.7,61733.7,145641.53,1.3141999908387156,2.2937729082854874,344.70000000001164,344.70000000001164,170.4499999999971,453.0,108.29999999999563,282.54999999998836,1.0,0.49448796054537664,1.314186248912053,0.3141862489120742,0.8196982883666343
Sweden,SE,2026-01,2026-01-01,sweden__standard_employee_stockholm,Suede · salarie standard (Stockholm),Sweden · standard employee (Stockholm),5.71,196823.7,61842.01,17400.0,716239.98,340296.88,47552.0,0.0,61842.01,0.0,0.3142000175791838,196823.7,84082.07,112741.63,258665.71,61842.01,145924.08,1.314200017579184,2.294322957722006,344.70000000001164,344.70000000001164,170.4600000000064,453.0099999999802,108.31000000000495,282.54999999998836,1.0,0.4945169712793752,1.3142152596459673,0.3142152596460728,0.8196982883666343
Sweden,SE,2026-01,2026-01-01,sweden__standard_employee_stockholm,Suede · salarie standard (Stockholm),Sweden · standard employee (Stockholm),5.72,197168.4,61950.31,17400.0,717503.65,341124.16,47552.0,0.0,61950.31,0.0,0.3141999935080875,197168.4,84256.32,112912.08,259118.71,61950.31,146206.63,1.3141999935080875,2.2948714610518204,344.69999999998254,344.69999999998254,170.4499999999971,453.0,108.29999999999563,282.55000000001746,1.0,0.4944879605454184,1.314186248912164,0.31418624891210073,0.8196982883667878
Sweden,SE,2026-01,2026-01-01,sweden__standard_employee_stockholm,Suede · salarie standard (Stockholm),Sweden · standard employee (Stockholm),5.73,197513.1,62058.62,17400.0,718767.32,341951.44,47552.0,0.0,62058.62,0.0,0.31420002015056214,197513.1,84430.56,113082.54,259571.72,62058.62,146489.18,1.3142000201505621,2.2954181963015685,344.70000000001164,344.70000000001164,170.45999999999185,453.0100000000093,108.31000000000495,282.54999999998836,1.0,0.49451697127933303,1.3142152596460517,0.3142152596460728,0.8196982883666343
Sweden,SE,2026-01,2026-01-01,sweden__standard_employee_stockholm,Suede · salarie standard (Stockholm),Sweden · standard employee (Stockholm),5.74,197857.8,62166.92,17400.0,720030.99,342778.72,47552.0,0.0,62166.92,0.0,0.31419999615885746,197857.8,84604.81,113252.99,260024.72,62166.92,146771.73,1.3141999961588575,2.295963400171598,344.69999999998254,344.69999999998254,170.45000000001164,453.0,108.29999999999563,282.55000000001746,1.0,0.4944879605454606,1.314186248912164,0.31418624891210073,0.8196982883667878
Sweden,SE,2026-01,2026-01-01,sweden__standard_employee_stockholm,Suede · salarie standard (Stockholm),Sweden · standard employee (Stockholm),5.75,198202.5,62275.23,17400.0,721294.67,343606.0,47552.0,0.0,62275.23,0.0,0.3142000227040527,198202.5,84779.06,113423.44,260477.73,62275.23,147054.29,1.3142000227040527,2.296507053568469,344.70000000001164,344.70000000001164,170.4499999999971,453.0100000000093,108.31000000000495,282.5599999999977,1.0,0.49448796054537664,1.3142152596460517,0.3142152596460728,0.8197272991006328
Sweden,SE,2026-01,2026-01-01,sweden__standard_employee_stockholm,Suede · salarie standard (Stockholm),Sweden · standard employee (Stockholm),5.76,198547.2,62383.53,17400.0,722558.34,344433.28,47552.0,0.0,62383.53,0.0,0.31419999879121946,198547.2,84953.3,113593.9,260930.73,62383.53,147336.83,1.3141999987912194,2.29704878519005,344.70000000001164,344.70000000001164,170.45999999999185,453.0,108.29999999999563,282.53999999997905,1.0,0.49451697127933303,1.314186248912053,0.3141862489120742,0.8196692776326356
Sweden,SE,2026-01,2026-01-01,sweden__standard_employee_stockholm,Suede · salarie standard (Stockholm),Sweden · standard employee (Stockholm),5.77,198891.9,62491.83,17400.0,723822.01,345260.56,47552.0,0.0,62491.83,0.0,0.31419997496127294,198891.9,85127.55,113764.35,261383.73,62491.83,147619.38,1.314199974961273,2.2975890953536853,344.69999999998254,344.69999999998254,170.45000000001164,453.0,108.30000000000291,282.55000000001746,1.0,0.4944879605454606,1.314186248912164,0.3141862489121218,0.8196982883667878
Sweden,SE,2026-01,2026-01-01,sweden__standard_employee_stockholm,Suede · salarie standard (Stockholm),Sweden · standard employee (Stockholm),5.78,199236.6,62600.14,17400.0,725085.68,346087.84,47552.0,0.0,62600.14,0.0,0.31420000140536425,199236.6,85301.79,113934.81,261836.74,62600.14,147901.93,1.314200001405364,2.2981276749397304,344.70000000001164,344.70000000001164,170.45999999999185,453.0099999999802,108.30999999999767,282.54999999998836,1.0,0.49451697127933303,1.3142152596459673,0.3142152596460517,0.8196982883666343
Sweden,SE,2026-01,2026-01-01,sweden__standard_employee_stockholm,Suede · salarie standard (Stockholm),Sweden · standard employee (Stockholm),5.79,199581.3,62708.44,17400.0,726349.35,346915.12,47552.0,0.0,62708.44,0.0,0.31419997765321706,199581.3,85476.04,114105.26,262289.74,62708.44,148184.48,1.314199977653217,2.298664759188139,344.69999999998254,344.69999999998254,170.4499999999971,453.0,108.30000000000291,282.55000000001746,1.0,0.4944879605454184,1.314186248912164,0.3141862489121218,0.8196982883667878
Sweden,SE,2026-01,2026-01-01,sweden__standard_employee_stockholm,Suede · salarie standard (Stockholm),Sweden · standard employee (Stockholm),5.8,199926.0,62816.75,17400.0,727613.02,347742.4,47552.0,0.0,62816.75,0.0,0.31420000400148057,199926.0,85650.29,114275.71,262742.75,62816.75,148467.04,1.3142000040014805,2.299200328748778,344.70000000001164,344.70000000001164,170.45000000001164,453.0100000000093,108.30999999999767,282.5599999999977,1.0,0.4944879605454189,1.3142152596460517,0.3142152596460517,0.8197272991006328
Sweden,SE,2026-01,2026-01-01,sweden__standard_employee_stockholm,Suede · salarie standard (Stockholm),Sweden · standard employee (Stockholm),5.81,200270.7,62925.05,17400.0,728876.69,348569.68,47552.0,0.0,62925.05,0.0,0.31419998032662794,200270.7,85824.53,114446.17,263195.75,62925.05,148749.58,1.314199980326628,2.299734014690051,344.70000000001164,344.70000000001164,170.45999999999185,453.0,108.30000000000291,282.53999999997905,1.0,0.49451697127933303,1.314186248912053,0.3141862489120953,0.8196692776326356
Sweden,SE,2026-01,2026-01-01,sweden__standard_employee_stockholm,Suede · salarie standard (Stockholm),Sweden · standard employee (Stockholm),5.82,200615.4,63033.36,17400.0,730140.36,349396.96,47552.0,0.0,63033.36,0.0,0.31420000657975405,200615.4,85998.78,114616.62,263648.76,63033.36,149032.14,1.3142000065797539,2.300266401155434,344.69999999998254,344.69999999998254,170.4499999999971,453.0100000000093,108.30999999999767,282.5600000000268,1.0,0.4944879605454184,1.3142152596461627,0.3142152596460782,0.8197272991007865
Sweden,SE,2026-01,2026-01-01,sweden__standard_employee_stockholm,Suede · salarie standard (Stockholm),Sweden · standard employee (Stockholm),5.83,200960.1,63141.66,17400.0,731404.03,350224.24,47552.0,0.0,63141.66,0.0,0.3141999829816964,200960.1,86173.02,114787.08,264101.76,63141.66,149314.68,1.3141999829816964,2.3007969189563844,344.70000000001164,344.70000000001164,170.4600000000064,453.0,108.30000000000291,282.53999999997905,1.0,0.4945169712793752,1.314186248912053,0.3141862489120953,0.8196692776326356
Sweden,SE,2026-01,2026-01-01,sweden__standard_employee_stockholm,Suede · salarie standard (Stockholm),Sweden · standard employee (Stockholm),5.84,201304.8,63249.97,17400.0,732667.7,351051.52,47552.0,0.0,63249.97,0.0,0.3142000091403683,201304.8,86347.27,114957.53,264554.77,63249.97,149597.24,1.3142000091403685,2.3013261506227565,344.69999999998254,344.69999999998254,170.4499999999971,453.0100000000093,108.30999999999767,282.5599999999977,1.0,0.4944879605454184,1.3142152596461627,0.3142152596460782,0.819727299100702
Sweden,SE,2026-01,2026-01-01,sweden__standard_employee_stockholm,Suede · salarie standard (Stockholm),Sweden · standard employee (Stockholm),5.85,201649.5,63358.27,17400.0,733931.37,351878.8,47552.0,0.0,63358.27,0.0,0.3141999856186105,201649.5,86521.51,115127.99,265007.77,63358.27,149879.78,1.3141999856186106,2.3018535284078183,344.70000000001164,344.70000000001164,170.4600000000064,453.0,108.29999999999563,282.54000000000815,1.0,0.4945169712793752,1.314186248912053,0.3141862489120742,0.81966927763272
Sweden,SE,2026-01,2026-01-01,sweden__standard_employee_stockholm,Suede · salarie standard (Stockholm),Sweden · standard employee (Stockholm),5.86,201994.2,63466.58,17400.0,735195.04,352706.08,47552.0,0.0,63466.58,0.0,0.31420001168350375,201994.2,86695.76,115298.44,265460.78,63466.58,150162.34,1.3142000116835038,2.302379633237015,344.70000000001164,344.70000000001164,170.4499999999971,453.0100000000093,108.31000000000495,282.5599999999977,1.0,0.49448796054537664,1.3142152596460517,0.3142152596460728,0.8197272991006328
Sweden,SE,2026-01,2026-01-01,sweden__standard_employee_stockholm,Suede · salarie standard (Stockholm),Sweden · standard employee (Stockholm),5.87,202338.9,63574.88,17400.0,736458.71,353533.36,47552.0,0.0,63574.88,0.0,0.3141999882375559,202338.9,86870.01,115468.89,265913.78,63574.88,150444.89,1.3141999882375557,2.302904098238062,344.69999999998254,344.69999999998254,170.4499999999971,453.0,108.29999999999563,282.55000000001746,1.0,0.4944879605454184,1.314186248912164,0.31418624891210073,0.8196982883667878
Sweden,SE,2026-01,2026-01-01,sweden__standard_employee_stockholm,Suede · salarie standard (Stockholm),Sweden · standard employee (Stockholm),5.88,202683.6,63683.19,17400.0,737722.38,354360.64,47552.0,0.0,63683.19,0.0,0.3142000142093391,202683.6,87044.25,115639.35,266366.79,63683.19,150727.44,1.3142000142093393,2.3034269044231053,344.70000000001164,344.70000000001164,170.4600000000064,453.0099999999511,108.31000000000495,282.54999999998836,1.0,0.4945169712793752,1.3142152596458827,0.3142152596460728,0.8196982883666343
Sweden,SE,2026-01,2026-01-01,sweden__standard_employee_stockholm,Suede · salarie standard (Stockholm),Sweden · standard employee (Stockholm),5.89,203028.3,63791.49,17400.0,738986.05,355187.92,47552.0,0.0,63791.49,0.0,0.3141999908387156,203028.3,87218.5,115809.8,266819.79,63791.49,151009.99,1.3141999908387156,2.303948284169388,344.69999999998254,344.69999999998254,170.4499999999971,453.0,108.29999999999563,282.54999999998836,1.0,0.4944879605454184,1.314186248912164,0.31418624891210073,0.8196982883667034
Sweden,SE,2026-01,2026-01-01,sweden__standard_employee_stockholm,Suede · salarie standard (Stockholm),Sweden · standard employee (Stockholm),5.9,203373.0,63899.8,17400.0,740249.72,356015.2,47552.0,0.0,63899.8,0.0,0.3142000167180501,203373.0,87392.74,115980.26,267272.8,63899.8,151292.54,1.31420001671805,2.30446801895426,344.70000000001164,344.70000000001164,170.45999999999185,453.0100000000093,108.31000000000495,282.55000000001746,1.0,0.49451697127933303,1.3142152596460517,0.3142152596460728,0.8196982883667187
Sweden,SE,2026-01,2026-01-01,sweden__standard_employee_stockholm,Suede · salarie standard (Stockholm),Sweden · standard employee (Stockholm),5.91,203717.7,64008.1,17400.0,741513.39,356842.48,47552.0,0.0,64008.1,0.0,0.3141999934222701,203717.7,87566.99,116150.71,267725.8,64008.1,151575.09,1.31419999342227,2.304986340591461,344.70000000001164,344.70000000001164,170.45000000001164,453.0,108.29999999999563,282.54999999998836,1.0,0.4944879605454189,1.314186248912053,0.3141862489120742,0.8196982883666343
Sweden,SE,2026-01,2026-01-01,sweden__standard_employee_stockholm,Suede · salarie standard (Stockholm),Sweden · standard employee (Stockholm),5.92,204062.4,64116.41,17400.0,742777.06,357669.76,47552.0,0.0,64116.41,0.0,0.31420001920981033,204062.4,87741.24,116321.16,268178.81,64116.41,151857.65,1.3142000192098104,2.305503229163121,344.69999999998254,344.69999999998254,170.4499999999971,453.0100000000093,108.31000000000495,282.5599999999977,1.0,0.4944879605454184,1.3142152596461627,0.3142152596460993,0.819727299100702
Sweden,SE,2026-01,2026-01-01,sweden__standard_employee_stockholm,Suede · salarie standard (Stockholm),Sweden · standard employee (Stockholm),5.93,204407.1,64224.71,17400.0,744040.73,358497.04,47552.0,0.0,64224.71,0.0,0.3141999959883977,204407.1,87915.48,116491.62,268631.81,64224.71,152140.19,1.3141999959883979,2.306018321317877,344.70000000001164,344.70000000001164,170.45999999999185,453.0,108.29999999999563,282.54000000000815,1.0,0.49451697127933303,1.314186248912053,0.3141862489120742,0.81966927763272
Sweden,SE,2026-01,2026-01-01,sweden__standard_employee_stockholm,Suede · salarie standard (Stockholm),Sweden · standard employee (Stockholm),5.94,204751.8,64333.02,17400.0,745304.4,359324.32,47552.0,0.0,64333.02,0.0,0.314200021684791,204751.8,88089.73,116662.07,269084.82,64333.02,152422.75,1.3142000216847909,2.3065321916540653,344.69999999998254,344.69999999998254,170.45000000001164,453.0100000000093,108.30999999999767,282.5599999999977,1.0,0.4944879605454606,1.3142152596461627,0.3142152596460782,0.819727299100702
Sweden,SE,2026-01,2026-01-01,sweden__standard_employee_stockholm,Suede · salarie standard (Stockholm),Sweden · standard employee (Stockholm),5.95,205096.5,64441.32,17400.0,746568.07,360151.6,47552.0,0.0,64441.32,0.0,0.31419999853727393,205096.5,88263.97,116832.53,269537.82,64441.32,152705.29,1.3141999985372739,2.307044279534133,344.70000000001164,344.70000000001164,170.45999999999185,453.0,108.30000000000291,282.54000000000815,1.0,0.49451697127933303,1.314186248912053,0.3141862489120953,0.81966927763272
Sweden,SE,2026-01,2026-01-01,sweden__standard_employee_stockholm,Suede · salarie standard (Stockholm),Sweden · standard employee (Stockholm),5.96,205441.2,64549.63,17400.0,747831.74,360978.88,47552.0,0.0,64549.63,0.0,0.3142000241431611,205441.2,88438.22,117002.98,269990.83,64549.63,152987.85,1.314200024143161,2.3075551579968305,344.70000000001164,344.70000000001164,170.4499999999971,453.0100000000093,108.30999999999767,282.5599999999977,1.0,0.49448796054537664,1.3142152596460517,0.3142152596460517,0.8197272991006328
Sweden,SE,2026-01,2026-01-01,sweden__standard_employee_stockholm,Suede · salarie standard (Stockholm),Sweden · standard employee (Stockholm),5.97,205785.9,64657.93,17400.0,749095.41,361806.16,47552.0,0.0,64657.93,0.0,0.3142000010690723,205785.9,88612.46,117173.44,270443.83,64657.93,153270.39,1.3142000010690724,2.308064267806766,344.69999999998254,344.69999999998254,170.4600000000064,453.0,108.30000000000291,282.54000000000815,1.0,0.494516971279417,1.314186248912164,0.3141862489121218,0.8196692776327893
Sweden,SE,2026-01,2026-01-01,sweden__standard_employee_stockholm,Suede · salarie standard (Stockholm),Sweden · standard employee (Stockholm),5.98,206130.6,64766.23,17400.0,750359.08,362633.44,47552.0,0.0,64766.23,0.0,0.3141999780721543,206130.6,88786.71,117343.89,270896.83,64766.23,153552.94,1.3141999780721543,2.3085720952322273,344.70000000001164,344.70000000001164,170.4499999999971,453.0,108.30000000000291,282.54999999998836,1.0,0.49448796054537664,1.314186248912053,0.3141862489120953,0.8196982883666343
Sweden,SE,2026-01,2026-01-01,sweden__standard_employee_stockholm,Suede · salarie standard (Stockholm),Sweden · standard employee (Stockholm),5.99,206475.3,64874.54,17400.0,751622.75,363460.72,47552.0,0.0,64874.54,0.0,0.31420000358396377,206475.3,88960.96,117514.34,271349.84,64874.54,153835.5,1.3142000035839638,2.3090785345856513,344.69999999998254,344.69999999998254,170.4499999999971,453.0100000000093,108.30999999999767,282.5599999999977,1.0,0.4944879605454184,1.3142152596461627,0.3142152596460782,0.819727299100702
Sweden,SE,2026-01,2026-01-01,sweden__standard_employee_stockholm,Suede · salarie standard (Stockholm),Sweden · standard employee (Stockholm),6.0,206820.0,64982.84,17400.0,752886.42,364288.0,47552.0,0.0,64982.84,0.0,0.31419998065951066,206820.0,89135.2,117684.8,271802.84,64982.84,154118.04,1.3141999806595106,2.3095832257011946,344.70000000001164,344.70000000001164,170.4600000000064,453.0,108.29999999999563,282.54000000000815,1.0,0.4945169712793752,1.314186248912053,0.3141862489120742,0.81966927763272
