country,country_code,version,effective_from,profile_id,profile_label_fr,profile_label_en,smic_multiple,gross_monthly_pln,retirement_employee_monthly_pln,retirement_employer_monthly_pln,disability_employee_monthly_pln,disability_employer_monthly_pln,sickness_employee_monthly_pln,accident_employer_monthly_pln,labour_fund_employer_monthly_pln,guaranteed_benefits_fund_employer_monthly_pln,health_insurance_monthly_pln,employee_contributions_monthly_pln,employer_contributions_monthly_pln,employee_contribution_rate,employer_contribution_rate,net_before_income_tax_monthly_pln,income_tax_monthly_pln,net_after_income_tax_monthly_pln,employer_cost_monthly_pln,social_wedge_monthly_pln,total_wedge_after_income_tax_monthly_pln,below_minimum_wage,cost_to_net_ratio,cost_to_net_after_income_tax_ratio,delta_gross_monthly_pln,delta_net_before_income_tax_monthly_pln,delta_net_after_income_tax_monthly_pln,delta_employer_cost_monthly_pln,delta_social_wedge_monthly_pln,delta_total_wedge_after_income_tax_monthly_pln,marginal_net_before_income_tax_rate,marginal_net_after_income_tax_rate,marginal_employer_cost_rate,marginal_social_wedge_rate,marginal_total_wedge_after_income_tax_rate
Poland,PL,2026-01,2026-01-01,poland__standard_employee,Pologne · salarie standard,Poland · standard employee,0.8,3844.8,375.25248,375.25248,57.672,249.912,94.1976,64.20816,0.0,0.0,298.591013,825.713093,689.37264,0.21476099999999998,0.17930000000000004,3019.086907,68.12135,2950.965557,4534.17264,1515.085733,1583.207083,True,1.5018357468235786,1.5365047652121073,,,,,,,,,,,
Poland,PL,2026-01,2026-01-01,poland__standard_employee,Pologne · salarie standard,Poland · standard employee,0.81,3892.86,379.943136,379.943136,58.3929,253.0359,95.37507,65.010762,0.0,0.0,302.3234,836.034506,697.989798,0.214761,0.17930000000000001,3056.825494,73.097867,2983.727626,4590.849798,1534.024304,1607.122172,True,1.5018357468235786,1.5386289812768443,48.059999999999945,37.73858700000028,32.76206899999988,56.67715800000042,18.938571000000138,23.91508900000008,0.7852390137328407,0.6816909904286292,1.17930000000001,0.39406098626716934,0.49760900957137133
Poland,PL,2026-01,2026-01-01,poland__standard_employee,Pologne · salarie standard,Poland · standard employee,0.82,3940.92,384.633792,384.633792,59.1138,256.1598,96.55254,65.813364,0.0,0.0,306.055788,846.35592,706.606956,0.214761,0.17930000000000001,3094.56408,78.074384,3016.489696,4647.526956,1552.962876,1631.03726,True,1.5018357468235786,1.540707055155609,48.059999999999945,37.73858599999994,32.76207000000022,56.67715799999951,18.938572000000022,23.91508799999997,0.7852389929255095,0.6816910112359604,1.1792999999999911,0.3940610070744911,0.49760898876404486
Poland,PL,2026-01,2026-01-01,poland__standard_employee,Pologne · salarie standard,Poland · standard employee,0.83,3988.98,389.324448,389.324448,59.8347,259.2837,97.73001,66.615966,0.0,0.0,309.788176,856.677334,715.224114,0.214761,0.1793,3132.302666,83.050901,3049.251765,4704.204114,1571.901448,1654.952349,True,1.5018357468235786,1.5427404741445832,48.059999999999945,37.73858599999994,32.76206899999988,56.67715800000042,18.938572000000022,23.915088999999853,0.7852389929255095,0.6816909904286292,1.17930000000001,0.3940610070744911,0.4976090095713666
Poland,PL,2026-01,2026-01-01,poland__standard_employee,Pologne · salarie standard,Poland · standard employee,0.84,4037.04,394.015104,394.015104,60.5556,262.4076,98.90748,67.418568,0.0,0.0,313.520563,866.998747,723.841272,0.214761,0.17930000000000004,3170.041253,88.027418,3082.013835,4760.881272,1590.840019,1678.867437,True,1.5018357468235788,1.5447306622996078,48.059999999999945,37.738586999999825,32.76207000000022,56.67715799999951,18.93857099999991,23.915088000000196,0.7852390137328312,0.6816910112359604,1.1792999999999911,0.3940609862671646,0.4976089887640496
Poland,PL,2026-01,2026-01-01,poland__standard_employee,Pologne · salarie standard,Poland · standard employee,0.85,4085.1,398.70576,398.70576,61.2765,265.5315,100.08495,68.22117,0.0,0.0,317.252951,877.320161,732.45843,0.21476099999999998,0.17930000000000001,3207.779839,93.003935,3114.775904,4817.55843,1609.778591,1702.782526,True,1.5018357468235786,1.5466789837620794,48.059999999999945,37.73858599999994,32.76206899999988,56.67715800000042,18.938572000000022,23.915088999999853,0.7852389929255095,0.6816909904286292,1.17930000000001,0.3940610070744911,0.4976090095713666
Poland,PL,2026-01,2026-01-01,poland__standard_employee,Pologne · salarie standard,Poland · standard employee,0.86,4133.16,403.396416,403.396416,61.9974,268.6554,101.26242,69.023772,0.0,0.0,320.985339,887.641575,741.075588,0.214761,0.1793,3245.518425,97.980452,3147.537974,4874.235588,1628.717163,1726.697614,True,1.5018357468235783,1.5485867458771374,48.059999999999945,37.738586000000396,32.76206999999977,56.67715799999951,18.938572000000022,23.91508799999997,0.7852389929255189,0.681691011235951,1.1792999999999911,0.3940610070744911,0.49760898876404486
Poland,PL,2026-01,2026-01-01,poland__standard_employee,Pologne · salarie standard,Poland · standard employee,0.87,4181.22,408.087072,408.087072,62.7183,271.7793,102.43989,69.826374,0.0,0.0,324.717726,897.962988,749.692746,0.214761,0.17930000000000001,3283.257012,102.956969,3180.300043,4930.912746,1647.655734,1750.612703,True,1.5018357468235786,1.5504552021191136,48.0600000000004,37.738586999999825,32.76206900000034,56.67715800000042,18.93857099999991,23.91508900000008,0.7852390137328238,0.6816909904286322,1.179299999999999,0.3940609862671609,0.49760900957136667
Poland,PL,2026-01,2026-01-01,poland__standard_employee,Pologne · salarie standard,Poland · standard employee,0.88,4229.28,412.777728,412.777728,63.4392,274.9032,103.61736,70.628976,0.0,0.0,328.450114,908.284402,758.309904,0.21476100000000004,0.17930000000000001,3320.995598,107.933485,3213.062112,4987.589904,1666.594306,1774.527792,True,1.5018357468235786,1.5522855548380083,48.05999999999949,37.73858599999994,32.76206899999988,56.67715800000042,18.938572000000022,23.91508900000008,0.7852389929255169,0.6816909904286357,1.179300000000021,0.3940610070744949,0.49760900957137605
Poland,PL,2026-01,2026-01-01,poland__standard_employee,Pologne · salarie standard,Poland · standard employee,0.89,4277.34,417.468384,417.468384,64.1601,278.0271,104.79483,71.431578,0.0,0.0,332.182502,918.605816,766.927062,0.214761,0.1793,3358.734184,112.910002,3245.824182,5044.267062,1685.532878,1798.44288,True,1.5018357468235786,1.5540789578396346,48.0600000000004,37.73858599999994,32.76206999999977,56.67715799999951,18.938572000000022,23.91508799999997,0.785238992925502,0.6816910112359446,1.17929999999998,0.3940610070744874,0.49760898876404014
Poland,PL,2026-01,2026-01-01,poland__standard_employee,Pologne · salarie standard,Poland · standard employee,0.9,4325.4,422.15904,422.15904,64.881,281.151,105.9723,72.23418,0.0,0.0,335.914889,928.927229,775.54422,0.214761,0.17930000000000001,3396.472771,117.886519,3278.586251,5100.94422,1704.471449,1822.357969,True,1.5018357468235786,1.5558365188110663,48.05999999999949,37.73858700000028,32.76206900000034,56.67715800000042,18.93857099999991,23.915088999999853,0.7852390137328481,0.6816909904286451,1.179300000000021,0.39406098626716834,0.49760900957137133
Poland,PL,2026-01,2026-01-01,poland__standard_employee,Pologne · salarie standard,Poland · standard employee,0.91,4373.46,426.849696,426.849696,65.6019,284.2749,107.14977,73.036782,0.0,0.0,339.647277,939.248643,784.161378,0.21476100000000004,0.17930000000000001,3434.211357,122.863036,3311.348321,5157.621378,1723.410021,1846.273057,True,1.5018357468235786,1.5575593016021034,48.0600000000004,37.73858599999994,32.76206999999977,56.67715799999951,18.938572000000022,23.915088000000196,0.785238992925502,0.6816910112359446,1.17929999999998,0.3940610070744874,0.49760898876404486
Poland,PL,2026-01,2026-01-01,poland__standard_employee,Pologne · salarie standard,Poland · standard employee,0.92,4421.52,431.540352,431.540352,66.3228,287.3988,108.32724,73.839384,0.0,0.0,343.379665,949.570057,792.778536,0.214761,0.17930000000000001,3471.949943,127.839553,3344.11039,5214.298536,1742.348593,1870.188146,True,1.5018357468235786,1.559248328372629,48.0600000000004,37.73858599999994,32.76206899999988,56.67715800000042,18.938572000000022,23.915088999999853,0.785238992925502,0.6816909904286228,1.179299999999999,0.3940610070744874,0.4976090095713619
Poland,PL,2026-01,2026-01-01,poland__standard_employee,Pologne · salarie standard,Poland · standard employee,0.93,4469.58,436.231008,436.231008,67.0437,290.5227,109.50471,74.641986,0.0,0.0,347.112052,959.89147,801.395694,0.21476100000000004,0.1793,3509.68853,132.81607,3376.87246,5270.975694,1761.287164,1894.103234,True,1.5018357468235786,1.5609045816149654,48.05999999999949,37.738586999999825,32.76207000000022,56.67715799999951,18.938571000000138,23.91508799999997,0.7852390137328387,0.6816910112359669,1.1793000000000022,0.3940609862671731,0.4976089887640496
Poland,PL,2026-01,2026-01-01,poland__standard_employee,Pologne · salarie standard,Poland · standard employee,0.94,4517.64,440.921664,440.921664,67.7646,293.6466,110.68218,75.444588,0.0,0.0,350.84444,970.212884,810.012852,0.21476099999999998,0.17930000000000001,3547.427116,137.792587,3409.634529,5327.652852,1780.225736,1918.018323,True,1.5018357468235786,1.5625290060596384,48.0600000000004,37.73858599999994,32.76206899999988,56.67715800000042,18.938572000000022,23.91508900000008,0.785238992925502,0.6816909904286228,1.179299999999999,0.3940610070744874,0.49760900957136667
Poland,PL,2026-01,2026-01-01,poland__standard_employee,Pologne · salarie standard,Poland · standard employee,0.95,4565.7,445.61232,445.61232,68.4855,296.7705,111.85965,76.24719,0.0,0.0,354.576828,980.534298,818.63001,0.21476099999999998,0.17930000000000001,3585.165702,142.769104,3442.396599,5384.33001,1799.164308,1941.933411,True,1.5018357468235786,1.5641225104723144,48.05999999999949,37.73858599999994,32.76207000000022,56.67715799999951,18.938571999999795,23.91508799999997,0.7852389929255169,0.6816910112359669,1.1793000000000022,0.3940610070744901,0.4976089887640496
Poland,PL,2026-01,2026-01-01,poland__standard_employee,Pologne · salarie standard,Poland · standard employee,0.96,4613.76,450.302976,450.302976,69.2064,299.8944,113.03712,77.049792,0.0,0.0,358.309215,990.855711,827.247168,0.21476100000000004,0.17930000000000001,3622.904289,147.74562,3475.158668,5441.007168,1818.102879,1965.8485,True,1.5018357468235786,1.565685969349095,48.0600000000004,37.73858700000028,32.76206899999988,56.67715800000042,18.938571000000138,23.91508900000008,0.7852390137328332,0.6816909904286228,1.179299999999999,0.3940609862671656,0.49760900957136667
Poland,PL,2026-01,2026-01-01,poland__standard_employee,Pologne · salarie standard,Poland · standard employee,0.97,4661.82,454.993632,454.993632,69.9273,303.0183,114.21459,77.852394,0.0,0.0,362.041603,1001.177125,835.864326,0.214761,0.17930000000000001,3660.642875,152.722137,3507.920738,5497.684326,1837.041451,1989.763588,True,1.5018357468235786,1.5672202245168128,48.05999999999949,37.73858599999994,32.76206999999977,56.67715799999951,18.938572000000022,23.91508799999997,0.7852389929255169,0.6816910112359574,1.1793000000000022,0.3940610070744949,0.4976089887640496
Poland,PL,2026-01,2026-01-01,poland__standard_employee,Pologne · salarie standard,Poland · standard employee,0.98,4709.88,459.684288,459.684288,70.6482,306.1422,115.39206,78.654996,0.0,0.0,365.773991,1011.498539,844.481484,0.214761,0.1793,3698.381461,157.698654,3540.682807,5554.361484,1855.980023,2013.678677,True,1.5018357468235786,1.5687260866444797,48.0600000000004,37.73858599999994,32.76206900000034,56.67715800000042,18.938572000000022,23.91508900000008,0.785238992925502,0.6816909904286322,1.179299999999999,0.3940610070744874,0.49760900957136667
Poland,PL,2026-01,2026-01-01,poland__standard_employee,Pologne · salarie standard,Poland · standard employee,0.99,4757.94,464.374944,464.374944,71.3691,309.2661,116.56953,79.457598,0.0,0.0,369.506378,1021.819952,853.098642,0.21476099999999998,0.1793,3736.120048,162.675171,3573.444877,5611.038642,1874.918594,2037.593765,True,1.5018357468235786,1.5702043366715948,48.05999999999949,37.73858700000028,32.76206999999977,56.67715800000042,18.93857099999991,23.91508799999997,0.7852390137328481,0.6816910112359574,1.179300000000021,0.39406098626716834,0.4976089887640496
Poland,PL,2026-01,2026-01-01,poland__standard_employee,Pologne · salarie standard,Poland · standard employee,1.0,4806.0,469.0656,469.0656,72.09,312.39,117.747,80.2602,117.747,4.806,373.238766,1032.141366,984.2688,0.21476099999999995,0.20479999999999998,3773.858634,167.651688,3606.206946,5790.2688,2016.410166,2184.061854,False,1.534309936210504,1.6056396337494048,48.0600000000004,37.73858599999994,32.76206899999988,179.2301579999994,141.4915719999999,146.46808899999996,0.785238992925502,0.6816909904286228,3.7292999999999563,2.9440610070744637,3.047609009571343
Poland,PL,2026-01,2026-01-01,poland__standard_employee,Pologne · salarie standard,Poland · standard employee,1.01,4854.06,473.756256,473.756256,72.8109,315.5139,118.92447,81.062802,118.92447,4.85406,376.971154,1042.46278,994.111488,0.21476100000000004,0.2048,3811.59722,172.628205,3638.969015,5848.171488,2036.574268,2209.202473,False,1.5343099362105042,1.6070957084697068,48.0600000000004,37.73858599999994,32.76206900000034,57.902688000000126,20.164102000000184,25.140618999999788,0.785238992925502,0.6816909904286322,1.2047999999999925,0.41956100707449057,0.5231090095713603
Poland,PL,2026-01,2026-01-01,poland__standard_employee,Pologne · salarie standard,Poland · standard employee,1.02,4902.12,478.446912,478.446912,73.5318,318.6378,120.10194,81.865404,120.10194,4.90212,380.703541,1052.784193,1003.954176,0.214761,0.2048,3849.335807,177.604722,3671.731085,5906.074176,2056.738369,2234.343091,False,1.534309936210504,1.6085257987047497,48.05999999999949,37.738586999999825,32.76206999999977,57.902688000000126,20.164101000000073,25.14061800000036,0.7852390137328387,0.6816910112359574,1.2048000000000154,0.41956098626717203,0.523108988764058
Poland,PL,2026-01,2026-01-01,poland__standard_employee,Pologne · salarie standard,Poland · standard employee,1.03,4950.18,483.137568,483.137568,74.2527,321.7617,121.27941,82.668006,121.27941,4.95018,384.435929,1063.105607,1013.796864,0.21476100000000004,0.2048,3887.074393,182.581239,3704.493154,5963.976864,2076.902471,2259.48371,False,1.5343099362105042,1.6099305938650483,48.0600000000004,37.73858599999994,32.76206899999988,57.902688000000126,20.16410199999973,25.140618999999788,0.785238992925502,0.6816909904286228,1.2047999999999925,0.41956100707448113,0.5231090095713603
Poland,PL,2026-01,2026-01-01,poland__standard_employee,Pologne · salarie standard,Poland · standard employee,1.04,4998.24,487.828224,487.828224,74.9736,324.8856,122.45688,83.470608,122.45688,4.99824,388.168317,1073.427021,1023.639552,0.21476099999999998,0.2048,3924.812979,187.557756,3737.255224,6021.879552,2097.066573,2284.624328,False,1.534309936210504,1.6113107591866753,48.05999999999949,37.73858599999994,32.76207000000022,57.902688000000126,20.164102000000184,25.140617999999904,0.7852389929255169,0.6816910112359669,1.2048000000000154,0.4195610070744985,0.5231089887640485
Poland,PL,2026-01,2026-01-01,poland__standard_employee,Pologne · salarie standard,Poland · standard employee,1.05,5046.3,492.51888,492.51888,75.6945,328.0095,123.63435,84.27321,123.63435,5.0463,391.900704,1083.748434,1033.48224,0.214761,0.2048,3962.551566,192.534272,3770.017293,6079.78224,2117.230674,2309.764947,False,1.5343099362105042,1.612666936781661,48.0600000000004,37.73858700000028,32.76206899999988,57.902687999999216,20.164100999999846,25.140619000000243,0.7852390137328332,0.6816909904286228,1.2047999999999737,0.4195609862671593,0.5231090095713699
Poland,PL,2026-01,2026-01-01,poland__standard_employee,Pologne · salarie standard,Poland · standard employee,1.06,5094.36,497.209536,497.209536,76.4154,331.1334,124.81182,85.075812,124.81182,5.09436,395.633092,1094.069848,1043.324928,0.21476099999999998,0.2048,4000.290152,197.510789,3802.779363,6137.684928,2137.394776,2334.905565,False,1.534309936210504,1.6139997466340936,48.05999999999949,37.73858599999994,32.76207000000022,57.902688000000126,20.164102000000184,25.140617999999904,0.7852389929255169,0.6816910112359669,1.2048000000000154,0.4195610070744985,0.5231089887640485
Poland,PL,2026-01,2026-01-01,poland__standard_employee,Pologne · salarie standard,Poland · standard employee,1.07,5142.42,501.900192,501.900192,77.1363,334.2573,125.98929,85.878414,125.98929,5.14242,399.36548,1104.391262,1053.167616,0.214761,0.20479999999999998,4038.028738,202.487306,3835.541432,6195.587616,2157.558878,2360.046184,False,1.534309936210504,1.6153097875451738,48.0600000000004,37.73858599999994,32.76206899999988,57.902688000000126,20.16410199999973,25.140618999999788,0.785238992925502,0.6816909904286228,1.2047999999999925,0.41956100707448113,0.5231090095713603
Poland,PL,2026-01,2026-01-01,poland__standard_employee,Pologne · salarie standard,Poland · standard employee,1.08,5190.48,506.590848,506.590848,77.8572,337.3812,127.16676,86.681016,127.16676,5.19048,403.097867,1114.712675,1063.010304,0.21476099999999998,0.2048,4075.767325,207.463823,3868.303502,6253.490304,2177.722979,2385.186802,False,1.5343099362105042,1.6165976380302414,48.05999999999949,37.738586999999825,32.76207000000022,57.902688000000126,20.1641010000003,25.14061800000036,0.7852390137328387,0.6816910112359669,1.2048000000000154,0.41956098626717675,0.523108988764058
Poland,PL,2026-01,2026-01-01,poland__standard_employee,Pologne · salarie standard,Poland · standard employee,1.09,5238.54,511.281504,511.281504,78.5781,340.5051,128.34423,87.483618,128.34423,5.23854,406.830255,1125.034089,1072.852992,0.21476099999999998,0.2048,4113.505911,212.44034,3901.065571,6311.392992,2197.887081,2410.327421,False,1.5343099362105042,1.6178638571706028,48.0600000000004,37.738586000000396,32.76206899999988,57.902688000000126,20.16410199999973,25.140618999999788,0.7852389929255115,0.6816909904286228,1.2047999999999925,0.41956100707448113,0.5231090095713603
Poland,PL,2026-01,2026-01-01,poland__standard_employee,Pologne · salarie standard,Poland · standard employee,1.1,5286.6,515.97216,515.97216,79.299,343.629,129.5217,88.28622,129.5217,5.2866,410.562643,1135.355503,1082.69568,0.214761,0.20479999999999995,4151.244497,217.416857,3933.827641,6369.29568,2218.051183,2435.468039,False,1.5343099362105042,1.6191089854227916,48.0600000000004,37.738585999999486,32.76206999999977,57.902688000000126,20.164102000000184,25.140617999999904,0.7852389929254926,0.6816910112359446,1.2047999999999925,0.41956100707449057,0.5231089887640386
Poland,PL,2026-01,2026-01-01,poland__standard_employee,Pologne · salarie standard,Poland · standard employee,1.11,5334.66,520.662816,520.662816,80.0199,346.7529,130.69917,89.088822,130.69917,5.33466,414.29503,1145.676916,1092.538368,0.21476099999999998,0.2048,4188.983084,222.393374,3966.58971,6427.198368,2238.215284,2460.608658,False,1.5343099362105042,1.6203335453877281,48.05999999999949,37.738587000000734,32.76206900000034,57.902688000000126,20.164100999999846,25.140619000000243,0.7852390137328575,0.6816909904286451,1.2048000000000154,0.41956098626716726,0.5231090095713797
Poland,PL,2026-01,2026-01-01,poland__standard_employee,Pologne · salarie standard,Poland · standard employee,1.12,5382.72,525.353472,525.353472,80.7408,349.8768,131.87664,89.891424,131.87664,5.38272,418.027418,1155.99833,1102.381056,0.214761,0.2048,4226.72167,227.369891,3999.35178,6485.101056,2258.379386,2485.749276,False,1.5343099362105042,1.621538042542069,48.0600000000004,37.738585999999486,32.76206999999977,57.902688000000126,20.164102000000184,25.140617999999904,0.7852389929254926,0.6816910112359446,1.2047999999999925,0.41956100707449057,0.5231089887640386
Poland,PL,2026-01,2026-01-01,poland__standard_employee,Pologne · salarie standard,Poland · standard employee,1.13,5430.78,530.044128,530.044128,81.4617,353.0007,133.05411,90.694026,133.05411,5.43078,421.759806,1166.319744,1112.223744,0.21476099999999998,0.20479999999999998,4264.460256,232.346407,4032.113849,6543.003744,2278.543488,2510.889895,False,1.5343099362105042,1.6227229659339053,48.05999999999949,37.738586000000396,32.76206899999988,57.902687999999216,20.16410199999973,25.140618999999788,0.7852389929255263,0.6816909904286357,1.2047999999999965,0.41956100707448907,0.5231090095713703
Poland,PL,2026-01,2026-01-01,poland__standard_employee,Pologne · salarie standard,Poland · standard employee,1.14,5478.84,534.734784,534.734784,82.1826,356.1246,134.23158,91.496628,134.23158,5.47884,425.492193,1176.641157,1122.066432,0.21476099999999998,0.2048,4302.198843,237.322924,4064.875918,6600.906432,2298.707589,2536.030514,False,1.5343099362105042,1.6238887888448184,48.0600000000004,37.738586999999825,32.76206900000034,57.902688000000126,20.1641010000003,25.140619000000243,0.7852390137328238,0.6816909904286322,1.2047999999999925,0.4195609862671688,0.5231090095713699
Poland,PL,2026-01,2026-01-01,poland__standard_employee,Pologne · salarie standard,Poland · standard employee,1.15,5526.9,539.42544,539.42544,82.9035,359.2485,135.40905,92.29923,135.40905,5.5269,429.224581,1186.962571,1131.90912,0.214761,0.2048,4339.937429,242.299441,4097.637988,6658.80912,2318.871691,2561.171132,False,1.5343099362105042,1.6250359694201721,48.05999999999949,37.738585999999486,32.76207000000022,57.902688000000126,20.16410199999973,25.140617999999904,0.7852389929255074,0.6816910112359669,1.2048000000000154,0.41956100707448907,0.5231089887640485
Poland,PL,2026-01,2026-01-01,poland__standard_employee,Pologne · salarie standard,Poland · standard employee,1.16,5574.96,544.116096,544.116096,83.6244,362.3724,136.58652,93.101832,136.58652,5.57496,432.956969,1197.283985,1141.751808,0.21476100000000004,0.20480000000000004,4377.676015,247.275958,4130.400057,6716.711808,2339.035793,2586.311751,False,1.5343099362105042,1.6261649512694119,48.0600000000004,37.738586000000396,32.76206899999943,57.902688000000126,20.164102000000184,25.140619000000243,0.7852389929255115,0.6816909904286133,1.2047999999999925,0.41956100707449057,0.5231090095713699
Poland,PL,2026-01,2026-01-01,poland__standard_employee,Pologne · salarie standard,Poland · standard employee,1.17,5623.02,548.806752,548.806752,84.3453,365.4963,137.76399,93.904434,137.76399,5.62302,436.689356,1207.605398,1151.594496,0.214761,0.2048,4415.414602,252.252475,4163.162127,6774.614496,2359.199894,2611.452369,False,1.5343099362105042,1.6272761640380164,48.0600000000004,37.738586999999825,32.76206999999977,57.902688000000126,20.164100999999846,25.140617999999904,0.7852390137328238,0.6816910112359446,1.2047999999999925,0.4195609862671593,0.5231089887640386
Poland,PL,2026-01,2026-01-01,poland__standard_employee,Pologne · salarie standard,Poland · standard employee,1.18,5671.08,553.497408,553.497408,85.0662,368.6202,138.94146,94.707036,138.94146,5.67108,440.421744,1217.926812,1161.437184,0.214761,0.2048,4453.153188,257.228992,4195.924196,6832.517184,2379.363996,2636.592988,False,1.5343099362105042,1.628370023952658,48.05999999999949,37.738586000000396,32.76206900000034,57.902688000000126,20.164102000000184,25.140618999999788,0.7852389929255263,0.6816909904286451,1.2048000000000154,0.4195610070744985,0.5231090095713703
Poland,PL,2026-01,2026-01-01,poland__standard_employee,Pologne · salarie standard,Poland · standard employee,1.19,5719.14,558.188064,558.188064,85.7871,371.7441,140.11893,95.509638,140.11893,5.71914,444.154132,1228.248226,1171.279872,0.21476099999999998,0.20479999999999998,4490.891774,262.205509,4228.686266,6890.419872,2399.528098,2661.733606,False,1.5343099362105042,1.6294469343410156,48.0600000000004,37.738585999999486,32.76206999999977,57.902688000000126,20.164102000000184,25.140617999999904,0.7852389929254926,0.6816910112359446,1.2047999999999925,0.41956100707449057,0.5231089887640386
Poland,PL,2026-01,2026-01-01,poland__standard_employee,Pologne · salarie standard,Poland · standard employee,1.2,5767.2,562.87872,562.87872,86.508,374.868,141.2964,96.31224,141.2964,5.7672,447.886519,1238.569639,1181.12256,0.214761,0.2048,4528.630361,267.182026,4261.448335,6948.32256,2419.692199,2686.874225,False,1.534309936210504,1.6305072861276162,48.05999999999949,37.738587000000734,32.76206900000034,57.902687999999216,20.164100999999846,25.140619000000243,0.7852390137328575,0.6816909904286451,1.2047999999999965,0.41956098626716726,0.5231090095713797
Poland,PL,2026-01,2026-01-01,poland__standard_employee,Pologne · salarie standard,Poland · standard employee,1.21,5815.26,567.569376,567.569376,87.2289,377.9919,142.47387,97.114842,142.47387,5.81526,451.618907,1248.891053,1190.965248,0.21476099999999998,0.20480000000000004,4566.368947,272.158542,4294.210405,7006.225248,2439.856301,2712.014843,False,1.5343099362105042,1.631551458306973,48.0600000000004,37.738585999999486,32.76206999999977,57.902688000000126,20.16410199999973,25.140617999999904,0.7852389929254926,0.6816910112359446,1.2047999999999925,0.41956100707448113,0.5231089887640386
Poland,PL,2026-01,2026-01-01,poland__standard_employee,Pologne · salarie standard,Poland · standard employee,1.22,5863.32,572.260032,572.260032,87.9498,381.1158,143.65134,97.917444,143.65134,5.86332,455.351295,1259.212467,1200.807936,0.214761,0.20479999999999995,4604.107533,277.135059,4326.972474,7064.127936,2460.020403,2737.155462,False,1.534309936210504,1.6325798183952325,48.05999999999949,37.738586000000396,32.76206900000034,57.902688000000126,20.164102000000184,25.140619000000243,0.7852389929255263,0.6816909904286451,1.2048000000000154,0.4195610070744985,0.5231090095713797
Poland,PL,2026-01,2026-01-01,poland__standard_employee,Pologne · salarie standard,Poland · standard employee,1.23,5911.38,576.950688,576.950688,88.6707,384.2397,144.82881,98.720046,144.82881,5.91138,459.083682,1269.53388,1210.650624,0.214761,0.20479999999999998,4641.84612,282.111576,4359.734544,7122.030624,2480.184504,2762.29608,False,1.534309936210504,1.6335927228614562,48.0600000000004,37.738586999999825,32.76206999999977,57.902688000000126,20.164100999999846,25.140617999999904,0.7852390137328238,0.6816910112359446,1.2047999999999925,0.4195609862671593,0.5231089887640386
Poland,PL,2026-01,2026-01-01,poland__standard_employee,Pologne · salarie standard,Poland · standard employee,1.24,5959.44,581.641344,581.641344,89.3916,387.3636,146.00628,99.522648,146.00628,5.95944,462.81607,1279.855294,1220.493312,0.21476100000000004,0.20480000000000004,4679.584706,287.088093,4392.496613,7179.933312,2500.348606,2787.436699,False,1.534309936210504,1.6345905175396014,48.05999999999949,37.738585999999486,32.76206900000034,57.902688000000126,20.164102000000184,25.140618999999788,0.7852389929255074,0.6816909904286451,1.2048000000000154,0.4195610070744985,0.5231090095713703
Poland,PL,2026-01,2026-01-01,poland__standard_employee,Pologne · salarie standard,Poland · standard employee,1.25,6007.5,586.332,586.332,90.1125,390.4875,147.18375,100.32525,147.18375,6.0075,466.548458,1290.176708,1230.336,0.214761,0.2048,4717.323293,292.06461,4425.258683,7237.836,2520.512708,2812.577318,False,1.5343099362105042,1.6355735380222036,48.0600000000004,37.738587000000734,32.76206999999977,57.902688000000126,20.164102000000184,25.140619000000243,0.7852390137328427,0.6816910112359446,1.2047999999999925,0.41956100707449057,0.5231090095713699
Poland,PL,2026-01,2026-01-01,poland__standard_employee,Pologne · salarie standard,Poland · standard employee,1.26,6055.56,591.022656,591.022656,90.8334,393.6114,148.36122,101.127852,148.36122,6.05556,470.280845,1300.498121,1240.178688,0.214761,0.2048,4755.061879,297.041127,4458.020752,7295.738688,2540.676809,2837.717936,False,1.534309936210504,1.6365421100366966,48.0600000000004,37.738585999999486,32.76206900000034,57.902688000000126,20.164100999999846,25.140617999999904,0.7852389929254926,0.6816909904286322,1.2047999999999925,0.4195609862671593,0.5231089887640386
Poland,PL,2026-01,2026-01-01,poland__standard_employee,Pologne · salarie standard,Poland · standard employee,1.27,6103.62,595.713312,595.713312,91.5543,396.7353,149.53869,101.930454,149.53869,6.10362,474.013233,1310.819535,1250.021376,0.214761,0.20480000000000004,4792.800465,302.017644,4490.782821,7353.641376,2560.840911,2862.858555,False,1.534309936210504,1.6374965498052643,48.05999999999949,37.738586000000396,32.76206899999943,57.902687999999216,20.16410199999973,25.140618999999788,0.7852389929255263,0.6816909904286262,1.2047999999999965,0.41956100707448907,0.5231090095713703
Poland,PL,2026-01,2026-01-01,poland__standard_employee,Pologne · salarie standard,Poland · standard employee,1.28,6151.68,600.403968,600.403968,92.2752,399.8592,150.71616,102.733056,150.71616,6.15168,477.74562,1321.140948,1259.864064,0.214761,0.2048,4830.539052,306.994161,4523.544891,7411.544064,2581.005012,2887.999173,False,1.5343099362105044,1.6384371643890498,48.0600000000004,37.738586999999825,32.76206999999977,57.902688000000126,20.1641010000003,25.14061800000036,0.7852390137328238,0.6816910112359446,1.2047999999999925,0.4195609862671688,0.5231089887640481
Poland,PL,2026-01,2026-01-01,poland__standard_employee,Pologne · salarie standard,Poland · standard employee,1.29,6199.74,605.094624,605.094624,92.9961,402.9831,151.89363,103.535658,151.89363,6.19974,481.478008,1331.462362,1269.706752,0.21476100000000004,0.2048,4868.277638,311.970678,4556.30696,7469.446752,2601.169114,2913.139792,False,1.5343099362105044,1.6393642520175193,48.05999999999949,37.738585999999486,32.76206900000034,57.902688000000126,20.16410199999973,25.140618999999788,0.7852389929255074,0.6816909904286451,1.2048000000000154,0.41956100707448907,0.5231090095713703
Poland,PL,2026-01,2026-01-01,poland__standard_employee,Pologne · salarie standard,Poland · standard employee,1.3,6247.8,609.78528,609.78528,93.717,406.107,153.0711,104.33826,153.0711,6.2478,485.210396,1341.783776,1279.54944,0.214761,0.20480000000000004,4906.016224,316.947194,4589.06903,7527.34944,2621.333216,2938.28041,False,1.534309936210504,1.6402781024037143,48.0600000000004,37.738586000000396,32.76206999999977,57.902688000000126,20.164102000000184,25.140617999999904,0.7852389929255115,0.6816910112359446,1.2047999999999925,0.41956100707449057,0.5231089887640386
Poland,PL,2026-01,2026-01-01,poland__standard_employee,Pologne · salarie standard,Poland · standard employee,1.31,6295.86,614.475936,614.475936,94.4379,409.2309,154.24857,105.140862,154.24857,6.29586,488.942783,1352.105189,1289.392128,0.21476099999999998,0.20479999999999998,4943.754811,321.923711,4621.831099,7585.252128,2641.497317,2963.421029,False,1.5343099362105042,1.6411789970461,48.05999999999949,37.738586999999825,32.76206900000034,57.902688000000126,20.164100999999846,25.140619000000243,0.7852390137328387,0.6816909904286451,1.2048000000000154,0.41956098626716726,0.5231090095713797
Poland,PL,2026-01,2026-01-01,poland__standard_employee,Pologne · salarie standard,Poland · standard employee,1.32,6343.92,619.166592,619.166592,95.1588,412.3548,155.42604,105.943464,155.42604,6.34392,492.675171,1362.426603,1299.234816,0.214761,0.2048,4981.493397,326.900228,4654.593169,7643.154816,2661.661419,2988.561647,False,1.5343099362105042,1.6420672095176572,48.0600000000004,37.738586000000396,32.76206999999977,57.902688000000126,20.164102000000184,25.140617999999904,0.7852389929255115,0.6816910112359446,1.2047999999999925,0.41956100707449057,0.5231089887640386
Poland,PL,2026-01,2026-01-01,poland__standard_employee,Pologne · salarie standard,Poland · standard employee,1.33,6391.98,623.857248,623.857248,95.8797,415.4787,156.60351,106.746066,156.60351,6.39198,496.407559,1372.748017,1309.077504,0.214761,0.2048,5019.231983,331.876745,4687.355238,7701.057504,2681.825521,3013.702266,False,1.5343099362105042,1.6429430057428625,48.05999999999949,37.738585999999486,32.76206900000034,57.902688000000126,20.164102000000184,25.140618999999788,0.7852389929255074,0.6816909904286451,1.2048000000000154,0.4195610070744985,0.5231090095713703
Poland,PL,2026-01,2026-01-01,poland__standard_employee,Pologne · salarie standard,Poland · standard employee,1.34,6440.04,628.547904,628.547904,96.6006,418.6026,157.78098,107.548668,157.78098,6.44004,500.139946,1383.06943,1318.920192,0.21476099999999998,0.20479999999999998,5056.97057,336.853262,4720.117308,7758.960192,2701.989622,3038.842884,False,1.5343099362105037,1.6438066442631236,48.0600000000004,37.738587000000734,32.76206999999977,57.902687999999216,20.164100999999846,25.14061800000036,0.7852390137328427,0.6816910112359446,1.2047999999999737,0.4195609862671593,0.5231089887640481
Poland,PL,2026-01,2026-01-01,poland__standard_employee,Pologne · salarie standard,Poland · standard employee,1.35,6488.1,633.23856,633.23856,97.3215,421.7265,158.95845,108.35127,158.95845,6.4881,503.872334,1393.390844,1328.76288,0.214761,0.2048,5094.709156,341.829779,4752.879377,7816.86288,2722.153724,3063.983503,False,1.5343099362105042,1.644658376491244,48.0600000000004,37.738585999999486,32.76206900000034,57.902688000000126,20.16410199999973,25.140618999999788,0.7852389929254926,0.6816909904286322,1.2047999999999925,0.41956100707448113,0.5231090095713603
Poland,PL,2026-01,2026-01-01,poland__standard_employee,Pologne · salarie standard,Poland · standard employee,1.36,6536.16,637.929216,637.929216,98.0424,424.8504,160.13592,109.153872,160.13592,6.53616,507.604722,1403.712258,1338.605568,0.214761,0.20480000000000004,5132.447742,346.806296,4785.641447,7874.765568,2742.317826,3089.124121,False,1.5343099362105042,1.6454984469554266,48.05999999999949,37.738586000000396,32.76206999999977,57.902688000000126,20.164102000000184,25.140617999999904,0.7852389929255263,0.6816910112359574,1.2048000000000154,0.4195610070744985,0.5231089887640485
Poland,PL,2026-01,2026-01-01,poland__standard_employee,Pologne · salarie standard,Poland · standard employee,1.37,6584.22,642.619872,642.619872,98.7633,427.9743,161.31339,109.956474,161.31339,6.58422,511.337109,1414.033671,1348.448256,0.214761,0.2048,5170.186329,351.782813,4818.403516,7932.668256,2762.481927,3114.26474,False,1.5343099362105042,1.6463270935333334,48.0600000000004,37.738586999999825,32.76206900000034,57.902688000000126,20.164100999999846,25.140619000000243,0.7852390137328238,0.6816909904286322,1.2047999999999925,0.4195609862671593,0.5231090095713699
Poland,PL,2026-01,2026-01-01,poland__standard_employee,Pologne · salarie standard,Poland · standard employee,1.38,6632.28,647.310528,647.310528,99.4842,431.0982,162.49086,110.759076,162.49086,6.63228,515.069497,1424.355085,1358.290944,0.214761,0.2048,5207.924915,356.759329,4851.165585,7990.570944,2782.646029,3139.405359,False,1.5343099362105042,1.6471445476766533,48.05999999999949,37.738585999999486,32.76206899999943,57.902688000000126,20.164102000000184,25.140618999999788,0.7852389929255074,0.6816909904286262,1.2048000000000154,0.4195610070744985,0.5231090095713703
Poland,PL,2026-01,2026-01-01,poland__standard_employee,Pologne · salarie standard,Poland · standard employee,1.39,6680.34,652.001184,652.001184,100.2051,434.2221,163.66833,111.561678,163.66833,6.68034,518.801885,1434.676499,1368.133632,0.21476099999999998,0.20479999999999998,5245.663501,361.735846,4883.927655,8048.473632,2802.810131,3164.545977,False,1.534309936210504,1.647951034626633,48.0600000000004,37.738586000000396,32.762070000000676,57.902688000000126,20.164102000000184,25.14061800000036,0.7852389929255115,0.6816910112359634,1.2047999999999925,0.41956100707449057,0.5231089887640481
Poland,PL,2026-01,2026-01-01,poland__standard_employee,Pologne · salarie standard,Poland · standard employee,1.4,6728.4,656.69184,656.69184,100.926,437.346,164.8458,112.36428,164.8458,6.7284,522.534272,1444.997912,1377.97632,0.214761,0.2048,5283.402088,366.712363,4916.689724,8106.37632,2822.974232,3189.686596,False,1.5343099362105042,1.6487467736209953,48.05999999999949,37.738586999999825,32.76206899999943,57.902688000000126,20.164100999999846,25.140618999999788,0.7852390137328387,0.6816909904286262,1.2048000000000154,0.41956098626716726,0.5231090095713703
Poland,PL,2026-01,2026-01-01,poland__standard_employee,Pologne · salarie standard,Poland · standard employee,1.41,6776.46,661.382496,661.382496,101.6469,440.4699,166.02327,113.166882,166.02327,6.77646,526.26666,1455.319326,1387.819008,0.214761,0.20479999999999998,5321.140674,371.68888,4949.451794,8164.279008,2843.138334,3214.827214,False,1.534309936210504,1.6495319780926294,48.0600000000004,37.738586000000396,32.76206999999977,57.902688000000126,20.164102000000184,25.140617999999904,0.7852389929255115,0.6816910112359446,1.2047999999999925,0.41956100707449057,0.5231089887640386
Poland,PL,2026-01,2026-01-01,poland__standard_employee,Pologne · salarie standard,Poland · standard employee,1.42,6824.52,666.073152,666.073152,102.3678,443.5938,167.20074,113.969484,167.20074,6.82452,529.999048,1465.64074,1397.661696,0.21476100000000004,0.2048,5358.87926,376.665397,4982.213863,8222.181696,2863.302436,3239.967833,False,1.5343099362105042,1.6503068558604552,48.0600000000004,37.738585999999486,32.76206900000034,57.902687999999216,20.16410199999973,25.140619000000243,0.7852389929254926,0.6816909904286322,1.2047999999999737,0.41956100707448113,0.5231090095713699
Poland,PL,2026-01,2026-01-01,poland__standard_employee,Pologne · salarie standard,Poland · standard employee,1.43,6872.58,670.763808,670.763808,103.0887,446.7177,168.37821,114.772086,168.37821,6.87258,533.731435,1475.962153,1407.504384,0.214761,0.2048,5396.617847,381.641914,5014.975933,8280.084384,2883.466537,3265.108451,False,1.5343099362105042,1.6510716093127928,48.05999999999949,37.738587000000734,32.76206999999977,57.902688000000126,20.164100999999846,25.140617999999904,0.7852390137328575,0.6816910112359574,1.2048000000000154,0.41956098626716726,0.5231089887640485
Poland,PL,2026-01,2026-01-01,poland__standard_employee,Pologne · salarie standard,Poland · standard employee,1.44,6920.64,675.454464,675.454464,103.8096,449.8416,169.55568,115.574688,169.55568,6.92064,537.463823,1486.283567,1417.347072,0.21476099999999998,0.2048,5434.356433,386.618431,5047.738002,8337.987072,2903.630639,3290.24907,False,1.5343099362105042,1.6518264355836039,48.0600000000004,37.738585999999486,32.76206900000034,57.902688000000126,20.164102000000184,25.140618999999788,0.7852389929254926,0.6816909904286322,1.2047999999999925,0.41956100707449057,0.5231090095713603
Poland,PL,2026-01,2026-01-01,poland__standard_employee,Pologne · salarie standard,Poland · standard employee,1.45,6968.7,680.14512,680.14512,104.5305,452.9655,170.73315,116.37729,170.73315,6.9687,541.196211,1496.604981,1427.18976,0.214761,0.20479999999999998,5472.095019,391.594948,5080.500072,8395.88976,2923.794741,3315.389688,False,1.5343099362105042,1.6525715267219017,48.05999999999949,37.738586000000396,32.76206999999977,57.902688000000126,20.164102000000184,25.14061800000036,0.7852389929255263,0.6816910112359574,1.2048000000000154,0.4195610070744985,0.523108988764058
Poland,PL,2026-01,2026-01-01,poland__standard_employee,Pologne · salarie standard,Poland · standard employee,1.46,7016.76,684.835776,684.835776,105.2514,456.0894,171.91062,117.179892,171.91062,7.01676,544.928598,1506.926394,1437.032448,0.21476099999999998,0.20479999999999998,5509.833606,396.571464,5113.262141,8453.792448,2943.958842,3340.530307,False,1.534309936210504,1.653307069854659,48.0600000000004,37.738586999999825,32.76206900000034,57.902688000000126,20.164100999999846,25.140618999999788,0.7852390137328238,0.6816909904286322,1.2047999999999925,0.4195609862671593,0.5231090095713603
Poland,PL,2026-01,2026-01-01,poland__standard_employee,Pologne · salarie standard,Poland · standard employee,1.47,7064.82,689.526432,689.526432,105.9723,459.2133,173.08809,117.982494,173.08809,7.06482,548.660986,1517.247808,1446.875136,0.21476099999999998,0.20480000000000004,5547.572192,401.547981,5146.024211,8511.695136,2964.122944,3365.670925,False,1.5343099362105042,1.6540332473434864,48.05999999999949,37.738585999999486,32.76206999999977,57.902688000000126,20.164102000000184,25.140617999999904,0.7852389929255074,0.6816910112359574,1.2048000000000154,0.4195610070744985,0.5231089887640485
Poland,PL,2026-01,2026-01-01,poland__standard_employee,Pologne · salarie standard,Poland · standard employee,1.48,7112.88,694.217088,694.217088,106.6932,462.3372,174.26556,118.785096,174.26556,7.11288,552.393374,1527.569222,1456.717824,0.21476100000000004,0.2048,5585.310778,406.524498,5178.78628,8569.597824,2984.287046,3390.811544,False,1.5343099362105044,1.6547502369353657,48.0600000000004,37.738586000000396,32.76206900000034,57.902688000000126,20.16410199999973,25.140619000000243,0.7852389929255115,0.6816909904286322,1.2047999999999925,0.41956100707448113,0.5231090095713699
Poland,PL,2026-01,2026-01-01,poland__standard_employee,Pologne · salarie standard,Poland · standard employee,1.49,7160.94,698.907744,698.907744,107.4141,465.4611,175.44303,119.587698,175.44303,7.16094,556.125761,1537.890635,1466.560512,0.21476099999999998,0.2048,5623.049365,411.501015,5211.54835,8627.500512,3004.451147,3415.952162,False,1.534309936210504,1.655458211907697,48.05999999999949,37.738586999999825,32.76206999999977,57.902688000000126,20.1641010000003,25.140617999999904,0.7852390137328387,0.6816910112359574,1.2048000000000154,0.41956098626717675,0.5231089887640485
Poland,PL,2026-01,2026-01-01,poland__standard_employee,Pologne · salarie standard,Poland · standard employee,1.5,7209.0,703.5984,703.5984,108.135,468.585,176.6205,120.3903,176.6205,7.209,559.858149,1548.212049,1476.4032,0.21476100000000004,0.20480000000000004,5660.787951,416.477532,5244.310419,8685.4032,3024.615249,3441.092781,False,1.5343099362105042,1.6561573412079138,48.0600000000004,37.738586000000396,32.76206900000034,57.902688000000126,20.16410199999973,25.140618999999788,0.7852389929255115,0.6816909904286322,1.2047999999999925,0.41956100707448113,0.5231090095713603
Poland,PL,2026-01,2026-01-01,poland__standard_employee,Pologne · salarie standard,Poland · standard employee,1.51,7257.06,708.289056,708.289056,108.8559,471.7089,177.79797,121.192902,177.79797,7.25706,563.590537,1558.533463,1486.245888,0.214761,0.2048,5698.526537,421.454049,5277.072488,8743.305888,3044.779351,3466.2334,False,1.5343099362105042,1.6568477895878868,48.0600000000004,37.738585999999486,32.76206899999943,57.902688000000126,20.164102000000184,25.140619000000243,0.7852389929254926,0.6816909904286133,1.2047999999999925,0.41956100707449057,0.5231090095713699
Poland,PL,2026-01,2026-01-01,poland__standard_employee,Pologne · salarie standard,Poland · standard employee,1.52,7305.12,712.979712,712.979712,109.5768,474.8328,178.97544,121.995504,178.97544,7.30512,567.322924,1568.854876,1496.088576,0.214761,0.20479999999999998,5736.265124,426.430566,5309.834558,8801.208576,3064.943452,3491.374018,False,1.5343099362105042,1.657529717733364,48.05999999999949,37.738586999999825,32.76206999999977,57.902688000000126,20.164100999999846,25.140617999999904,0.7852390137328387,0.6816910112359574,1.2048000000000154,0.41956098626716726,0.5231089887640485
Poland,PL,2026-01,2026-01-01,poland__standard_employee,Pologne · salarie standard,Poland · standard employee,1.53,7353.18,717.670368,717.670368,110.2977,477.9567,180.15291,122.798106,180.15291,7.35318,571.055312,1579.17629,1505.931264,0.214761,0.2048,5774.00371,431.407083,5342.596627,8859.111264,3085.107554,3516.514637,False,1.5343099362105042,1.6582032823886412,48.0600000000004,37.738586000000396,32.76206900000034,57.90268799999831,20.164102000000184,25.140619000000243,0.7852389929255115,0.6816909904286322,1.2047999999999548,0.41956100707449057,0.5231090095713699
Poland,PL,2026-01,2026-01-01,poland__standard_employee,Pologne · salarie standard,Poland · standard employee,1.54,7401.24,722.361024,722.361024,111.0186,481.0806,181.33038,123.600708,181.33038,7.40124,574.7877,1589.497704,1515.773952,0.214761,0.20479999999999998,5811.742296,436.3836,5375.358697,8917.013952,3105.271656,3541.655255,False,1.534309936210504,1.6588686364766734,48.05999999999949,37.738586000000396,32.76206999999977,57.902688000000126,20.16410199999973,25.140617999999904,0.7852389929255263,0.6816910112359574,1.2048000000000154,0.41956100707448907,0.5231089887640485
Poland,PL,2026-01,2026-01-01,poland__standard_employee,Pologne · salarie standard,Poland · standard employee,1.55,7449.3,727.05168,727.05168,111.7395,484.2045,182.50785,124.40331,182.50785,7.4493,578.520087,1599.819117,1525.61664,0.214761,0.20479999999999998,5849.480883,441.360116,5408.120766,8974.91664,3125.435757,3566.795874,False,1.5343099362105042,1.6595259292148252,48.0600000000004,37.738586999999825,32.76206900000034,57.902688000000126,20.1641010000003,25.140618999999788,0.7852390137328238,0.6816909904286322,1.2047999999999925,0.4195609862671688,0.5231090095713603
Poland,PL,2026-01,2026-01-01,poland__standard_employee,Pologne · salarie standard,Poland · standard employee,1.56,7497.36,731.742336,731.742336,112.4604,487.3284,183.68532,125.205912,183.68532,7.49736,582.252475,1610.140531,1535.459328,0.21476100000000004,0.2048,5887.219469,446.336633,5440.882836,9032.819328,3145.599859,3591.936492,False,1.5343099362105042,1.6601753062264333,48.05999999999949,37.738585999999486,32.76206999999977,57.902688000000126,20.16410199999973,25.140617999999904,0.7852389929255074,0.6816910112359574,1.2048000000000154,0.41956100707448907,0.5231089887640485
Poland,PL,2026-01,2026-01-01,poland__standard_employee,Pologne · salarie standard,Poland · standard employee,1.57,7545.42,736.432992,736.432992,113.1813,490.4523,184.86279,126.008514,184.86279,7.54542,585.984863,1620.461945,1545.302016,0.21476099999999998,0.2048,5924.958055,451.31315,5473.644905,9090.722016,3165.763961,3617.077111,False,1.534309936210504,1.6608169096483651,48.0600000000004,37.738586000000396,32.76206900000034,57.902688000000126,20.164102000000184,25.140619000000243,0.7852389929255115,0.6816909904286322,1.2047999999999925,0.41956100707449057,0.5231090095713699
Poland,PL,2026-01,2026-01-01,poland__standard_employee,Pologne · salarie standard,Poland · standard employee,1.58,7593.48,741.123648,741.123648,113.9022,493.5762,186.04026,126.811116,186.04026,7.59348,589.71725,1630.783358,1555.144704,0.21476100000000004,0.2048,5962.696642,456.289667,5506.406975,9148.624704,3185.928062,3642.217729,False,1.5343099362105044,1.6614508782347435,48.05999999999949,37.738586999999825,32.76206999999977,57.902688000000126,20.164100999999846,25.140617999999904,0.7852390137328387,0.6816910112359574,1.2048000000000154,0.41956098626716726,0.5231089887640485
Poland,PL,2026-01,2026-01-01,poland__standard_employee,Pologne · salarie standard,Poland · standard employee,1.59,7641.54,745.814304,745.814304,114.6231,496.7001,187.21773,127.613718,187.21773,7.64154,593.449638,1641.104772,1564.987392,0.214761,0.20480000000000004,6000.435228,461.266184,5539.169044,9206.527392,3206.092164,3667.358348,False,1.5343099362105042,1.6620773474569752,48.0600000000004,37.738586000000396,32.76206900000034,57.902688000000126,20.164102000000184,25.140619000000243,0.7852389929255115,0.6816909904286322,1.2047999999999925,0.41956100707449057,0.5231090095713699
Poland,PL,2026-01,2026-01-01,poland__standard_employee,Pologne · salarie standard,Poland · standard employee,1.6,7689.6,750.50496,750.50496,115.344,499.824,188.3952,128.41632,188.3952,7.6896,597.182026,1651.426186,1574.83008,0.21476099999999998,0.2048,6038.173814,466.242701,5571.931114,9264.43008,3226.256266,3692.498966,False,1.534309936210504,1.6626964496002699,48.0600000000004,37.738585999999486,32.76206999999977,57.902688000000126,20.16410199999973,25.140617999999904,0.7852389929254926,0.6816910112359446,1.2047999999999925,0.41956100707448113,0.5231089887640386
Poland,PL,2026-01,2026-01-01,poland__standard_employee,Pologne · salarie standard,Poland · standard employee,1.61,7737.66,755.195616,755.195616,116.0649,502.9479,189.57267,129.218922,189.57267,7.73766,600.914413,1661.747599,1584.672768,0.214761,0.2048,6075.912401,471.219218,5604.693183,9322.332768,3246.420367,3717.639585,False,1.534309936210504,1.6633083138567588,48.05999999999949,37.738586999999825,32.76206900000034,57.902688000000126,20.1641010000003,25.140618999999788,0.7852390137328387,0.6816909904286451,1.2048000000000154,0.41956098626717675,0.5231090095713703
Poland,PL,2026-01,2026-01-01,poland__standard_employee,Pologne · salarie standard,Poland · standard employee,1.62,7785.72,759.886272,759.886272,116.7858,506.0718,190.75014,130.021524,190.75014,7.78572,604.646801,1672.069013,1594.515456,0.214761,0.20480000000000004,6113.650987,476.195735,5637.455253,9380.235456,3266.584469,3742.780203,False,1.5343099362105042,1.6639130664153725,48.0600000000004,37.738586000000396,32.76206999999977,57.902688000000126,20.16410199999973,25.140617999999904,0.7852389929255115,0.6816910112359446,1.2047999999999925,0.41956100707448113,0.5231089887640386
Poland,PL,2026-01,2026-01-01,poland__standard_employee,Pologne · salarie standard,Poland · standard employee,1.63,7833.78,764.576928,764.576928,117.5067,509.1957,191.92761,130.824126,191.92761,7.83378,608.379189,1682.390427,1604.358144,0.21476100000000004,0.2048,6151.389573,481.172251,5670.217322,9438.138144,3286.748571,3767.920822,False,1.5343099362105042,1.6645108305486023,48.05999999999949,37.738586000000396,32.76206900000034,57.902688000000126,20.164102000000184,25.140619000000243,0.7852389929255263,0.6816909904286451,1.2048000000000154,0.4195610070744985,0.5231090095713797
Poland,PL,2026-01,2026-01-01,poland__standard_employee,Pologne · salarie standard,Poland · standard employee,1.64,7881.84,769.267584,769.267584,118.2276,512.3196,193.10508,131.626728,193.10508,7.88184,612.111576,1692.71184,1614.200832,0.214761,0.2048,6189.12816,486.148768,5702.979391,9496.040832,3306.912672,3793.061441,False,1.5343099362105042,1.6651017266962724,48.0600000000004,37.738586999999825,32.76206899999943,57.902688000000126,20.164100999999846,25.140618999999788,0.7852390137328238,0.6816909904286133,1.2047999999999925,0.4195609862671593,0.5231090095713603
Poland,PL,2026-01,2026-01-01,poland__standard_employee,Pologne · salarie standard,Poland · standard employee,1.65,7929.9,773.95824,773.95824,118.9485,515.4435,194.28255,132.42933,194.28255,7.9299,615.843964,1703.033254,1624.04352,0.214761,0.2048,6226.866746,491.125285,5735.741461,9553.94352,3327.076774,3818.202059,False,1.534309936210504,1.6656858725464383,48.05999999999949,37.738585999999486,32.76206999999977,57.902688000000126,20.164102000000184,25.14061800000036,0.7852389929255074,0.6816910112359574,1.2048000000000154,0.4195610070744985,0.523108988764058
Poland,PL,2026-01,2026-01-01,poland__standard_employee,Pologne · salarie standard,Poland · standard employee,1.66,7977.96,778.648896,778.648896,119.6694,518.5674,195.46002,133.231932,195.46002,7.97796,619.576352,1713.354668,1633.886208,0.214761,0.20479999999999998,6264.605332,496.101802,5768.50353,9611.846208,3347.240876,3843.342678,False,1.534309936210504,1.6662633831135307,48.0600000000004,37.738586000000396,32.76206900000034,57.902688000000126,20.16410199999973,25.140618999999788,0.7852389929255115,0.6816909904286322,1.2047999999999925,0.41956100707448113,0.5231090095713603
Poland,PL,2026-01,2026-01-01,poland__standard_employee,Pologne · salarie standard,Poland · standard employee,1.67,8026.02,783.339552,783.339552,120.3903,521.6913,196.63749,134.034534,196.63749,8.02602,623.308739,1723.676081,1643.728896,0.214761,0.20479999999999998,6302.343919,501.078319,5801.2656,9669.748896,3367.404977,3868.483296,False,1.5343099362105042,1.6668343708138496,48.0600000000004,37.738586999999825,32.76206999999977,57.90268799999831,20.1641010000003,25.140617999999904,0.7852390137328238,0.6816910112359446,1.2047999999999548,0.4195609862671688,0.5231089887640386
Poland,PL,2026-01,2026-01-01,poland__standard_employee,Pologne · salarie standard,Poland · standard employee,1.68,8074.08,788.030208,788.030208,121.1112,524.8152,197.81496,134.837136,197.81496,8.07408,627.041127,1733.997495,1653.571584,0.214761,0.20480000000000004,6340.082505,506.054836,5834.027669,9727.651584,3387.569079,3893.623915,False,1.534309936210504,1.6673989455385163,48.05999999999949,37.738586000000396,32.76206900000034,57.902688000000126,20.16410199999973,25.140619000000243,0.7852389929255263,0.6816909904286451,1.2048000000000154,0.41956100707448907,0.5231090095713797
Poland,PL,2026-01,2026-01-01,poland__standard_employee,Pologne · salarie standard,Poland · standard employee,1.69,8122.14,792.720864,792.720864,121.8321,527.9391,198.99243,135.639738,198.99243,8.12214,630.773515,1744.318909,1663.414272,0.214761,0.2048,6377.821091,511.031353,5866.789739,9785.554272,3407.733181,3918.764533,False,1.5343099362105042,1.6679572147239805,48.0600000000004,37.738585999999486,32.76206999999977,57.902688000000126,20.164102000000184,25.140617999999904,0.7852389929254926,0.6816910112359446,1.2047999999999925,0.41956100707449057,0.5231089887640386
Poland,PL,2026-01,2026-01-01,poland__standard_employee,Pologne · salarie standard,Poland · standard employee,1.7,8170.2,797.41152,797.41152,122.553,531.063,200.1699,136.44234,200.1699,8.1702,634.505902,1754.640322,1673.25696,0.21476099999999998,0.20480000000000004,6415.559678,516.00787,5899.551808,9843.45696,3427.897282,3943.905152,False,1.534309936210504,1.6685092834201785,48.05999999999949,37.738586999999825,32.76206900000034,57.902688000000126,20.164100999999846,25.140618999999788,0.7852390137328387,0.6816909904286451,1.2048000000000154,0.41956098626716726,0.5231090095713703
Poland,PL,2026-01,2026-01-01,poland__standard_employee,Pologne · salarie standard,Poland · standard employee,1.71,8218.26,802.102176,802.102176,123.2739,534.1869,201.34737,137.244942,201.34737,8.21826,638.23829,1764.961736,1683.099648,0.21476100000000004,0.2048,6453.298264,520.984386,5932.313878,9901.359648,3448.061384,3969.04577,False,1.5343099362105042,1.6690552543564319,48.0600000000004,37.738586000000396,32.76206999999977,57.902688000000126,20.164102000000184,25.14061800000036,0.7852389929255115,0.6816910112359446,1.2047999999999925,0.41956100707449057,0.5231089887640481
Poland,PL,2026-01,2026-01-01,poland__standard_employee,Pologne · salarie standard,Poland · standard employee,1.72,8266.32,806.792832,806.792832,123.9948,537.3108,202.52484,138.047544,202.52484,8.26632,641.970678,1775.28315,1692.942336,0.214761,0.20479999999999998,6491.03685,525.960903,5965.075947,9959.262336,3468.225486,3994.186389,False,1.5343099362105042,1.6695952280051747,48.05999999999949,37.738586000000396,32.76206900000034,57.902688000000126,20.16410199999973,25.140618999999788,0.7852389929255263,0.6816909904286451,1.2048000000000154,0.41956100707448907,0.5231090095713703
Poland,PL,2026-01,2026-01-01,poland__standard_employee,Pologne · salarie standard,Poland · standard employee,1.73,8314.38,811.483488,811.483488,124.7157,540.4347,203.70231,138.850146,203.70231,8.31438,645.703065,1785.604563,1702.785024,0.214761,0.2048,6528.775437,530.93742,5997.838017,10017.165024,3488.389587,4019.327007,False,1.5343099362105042,1.6701293026435955,48.05999999999949,37.738586999999825,32.76206999999977,57.902688000000126,20.1641010000003,25.140617999999904,0.7852390137328387,0.6816910112359574,1.2048000000000154,0.41956098626717675,0.5231089887640485
Poland,PL,2026-01,2026-01-01,poland__standard_employee,Pologne · salarie standard,Poland · standard employee,1.74,8362.44,816.174144,816.174144,125.4366,543.5586,204.87978,139.652748,204.87978,8.36244,649.435453,1795.925977,1712.627712,0.214761,0.2048,6566.514023,535.913937,6030.600086,10075.067712,3508.553689,4044.467626,False,1.5343099362105042,1.6706575744132628,48.06000000000131,37.738585999999486,32.76206900000034,57.902688000000126,20.16410199999973,25.140619000000243,0.7852389929254777,0.6816909904286194,1.2047999999999697,0.4195610070744732,0.5231090095713599
Poland,PL,2026-01,2026-01-01,poland__standard_employee,Pologne · salarie standard,Poland · standard employee,1.75,8410.5,820.8648,820.8648,126.1575,546.6825,206.05725,140.45535,206.05725,8.4105,653.167841,1806.247391,1722.4704,0.214761,0.2048,6604.25261,540.890454,6063.362155,10132.9704,3528.717791,4069.608245,False,1.5343099362105042,1.6711801373778261,48.05999999999949,37.738586999999825,32.76206899999943,57.902688000000126,20.164102000000184,25.140618999999788,0.7852390137328387,0.6816909904286262,1.2048000000000154,0.4195610070744985,0.5231090095713703
Poland,PL,2026-01,2026-01-01,poland__standard_employee,Pologne · salarie standard,Poland · standard employee,1.76,8458.56,825.555456,825.555456,126.8784,549.8064,207.23472,141.257952,207.23472,8.45856,656.900228,1816.568804,1732.313088,0.21476100000000004,0.2048,6641.991196,545.866971,6096.124225,10190.873088,3548.881892,4094.748863,False,1.5343099362105044,1.6716970835788487,48.05999999999949,37.738586000000396,32.76206999999977,57.902688000000126,20.164100999999846,25.140617999999904,0.7852389929255263,0.6816910112359574,1.2048000000000154,0.41956098626716726,0.5231089887640485
Poland,PL,2026-01,2026-01-01,poland__standard_employee,Pologne · salarie standard,Poland · standard employee,1.77,8506.62,830.246112,830.246112,127.5993,552.9303,208.41219,142.060554,208.41219,8.50662,660.632616,1826.890218,1742.155776,0.21476099999999998,0.2048,6679.729782,550.843488,6128.886294,10248.775776,3569.045994,4119.889482,False,1.5343099362105042,1.6722085030898557,48.06000000000131,37.738586000000396,32.76206900000034,57.902688000000126,20.164102000000184,25.140618999999788,0.7852389929254966,0.6816909904286194,1.2047999999999697,0.41956100707448263,0.5231090095713504
Poland,PL,2026-01,2026-01-01,poland__standard_employee,Pologne · salarie standard,Poland · standard employee,1.78,8554.68,834.936768,834.936768,128.3202,556.0542,209.58966,142.863156,209.58966,8.55468,664.365003,1837.211631,1751.998464,0.214761,0.20479999999999998,6717.468369,555.820005,6161.648364,10306.678464,3589.210095,4145.0301,False,1.5343099362105042,1.672714484068654,48.05999999999949,37.738586999999825,32.76206999999977,57.902688000000126,20.164100999999846,25.14061800000036,0.7852390137328387,0.6816910112359574,1.2048000000000154,0.41956098626716726,0.523108988764058
Poland,PL,2026-01,2026-01-01,poland__standard_employee,Pologne · salarie standard,Poland · standard employee,1.79,8602.74,839.627424,839.627424,129.0411,559.1781,210.76713,143.665758,210.76713,8.60274,668.097391,1847.533045,1761.841152,0.214761,0.2048,6755.206955,560.796522,6194.410433,10364.581152,3609.374197,4170.170719,False,1.5343099362105042,1.6732151128079935,48.05999999999949,37.738585999999486,32.76206900000034,57.902688000000126,20.164102000000184,25.140618999999788,0.7852389929255074,0.6816909904286451,1.2048000000000154,0.4195610070744985,0.5231090095713703
Poland,PL,2026-01,2026-01-01,poland__standard_employee,Pologne · salarie standard,Poland · standard employee,1.8,8650.8,844.31808,844.31808,129.762,562.302,211.9446,144.46836,211.9446,8.6508,671.829779,1857.854459,1771.68384,0.214761,0.20479999999999998,6792.945541,565.773038,6227.172503,10422.48384,3629.538299,4195.311337,False,1.534309936210504,1.6737104737846284,48.05999999999949,37.738586000000396,32.76206999999977,57.902688000000126,20.16410199999973,25.14061800000036,0.7852389929255263,0.6816910112359574,1.2048000000000154,0.41956100707448907,0.523108988764058
Poland,PL,2026-01,2026-01-01,poland__standard_employee,Pologne · salarie standard,Poland · standard employee,1.81,8698.86,849.008736,849.008736,130.4829,565.4259,213.12207,145.270962,213.12207,8.69886,675.562166,1868.175872,1781.526528,0.214761,0.20480000000000004,6830.684128,570.749555,6259.934572,10480.386528,3649.7024,4220.451956,False,1.5343099362105042,1.6742006497068398,48.06000000000131,37.738586999999825,32.76206900000034,57.902688000000126,20.1641010000003,25.140618999999788,0.7852390137328089,0.6816909904286194,1.2047999999999697,0.4195609862671609,0.5231090095713504
Poland,PL,2026-01,2026-01-01,poland__standard_employee,Pologne · salarie standard,Poland · standard employee,1.82,8746.92,853.699392,853.699392,131.2038,568.5498,214.29954,146.073564,214.29954,8.74692,679.294554,1878.497286,1791.369216,0.21476100000000004,0.20480000000000004,6868.422714,575.726072,6292.696642,10538.289216,3669.866502,4245.592574,False,1.5343099362105044,1.6746857215604694,48.05999999999949,37.738586000000396,32.76206999999977,57.90268799999831,20.16410199999973,25.14061800000036,0.7852389929255263,0.6816910112359574,1.2047999999999774,0.41956100707448907,0.523108988764058
Poland,PL,2026-01,2026-01-01,poland__standard_employee,Pologne · salarie standard,Poland · standard employee,1.83,8794.98,858.390048,858.390048,131.9247,571.6737,215.47701,146.876166,215.47701,8.79498,683.026942,1888.8187,1801.211904,0.214761,0.2048,6906.1613,580.702589,6325.458711,10596.191904,3690.030604,4270.733193,False,1.5343099362105042,1.6751657686535282,48.05999999999949,37.738585999999486,32.76206900000034,57.902688000000126,20.164102000000184,25.140618999999788,0.7852389929255074,0.6816909904286451,1.2048000000000154,0.4195610070744985,0.5231090095713703
Poland,PL,2026-01,2026-01-01,poland__standard_employee,Pologne · salarie standard,Poland · standard employee,1.84,8843.04,863.080704,863.080704,132.6456,574.7976,216.65448,147.678768,216.65448,8.84304,686.759329,1899.140113,1811.054592,0.214761,0.2048,6943.899887,585.679106,6358.220781,10654.094592,3710.194705,4295.873811,False,1.5343099362105042,1.6756408686594224,48.06000000000131,37.738586999999825,32.76206999999977,57.902688000000126,20.164100999999846,25.14061800000036,0.7852390137328089,0.6816910112359317,1.2047999999999697,0.4195609862671514,0.5231089887640381
Poland,PL,2026-01,2026-01-01,poland__standard_employee,Pologne · salarie standard,Poland · standard employee,1.85,8891.1,867.77136,867.77136,133.3665,577.9215,217.83195,148.48137,217.83195,8.8911,690.491717,1909.461527,1820.89728,0.21476099999999998,0.2048,6981.638473,590.655623,6390.98285,10711.99728,3730.358807,4321.01443,False,1.534309936210504,1.6761110976588505,48.05999999999949,37.738586000000396,32.76206900000034,57.902688000000126,20.164102000000184,25.140618999999788,0.7852389929255263,0.6816909904286451,1.2048000000000154,0.4195610070744985,0.5231090095713703
Poland,PL,2026-01,2026-01-01,poland__standard_employee,Pologne · salarie standard,Poland · standard employee,1.86,8939.16,872.462016,872.462016,134.0874,581.0454,219.00942,149.283972,219.00942,8.93916,694.224105,1919.782941,1830.739968,0.21476100000000004,0.20479999999999998,7019.377059,595.63214,6423.74492,10769.899968,3750.522909,4346.155048,False,1.5343099362105042,1.676576530180419,48.05999999999949,37.738586000000396,32.76206999999977,57.902688000000126,20.16410199999973,25.14061799999945,0.7852389929255263,0.6816910112359574,1.2048000000000154,0.41956100707448907,0.523108988764039
Poland,PL,2026-01,2026-01-01,poland__standard_employee,Pologne · salarie standard,Poland · standard employee,1.87,8987.22,877.152672,877.152672,134.8083,584.1693,220.18689,150.086574,220.18689,8.98722,697.956492,1930.104354,1840.582656,0.214761,0.20479999999999998,7057.115646,600.608657,6456.506989,10827.802656,3770.68701,4371.295667,False,1.5343099362105042,1.6770372392400208,48.05999999999949,37.738586999999825,32.76206900000034,57.902688000000126,20.1641010000003,25.140619000000697,0.7852390137328387,0.6816909904286451,1.2048000000000154,0.41956098626717675,0.5231090095713892
Poland,PL,2026-01,2026-01-01,poland__standard_employee,Pologne · salarie standard,Poland · standard employee,1.88,9035.28,881.843328,881.843328,135.5292,587.2932,221.36436,150.889176,221.36436,9.03528,701.68888,1940.425768,1850.425344,0.21476099999999998,0.20480000000000004,7094.854232,605.585173,6489.269058,10885.705344,3790.851112,4396.436286,False,1.5343099362105042,1.677493296379021,48.06000000000131,37.738585999999486,32.76206899999943,57.902688000000126,20.16410199999973,25.140618999999788,0.7852389929254777,0.6816909904286004,1.2047999999999697,0.4195610070744732,0.5231090095713504
Poland,PL,2026-01,2026-01-01,poland__standard_employee,Pologne · salarie standard,Poland · standard employee,1.89,9083.34,886.533984,886.533984,136.2501,590.4171,222.54183,151.691778,222.54183,9.08334,705.421268,1950.747182,1860.268032,0.214761,0.2048,7132.592818,610.56169,6522.031128,10943.608032,3811.015214,4421.576904,False,1.5343099362105042,1.6779447717012914,48.05999999999949,37.738586000000396,32.76206999999977,57.902688000000126,20.164102000000184,25.14061799999945,0.7852389929255263,0.6816910112359574,1.2048000000000154,0.4195610070744985,0.523108988764039
Poland,PL,2026-01,2026-01-01,poland__standard_employee,Pologne · salarie standard,Poland · standard employee,1.9,9131.4,891.22464,891.22464,136.971,593.541,223.7193,152.49438,223.7193,9.1314,709.153655,1961.068595,1870.11072,0.21476099999999998,0.2048,7170.331405,615.538207,6554.793197,11001.51072,3831.179315,4446.717523,False,1.5343099362105042,1.6783917339091368,48.05999999999949,37.738586999999825,32.76206900000034,57.902688000000126,20.164100999999846,25.140619000000697,0.7852390137328387,0.6816909904286451,1.2048000000000154,0.41956098626716726,0.5231090095713892
Poland,PL,2026-01,2026-01-01,poland__standard_employee,Pologne · salarie standard,Poland · standard employee,1.91,9179.46,895.915296,895.915296,137.6919,596.6649,224.89677,153.296982,224.89677,9.17946,712.886043,1971.390009,1879.953408,0.21476100000000004,0.20480000000000004,7208.069991,620.514724,6587.555267,11059.413408,3851.343417,4471.858141,False,1.5343099362105042,1.678834250338144,48.05999999999949,37.738586000000396,32.76206999999977,57.902688000000126,20.164102000000184,25.14061799999945,0.7852389929255263,0.6816910112359574,1.2048000000000154,0.4195610070744985,0.523108988764039
Poland,PL,2026-01,2026-01-01,poland__standard_employee,Pologne · salarie standard,Poland · standard employee,1.92,9227.52,900.605952,900.605952,138.4128,599.7888,226.07424,154.099584,226.07424,9.22752,716.618431,1981.711423,1889.796096,0.21476100000000004,0.20479999999999998,7245.808577,625.491241,6620.317336,11117.316096,3871.507519,4496.99876,False,1.534309936210504,1.6792723869910022,48.06000000000131,37.738585999999486,32.76206900000034,57.902688000000126,20.16410199999973,25.140619000000697,0.7852389929254777,0.6816909904286194,1.2047999999999697,0.4195610070744732,0.5231090095713694
Poland,PL,2026-01,2026-01-01,poland__standard_employee,Pologne · salarie standard,Poland · standard employee,1.93,9275.58,905.296608,905.296608,139.1337,602.9127,227.25171,154.902186,227.25171,9.27558,720.350818,1992.032836,1899.638784,0.214761,0.2048,7283.547164,630.467758,6653.079406,11175.218784,3891.67162,4522.139378,False,1.5343099362105042,1.6797062085703198,48.05999999999949,37.738586999999825,32.76206999999977,57.902688000000126,20.1641010000003,25.14061799999945,0.7852390137328387,0.6816910112359574,1.2048000000000154,0.41956098626717675,0.523108988764039
Poland,PL,2026-01,2026-01-01,poland__standard_employee,Pologne · salarie standard,Poland · standard employee,1.94,9323.64,909.987264,909.987264,139.8546,606.0366,228.42918,155.704788,228.42918,9.32364,724.083206,2002.35425,1909.481472,0.214761,0.20480000000000004,7321.28575,635.444275,6685.841475,11233.121472,3911.835722,4547.279997,False,1.534309936210504,1.680135778510478,48.05999999999949,37.738586000000396,32.76206900000034,57.902688000000126,20.16410199999973,25.140618999999788,0.7852389929255263,0.6816909904286451,1.2048000000000154,0.41956100707448907,0.5231090095713703
Poland,PL,2026-01,2026-01-01,poland__standard_employee,Pologne · salarie standard,Poland · standard employee,1.95,9371.7,914.67792,914.67792,140.5755,609.1605,229.60665,156.50739,229.60665,9.3717,727.815594,2012.675664,1919.32416,0.214761,0.2048,7359.024336,640.420792,6718.603545,11291.02416,3931.999824,4572.420615,False,1.5343099362105042,1.6805611590085523,48.06000000000131,37.738586000000396,32.76206999999977,57.902688000000126,20.164102000000184,25.14061800000036,0.7852389929254966,0.6816910112359317,1.2047999999999697,0.41956100707448263,0.5231089887640381
Poland,PL,2026-01,2026-01-01,poland__standard_employee,Pologne · salarie standard,Poland · standard employee,1.96,9419.76,919.368576,919.368576,141.2964,612.2844,230.78412,157.309992,230.78412,9.41976,731.547981,2022.997077,1929.166848,0.214761,0.2048,7396.762923,645.397308,6751.365614,11348.926848,3952.163925,4597.561234,False,1.5343099362105042,1.6809824110543339,48.05999999999949,37.738586999999825,32.76206900000034,57.90268799999831,20.164100999999846,25.140618999999788,0.7852390137328387,0.6816909904286451,1.2047999999999774,0.41956098626716726,0.5231090095713703
Poland,PL,2026-01,2026-01-01,poland__standard_employee,Pologne · salarie standard,Poland · standard employee,1.97,9467.82,924.059232,924.059232,142.0173,615.4083,231.96159,158.112594,231.96159,9.46782,735.280369,2033.318491,1939.009536,0.21476099999999998,0.20480000000000004,7434.501509,650.373825,6784.127684,11406.829536,3972.328027,4622.701852,False,1.534309936210504,1.68139959445948,48.05999999999949,37.738585999999486,32.76206999999977,57.902688000000126,20.164102000000184,25.14061800000036,0.7852389929255074,0.6816910112359574,1.2048000000000154,0.4195610070744985,0.523108988764058
Poland,PL,2026-01,2026-01-01,poland__standard_employee,Pologne · salarie standard,Poland · standard employee,1.98,9515.88,928.749888,928.749888,142.7382,618.5322,233.13906,158.915196,233.13906,9.51588,739.012757,2043.639905,1948.852224,0.21476099999999998,0.20479999999999998,7472.240095,655.350342,6816.889753,11464.732224,3992.492129,4647.842471,False,1.5343099362105042,1.6818127678858261,48.05999999999949,37.738586000000396,32.76206900000034,57.902688000000126,20.164102000000184,25.140618999999788,0.7852389929255263,0.6816909904286451,1.2048000000000154,0.4195610070744985,0.5231090095713703
Poland,PL,2026-01,2026-01-01,poland__standard_employee,Pologne · salarie standard,Poland · standard employee,1.99,9563.94,933.440544,933.440544,143.4591,621.6561,234.31653,159.717798,234.31653,9.56394,742.745144,2053.961318,1958.694912,0.214761,0.20480000000000004,7509.978682,660.326859,6849.651823,11522.634912,4012.65623,4672.983089,False,1.5343099362105042,1.6822219888728822,48.06000000000131,37.738586999999825,32.76206999999977,57.902688000000126,20.164100999999846,25.14061800000036,0.7852390137328089,0.6816910112359317,1.2047999999999697,0.4195609862671514,0.5231089887640381
Poland,PL,2026-01,2026-01-01,poland__standard_employee,Pologne · salarie standard,Poland · standard employee,2.0,9612.0,938.1312,938.1312,144.18,624.78,235.494,160.5204,235.494,9.612,746.477532,2064.282732,1968.5376,0.21476099999999995,0.20479999999999998,7547.717268,665.303376,6882.413892,11580.5376,4032.820332,4698.123708,False,1.534309936210504,1.6826273138645464,48.05999999999949,37.738586000000396,32.76206899999943,57.902688000000126,20.16410199999973,25.140618999999788,0.7852389929255263,0.6816909904286262,1.2048000000000154,0.41956100707448907,0.5231090095713703
Poland,PL,2026-01,2026-01-01,poland__standard_employee,Pologne · salarie standard,Poland · standard employee,2.01,9660.06,942.821856,942.821856,144.9009,627.9039,236.67147,161.323002,236.67147,9.66006,750.20992,2074.604146,1978.380288,0.214761,0.20479999999999998,7585.455854,670.279893,6915.175961,11638.440288,4052.984434,4723.264327,False,1.5343099362105042,1.6830287982350602,48.05999999999949,37.738585999999486,32.76206900000034,57.902688000000126,20.164102000000184,25.140618999999788,0.7852389929255074,0.6816909904286451,1.2048000000000154,0.4195610070744985,0.5231090095713703
Poland,PL,2026-01,2026-01-01,poland__standard_employee,Pologne · salarie standard,Poland · standard employee,2.02,9708.12,947.512512,947.512512,145.6218,631.0278,237.84894,162.125604,237.84894,9.70812,753.942307,2084.925559,1988.222976,0.21476100000000004,0.2048,7623.194441,675.25641,6947.938031,11696.342976,4073.148535,4748.404945,False,1.5343099362105042,1.6834264963142236,48.06000000000131,37.738586999999825,32.76206999999977,57.902688000000126,20.164100999999846,25.14061800000036,0.7852390137328089,0.6816910112359317,1.2047999999999697,0.4195609862671514,0.5231089887640381
Poland,PL,2026-01,2026-01-01,poland__standard_employee,Pologne · salarie standard,Poland · standard employee,2.03,9756.18,952.203168,952.203168,146.3427,634.1517,239.02641,162.928206,239.02641,9.75618,757.674695,2095.246973,1998.065664,0.21476099999999998,0.20480000000000004,7660.933027,680.232927,6980.7001,11754.245664,4093.312637,4773.545564,False,1.5343099362105042,1.6838204614119072,48.05999999999949,37.738586000000396,32.76206900000034,57.902688000000126,20.164102000000184,25.140618999999788,0.7852389929255263,0.6816909904286451,1.2048000000000154,0.4195610070744985,0.5231090095713703
Poland,PL,2026-01,2026-01-01,poland__standard_employee,Pologne · salarie standard,Poland · standard employee,2.04,9804.24,956.893824,956.893824,147.0636,637.2756,240.20388,163.730808,240.20388,9.80424,761.407083,2105.568387,2007.908352,0.214761,0.2048,7698.671613,685.209444,7013.46217,11812.148352,4113.476739,4798.686182,False,1.534309936210504,1.6842107458418747,48.05999999999949,37.738586000000396,32.76206999999977,57.902688000000126,20.16410199999973,25.14061800000036,0.7852389929255263,0.6816910112359574,1.2048000000000154,0.41956100707448907,0.523108988764058
Poland,PL,2026-01,2026-01-01,poland__standard_employee,Pologne · salarie standard,Poland · standard employee,2.05,9852.3,961.58448,961.58448,147.7845,640.3995,241.38135,164.53341,241.38135,9.8523,765.13947,2115.8898,2017.75104,0.214761,0.20480000000000004,7736.4102,690.18596,7046.224239,11870.05104,4133.64084,4823.826801,False,1.534309936210504,1.6845974009449374,48.05999999999949,37.738586999999825,32.76206900000034,57.902688000000126,20.1641010000003,25.140618999999788,0.7852390137328387,0.6816909904286451,1.2048000000000154,0.41956098626717675,0.5231090095713703
Poland,PL,2026-01,2026-01-01,poland__standard_employee,Pologne · salarie standard,Poland · standard employee,2.06,9900.36,966.275136,966.275136,148.5054,643.5234,242.55882,165.336012,242.55882,9.90036,768.871858,2126.211214,2027.593728,0.21476100000000004,0.2048,7774.148786,695.162477,7078.986309,11927.953728,4153.804942,4848.967419,False,1.5343099362105042,1.6849804771114716,48.06000000000131,37.738585999999486,32.76206999999977,57.902688000000126,20.16410199999973,25.14061799999945,0.7852389929254777,0.6816910112359317,1.2047999999999697,0.4195610070744732,0.5231089887640192
Poland,PL,2026-01,2026-01-01,poland__standard_employee,Pologne · salarie standard,Poland · standard employee,2.07,9948.42,970.965792,970.965792,149.2263,646.6473,243.73629,166.138614,243.73629,9.94842,772.604246,2136.532628,2037.436416,0.21476100000000004,0.2048,7811.887372,700.138994,7111.748378,11985.856416,4173.969044,4874.108038,False,1.5343099362105042,1.6853600238033086,48.05999999999949,37.738586000000396,32.76206900000034,57.902688000000126,20.16410200000064,25.140619000000697,0.7852389929255263,0.6816909904286451,1.2048000000000154,0.41956100707450794,0.5231090095713892
Poland,PL,2026-01,2026-01-01,poland__standard_employee,Pologne · salarie standard,Poland · standard employee,2.08,9996.48,975.656448,975.656448,149.9472,649.7712,244.91376,166.941216,244.91376,9.99648,776.336633,2146.854041,2047.279104,0.21476099999999998,0.2048,7849.625959,705.115511,7144.510448,12043.759104,4194.133145,4899.248656,False,1.534309936210504,1.6857360895750255,48.05999999999949,37.738586999999825,32.76206999999977,57.902688000000126,20.16410099999939,25.14061799999945,0.7852390137328387,0.6816910112359574,1.2048000000000154,0.4195609862671578,0.523108988764039
Poland,PL,2026-01,2026-01-01,poland__standard_employee,Pologne · salarie standard,Poland · standard employee,2.09,10044.54,980.347104,980.347104,150.6681,652.8951,246.09123,167.743818,246.09123,10.04454,780.069021,2157.175455,2057.121792,0.214761,0.2048,7887.364545,710.092028,7177.272517,12101.661792,4214.297247,4924.389275,False,1.534309936210504,1.6861087220946531,48.06000000000131,37.738586000000396,32.76206900000034,57.902688000000126,20.16410200000064,25.140619000000697,0.7852389929254966,0.6816909904286194,1.2047999999999697,0.41956100707449206,0.5231090095713694
Poland,PL,2026-01,2026-01-01,poland__standard_employee,Pologne · salarie standard,Poland · standard employee,2.1,10092.6,985.03776,985.03776,151.389,656.019,247.2687,168.54642,247.2687,10.0926,783.801409,2167.496869,2066.96448,0.214761,0.2048,7925.103131,715.068545,7210.034587,12159.56448,4234.461349,4949.529893,False,1.5343099362105042,1.686477968163815,48.05999999999949,37.738585999999486,32.76206999999977,57.90268799999831,20.16410199999973,25.14061799999945,0.7852389929255074,0.6816910112359574,1.2047999999999774,0.41956100707448907,0.523108988764039
Poland,PL,2026-01,2026-01-01,poland__standard_employee,Pologne · salarie standard,Poland · standard employee,2.11,10140.66,989.728416,989.728416,152.1099,659.1429,248.44617,169.349022,248.44617,10.14066,787.533796,2177.818282,2076.807168,0.214761,0.20480000000000004,7962.841718,720.045062,7242.796656,12217.467168,4254.62545,4974.670512,False,1.534309936210504,1.6868438737373257,48.05999999999949,37.738586999999825,32.76206900000034,57.902688000000126,20.16410099999939,25.140618999999788,0.7852390137328387,0.6816909904286451,1.2048000000000154,0.4195609862671578,0.5231090095713703
Poland,PL,2026-01,2026-01-01,poland__standard_employee,Pologne · salarie standard,Poland · standard employee,2.12,10188.72,994.419072,994.419072,152.8308,662.2668,249.62364,170.151624,249.62364,10.18872,791.266184,2188.139696,2086.649856,0.21476099999999998,0.2048,8000.580304,725.021579,7275.558726,12275.369856,4274.789552,4999.81113,False,1.534309936210504,1.687206483942256,48.05999999999949,37.738586000000396,32.76206999999977,57.902688000000126,20.16410200000064,25.14061800000036,0.7852389929255263,0.6816910112359574,1.2048000000000154,0.41956100707450794,0.523108988764058
Poland,PL,2026-01,2026-01-01,poland__standard_employee,Pologne · salarie standard,Poland · standard employee,2.13,10236.78,999.109728,999.109728,153.5517,665.3907,250.80111,170.954226,250.80111,10.23678,794.998572,2198.46111,2096.492544,0.21476099999999998,0.20480000000000004,8038.31889,729.998095,7308.320795,12333.272544,4294.953654,5024.951749,False,1.5343099362105042,1.6875658430964853,48.06000000000131,37.738585999999486,32.76206899999943,57.902688000000126,20.16410199999973,25.140618999999788,0.7852389929254777,0.6816909904286004,1.2047999999999697,0.4195610070744732,0.5231090095713504
Poland,PL,2026-01,2026-01-01,poland__standard_employee,Pologne · salarie standard,Poland · standard employee,2.14,10284.84,1003.800384,1003.800384,154.2726,668.5146,251.97858,171.756828,251.97858,10.28484,798.730959,2208.782523,2106.335232,0.214761,0.20479999999999998,8076.057477,734.974612,7341.082864,12391.175232,4315.117755,5050.092368,False,1.534309936210504,1.6879219947267596,48.05999999999949,37.738587000000734,32.76206900000034,57.902688000000126,20.1641010000003,25.140618999999788,0.7852390137328575,0.6816909904286451,1.2048000000000154,0.41956098626717675,0.5231090095713703
Poland,PL,2026-01,2026-01-01,poland__standard_employee,Pologne · salarie standard,Poland · standard employee,2.15,10332.9,1008.49104,1008.49104,154.9935,671.6385,253.15605,172.55943,253.15605,10.3329,802.463347,2219.103937,2116.17792,0.214761,0.20479999999999998,8113.796063,739.951129,7373.844934,12449.07792,4335.281857,5075.232986,False,1.5343099362105042,1.6882749815862654,48.05999999999949,37.738585999999486,32.76206999999977,57.902688000000126,20.16410199999973,25.14061800000036,0.7852389929255074,0.6816910112359574,1.2048000000000154,0.41956100707448907,0.523108988764058
Poland,PL,2026-01,2026-01-01,poland__standard_employee,Pologne · salarie standard,Poland · standard employee,2.16,10380.96,1013.181696,1013.181696,155.7144,674.7624,254.33352,173.362032,254.33352,10.38096,806.195735,2229.425351,2126.020608,0.21476099999999998,0.2048,8151.534649,744.927646,7406.607003,12506.980608,4355.445959,5100.373605,False,1.5343099362105042,1.6886248456717388,48.05999999999949,37.738586000000396,32.76206900000034,57.902688000000126,20.16410199999973,25.140618999999788,0.7852389929255263,0.6816909904286451,1.2048000000000154,0.41956100707448907,0.5231090095713703
Poland,PL,2026-01,2026-01-01,poland__standard_employee,Pologne · salarie standard,Poland · standard employee,2.17,10429.02,1017.872352,1017.872352,156.4353,677.8863,255.51099,174.164634,255.51099,10.42902,809.928122,2239.746764,2135.863296,0.21476099999999998,0.20479999999999998,8189.273236,749.904163,7439.369073,12564.883296,4375.61006,5125.514223,False,1.534309936210504,1.6889716282401217,48.06000000000131,37.738586999999825,32.76206999999977,57.902688000000126,20.1641010000003,25.14061800000036,0.7852390137328089,0.6816910112359317,1.2047999999999697,0.4195609862671609,0.5231089887640381
Poland,PL,2026-01,2026-01-01,poland__standard_employee,Pologne · salarie standard,Poland · standard employee,2.18,10477.08,1022.563008,1022.563008,157.1562,681.0102,256.68846,174.967236,256.68846,10.47708,813.66051,2250.068178,2145.705984,0.21476099999999998,0.2048,8227.011822,754.88068,7472.131142,12622.785984,4395.774162,5150.654842,False,1.5343099362105042,1.689315369824781,48.05999999999949,37.738586000000396,32.76206900000034,57.902688000000126,20.16410199999973,25.140618999999788,0.7852389929255263,0.6816909904286451,1.2048000000000154,0.41956100707448907,0.5231090095713703
Poland,PL,2026-01,2026-01-01,poland__standard_employee,Pologne · salarie standard,Poland · standard employee,2.19,10525.14,1027.253664,1027.253664,157.8771,684.1341,257.86593,175.769838,257.86593,10.52514,817.392898,2260.389592,2155.548672,0.214761,0.20480000000000004,8264.750408,759.857197,7504.893212,12680.688672,4415.938264,5175.79546,False,1.534309936210504,1.6896561102513008,48.05999999999949,37.738585999999486,32.76206999999977,57.902688000000126,20.16410200000064,25.14061800000036,0.7852389929255074,0.6816910112359574,1.2048000000000154,0.41956100707450794,0.523108988764058
Poland,PL,2026-01,2026-01-01,poland__standard_employee,Pologne · salarie standard,Poland · standard employee,2.2,10573.2,1031.94432,1031.94432,158.598,687.258,259.0434,176.57244,259.0434,10.5732,821.125285,2270.711005,2165.39136,0.214761,0.20479999999999995,8302.488995,764.833714,7537.655281,12738.59136,4436.102365,5200.936079,False,1.5343099362105042,1.689993888652866,48.06000000000131,37.738586999999825,32.76206900000034,57.902688000000126,20.16410099999939,25.140618999999788,0.7852390137328089,0.6816909904286194,1.2047999999999697,0.41956098626714194,0.5231090095713504
Poland,PL,2026-01,2026-01-01,poland__standard_employee,Pologne · salarie standard,Poland · standard employee,2.21,10621.26,1036.634976,1036.634976,159.3189,690.3819,260.22087,177.375042,260.22087,10.62126,824.857673,2281.032419,2175.234048,0.214761,0.2048,8340.227581,769.81023,7570.417351,12796.494048,4456.266467,5226.076697,False,1.5343099362105042,1.690328743485243,48.05999999999949,37.738585999999486,32.76206999999977,57.902688000000126,20.16410200000064,25.14061800000036,0.7852389929255074,0.6816910112359574,1.2048000000000154,0.41956100707450794,0.523108988764058
Poland,PL,2026-01,2026-01-01,poland__standard_employee,Pologne · salarie standard,Poland · standard employee,2.22,10669.32,1041.325632,1041.325632,160.0398,693.5058,261.39834,178.177644,261.39834,10.66932,828.590061,2291.353833,2185.076736,0.21476099999999998,0.2048,8377.966167,774.786747,7603.17942,12854.396736,4476.430569,5251.217316,False,1.5343099362105042,1.6906607125413755,48.05999999999949,37.738586000001305,32.76206900000034,57.902688000000126,20.16410199999973,25.140618999999788,0.7852389929255452,0.6816909904286451,1.2048000000000154,0.41956100707448907,0.5231090095713703
Poland,PL,2026-01,2026-01-01,poland__standard_employee,Pologne · salarie standard,Poland · standard employee,2.23,10717.38,1046.016288,1046.016288,160.7607,696.6297,262.57581,178.980246,262.57581,10.71738,832.322448,2301.675246,2194.919424,0.21476100000000004,0.20480000000000004,8415.704754,779.763264,7635.94149,12912.299424,4496.59467,5276.357934,False,1.5343099362105042,1.690989832965603,48.05999999999949,37.738586999999825,32.76206999999977,57.902688000000126,20.1641010000003,25.14061799999945,0.7852390137328387,0.6816910112359574,1.2048000000000154,0.41956098626717675,0.523108988764039
Poland,PL,2026-01,2026-01-01,poland__standard_employee,Pologne · salarie standard,Poland · standard employee,2.24,10765.44,1050.706944,1050.706944,161.4816,699.7536,263.75328,179.782848,263.75328,10.76544,836.054836,2311.99666,2204.762112,0.214761,0.2048,8453.44334,784.739781,7668.703559,12970.202112,4516.758772,5301.498553,False,1.5343099362105042,1.6913161412675162,48.06000000000131,37.738585999999486,32.76206899999943,57.902688000000126,20.16410199999973,25.140619000000697,0.7852389929254777,0.6816909904286004,1.2047999999999697,0.4195610070744732,0.5231090095713694
Poland,PL,2026-01,2026-01-01,poland__standard_employee,Pologne · salarie standard,Poland · standard employee,2.25,10813.5,1055.3976,1055.3976,162.2025,702.8775,264.93075,180.58545,264.93075,10.8135,839.787224,2322.318074,2214.6048,0.214761,0.2048,8491.181927,789.716298,7701.465629,13028.1048,4536.922874,5326.639172,False,1.5343099362105044,1.6916396733354586,48.05999999999949,37.738586999999825,32.762070000000676,57.90268799999831,20.16410199999973,25.140618999999788,0.7852390137328387,0.6816910112359763,1.2047999999999774,0.41956100707448907,0.5231090095713703
Poland,PL,2026-01,2026-01-01,poland__standard_employee,Pologne · salarie standard,Poland · standard employee,2.26,10861.56,1060.088256,1060.088256,162.9234,706.0014,266.10822,181.388052,266.10822,10.86156,843.519611,2332.639487,2224.447488,0.21476099999999998,0.20479999999999998,8528.920513,794.692815,7734.227698,13086.007488,4557.086975,5351.77979,False,1.5343099362105042,1.6919604644496826,48.05999999999949,37.738585999999486,32.76206899999943,57.902688000000126,20.1641010000003,25.14061799999945,0.7852389929255074,0.6816909904286262,1.2048000000000154,0.41956098626717675,0.523108988764039
Poland,PL,2026-01,2026-01-01,poland__standard_employee,Pologne · salarie standard,Poland · standard employee,2.27,10909.62,1064.778912,1064.778912,163.6443,709.1253,267.28569,182.190654,267.28569,10.90962,847.251999,2342.960901,2234.290176,0.21476100000000004,0.20480000000000004,8566.659099,799.669332,7766.989767,13143.910176,4577.251077,5376.920409,False,1.5343099362105042,1.6922785492951768,48.06000000000131,37.738586000001305,32.76206900000034,57.902688000000126,20.16410199999973,25.140619000000697,0.7852389929255156,0.6816909904286194,1.2047999999999697,0.4195610070744732,0.5231090095713694
Poland,PL,2026-01,2026-01-01,poland__standard_employee,Pologne · salarie standard,Poland · standard employee,2.28,10957.68,1069.469568,1069.469568,164.3652,712.2492,268.46316,182.993256,268.46316,10.95768,850.984386,2353.282314,2244.132864,0.21476099999999998,0.2048,8604.397686,804.645849,7799.751837,13201.812864,4597.415178,5402.061027,False,1.5343099362105042,1.6925939619741663,48.05999999999949,37.738586999999825,32.76206999999977,57.902688000000126,20.1641010000003,25.14061799999945,0.7852390137328387,0.6816910112359574,1.2048000000000154,0.41956098626717675,0.523108988764039
Poland,PL,2026-01,2026-01-01,poland__standard_employee,Pologne · salarie standard,Poland · standard employee,2.29,11005.74,1074.160224,1074.160224,165.0861,715.3731,269.64063,183.795858,269.64063,11.00574,854.716774,2363.603728,2253.975552,0.214761,0.20479999999999998,8642.136272,809.622366,7832.513906,13259.715552,4617.57928,5427.201646,False,1.5343099362105042,1.6929067360183008,48.05999999999949,37.738585999999486,32.76206900000034,57.902688000000126,20.16410199999973,25.140619000000697,0.7852389929255074,0.6816909904286451,1.2048000000000154,0.41956100707448907,0.5231090095713892
Poland,PL,2026-01,2026-01-01,poland__standard_employee,Pologne · salarie standard,Poland · standard employee,2.3,11053.8,1078.85088,1078.85088,165.807,718.497,270.8181,184.59846,270.8181,11.0538,858.449162,2373.925142,2263.81824,0.214761,0.2048,8679.874858,814.598882,7865.275976,13317.61824,4637.743382,5452.342264,False,1.5343099362105042,1.6932169044005385,48.05999999999949,37.738585999999486,32.76206999999977,57.902688000000126,20.16410199999973,25.14061799999945,0.7852389929255074,0.6816910112359574,1.2048000000000154,0.41956100707448907,0.523108988764039
Poland,PL,2026-01,2026-01-01,poland__standard_employee,Pologne · salarie standard,Poland · standard employee,2.31,11101.86,1083.541536,1083.541536,166.5279,721.6209,271.99557,185.401062,271.99557,11.10186,862.181549,2384.246555,2273.660928,0.214761,0.2048,8717.613445,819.575399,7898.038045,13375.520928,4657.907483,5477.482883,False,1.5343099362105042,1.6935244995467333,48.06000000000131,37.738587000001644,32.76206900000034,57.902688000000126,20.1641010000003,25.140618999999788,0.7852390137328468,0.6816909904286194,1.2047999999999697,0.4195609862671609,0.5231090095713504
Poland,PL,2026-01,2026-01-01,poland__standard_employee,Pologne · salarie standard,Poland · standard employee,2.32,11149.92,1088.232192,1088.232192,167.2488,724.7448,273.17304,186.203664,273.17304,11.14992,865.913937,2394.567969,2283.503616,0.21476100000000004,0.20480000000000004,8755.352031,824.551916,7930.800115,13433.423616,4678.071585,5502.623501,False,1.5343099362105042,1.6938295533469352,48.05999999999949,37.738585999999486,32.76206999999977,57.902688000000126,20.16410199999973,25.14061800000036,0.7852389929255074,0.6816910112359574,1.2048000000000154,0.41956100707448907,0.523108988764058
Poland,PL,2026-01,2026-01-01,poland__standard_employee,Pologne · salarie standard,Poland · standard employee,2.33,11197.98,1092.922848,1092.922848,167.9697,727.8687,274.35051,187.006266,274.35051,11.19798,869.646325,2404.889383,2293.346304,0.21476099999999998,0.20479999999999998,8793.090617,829.528433,7963.562184,13491.326304,4698.235687,5527.76412,False,1.534309936210504,1.6941320971664124,48.05999999999949,37.738585999999486,32.76206900000034,57.902688000000126,20.16410200000064,25.140618999999788,0.7852389929255074,0.6816909904286451,1.2048000000000154,0.41956100707450794,0.5231090095713703
Poland,PL,2026-01,2026-01-01,poland__standard_employee,Pologne · salarie standard,Poland · standard employee,2.34,11246.04,1097.613504,1097.613504,168.6906,730.9926,275.52798,187.808868,275.52798,11.24604,873.378712,2415.210796,2303.188992,0.214761,0.2048,8830.829204,834.50495,7996.324254,13549.228992,4718.399788,5552.904738,False,1.5343099362105042,1.6944321618564013,48.06000000000131,37.738586999999825,32.76206999999977,57.902688000000126,20.16410099999939,25.14061800000036,0.7852390137328089,0.6816910112359317,1.2047999999999697,0.41956098626714194,0.5231089887640381
Poland,PL,2026-01,2026-01-01,poland__standard_employee,Pologne · salarie standard,Poland · standard employee,2.35,11294.1,1102.30416,1102.30416,169.4115,734.1165,276.70545,188.61147,276.70545,11.2941,877.1111,2425.53221,2313.03168,0.214761,0.20480000000000004,8868.56779,839.481467,8029.086323,13607.13168,4738.56389,5578.045357,False,1.5343099362105042,1.6947297777645935,48.05999999999949,37.738585999999486,32.76206900000034,57.902688000000126,20.16410200000064,25.140618999999788,0.7852389929255074,0.6816909904286451,1.2048000000000154,0.41956100707450794,0.5231090095713703
Poland,PL,2026-01,2026-01-01,poland__standard_employee,Pologne · salarie standard,Poland · standard employee,2.36,11342.16,1106.994816,1106.994816,170.1324,737.2404,277.88292,189.414072,277.88292,11.34216,880.843488,2435.853624,2322.874368,0.214761,0.2048,8906.306376,844.457984,8061.848393,13665.034368,4758.727992,5603.185975,False,1.5343099362105042,1.6950249747453683,48.05999999999949,37.738586000001305,32.76206999999977,57.902688000000126,20.16410199999973,25.14061800000036,0.7852389929255452,0.6816910112359574,1.2048000000000154,0.41956100707448907,0.523108988764058
Poland,PL,2026-01,2026-01-01,poland__standard_employee,Pologne · salarie standard,Poland · standard employee,2.37,11390.22,1111.685472,1111.685472,170.8533,740.3643,279.06039,190.216674,279.06039,11.39022,884.575875,2446.175037,2332.717056,0.21476099999999998,0.2048,8944.044963,849.434501,8094.610462,13722.937056,4778.892093,5628.326594,False,1.5343099362105042,1.6953177821697745,48.05999999999949,37.738586999999825,32.76206899999943,57.902688000000126,20.1641010000003,25.140618999999788,0.7852390137328387,0.6816909904286262,1.2048000000000154,0.41956098626717675,0.5231090095713703
Poland,PL,2026-01,2026-01-01,poland__standard_employee,Pologne · salarie standard,Poland · standard employee,2.38,11438.28,1116.376128,1116.376128,171.5742,743.4882,280.23786,191.019276,280.23786,11.43828,888.308263,2456.496451,2342.559744,0.21476099999999998,0.20479999999999998,8981.783549,854.411017,8127.372531,13780.839744,4799.056195,5653.467213,False,1.5343099362105042,1.6956082289352743,48.06000000000131,37.738585999999486,32.76206900000034,57.902688000000126,20.16410199999973,25.140618999999788,0.7852389929254777,0.6816909904286194,1.2047999999999697,0.4195610070744732,0.5231090095713504
Poland,PL,2026-01,2026-01-01,poland__standard_employee,Pologne · salarie standard,Poland · standard employee,2.39,11486.34,1121.066784,1121.066784,172.2951,746.6121,281.41533,191.821878,281.41533,11.48634,892.040651,2466.817865,2352.402432,0.214761,0.20480000000000004,9019.522135,859.387534,8160.134601,13838.742432,4819.220297,5678.607831,False,1.5343099362105042,1.6958963434752483,48.05999999999949,37.738585999999486,32.76206999999977,57.90268799999831,20.16410199999973,25.14061800000036,0.7852389929255074,0.6816910112359574,1.2047999999999774,0.41956100707448907,0.523108988764058
Poland,PL,2026-01,2026-01-01,poland__standard_employee,Pologne · salarie standard,Poland · standard employee,2.4,11534.4,1125.75744,1125.75744,173.016,749.736,282.5928,192.62448,282.5928,11.5344,895.773038,2477.139278,2362.24512,0.214761,0.2048,9057.260722,864.364051,8192.89667,13896.64512,4839.384398,5703.74845,False,1.534309936210504,1.6961821537682749,48.05999999999949,37.738587000001644,32.76206900000034,57.902688000000126,20.1641010000003,25.140618999999788,0.7852390137328765,0.6816909904286451,1.2048000000000154,0.41956098626717675,0.5231090095713703
Poland,PL,2026-01,2026-01-01,poland__standard_employee,Pologne · salarie standard,Poland · standard employee,2.41,11582.46,1130.448096,1130.448096,173.7369,752.8599,283.77027,193.427082,283.77027,11.58246,899.505426,2487.460692,2372.087808,0.21476099999999998,0.2048,9094.999308,869.340568,8225.65874,13954.547808,4859.5485,5728.889068,False,1.534309936210504,1.6964656873471882,48.05999999999949,37.738585999999486,32.762070000000676,57.902688000000126,20.16410199999973,25.14061800000036,0.7852389929255074,0.6816910112359763,1.2048000000000154,0.41956100707448907,0.523108988764058
Poland,PL,2026-01,2026-01-01,poland__standard_employee,Pologne · salarie standard,Poland · standard employee,2.42,11630.52,1135.138752,1135.138752,174.4578,755.9838,284.94774,194.229684,284.94774,11.63052,903.237814,2497.782106,2381.930496,0.21476099999999998,0.20480000000000004,9132.737894,874.317085,8258.420809,14012.450496,4879.712602,5754.029687,False,1.5343099362105042,1.6967469713079184,48.06000000000131,37.738585999999486,32.76206899999852,57.902688000000126,20.16410199999973,25.140618999999788,0.7852389929254777,0.6816909904285815,1.2047999999999697,0.4195610070744732,0.5231090095713504
Poland,PL,2026-01,2026-01-01,poland__standard_employee,Pologne · salarie standard,Poland · standard employee,2.43,11678.58,1139.829408,1139.829408,175.1787,759.1077,286.12521,195.032286,286.12521,11.67858,906.970201,2508.103519,2391.773184,0.21476099999999998,0.2048,9170.476481,879.293602,8291.182879,14070.353184,4899.876703,5779.170305,False,1.534309936210504,1.6970260323181257,48.05999999999949,37.738586999999825,32.762070000000676,57.902688000000126,20.1641010000003,25.14061799999945,0.7852390137328387,0.6816910112359763,1.2048000000000154,0.41956098626717675,0.523108988764039
Poland,PL,2026-01,2026-01-01,poland__standard_employee,Pologne · salarie standard,Poland · standard employee,2.44,11726.64,1144.520064,1144.520064,175.8996,762.2316,287.30268,195.834888,287.30268,11.72664,910.702589,2518.424933,2401.615872,0.214761,0.20479999999999995,9208.215067,884.270119,8323.944948,14128.255872,4920.040805,5804.310924,False,1.534309936210504,1.697302896625626,48.05999999999949,37.738585999999486,32.76206900000034,57.902688000000126,20.16410199999973,25.140619000000697,0.7852389929255074,0.6816909904286451,1.2048000000000154,0.41956100707448907,0.5231090095713892
Poland,PL,2026-01,2026-01-01,poland__standard_employee,Pologne · salarie standard,Poland · standard employee,2.45,11774.7,1149.21072,1149.21072,176.6205,765.3555,288.48015,196.63749,288.48015,11.7747,914.434977,2528.746347,2411.45856,0.214761,0.20479999999999998,9245.953653,889.246636,8356.707018,14186.15856,4940.204907,5829.451542,False,1.534309936210504,1.6975775900666226,48.06000000000131,37.738586000001305,32.76206999999886,57.902688000000126,20.16410200000064,25.14061799999945,0.7852389929255156,0.6816910112359127,1.2047999999999697,0.41956100707449206,0.5231089887640192
Poland,PL,2026-01,2026-01-01,poland__standard_employee,Pologne · salarie standard,Poland · standard employee,2.46,11822.76,1153.901376,1153.901376,177.3414,768.4794,289.65762,197.440092,289.65762,11.82276,918.167364,2539.06776,2421.301248,0.214761,0.20479999999999998,9283.69224,894.223152,8389.469087,14244.061248,4960.369008,5854.592161,False,1.534309936210504,1.6978501380737425,48.05999999999949,37.738586999999825,32.76206900000034,57.902688000000126,20.16410099999939,25.140618999999788,0.7852390137328387,0.6816909904286451,1.2048000000000154,0.4195609862671578,0.5231090095713703
Poland,PL,2026-01,2026-01-01,poland__standard_employee,Pologne · salarie standard,Poland · standard employee,2.47,11870.82,1158.592032,1158.592032,178.0623,771.6033,290.83509,198.242694,290.83509,11.87082,921.899752,2549.389174,2431.143936,0.21476100000000004,0.2048,9321.430826,899.199669,8422.231157,14301.963936,4980.53311,5879.732779,False,1.534309936210504,1.6981205656838854,48.05999999999949,37.738585999999486,32.762070000000676,57.902688000000126,20.16410200000064,25.14061800000036,0.7852389929255074,0.6816910112359763,1.2048000000000154,0.41956100707450794,0.523108988764058
Poland,PL,2026-01,2026-01-01,poland__standard_employee,Pologne · salarie standard,Poland · standard employee,2.48,11918.88,1163.282688,1163.282688,178.7832,774.7272,292.01256,199.045296,292.01256,11.91888,925.63214,2559.710588,2440.986624,0.21476100000000004,0.20480000000000004,9359.169412,611.136497,8748.032916,14359.866624,5000.697212,5611.833708,False,1.534309936210504,1.641496638434148,48.05999999999949,37.738585999999486,325.80175899999995,57.902688000000126,20.16410199999973,-267.8990709999998,0.7852389929255074,6.779062817311765,1.2048000000000154,0.41956100707448907,-5.574262817311749
Poland,PL,2026-01,2026-01-01,poland__standard_employee,Pologne · salarie standard,Poland · standard employee,2.49,11966.94,1167.973344,1167.973344,179.5041,777.8511,293.19003,199.847898,293.19003,11.96694,929.364527,2570.032001,2450.829312,0.214761,0.2048,9396.907999,624.407208,8772.50079,14417.769312,5020.861313,5645.268522,False,1.534309936210504,1.6435187247718908,48.06000000000131,37.738586999999825,24.467873999999938,57.902688000000126,20.1641010000003,33.43481400000019,0.7852390137328089,0.5091109862671509,1.2047999999999697,0.4195609862671609,0.6956890137328189
Poland,PL,2026-01,2026-01-01,poland__standard_employee,Pologne · salarie standard,Poland · standard employee,2.5,12015.0,1172.664,1172.664,180.225,780.975,294.3675,200.6505,294.3675,12.015,933.096915,2580.353415,2460.672,0.214761,0.2048,9434.646585,637.67792,8796.968665,14475.672,5041.025415,5678.703335,False,1.5343099362105042,1.6455295626541828,48.05999999999949,37.738586000001305,24.467875000000276,57.902688000000126,20.16410199999973,33.43481299999985,0.7852389929255452,0.5091110070745014,1.2048000000000154,0.41956100707448907,0.695688992925514
Poland,PL,2026-01,2026-01-01,poland__standard_employee,Pologne · salarie standard,Poland · standard employee,2.51,12063.06,1177.354656,1177.354656,180.9459,784.0989,295.54497,201.453102,295.54497,12.06306,936.829303,2590.674829,2470.514688,0.21476099999999998,0.20479999999999998,9472.385171,650.948632,8821.43654,14533.574688,5061.189517,5712.138148,False,1.534309936210504,1.6475292456799964,48.05999999999949,37.738585999999486,24.467875000000276,57.902688000000126,20.16410199999973,33.43481299999985,0.7852389929255074,0.5091110070745014,1.2048000000000154,0.41956100707448907,0.695688992925514
Poland,PL,2026-01,2026-01-01,poland__standard_employee,Pologne · salarie standard,Poland · standard employee,2.52,12111.12,1182.045312,1182.045312,181.6668,787.2228,296.72244,202.255704,296.72244,12.11112,940.56169,2600.996242,2480.357376,0.214761,0.2048,9510.123758,664.219343,8845.904414,14591.477376,5081.353618,5745.572962,False,1.534309936210504,1.6495178664127212,48.06000000000131,37.738586999999825,24.467873999999938,57.902688000000126,20.1641010000003,33.43481400000019,0.7852390137328089,0.5091109862671509,1.2047999999999697,0.4195609862671609,0.6956890137328189
Poland,PL,2026-01,2026-01-01,poland__standard_employee,Pologne · salarie standard,Poland · standard employee,2.53,12159.18,1186.735968,1186.735968,182.3877,790.3467,297.89991,203.058306,297.89991,12.15918,944.294078,2611.317656,2490.200064,0.21476099999999998,0.20480000000000004,9547.862344,677.490055,8870.372289,14649.380064,5101.51772,5779.007775,False,1.5343099362105042,1.651495516394445,48.05999999999949,37.738585999999486,24.467875000000276,57.902688000000126,20.16410199999973,33.43481299999985,0.7852389929255074,0.5091110070745014,1.2048000000000154,0.41956100707448907,0.695688992925514
Poland,PL,2026-01,2026-01-01,poland__standard_employee,Pologne · salarie standard,Poland · standard employee,2.54,12207.24,1191.426624,1191.426624,183.1086,793.4706,299.07738,203.860908,299.07738,12.20724,948.026466,2621.63907,2500.042752,0.214761,0.20480000000000004,9585.60093,690.760767,8894.840164,14707.282752,5121.681822,5812.442588,False,1.534309936210504,1.6534622861600017,48.05999999999949,37.738586000001305,24.467874999998457,57.90268799999831,20.16410199999973,33.43481299999985,0.7852389929255452,0.5091110070744636,1.2047999999999774,0.41956100707448907,0.695688992925514
Poland,PL,2026-01,2026-01-01,poland__standard_employee,Pologne · salarie standard,Poland · standard employee,2.55,12255.3,1196.11728,1196.11728,183.8295,796.5945,300.25485,204.66351,300.25485,12.2553,951.758853,2631.960483,2509.88544,0.214761,0.20479999999999998,9623.339517,704.031478,8919.308038,14765.18544,5141.845923,5845.877402,False,1.534309936210504,1.6554182652507885,48.05999999999949,37.738586999999825,24.467873999999938,57.902688000000126,20.1641010000003,33.43481400000019,0.7852390137328387,0.5091109862671701,1.2048000000000154,0.41956098626717675,0.6956890137328452
Poland,PL,2026-01,2026-01-01,poland__standard_employee,Pologne · salarie standard,Poland · standard employee,2.56,12303.36,1200.807936,1200.807936,184.5504,799.7184,301.43232,205.466112,301.43232,12.30336,955.491241,2642.281897,2519.728128,0.214761,0.2048,9661.078103,717.30219,8943.775913,14823.088128,5162.010025,5879.312215,False,1.5343099362105044,1.6573635422283524,48.06000000000131,37.738585999999486,24.467875000000276,57.902688000000126,20.16410199999973,33.43481299999985,0.7852389929254777,0.5091110070744821,1.2047999999999697,0.4195610070744732,0.6956889929254877
Poland,PL,2026-01,2026-01-01,poland__standard_employee,Pologne · salarie standard,Poland · standard employee,2.57,12351.42,1205.498592,1205.498592,185.2713,802.8423,302.60979,206.268714,302.60979,12.35142,959.223629,2652.603311,2529.570816,0.214761,0.20479999999999998,9698.816689,730.572902,8968.243788,14880.990816,5182.174127,5912.747028,False,1.534309936210504,1.6592982046877573,48.05999999999949,37.738585999999486,24.467875000000276,57.902688000000126,20.16410200000064,33.43481299999985,0.7852389929255074,0.5091110070745014,1.2048000000000154,0.41956100707450794,0.695688992925514
Poland,PL,2026-01,2026-01-01,poland__standard_employee,Pologne · salarie standard,Poland · standard employee,2.58,12399.48,1210.189248,1210.189248,185.9922,805.9662,303.78726,207.071316,303.78726,12.39948,962.956016,2662.924724,2539.413504,0.21476100000000004,0.2048,9736.555276,743.843613,8992.711662,14938.893504,5202.338228,5946.181842,False,1.5343099362105044,1.661222339270735,48.05999999999949,37.738586999999825,24.467873999999938,57.902688000000126,20.16410099999939,33.43481400000019,0.7852390137328387,0.5091109862671701,1.2048000000000154,0.4195609862671578,0.6956890137328452
Poland,PL,2026-01,2026-01-01,poland__standard_employee,Pologne · salarie standard,Poland · standard employee,2.59,12447.54,1214.879904,1214.879904,186.7131,809.0901,304.96473,207.873918,304.96473,12.44754,966.688404,2673.246138,2549.256192,0.21476099999999998,0.2048,9774.293862,757.114325,9017.179537,14996.796192,5222.50233,5979.616655,False,1.534309936210504,1.6631360316786143,48.06000000000131,37.738586000001305,24.467875000000276,57.902688000000126,20.16410200000064,33.43481299999985,0.7852389929255156,0.5091110070744821,1.2047999999999697,0.41956100707449206,0.6956889929254877
Poland,PL,2026-01,2026-01-01,poland__standard_employee,Pologne · salarie standard,Poland · standard employee,2.6,12495.6,1219.57056,1219.57056,187.434,812.214,306.1422,208.67652,306.1422,12.4956,970.420792,2683.567552,2559.09888,0.214761,0.20480000000000004,9812.032448,770.385037,9041.647412,15054.69888,5242.666432,6013.051468,False,1.534309936210504,1.6650393666850514,48.05999999999949,37.738585999999486,24.467875000000276,57.902688000000126,20.16410199999973,33.43481299999985,0.7852389929255074,0.5091110070745014,1.2048000000000154,0.41956100707448907,0.695688992925514
Poland,PL,2026-01,2026-01-01,poland__standard_employee,Pologne · salarie standard,Poland · standard employee,2.61,12543.66,1224.261216,1224.261216,188.1549,815.3379,307.31967,209.479122,307.31967,12.54366,974.153179,2693.888965,2568.941568,0.214761,0.20479999999999998,9849.771035,783.655748,9066.115286,15112.601568,5262.830533,6046.486282,False,1.5343099362105042,1.6669324281485427,48.05999999999949,37.738586999999825,24.467873999999938,57.902688000000126,20.1641010000003,33.43481400000019,0.7852390137328387,0.5091109862671701,1.2048000000000154,0.41956098626717675,0.6956890137328452
Poland,PL,2026-01,2026-01-01,poland__standard_employee,Pologne · salarie standard,Poland · standard employee,2.62,12591.72,1228.951872,1228.951872,188.8758,818.4618,308.49714,210.281724,308.49714,12.59172,977.885567,2704.210379,2578.784256,0.21476099999999998,0.20479999999999998,9887.509621,796.92646,9090.583161,15170.504256,5282.994635,6079.921095,False,1.5343099362105042,1.6688152990247427,48.05999999999949,37.738585999999486,24.467875000000276,57.902688000000126,20.16410199999973,33.43481299999985,0.7852389929255074,0.5091110070745014,1.2048000000000154,0.41956100707448907,0.695688992925514
Poland,PL,2026-01,2026-01-01,poland__standard_employee,Pologne · salarie standard,Poland · standard employee,2.63,12639.78,1233.642528,1233.642528,189.5967,821.5857,309.67461,211.084326,309.67461,12.63978,981.617955,2714.531793,2588.626944,0.214761,0.20480000000000004,9925.248207,810.197172,9115.051036,15228.406944,5303.158737,6113.355908,False,1.5343099362105042,1.6706880613785837,48.06000000000131,37.738586000001305,24.467875000000276,57.902688000000126,20.16410199999973,33.43481300000076,0.7852389929255156,0.5091110070744821,1.2047999999999697,0.4195610070744732,0.6956889929255066
Poland,PL,2026-01,2026-01-01,poland__standard_employee,Pologne · salarie standard,Poland · standard employee,2.64,12687.84,1238.333184,1238.333184,190.3176,824.7096,310.85208,211.886928,310.85208,12.68784,985.350342,2724.853206,2598.469632,0.214761,0.2048,9962.986794,823.467884,9139.51891,15286.309632,5323.322838,6146.790722,False,1.5343099362105042,1.6725507963961954,48.05999999999949,37.738586999999825,24.467873999999938,57.902688000000126,20.1641010000003,33.43481399999928,0.7852390137328387,0.5091109862671701,1.2048000000000154,0.41956098626717675,0.6956890137328263
Poland,PL,2026-01,2026-01-01,poland__standard_employee,Pologne · salarie standard,Poland · standard employee,2.65,12735.9,1243.02384,1243.02384,191.0385,827.8335,312.02955,212.68953,312.02955,12.7359,989.08273,2735.17462,2608.31232,0.214761,0.20480000000000004,10000.72538,836.738595,9163.986785,15344.21232,5343.48694,6180.225535,False,1.534309936210504,1.6744035843966398,48.05999999999949,37.738585999999486,24.467874999998457,57.902688000000126,20.16410199999973,33.43481299999985,0.7852389929255074,0.5091110070744636,1.2048000000000154,0.41956100707448907,0.695688992925514
Poland,PL,2026-01,2026-01-01,poland__standard_employee,Pologne · salarie standard,Poland · standard employee,2.66,12783.96,1247.714496,1247.714496,191.7594,830.9574,313.20702,213.492132,313.20702,12.78396,992.815118,2745.496034,2618.155008,0.214761,0.2048,10038.463966,850.009307,9188.45466,15402.115008,5363.651042,6213.660348,False,1.5343099362105042,1.676246504843454,48.05999999999949,37.738585999999486,24.467875000000276,57.902688000000126,20.16410200000064,33.43481300000076,0.7852389929255074,0.5091110070745014,1.2048000000000154,0.41956100707450794,0.695688992925533
Poland,PL,2026-01,2026-01-01,poland__standard_employee,Pologne · salarie standard,Poland · standard employee,2.67,12832.02,1252.405152,1252.405152,192.4803,834.0813,314.38449,214.294734,314.38449,12.83202,996.547505,2755.817447,2627.997696,0.21476099999999998,0.20479999999999998,10076.202553,863.280019,9212.922534,15460.017696,5383.815143,6247.095162,False,1.5343099362105042,1.6780796363560115,48.06000000000131,37.738586999999825,24.467873999999938,57.902688000000126,20.16410099999939,33.43481399999928,0.7852390137328089,0.5091109862671509,1.2047999999999697,0.41956098626714194,0.6956890137328
Poland,PL,2026-01,2026-01-01,poland__standard_employee,Pologne · salarie standard,Poland · standard employee,2.68,12880.08,1257.095808,1257.095808,193.2012,837.2052,315.56196,215.097336,315.56196,12.88008,1000.279893,2766.138861,2637.840384,0.21476099999999998,0.20479999999999998,10113.941139,876.55073,9237.390409,15517.920384,5403.979245,6280.529975,False,1.5343099362105037,1.679903056720701,48.05999999999949,37.738586000001305,24.467875000000276,57.90268799999831,20.16410200000064,33.43481300000076,0.7852389929255452,0.5091110070745014,1.2047999999999774,0.41956100707450794,0.695688992925533
Poland,PL,2026-01,2026-01-01,poland__standard_employee,Pologne · salarie standard,Poland · standard employee,2.69,12928.14,1261.786464,1261.786464,193.9221,840.3291,316.73943,215.899938,316.73943,12.92814,1004.012281,2776.460275,2647.683072,0.21476099999999998,0.20480000000000004,10151.679725,889.821442,9261.858284,15575.823072,5424.143347,6313.964788,False,1.5343099362105042,1.6817168429019325,48.05999999999949,37.738585999999486,24.467875000000276,57.902688000000126,20.16410199999973,33.43481299999985,0.7852389929255074,0.5091110070745014,1.2048000000000154,0.41956100707448907,0.695688992925514
Poland,PL,2026-01,2026-01-01,poland__standard_employee,Pologne · salarie standard,Poland · standard employee,2.7,12976.2,1266.47712,1266.47712,194.643,843.453,317.9169,216.70254,317.9169,12.9762,1007.744668,2786.781688,2657.52576,0.214761,0.2048,10189.418312,903.092154,9286.326158,15633.72576,5444.307448,6347.399602,False,1.5343099362105042,1.683521071052962,48.06000000000131,37.738586999999825,24.467873999999938,57.902688000000126,20.16410099999939,33.43481400000019,0.7852390137328089,0.5091109862671509,1.2047999999999697,0.41956098626714194,0.6956890137328189
Poland,PL,2026-01,2026-01-01,poland__standard_employee,Pologne · salarie standard,Poland · standard employee,2.71,13024.26,1271.167776,1271.167776,195.3639,846.5769,319.09437,217.505142,319.09437,13.02426,1011.477056,2797.103102,2667.368448,0.214761,0.2048,10227.156898,916.362865,9310.794033,15691.628448,5464.47155,6380.834415,False,1.5343099362105042,1.685315816526552,48.05999999999949,37.738585999999486,24.467875000000276,57.902688000000126,20.16410200000064,33.43481299999985,0.7852389929255074,0.5091110070745014,1.2048000000000154,0.41956100707450794,0.695688992925514
Poland,PL,2026-01,2026-01-01,poland__standard_employee,Pologne · salarie standard,Poland · standard employee,2.72,13072.32,1275.858432,1275.858432,196.0848,849.7008,320.27184,218.307744,320.27184,13.07232,1015.209444,2807.424516,2677.211136,0.214761,0.20480000000000004,10264.895484,929.633577,9335.261908,15749.531136,5484.635652,6414.269228,False,1.5343099362105042,1.687101153885463,48.05999999999949,37.738586000001305,24.467875000000276,57.902688000000126,20.16410199999973,33.43481299999985,0.7852389929255452,0.5091110070745014,1.2048000000000154,0.41956100707448907,0.695688992925514
Poland,PL,2026-01,2026-01-01,poland__standard_employee,Pologne · salarie standard,Poland · standard employee,2.73,13120.38,1280.549088,1280.549088,196.8057,852.8247,321.44931,219.110346,321.44931,13.12038,1018.941831,2817.745929,2687.053824,0.21476099999999998,0.20479999999999998,10302.634071,942.904289,9359.729782,15807.433824,5504.799753,6447.704042,False,1.534309936210504,1.6888771569127765,48.05999999999949,37.738586999999825,24.467873999999938,57.902688000000126,20.1641010000003,33.43481400000019,0.7852390137328387,0.5091109862671701,1.2048000000000154,0.41956098626717675,0.6956890137328452
Poland,PL,2026-01,2026-01-01,poland__standard_employee,Pologne · salarie standard,Poland · standard employee,2.74,13168.44,1285.239744,1285.239744,197.5266,855.9486,322.62678,219.912948,322.62678,13.16844,1022.674219,2828.067343,2696.896512,0.214761,0.2048,10340.372657,956.175,9384.197657,15865.336512,5524.963855,6481.138855,False,1.5343099362105042,1.6906438986220624,48.06000000000131,37.738585999999486,24.467875000000276,57.902688000000126,20.16410199999973,33.43481299999985,0.7852389929254777,0.5091110070744821,1.2047999999999697,0.4195610070744732,0.6956889929254877
Poland,PL,2026-01,2026-01-01,poland__standard_employee,Pologne · salarie standard,Poland · standard employee,2.75,13216.5,1289.9304,1289.9304,198.2475,859.0725,323.80425,220.71555,323.80425,13.2165,1026.406607,2838.388757,2706.7392,0.21476100000000004,0.20480000000000004,10378.111244,969.445712,9408.665532,15923.2392,5545.127957,6514.573669,False,1.5343099362105042,1.6924014512673828,48.05999999999949,37.738586999999825,24.467875000000276,57.902688000000126,20.16410199999973,33.43481400000019,0.7852390137328387,0.5091110070745014,1.2048000000000154,0.41956100707448907,0.6956890137328452
Poland,PL,2026-01,2026-01-01,poland__standard_employee,Pologne · salarie standard,Poland · standard employee,2.76,13264.56,1294.621056,1294.621056,198.9684,862.1964,324.98172,221.518152,324.98172,13.26456,1030.138994,2848.71017,2716.581888,0.214761,0.2048,10415.84983,982.716424,9433.133406,15981.141888,5565.292058,6548.008482,False,1.5343099362105042,1.694149886353143,48.05999999999949,37.738585999999486,24.467873999999938,57.902688000000126,20.1641010000003,33.43481299999985,0.7852389929255074,0.5091109862671701,1.2048000000000154,0.41956098626717675,0.695688992925514
Poland,PL,2026-01,2026-01-01,poland__standard_employee,Pologne · salarie standard,Poland · standard employee,2.77,13312.62,1299.311712,1299.311712,199.6893,865.3203,326.15919,222.320754,326.15919,13.31262,1033.871382,2859.031584,2726.424576,0.214761,0.20479999999999998,10453.588416,995.987135,9457.601281,16039.044576,5585.45616,6581.443295,False,1.534309936210504,1.6958892746437892,48.06000000000131,37.738586000001305,24.467874999998457,57.902688000000126,20.16410199999973,33.43481299999985,0.7852389929255156,0.5091110070744442,1.2047999999999697,0.4195610070744732,0.6956889929254877
Poland,PL,2026-01,2026-01-01,poland__standard_employee,Pologne · salarie standard,Poland · standard employee,2.78,13360.68,1304.002368,1304.002368,200.4102,868.4442,327.33666,223.123356,327.33666,13.36068,1037.603769,2869.352997,2736.267264,0.21476099999999998,0.20479999999999998,10491.327003,1009.257847,9482.069155,16096.947264,5605.620261,6614.878109,False,1.534309936210504,1.697619686173354,48.05999999999949,37.738586999999825,24.467873999999938,57.902688000000126,20.1641010000003,33.43481400000019,0.7852390137328387,0.5091109862671701,1.2048000000000154,0.41956098626717675,0.6956890137328452
Poland,PL,2026-01,2026-01-01,poland__standard_employee,Pologne · salarie standard,Poland · standard employee,2.79,13408.74,1308.693024,1308.693024,201.1311,871.5681,328.51413,223.925958,328.51413,13.40874,1041.336157,2879.674411,2746.109952,0.21476100000000004,0.20479999999999998,10529.065589,1022.528559,9506.53703,16154.849952,5625.784363,6648.312922,False,1.5343099362105042,1.6993411902548592,48.05999999999949,37.738585999999486,24.467875000000276,57.902688000000126,20.16410199999973,33.43481299999985,0.7852389929255074,0.5091110070745014,1.2048000000000154,0.41956100707448907,0.695688992925514
Poland,PL,2026-01,2026-01-01,poland__standard_employee,Pologne · salarie standard,Poland · standard employee,2.8,13456.8,1313.38368,1313.38368,201.852,874.692,329.6916,224.72856,329.6916,13.4568,1045.068545,2889.995825,2755.95264,0.214761,0.2048,10566.804175,1035.79927,9531.004905,16212.75264,5645.948465,6681.747735,False,1.5343099362105042,1.7010538554895653,48.05999999999949,37.738585999999486,24.467875000000276,57.902688000000126,20.16410200000064,33.43481299999985,0.7852389929255074,0.5091110070745014,1.2048000000000154,0.41956100707450794,0.695688992925514
Poland,PL,2026-01,2026-01-01,poland__standard_employee,Pologne · salarie standard,Poland · standard employee,2.81,13504.86,1318.074336,1318.074336,202.5729,877.8159,330.86907,225.531162,330.86907,13.50486,1048.800932,2900.317238,2765.795328,0.214761,0.20480000000000004,10604.542762,1049.069982,9555.472779,16270.655328,5666.112566,6715.182549,False,1.5343099362105042,1.702757749776091,48.06000000000131,37.738586999999825,24.467873999999938,57.902688000000126,20.16410099999939,33.43481400000019,0.7852390137328089,0.5091109862671509,1.2047999999999697,0.41956098626714194,0.6956890137328189
Poland,PL,2026-01,2026-01-01,poland__standard_employee,Pologne · salarie standard,Poland · standard employee,2.82,13552.92,1322.764992,1322.764992,203.2938,880.9398,332.04654,226.333764,332.04654,13.55292,1052.53332,2910.638652,2775.638016,0.214761,0.20479999999999998,10642.281348,1062.340694,9579.940654,16328.558016,5686.276668,6748.617362,False,1.534309936210504,1.70445294031938,48.05999999999949,37.738586000001305,24.467875000000276,57.902688000000126,20.16410200000064,33.43481299999985,0.7852389929255452,0.5091110070745014,1.2048000000000154,0.41956100707450794,0.695688992925514
Poland,PL,2026-01,2026-01-01,poland__standard_employee,Pologne · salarie standard,Poland · standard employee,2.83,13600.98,1327.455648,1327.455648,204.0147,884.0637,333.22401,227.136366,333.22401,13.60098,1056.265708,2920.960066,2785.480704,0.214761,0.20480000000000004,10680.019934,1075.611405,9604.408529,16386.460704,5706.44077,6782.052175,False,1.5343099362105042,1.706139493639541,48.05999999999949,37.738585999999486,24.467875000000276,57.902688000000126,20.16410199999973,33.43481299999985,0.7852389929255074,0.5091110070745014,1.2048000000000154,0.41956100707448907,0.695688992925514
Poland,PL,2026-01,2026-01-01,poland__standard_employee,Pologne · salarie standard,Poland · standard employee,2.84,13649.04,1332.146304,1332.146304,204.7356,887.1876,334.40148,227.938968,334.40148,13.64904,1059.998095,2931.281479,2795.323392,0.21476100000000004,0.2048,10717.758521,1088.882117,9628.876403,16444.363392,5726.604871,6815.486989,False,1.5343099362105042,1.7078174755805473,48.06000000000131,37.738586999999825,24.467873999999938,57.90268799999831,20.16410099999939,33.43481400000019,0.7852390137328089,0.5091109862671509,1.204799999999932,0.41956098626714194,0.6956890137328189
Poland,PL,2026-01,2026-01-01,poland__standard_employee,Pologne · salarie standard,Poland · standard employee,2.85,13697.1,1336.83696,1336.83696,205.4565,890.3115,335.57895,228.74157,335.57895,13.6971,1063.730483,2941.602893,2805.16608,0.214761,0.20480000000000004,10755.497107,1102.152829,9653.344278,16502.26608,5746.768973,6848.921802,False,1.5343099362105042,1.709486951318805,48.05999999999949,37.738585999999486,24.467875000000276,57.902688000001945,20.16410200000064,33.43481299999985,0.7852389929255074,0.5091110070745014,1.2048000000000532,0.41956100707450794,0.695688992925514
Poland,PL,2026-01,2026-01-01,poland__standard_employee,Pologne · salarie standard,Poland · standard employee,2.86,13745.16,1341.527616,1341.527616,206.1774,893.4354,336.75642,229.544172,336.75642,13.74516,1067.462871,2951.924307,2815.008768,0.214761,0.2048,10793.235693,1115.42354,9677.812153,16560.168768,5766.933075,6882.356615,False,1.5343099362105042,1.7111479853715936,48.05999999999949,37.738586000001305,24.467875000000276,57.90268799999831,20.16410199999973,33.43481299999985,0.7852389929255452,0.5091110070745014,1.2047999999999774,0.41956100707448907,0.695688992925514
Poland,PL,2026-01,2026-01-01,poland__standard_employee,Pologne · salarie standard,Poland · standard employee,2.87,13793.22,1346.218272,1346.218272,206.8983,896.5593,337.93389,230.346774,337.93389,13.79322,1071.195258,2962.24572,2824.851456,0.214761,0.20480000000000004,10830.97428,1128.694252,9702.280027,16618.071456,5787.097176,6915.791429,False,1.534309936210504,1.7128006416053758,48.05999999999949,37.738586999999825,24.467873999999938,57.902688000001945,20.1641010000003,33.43481400000019,0.7852390137328387,0.5091109862671701,1.2048000000000532,0.41956098626717675,0.6956890137328452
Poland,PL,2026-01,2026-01-01,poland__standard_employee,Pologne · salarie standard,Poland · standard employee,2.88,13841.28,1350.908928,1350.908928,207.6192,899.6832,339.11136,231.149376,339.11136,13.84128,1074.927646,2972.567134,2834.694144,0.21476099999999998,0.2048,10868.712866,1141.964964,9726.747902,16675.974144,5807.261278,6949.226242,False,1.5343099362105042,1.7144449832439836,48.06000000000131,37.738585999999486,24.467874999998457,57.90268799999831,20.16410199999973,33.43481299999985,0.7852389929254777,0.5091110070744442,1.204799999999932,0.4195610070744732,0.6956889929254877
Poland,PL,2026-01,2026-01-01,poland__standard_employee,Pologne · salarie standard,Poland · standard employee,2.89,13889.34,1355.599584,1355.599584,208.3401,902.8071,340.28883,231.951978,340.28883,13.88934,1078.660034,2982.888548,2844.536832,0.21476099999999998,0.2048,10906.451452,1155.235676,9751.215777,16733.876832,5827.42538,6982.661055,False,1.5343099362105042,1.7160810728766813,48.05999999999949,37.738585999999486,24.467875000000276,57.902688000001945,20.16410199999973,33.43481299999985,0.7852389929255074,0.5091110070745014,1.2048000000000532,0.41956100707448907,0.695688992925514
Poland,PL,2026-01,2026-01-01,poland__standard_employee,Pologne · salarie standard,Poland · standard employee,2.9,13937.4,1360.29024,1360.29024,209.061,905.931,341.4663,232.75458,341.4663,13.9374,1082.392421,2993.209961,2854.37952,0.214761,0.20479999999999998,10944.190039,1168.506387,9775.683651,16791.77952,5847.589481,7016.095869,False,1.5343099362105042,1.7177089724661057,48.05999999999949,37.738586999999825,24.467873999999938,57.90268799999831,20.1641010000003,33.43481400000019,0.7852390137328387,0.5091109862671701,1.2047999999999774,0.41956098626717675,0.6956890137328452
Poland,PL,2026-01,2026-01-01,poland__standard_employee,Pologne · salarie standard,Poland · standard employee,2.91,13985.46,1364.980896,1364.980896,209.7819,909.0549,342.64377,233.557182,342.64377,13.98546,1086.124809,3003.531375,2864.222208,0.214761,0.2048,10981.928625,1181.777099,9800.151526,16849.682208,5867.753583,7049.530682,False,1.5343099362105042,1.7193287433560893,48.05999999999949,37.738586000001305,24.467875000000276,57.90268799999831,20.16410199999973,33.43481299999985,0.7852389929255452,0.5091110070745014,1.2047999999999774,0.41956100707448907,0.695688992925514
Poland,PL,2026-01,2026-01-01,poland__standard_employee,Pologne · salarie standard,Poland · standard employee,2.92,14033.52,1369.671552,1369.671552,210.5028,912.1788,343.82124,234.359784,343.82124,14.03352,1089.857197,3013.852789,2874.064896,0.21476099999999998,0.20479999999999998,11019.667211,1195.047811,9824.619401,16907.584896,5887.917685,7082.965495,False,1.534309936210504,1.7209404462793667,48.06000000000131,37.738585999999486,24.467875000000276,57.902688000001945,20.16410200000064,33.43481300000076,0.7852389929254777,0.5091110070744821,1.2048000000000076,0.41956100707449206,0.6956889929255066
Poland,PL,2026-01,2026-01-01,poland__standard_employee,Pologne · salarie standard,Poland · standard employee,2.93,14081.58,1374.362208,1374.362208,211.2237,915.3027,344.99871,235.162386,344.99871,14.08158,1093.589584,3024.174202,2883.907584,0.21476099999999998,0.2048,11057.405798,1208.318522,9849.087275,16965.487584,5908.081786,7116.400309,False,1.534309936210504,1.7225441413651632,48.05999999999949,37.738586999999825,24.467873999999938,57.90268799999831,20.16410099999939,33.43481399999928,0.7852390137328387,0.5091109862671701,1.2047999999999774,0.4195609862671578,0.6956890137328263
Poland,PL,2026-01,2026-01-01,poland__standard_employee,Pologne · salarie standard,Poland · standard employee,2.94,14129.64,1379.052864,1379.052864,211.9446,918.4266,346.17618,235.964988,346.17618,14.12964,1097.321972,3034.495616,2893.750272,0.21476099999999998,0.20480000000000004,11095.144384,1221.589234,9873.55515,17023.390272,5928.245888,7149.835122,False,1.5343099362105042,1.7241398881466758,48.05999999999949,37.738585999999486,24.467875000000276,57.902688000001945,20.16410200000064,33.43481300000076,0.7852389929255074,0.5091110070745014,1.2048000000000532,0.41956100707450794,0.695688992925533
Poland,PL,2026-01,2026-01-01,poland__standard_employee,Pologne · salarie standard,Poland · standard employee,2.95,14177.7,1383.74352,1383.74352,212.6655,921.5505,347.35365,236.76759,347.35365,14.1777,1101.05436,3044.81703,2903.59296,0.21476100000000004,0.2048,11132.88297,1234.859946,9898.023025,17081.29296,5948.40999,7183.269935,False,1.5343099362105042,1.725727745568436,48.06000000000131,37.738586000001305,24.467875000000276,57.90268799999831,20.16410199999973,33.43481299999985,0.7852389929255156,0.5091110070744821,1.204799999999932,0.4195610070744732,0.6956889929254877
Poland,PL,2026-01,2026-01-01,poland__standard_employee,Pologne · salarie standard,Poland · standard employee,2.96,14225.76,1388.434176,1388.434176,213.3864,924.6744,348.53112,237.570192,348.53112,14.22576,1104.786747,3055.138443,2913.435648,0.21476100000000004,0.2048,11170.621557,1248.130657,9922.490899,17139.195648,5968.574091,7216.704749,False,1.5343099362105044,1.7273077719935708,48.05999999999949,37.738586999999825,24.467873999999938,57.902688000001945,20.1641010000003,33.43481400000019,0.7852390137328387,0.5091109862671701,1.2048000000000532,0.41956098626717675,0.6956890137328452
Poland,PL,2026-01,2026-01-01,poland__standard_employee,Pologne · salarie standard,Poland · standard employee,2.97,14273.82,1393.124832,1393.124832,214.1073,927.7983,349.70859,238.372794,349.70859,14.27382,1108.519135,3065.459857,2923.278336,0.214761,0.2048,11208.360143,1261.401369,9946.958774,17197.098336,5988.738193,7250.139562,False,1.5343099362105044,1.7288800252109524,48.05999999999949,37.738585999999486,24.467875000000276,57.90268799999831,20.16410199999973,33.43481299999985,0.7852389929255074,0.5091110070745014,1.2047999999999774,0.41956100707448907,0.695688992925514
Poland,PL,2026-01,2026-01-01,poland__standard_employee,Pologne · salarie standard,Poland · standard employee,2.98,14321.88,1397.815488,1397.815488,214.8282,930.9222,350.88606,239.175396,350.88606,14.32188,1112.251523,3075.781271,2933.121024,0.21476099999999998,0.2048,11246.098729,1274.672081,9971.426649,17255.001024,6008.902295,7283.574375,False,1.534309936210504,1.7304445624422442,48.05999999999949,37.738585999999486,24.467875000000276,57.902688000001945,20.16410199999973,33.43481299999985,0.7852389929255074,0.5091110070745014,1.2048000000000532,0.41956100707448907,0.695688992925514
Poland,PL,2026-01,2026-01-01,poland__standard_employee,Pologne · salarie standard,Poland · standard employee,2.99,14369.94,1402.506144,1402.506144,215.5491,934.0461,352.06353,239.977998,352.06353,14.36994,1115.98391,3086.102684,2942.963712,0.21476099999999998,0.2048,11283.837316,1287.942792,9995.894523,17312.903712,6029.066396,7317.009189,False,1.534309936210504,1.7320014403488437,48.06000000000131,37.738586999999825,24.467873999999938,57.90268799999831,20.1641010000003,33.43481400000019,0.7852390137328089,0.5091109862671509,1.204799999999932,0.4195609862671609,0.6956890137328189
Poland,PL,2026-01,2026-01-01,poland__standard_employee,Pologne · salarie standard,Poland · standard employee,3.0,14418.0,1407.1968,1407.1968,216.27,937.17,353.241,240.7806,353.241,14.418,1119.716298,3096.424098,2952.8064,0.21476100000000004,0.20480000000000004,11321.575902,1301.213504,10020.362398,17370.8064,6049.230498,7350.444002,False,1.5343099362105042,1.7335507150387197,48.05999999999949,37.738586000001305,24.467874999998457,57.902688000001945,20.16410199999973,33.43481299999985,0.7852389929255452,0.5091110070744636,1.2048000000000532,0.41956100707448907,0.695688992925514
Poland,PL,2026-01,2026-01-01,poland__standard_employee,Pologne · salarie standard,Poland · standard employee,3.01,14466.06,1411.887456,1411.887456,216.9909,940.2939,354.41847,241.583202,354.41847,14.46606,1123.448686,3106.745512,2962.649088,0.214761,0.2048,11359.314488,1314.484216,10044.830273,17428.709088,6069.3946,7383.878815,False,1.534309936210504,1.7350924420731555,48.05999999999949,37.738585999999486,24.467875000000276,57.90268799999831,20.16410199999973,33.43481299999985,0.7852389929255074,0.5091110070745014,1.2047999999999774,0.41956100707448907,0.695688992925514
Poland,PL,2026-01,2026-01-01,poland__standard_employee,Pologne · salarie standard,Poland · standard employee,3.02,14514.12,1416.578112,1416.578112,217.7118,943.4178,355.59594,242.385804,355.59594,14.51412,1127.181073,3117.066925,2972.491776,0.214761,0.2048,11397.053075,1327.754927,10069.298147,17486.611776,6089.558701,7417.313629,False,1.5343099362105042,1.7366266764733906,48.06000000000131,37.738586999999825,24.467873999999938,57.902688000001945,20.1641010000003,33.43481400000019,0.7852390137328089,0.5091109862671509,1.2048000000000076,0.4195609862671609,0.6956890137328189
Poland,PL,2026-01,2026-01-01,poland__standard_employee,Pologne · salarie standard,Poland · standard employee,3.03,14562.18,1421.268768,1421.268768,218.4327,946.5417,356.77341,243.188406,356.77341,14.56218,1130.913461,3127.388339,2982.334464,0.214761,0.20479999999999995,11434.791661,1341.025639,10093.766022,17544.514464,6109.722803,7450.748442,False,1.534309936210504,1.7381534727271648,48.05999999999949,37.738585999999486,24.467875000000276,57.90268799999831,20.16410199999973,33.43481299999985,0.7852389929255074,0.5091110070745014,1.2047999999999774,0.41956100707448907,0.695688992925514
Poland,PL,2026-01,2026-01-01,poland__standard_employee,Pologne · salarie standard,Poland · standard employee,3.04,14610.24,1425.959424,1425.959424,219.1536,949.6656,357.95088,243.991008,357.95088,14.61024,1134.645849,3137.709753,2992.177152,0.214761,0.20479999999999998,11472.530247,1354.296351,10118.233897,17602.417152,6129.886905,7484.183255,False,1.5343099362105042,1.739672884795172,48.05999999999949,37.738586000001305,24.467875000000276,57.902688000001945,20.16410200000064,33.43481299999985,0.7852389929255452,0.5091110070745014,1.2048000000000532,0.41956100707450794,0.695688992925514
Poland,PL,2026-01,2026-01-01,poland__standard_employee,Pologne · salarie standard,Poland · standard employee,3.05,14658.3,1430.65008,1430.65008,219.8745,952.7895,359.12835,244.79361,359.12835,14.6583,1138.378236,3148.031166,3002.01984,0.214761,0.20480000000000004,11510.268834,1367.567062,10142.701771,17660.31984,6150.051006,7517.618069,False,1.5343099362105042,1.7411849661174115,48.05999999999949,37.738586999999825,24.467873999999938,57.90268799999831,20.16410099999939,33.43481400000019,0.7852390137328387,0.5091109862671701,1.2047999999999774,0.4195609862671578,0.6956890137328452
Poland,PL,2026-01,2026-01-01,poland__standard_employee,Pologne · salarie standard,Poland · standard employee,3.06,14706.36,1435.340736,1435.340736,220.5954,955.9134,360.30582,245.596212,360.30582,14.70636,1142.110624,3158.35258,3011.862528,0.214761,0.2048,11548.00742,1380.837774,10167.169646,17718.222528,6170.215108,7551.052882,False,1.5343099362105042,1.74268976961946,48.06000000000131,37.738585999999486,24.467875000000276,57.90268799999831,20.16410200000064,33.43481299999985,0.7852389929254777,0.5091110070744821,1.204799999999932,0.41956100707449206,0.6956889929254877
Poland,PL,2026-01,2026-01-01,poland__standard_employee,Pologne · salarie standard,Poland · standard employee,3.07,14754.42,1440.031392,1440.031392,221.3163,959.0373,361.48329,246.398814,361.48329,14.75442,1145.843012,3168.673994,3021.705216,0.214761,0.20480000000000004,11585.746006,1394.108486,10191.637521,17776.125216,6190.37921,7584.487695,False,1.5343099362105042,1.7441873477186427,48.05999999999949,37.738585999999486,24.467875000000276,57.902688000001945,20.16410199999973,33.43481299999985,0.7852389929255074,0.5091110070745014,1.2048000000000532,0.41956100707448907,0.695688992925514
Poland,PL,2026-01,2026-01-01,poland__standard_employee,Pologne · salarie standard,Poland · standard employee,3.08,14802.48,1444.722048,1444.722048,222.0372,962.1612,362.66076,247.201416,362.66076,14.80248,1149.575399,3178.995407,3031.547904,0.214761,0.20479999999999998,11623.484593,1407.379197,10216.105395,17834.027904,6210.543311,7617.922509,False,1.534309936210504,1.7456777523301195,48.05999999999949,37.738586999999825,24.467873999999938,57.90268799999831,20.1641010000003,33.43481400000019,0.7852390137328387,0.5091109862671701,1.2047999999999774,0.41956098626717675,0.6956890137328452
Poland,PL,2026-01,2026-01-01,poland__standard_employee,Pologne · salarie standard,Poland · standard employee,3.09,14850.54,1449.412704,1449.412704,222.7581,965.2851,363.83823,248.004018,363.83823,14.85054,1153.307787,3189.316821,3041.390592,0.214761,0.20479999999999998,11661.223179,1420.649909,10240.57327,17891.930592,6230.707413,7651.357322,False,1.5343099362105042,1.7471610348728877,48.06000000000131,37.738586000001305,24.467875000000276,57.902688000001945,20.16410199999973,33.43481299999985,0.7852389929255156,0.5091110070744821,1.2048000000000076,0.4195610070744732,0.6956889929254877
Poland,PL,2026-01,2026-01-01,poland__standard_employee,Pologne · salarie standard,Poland · standard employee,3.1,14898.6,1454.10336,1454.10336,223.479,968.409,365.0157,248.80662,365.0157,14.8986,1157.040175,3199.638235,3051.23328,0.214761,0.20479999999999998,11698.961765,1433.920621,10265.041145,17949.83328,6250.871515,7684.792135,False,1.5343099362105042,1.7486372462756898,48.05999999999949,37.738585999999486,24.467874999998457,57.90268799999831,20.16410199999973,33.43481299999985,0.7852389929255074,0.5091110070744636,1.2047999999999774,0.41956100707448907,0.695688992925514
Poland,PL,2026-01,2026-01-01,poland__standard_employee,Pologne · salarie standard,Poland · standard employee,3.11,14946.66,1458.794016,1458.794016,224.1999,971.5329,366.19317,249.609222,366.19317,14.94666,1160.772562,3209.959648,3061.075968,0.214761,0.2048,11736.700352,1447.191332,10289.509019,18007.735968,6271.035616,7718.226949,False,1.534309936210504,1.7501064369828483,48.05999999999949,37.738586999999825,24.467873999999938,57.902688000001945,20.1641010000003,33.43481400000019,0.7852390137328387,0.5091109862671701,1.2048000000000532,0.41956098626717675,0.6956890137328452
Poland,PL,2026-01,2026-01-01,poland__standard_employee,Pologne · salarie standard,Poland · standard employee,3.12,14994.72,1463.484672,1463.484672,224.9208,974.6568,367.37064,250.411824,367.37064,14.99472,1164.50495,3220.281062,3070.918656,0.21476100000000004,0.2048,11774.438938,1460.462044,10313.976894,18065.638656,6291.199718,7751.661762,False,1.5343099362105042,1.7515686569600073,48.05999999999949,37.738585999999486,24.467875000000276,57.90268799999831,20.16410199999973,33.43481299999985,0.7852389929255074,0.5091110070745014,1.2047999999999774,0.41956100707448907,0.695688992925514
Poland,PL,2026-01,2026-01-01,poland__standard_employee,Pologne · salarie standard,Poland · standard employee,3.13,15042.78,1468.175328,1468.175328,225.6417,977.7807,368.54811,251.214426,368.54811,15.04278,1168.237338,3230.602476,3080.761344,0.214761,0.20480000000000004,11812.177524,1473.732756,10338.444769,18123.541344,6311.36382,7785.096575,False,1.534309936210504,1.7530239556997982,48.06000000000131,37.738586000001305,24.467875000000276,57.902688000001945,20.16410199999973,33.43481299999985,0.7852389929255156,0.5091110070744821,1.2048000000000076,0.4195610070744732,0.6956889929254877
Poland,PL,2026-01,2026-01-01,poland__standard_employee,Pologne · salarie standard,Poland · standard employee,3.14,15090.84,1472.865984,1472.865984,226.3626,980.9046,369.72558,252.017028,369.72558,15.09084,1171.969725,3240.923889,3090.604032,0.21476099999999998,0.2048,11849.916111,1487.003468,10362.912643,18181.444032,6331.527921,7818.531389,False,1.534309936210504,1.7544723822274264,48.05999999999949,37.738586999999825,24.467873999999938,57.90268799999831,20.1641010000003,33.43481400000019,0.7852390137328387,0.5091109862671701,1.2047999999999774,0.41956098626717675,0.6956890137328452
Poland,PL,2026-01,2026-01-01,poland__standard_employee,Pologne · salarie standard,Poland · standard employee,3.15,15138.9,1477.55664,1477.55664,227.0835,984.0285,370.90305,252.81963,370.90305,15.1389,1175.702113,3251.245303,3100.44672,0.214761,0.2048,11887.654697,1500.274179,10387.380518,18239.34672,6351.692023,7851.966202,False,1.5343099362105044,1.755913985106172,48.05999999999949,37.738585999999486,24.467875000000276,57.902688000001945,20.16410199999973,33.43481299999985,0.7852389929255074,0.5091110070745014,1.2048000000000532,0.41956100707448907,0.695688992925514
Poland,PL,2026-01,2026-01-01,poland__standard_employee,Pologne · salarie standard,Poland · standard employee,3.16,15186.96,1482.247296,1482.247296,227.8044,987.1524,372.08052,253.622232,372.08052,15.18696,1179.434501,3261.566717,3110.289408,0.21476100000000004,0.2048,11925.393283,1513.544891,10411.848393,18297.249408,6371.856125,7885.401015,False,1.5343099362105044,1.7573488124428205,48.05999999999949,37.738585999999486,24.467875000000276,57.90268799999831,20.16410200000064,33.43481300000076,0.7852389929255074,0.5091110070745014,1.2047999999999774,0.41956100707450794,0.695688992925533
Poland,PL,2026-01,2026-01-01,poland__standard_employee,Pologne · salarie standard,Poland · standard employee,3.17,15235.02,1486.937952,1486.937952,228.5253,990.2763,373.25799,254.424834,373.25799,15.23502,1183.166888,3271.88813,3120.132096,0.21476099999999998,0.2048,11963.13187,1526.815603,10436.316267,18355.152096,6392.020226,7918.835829,False,1.534309936210504,1.758776911893012,48.06000000000131,37.738586999999825,24.467873999999938,57.902688000001945,20.16410099999939,33.43481399999928,0.7852390137328089,0.5091109862671509,1.2048000000000076,0.41956098626714194,0.6956890137328
Poland,PL,2026-01,2026-01-01,poland__standard_employee,Pologne · salarie standard,Poland · standard employee,3.18,15283.08,1491.628608,1491.628608,229.2462,993.4002,374.43546,255.227436,374.43546,15.28308,1186.899276,3282.209544,3129.974784,0.214761,0.20480000000000004,12000.870456,1540.086314,10460.784142,18413.054784,6412.184328,7952.270642,False,1.5343099362105042,1.7601983306665219,48.05999999999949,37.738586000001305,24.467875000000276,57.90268799999831,20.16410200000064,33.43481300000076,0.7852389929255452,0.5091110070745014,1.2047999999999774,0.41956100707450794,0.695688992925533
Poland,PL,2026-01,2026-01-01,poland__standard_employee,Pologne · salarie standard,Poland · standard employee,3.19,15331.14,1496.319264,1496.319264,229.9671,996.5241,375.61293,256.030038,375.61293,15.33114,1190.631664,3292.530958,3139.817472,0.21476099999999998,0.20479999999999995,12038.609042,1553.357026,10485.252017,18470.957472,6432.34843,7985.705455,False,1.534309936210504,1.7616131155324561,48.05999999999949,37.738585999999486,24.467875000000276,57.90268799999831,20.16410199999973,33.43481299999985,0.7852389929255074,0.5091110070745014,1.2047999999999774,0.41956100707448907,0.695688992925514
Poland,PL,2026-01,2026-01-01,poland__standard_employee,Pologne · salarie standard,Poland · standard employee,3.2,15379.2,1501.00992,1501.00992,230.688,999.648,376.7904,256.83264,376.7904,15.3792,1194.364051,3302.852371,3149.66016,0.21476099999999998,0.2048,12076.347629,1566.627738,10509.719891,18528.86016,6452.512531,8019.140269,False,1.534309936210504,1.7630213128243868,48.06000000000131,37.738586999999825,24.467873999999938,57.902688000001945,20.1641010000003,33.43481400000019,0.7852390137328089,0.5091109862671509,1.2048000000000076,0.4195609862671609,0.6956890137328189
Poland,PL,2026-01,2026-01-01,poland__standard_employee,Pologne · salarie standard,Poland · standard employee,3.21,15427.26,1505.700576,1505.700576,231.4089,1002.7719,377.96787,257.635242,377.96787,15.42726,1198.096439,3313.173785,3159.502848,0.214761,0.2048,12114.086215,1579.898449,10534.187766,18586.762848,6472.676633,8052.575082,False,1.534309936210504,1.7644229684454076,48.05999999999949,37.738585999999486,24.467874999998457,57.90268799999831,20.16410199999973,33.43481299999985,0.7852389929255074,0.5091110070744636,1.2047999999999774,0.41956100707448907,0.695688992925514
Poland,PL,2026-01,2026-01-01,poland__standard_employee,Pologne · salarie standard,Poland · standard employee,3.22,15475.32,1510.391232,1510.391232,232.1298,1005.8958,379.14534,258.437844,379.14534,15.47532,1201.828827,3323.495199,3169.345536,0.214761,0.2048,12151.824801,1593.169161,10558.655641,18644.665536,6492.840735,8086.009895,False,1.534309936210504,1.7658181278731213,48.05999999999949,37.738586000001305,24.467875000000276,57.902688000001945,20.16410199999973,33.43481299999985,0.7852389929255452,0.5091110070745014,1.2048000000000532,0.41956100707448907,0.695688992925514
Poland,PL,2026-01,2026-01-01,poland__standard_employee,Pologne · salarie standard,Poland · standard employee,3.23,15523.38,1515.081888,1515.081888,232.8507,1009.0197,380.32281,259.240446,380.32281,15.52338,1205.561214,3333.816612,3179.188224,0.21476099999999998,0.2048,12189.563388,1606.439873,10583.123515,18702.568224,6513.004836,8119.444709,False,1.5343099362105042,1.7672068361645596,48.05999999999949,37.738586999999825,24.467873999999938,57.90268799999831,20.1641010000003,33.43481400000019,0.7852390137328387,0.5091109862671701,1.2047999999999774,0.41956098626717675,0.6956890137328452
Poland,PL,2026-01,2026-01-01,poland__standard_employee,Pologne · salarie standard,Poland · standard employee,3.24,15571.44,1519.772544,1519.772544,233.5716,1012.1436,381.50028,260.043048,381.50028,15.57144,1209.293602,3344.138026,3189.030912,0.214761,0.20480000000000004,12227.301974,1619.710584,10607.59139,18760.470912,6533.168938,8152.879522,False,1.5343099362105042,1.768589137961033,48.06000000000131,37.738585999999486,24.467875000000276,57.902688000001945,20.16410199999973,33.43481299999985,0.7852389929254777,0.5091110070744821,1.2048000000000076,0.4195610070744732,0.6956889929254877
Poland,PL,2026-01,2026-01-01,poland__standard_employee,Pologne · salarie standard,Poland · standard employee,3.25,15619.5,1524.4632,1524.4632,234.2925,1015.2675,382.67775,260.84565,382.67775,15.6195,1213.02599,3354.45944,3198.8736,0.214761,0.20479999999999998,12265.040561,1632.981296,10632.059265,18818.3736,6553.33304,8186.314336,False,1.534309936210504,1.7699650774929143,48.05999999999949,37.738586999999825,24.467875000000276,57.90268799999831,20.16410200000064,33.43481400000019,0.7852390137328387,0.5091110070745014,1.2047999999999774,0.41956100707450794,0.6956890137328452
Poland,PL,2026-01,2026-01-01,poland__standard_employee,Pologne · salarie standard,Poland · standard employee,3.26,15667.56,1529.153856,1529.153856,235.0134,1018.3914,383.85522,261.648252,383.85522,15.66756,1216.758377,3364.780853,3208.716288,0.21476100000000004,0.2048,12302.779147,1646.252008,10656.527139,18876.276288,6573.497141,8219.749149,False,1.5343099362105042,1.7713346985843572,48.05999999999949,37.738585999999486,24.467873999999938,57.902688000001945,20.16410099999939,33.43481299999894,0.7852389929255074,0.5091109862671701,1.2048000000000532,0.4195609862671578,0.6956889929254951
Poland,PL,2026-01,2026-01-01,poland__standard_employee,Pologne · salarie standard,Poland · standard employee,3.27,15715.62,1533.844512,1533.844512,235.7343,1021.5153,385.03269,262.450854,385.03269,15.71562,1220.490765,3375.102267,3218.558976,0.214761,0.2048,12340.517733,1659.522719,10680.995014,18934.178976,6593.661243,8253.183962,False,1.5343099362105042,1.7726980446579477,48.06000000000131,37.738586000001305,24.467875000000276,57.90268799999831,20.16410199999973,33.43481299999985,0.7852389929255156,0.5091110070744821,1.204799999999932,0.4195610070744732,0.6956889929254877
Poland,PL,2026-01,2026-01-01,poland__standard_employee,Pologne · salarie standard,Poland · standard employee,3.28,15763.68,1538.535168,1538.535168,236.4552,1024.6392,386.21016,263.253456,386.21016,15.76368,1224.223152,3385.42368,3228.401664,0.214761,0.2048,12378.25632,1672.793431,10705.462888,18992.081664,6613.825344,8286.618776,False,1.5343099362105042,1.7740551587392934,48.05999999999949,37.738586999999825,24.467873999999938,57.902688000001945,20.1641010000003,33.43481400000019,0.7852390137328387,0.5091109862671701,1.2048000000000532,0.41956098626717675,0.6956890137328452
Poland,PL,2026-01,2026-01-01,poland__standard_employee,Pologne · salarie standard,Poland · standard employee,3.29,15811.74,1543.225824,1543.225824,237.1761,1027.7631,387.38763,264.056058,387.38763,15.81174,1227.95554,3395.745094,3238.244352,0.21476099999999998,0.20480000000000004,12415.994906,1686.064143,10729.930763,19049.984352,6633.989446,8320.053589,False,1.5343099362105042,1.775406083461551,48.05999999999949,37.738585999999486,24.467875000000276,57.90268799999831,20.16410199999973,33.43481299999985,0.7852389929255074,0.5091110070745014,1.2047999999999774,0.41956100707448907,0.695688992925514
Poland,PL,2026-01,2026-01-01,poland__standard_employee,Pologne · salarie standard,Poland · standard employee,3.3,15859.8,1547.91648,1547.91648,237.897,1030.887,388.5651,264.85866,388.5651,15.8598,1231.687928,3406.066508,3248.08704,0.214761,0.2048,12453.733492,1699.334854,10754.398638,19107.88704,6654.153548,8353.488402,False,1.534309936210504,1.7767508610698897,48.05999999999949,37.738585999999486,24.467875000000276,57.902688000001945,20.16410200000064,33.43481300000167,0.7852389929255074,0.5091110070745014,1.2048000000000532,0.41956100707450794,0.6956889929255519
Poland,PL,2026-01,2026-01-01,poland__standard_employee,Pologne · salarie standard,Poland · standard employee,3.31,15907.86,1552.607136,1552.607136,238.6179,1034.0109,389.74257,265.661262,389.74257,15.90786,1235.420315,3416.387921,3257.929728,0.214761,0.20479999999999998,12491.472079,1712.605566,10778.866512,19165.789728,6674.317649,8386.923216,False,1.534309936210504,1.7780895334258944,48.06000000000131,37.738586999999825,24.467873999999938,57.90268799999831,20.16410099999939,33.43481399999837,0.7852390137328089,0.5091109862671509,1.204799999999932,0.41956098626714194,0.695689013732781
Poland,PL,2026-01,2026-01-01,poland__standard_employee,Pologne · salarie standard,Poland · standard employee,3.32,15955.92,1557.297792,1557.297792,239.3388,1037.1348,390.92004,266.463864,390.92004,15.95592,1239.152703,3426.709335,3267.772416,0.214761,0.20479999999999998,12529.210665,1725.876278,10803.334387,19223.692416,6694.481751,8420.358029,False,1.534309936210504,1.7794221420119103,48.05999999999949,37.738586000001305,24.467875000000276,57.902688000001945,20.16410200000064,33.43481300000167,0.7852389929255452,0.5091110070745014,1.2048000000000532,0.41956100707450794,0.6956889929255519
Poland,PL,2026-01,2026-01-01,poland__standard_employee,Pologne · salarie standard,Poland · standard employee,3.33,16003.98,1561.988448,1561.988448,240.0597,1040.2587,392.09751,267.266466,392.09751,16.00398,1242.885091,3437.030749,3277.615104,0.214761,0.20480000000000004,12566.949251,1739.146989,10827.802262,19281.595104,6714.645853,8453.792842,False,1.5343099362105042,1.7807487279353278,48.05999999999949,37.738585999999486,24.467874999998457,57.90268799999831,20.16410199999973,33.43481299999985,0.7852389929255074,0.5091110070744636,1.2047999999999774,0.41956100707448907,0.695688992925514
Poland,PL,2026-01,2026-01-01,poland__standard_employee,Pologne · salarie standard,Poland · standard employee,3.34,16052.04,1566.679104,1566.679104,240.7806,1043.3826,393.27498,268.069068,393.27498,16.05204,1246.617478,3447.352162,3287.457792,0.214761,0.20479999999999998,12604.687838,1752.417701,10852.270136,19339.497792,6734.809954,8487.227656,False,1.5343099362105042,1.7820693319328085,48.06000000000131,37.738586999999825,24.467873999999938,57.90268799999831,20.1641010000003,33.43481399999837,0.7852390137328089,0.5091109862671509,1.204799999999932,0.4195609862671609,0.695689013732781
Poland,PL,2026-01,2026-01-01,poland__standard_employee,Pologne · salarie standard,Poland · standard employee,3.35,16100.1,1571.36976,1571.36976,241.5015,1046.5065,394.45245,268.87167,394.45245,16.1001,1250.349866,3457.673576,3297.30048,0.214761,0.2048,12642.426424,1765.688413,10876.738011,19397.40048,6754.974056,8520.662469,False,1.534309936210504,1.7833839943744565,48.05999999999949,37.738585999999486,24.467875000000276,57.902688000001945,20.16410199999973,33.43481300000167,0.7852389929255074,0.5091110070745014,1.2048000000000532,0.41956100707448907,0.6956889929255519
Poland,PL,2026-01,2026-01-01,poland__standard_employee,Pologne · salarie standard,Poland · standard employee,3.36,16148.16,1576.060416,1576.060416,242.2224,1049.6304,395.62992,269.674272,395.62992,16.14816,1254.082254,3467.99499,3307.143168,0.214761,0.20480000000000004,12680.16501,1778.959124,10901.205886,19455.303168,6775.138158,8554.097282,False,1.534309936210504,1.7846927552679308,48.05999999999949,37.738586000001305,24.467875000000276,57.90268799999831,20.16410199999973,33.43481299999985,0.7852389929255452,0.5091110070745014,1.2047999999999774,0.41956100707448907,0.695688992925514
Poland,PL,2026-01,2026-01-01,poland__standard_employee,Pologne · salarie standard,Poland · standard employee,3.37,16196.22,1580.751072,1580.751072,242.9433,1052.7543,396.80739,270.476874,396.80739,16.19622,1257.814641,3478.316403,3316.985856,0.214761,0.2048,12717.903597,1792.229836,10925.67376,19513.205856,6795.302259,8587.532096,False,1.534309936210504,1.7859956542625048,48.05999999999949,37.738586999999825,24.467873999999938,57.902688000001945,20.1641010000003,33.43481400000019,0.7852390137328387,0.5091109862671701,1.2048000000000532,0.41956098626717675,0.6956890137328452
Poland,PL,2026-01,2026-01-01,poland__standard_employee,Pologne · salarie standard,Poland · standard employee,3.38,16244.28,1585.441728,1585.441728,243.6642,1055.8782,397.98486,271.279476,397.98486,16.24428,1261.547029,3488.637817,3326.828544,0.214761,0.2048,12755.642183,1805.500548,10950.141635,19571.108544,6815.466361,8620.966909,False,1.5343099362105042,1.7872927306530695,48.06000000000131,37.738585999999486,24.467875000000276,57.90268799999831,20.16410199999973,33.43481299999985,0.7852389929254777,0.5091110070744821,1.204799999999932,0.4195610070744732,0.6956889929254877
Poland,PL,2026-01,2026-01-01,poland__standard_employee,Pologne · salarie standard,Poland · standard employee,3.39,16292.34,1590.132384,1590.132384,244.3851,1059.0021,399.16233,272.082078,399.16233,16.29234,1265.279417,3498.959231,3336.671232,0.21476099999999998,0.2048,12793.380769,1818.77126,10974.60951,19629.011232,6835.630463,8654.401722,False,1.5343099362105042,1.7885840233840842,48.05999999999949,37.738585999999486,24.467875000000276,57.902688000001945,20.16410200000064,33.43481299999985,0.7852389929255074,0.5091110070745014,1.2048000000000532,0.41956100707450794,0.695688992925514
Poland,PL,2026-01,2026-01-01,poland__standard_employee,Pologne · salarie standard,Poland · standard employee,3.4,16340.4,1594.82304,1594.82304,245.106,1062.126,400.3398,272.88468,400.3398,16.3404,1269.011804,3509.280644,3346.51392,0.21476099999999998,0.20480000000000004,12831.119356,1832.041971,10999.077384,19686.91392,6855.794564,8687.836536,False,1.534309936210504,1.7898695710534744,48.05999999999949,37.738586999999825,24.467873999999938,57.90268799999831,20.16410099999939,33.43481400000019,0.7852390137328387,0.5091109862671701,1.2047999999999774,0.4195609862671578,0.6956890137328452
Poland,PL,2026-01,2026-01-01,poland__standard_employee,Pologne · salarie standard,Poland · standard employee,3.41,16388.46,1599.513696,1599.513696,245.8269,1065.2499,401.51727,273.687282,401.51727,16.38846,1272.744192,3519.602058,3356.356608,0.214761,0.20479999999999998,12868.857942,1845.312683,11023.545259,19744.816608,6875.958666,8721.271349,False,1.534309936210504,1.791149411916478,48.05999999999949,37.738586000001305,24.467875000000276,57.902688000001945,20.16410200000064,33.43481299999985,0.7852389929255452,0.5091110070745014,1.2048000000000532,0.41956100707450794,0.695688992925514
Poland,PL,2026-01,2026-01-01,poland__standard_employee,Pologne · salarie standard,Poland · standard employee,3.42,16436.52,1604.204352,1604.204352,246.5478,1068.3738,402.69474,274.489884,402.69474,16.43652,1276.47658,3529.923472,3366.199296,0.21476100000000004,0.2048,12906.596528,1858.583395,11048.013134,19802.719296,6896.122768,8754.706162,False,1.5343099362105042,1.7924235838894398,48.06000000000131,37.738585999999486,24.467875000000276,57.90268799999831,20.16410199999973,33.43481299999985,0.7852389929254777,0.5091110070744821,1.204799999999932,0.4195610070744732,0.6956889929254877
Poland,PL,2026-01,2026-01-01,poland__standard_employee,Pologne · salarie standard,Poland · standard employee,3.43,16484.58,1608.895008,1608.895008,247.2687,1071.4977,403.87221,275.292486,403.87221,16.48458,1280.208967,3540.244885,3376.041984,0.214761,0.20479999999999998,12944.335115,1871.854106,11072.481008,19860.621984,6916.286869,8788.140976,False,1.5343099362105042,1.793692124553554,48.06000000000131,37.738586999999825,24.467873999999938,57.902688000001945,20.16410099999939,33.43481400000019,0.7852390137328089,0.5091109862671509,1.2048000000000076,0.41956098626714194,0.6956890137328189
Poland,PL,2026-01,2026-01-01,poland__standard_employee,Pologne · salarie standard,Poland · standard employee,3.44,16532.64,1613.585664,1613.585664,247.9896,1074.6216,405.04968,276.095088,405.04968,16.53264,1283.941355,3550.566299,3385.884672,0.214761,0.20479999999999998,12982.073701,1885.124818,11096.948883,19918.524672,6936.450971,8821.575789,False,1.5343099362105042,1.794955071158563,48.05999999999767,37.738585999999486,24.467874999998457,57.90268799999831,20.16410200000064,33.43481299999985,0.7852389929255371,0.5091110070744828,1.2048000000000232,0.4195610070745239,0.6956889929255403
Poland,PL,2026-01,2026-01-01,poland__standard_employee,Pologne · salarie standard,Poland · standard employee,3.45,16580.7,1618.27632,1618.27632,248.7105,1077.7455,406.22715,276.89769,406.22715,16.5807,1287.673743,3560.887713,3395.72736,0.21476100000000004,0.20479999999999998,13019.812287,1898.39553,11121.416758,19976.42736,6956.615073,8855.010602,False,1.5343099362105042,1.7962124606264007,48.06000000000131,37.738586000001305,24.467875000000276,57.902688000001945,20.16410199999973,33.43481299999985,0.7852389929255156,0.5091110070744821,1.2048000000000076,0.4195610070744732,0.6956889929254877
Poland,PL,2026-01,2026-01-01,poland__standard_employee,Pologne · salarie standard,Poland · standard employee,3.46,16628.76,1622.966976,1622.966976,249.4314,1080.8694,407.40462,277.700292,407.40462,16.62876,1291.40613,3571.209126,3405.570048,0.214761,0.2048,13057.550874,1911.666241,11145.884632,20034.330048,6976.779174,8888.445416,False,1.5343099362105042,1.7974643295547896,48.05999999999767,37.738586999999825,24.467873999999938,57.90268799999831,20.1641010000003,33.43481400000019,0.7852390137328683,0.5091109862671894,1.2048000000000232,0.4195609862671926,0.6956890137328716
Poland,PL,2026-01,2026-01-01,poland__standard_employee,Pologne · salarie standard,Poland · standard employee,3.47,16676.82,1627.657632,1627.657632,250.1523,1083.9933,408.58209,278.502894,408.58209,16.67682,1295.138518,3581.53054,3415.412736,0.214761,0.20480000000000004,13095.28946,1924.936953,11170.352507,20092.232736,6996.943276,8921.880229,False,1.5343099362105042,1.7987107142207956,48.06000000000131,37.738585999999486,24.467875000000276,57.902688000001945,20.16410199999973,33.43481299999985,0.7852389929254777,0.5091110070744821,1.2048000000000076,0.4195610070744732,0.6956889929254877
Poland,PL,2026-01,2026-01-01,poland__standard_employee,Pologne · salarie standard,Poland · standard employee,3.48,16724.88,1632.348288,1632.348288,250.8732,1087.1172,409.75956,279.305496,409.75956,16.72488,1298.870906,3591.851954,3425.255424,0.214761,0.2048,13133.028046,1938.207665,11194.820382,20150.135424,7017.107378,8955.315042,False,1.5343099362105042,1.7999516505843287,48.06000000000131,37.738585999999486,24.467875000000276,57.90268799999831,20.16410199999973,33.43481299999985,0.7852389929254777,0.5091110070744821,1.204799999999932,0.4195610070744732,0.6956889929254877
Poland,PL,2026-01,2026-01-01,poland__standard_employee,Pologne · salarie standard,Poland · standard employee,3.49,16772.94,1637.038944,1637.038944,251.5941,1090.2411,410.93703,280.108098,410.93703,16.77294,1302.603293,3602.173367,3435.098112,0.21476099999999998,0.2048,13170.766633,1951.478376,11219.288256,20208.038112,7037.271479,8988.749856,False,1.5343099362105042,1.8011871742916024,48.05999999999767,37.738586999999825,24.467873999999938,57.90268799999831,20.1641010000003,33.43481400000019,0.7852390137328683,0.5091109862671894,1.2048000000000232,0.4195609862671926,0.6956890137328716
Poland,PL,2026-01,2026-01-01,poland__standard_employee,Pologne · salarie standard,Poland · standard employee,3.5,16821.0,1641.7296,1641.7296,252.315,1093.365,412.1145,280.9107,412.1145,16.821,1306.335681,3612.494781,3444.9408,0.214761,0.2048,13208.505219,1964.749088,11243.756131,20265.9408,7057.435581,9022.184669,False,1.5343099362105042,1.8024173206785468,48.06000000000131,37.738586000001305,24.467875000000276,57.902688000001945,20.16410199999973,33.43481299999985,0.7852389929255156,0.5091110070744821,1.2048000000000076,0.4195610070744732,0.6956889929254877
Poland,PL,2026-01,2026-01-01,poland__standard_employee,Pologne · salarie standard,Poland · standard employee,3.51,16869.06,1646.420256,1646.420256,253.0359,1096.4889,413.29197,281.713302,413.29197,16.86906,1310.068069,3622.816195,3454.783488,0.21476099999999998,0.2048,13246.243805,1978.0198,11268.224006,20323.843488,7077.599683,9055.619482,False,1.5343099362105042,1.803642124774178,48.06000000000131,37.738585999999486,24.467875000000276,57.90268799999831,20.16410200000064,33.43481299999985,0.7852389929254777,0.5091110070744821,1.204799999999932,0.41956100707449206,0.6956889929254877
Poland,PL,2026-01,2026-01-01,poland__standard_employee,Pologne · salarie standard,Poland · standard employee,3.52,16917.12,1651.110912,1651.110912,253.7568,1099.6128,414.46944,282.515904,414.46944,16.91712,1313.800456,3633.137608,3464.626176,0.21476100000000004,0.2048,13283.982392,1991.290511,11292.69188,20381.746176,7097.763784,9089.054296,False,1.5343099362105044,1.804861621303923,48.05999999999767,37.738586999999825,24.467873999999938,57.902688000001945,20.16410099999939,33.43481400000019,0.7852390137328683,0.5091109862671894,1.204800000000099,0.4195609862671737,0.6956890137328716
Poland,PL,2026-01,2026-01-01,poland__standard_employee,Pologne · salarie standard,Poland · standard employee,3.53,16965.18,1655.801568,1655.801568,254.4777,1102.7367,415.64691,283.318506,415.64691,16.96518,1317.532844,3643.459022,3474.468864,0.214761,0.2048,13321.720978,2004.561223,11317.159755,20439.648864,7117.927886,9122.489109,False,1.5343099362105044,1.8060758446929006,48.06000000000131,37.738585999999486,24.467875000000276,57.90268799999831,20.16410200000064,33.43481299999985,0.7852389929254777,0.5091110070744821,1.204799999999932,0.41956100707449206,0.6956889929254877
Poland,PL,2026-01,2026-01-01,poland__standard_employee,Pologne · salarie standard,Poland · standard employee,3.54,17013.24,1660.492224,1660.492224,255.1986,1105.8606,416.82438,284.121108,416.82438,17.01324,1321.265232,3653.780436,3484.311552,0.21476099999999998,0.2048,13359.459564,2017.831935,11341.62763,20497.551552,7138.091988,9155.923922,False,1.5343099362105042,1.8072848290691612,48.06000000000131,37.738586000001305,24.467875000000276,57.902688000001945,20.16410199999973,33.43481299999985,0.7852389929255156,0.5091110070744821,1.2048000000000076,0.4195610070744732,0.6956889929254877
Poland,PL,2026-01,2026-01-01,poland__standard_employee,Pologne · salarie standard,Poland · standard employee,3.55,17061.3,1665.18288,1665.18288,255.9195,1108.9845,418.00185,284.92371,418.00185,17.0613,1324.997619,3664.101849,3494.15424,0.21476099999999998,0.2048,13397.198151,2031.102646,11366.095504,20555.45424,7158.256089,9189.358736,False,1.534309936210504,1.8084886082668843,48.05999999999767,37.738586999999825,24.467873999999938,57.90268799999831,20.1641010000003,33.43481400000019,0.7852390137328683,0.5091109862671894,1.2048000000000232,0.4195609862671926,0.6956890137328716
Poland,PL,2026-01,2026-01-01,poland__standard_employee,Pologne · salarie standard,Poland · standard employee,3.56,17109.36,1669.873536,1669.873536,256.6404,1112.1084,419.17932,285.726312,419.17932,17.10936,1328.730007,3674.423263,3503.996928,0.214761,0.20479999999999998,13434.936737,2044.373358,11390.563379,20613.356928,7178.420191,9222.793549,False,1.5343099362105042,1.8096872158295367,48.06000000000131,37.738585999999486,24.467874999998457,57.902688000001945,20.16410199999973,33.43481299999985,0.7852389929254777,0.5091110070744442,1.2048000000000076,0.4195610070744732,0.6956889929254877
Poland,PL,2026-01,2026-01-01,poland__standard_employee,Pologne · salarie standard,Poland · standard employee,3.57,17157.42,1674.564192,1674.564192,257.3613,1115.2323,420.35679,286.528914,420.35679,17.15742,1332.462395,3684.744677,3513.839616,0.21476100000000004,0.2048,13472.675323,2057.64407,11415.031254,20671.259616,7198.584293,9256.228362,False,1.5343099362105044,1.8108806850129837,48.05999999999767,37.738585999999486,24.467875000000276,57.90268799999831,20.16410199999973,33.43481299999985,0.7852389929255371,0.5091110070745206,1.2048000000000232,0.41956100707450494,0.6956889929255403
Poland,PL,2026-01,2026-01-01,poland__standard_employee,Pologne · salarie standard,Poland · standard employee,3.58,17205.48,1679.254848,1679.254848,258.0822,1118.3562,421.53426,287.331516,421.53426,17.20548,1336.194782,3695.06609,3523.682304,0.214761,0.2048,13510.41391,2070.914781,11439.499128,20729.162304,7218.748394,9289.663176,False,1.5343099362105042,1.8120690487885687,48.06000000000131,37.738586999999825,24.467873999999938,57.902688000001945,20.1641010000003,33.43481400000019,0.7852390137328089,0.5091109862671509,1.2048000000000076,0.4195609862671609,0.6956890137328189
Poland,PL,2026-01,2026-01-01,poland__standard_employee,Pologne · salarie standard,Poland · standard employee,3.59,17253.54,1683.945504,1683.945504,258.8031,1121.4801,422.71173,288.134118,422.71173,17.25354,1339.92717,3705.387504,3533.524992,0.214761,0.2048,13548.152496,2084.185493,11463.967003,20787.064992,7238.912496,9323.097989,False,1.534309936210504,1.813252339846149,48.06000000000131,37.738586000001305,24.467875000000276,57.90268799999831,20.16410199999973,33.43481299999985,0.7852389929255156,0.5091110070744821,1.204799999999932,0.4195610070744732,0.6956889929254877
Poland,PL,2026-01,2026-01-01,poland__standard_employee,Pologne · salarie standard,Poland · standard employee,3.6,17301.6,1688.63616,1688.63616,259.524,1124.604,423.8892,288.93672,423.8892,17.3016,1343.659558,3715.708918,3543.36768,0.214761,0.20479999999999998,13585.891082,2097.456205,11488.434878,20844.96768,7259.076598,9356.532802,False,1.534309936210504,1.814430590597092,48.05999999999767,37.738585999999486,24.467875000000276,57.902688000001945,20.16410199999973,33.43481299999985,0.7852389929255371,0.5091110070745206,1.204800000000099,0.41956100707450494,0.6956889929255403
Poland,PL,2026-01,2026-01-01,poland__standard_employee,Pologne · salarie standard,Poland · standard employee,3.61,17349.66,1693.326816,1693.326816,260.2449,1127.7279,425.06667,289.739322,425.06667,17.34966,1347.391945,3726.030331,3553.210368,0.214761,0.2048,13623.629669,2110.726916,11512.902752,20902.870368,7279.240699,9389.967616,False,1.5343099362105042,1.8156038331772355,48.06000000000131,37.738586999999825,24.467873999999938,57.90268799999831,20.1641010000003,33.43481400000019,0.7852390137328089,0.5091109862671509,1.204799999999932,0.4195609862671609,0.6956890137328189
Poland,PL,2026-01,2026-01-01,poland__standard_employee,Pologne · salarie standard,Poland · standard employee,3.62,17397.72,1698.017472,1698.017472,260.9658,1130.8518,426.24414,290.541924,426.24414,17.39772,1351.124333,3736.351745,3563.053056,0.214761,0.20480000000000004,13661.368255,2123.997628,11537.370627,20960.773056,7299.404801,9423.402429,False,1.5343099362105042,1.8167720994498084,48.06000000000131,37.738585999999486,24.467875000000276,57.902688000001945,20.16410199999973,33.43481299999985,0.7852389929254777,0.5091110070744821,1.2048000000000076,0.4195610070744732,0.6956889929254877
Poland,PL,2026-01,2026-01-01,poland__standard_employee,Pologne · salarie standard,Poland · standard employee,3.63,17445.78,1702.708128,1702.708128,261.6867,1133.9757,427.42161,291.344526,427.42161,17.44578,1354.856721,3746.673159,3572.895744,0.214761,0.2048,13699.106841,2137.26834,11561.838502,21018.675744,7319.568903,9456.837242,False,1.5343099362105044,1.8179354210083167,48.05999999999767,37.738586000001305,24.467875000000276,57.90268799999831,20.16410200000064,33.43481299999985,0.785238992925575,0.5091110070745206,1.2048000000000232,0.4195610070745239,0.6956889929255403
Poland,PL,2026-01,2026-01-01,poland__standard_employee,Pologne · salarie standard,Poland · standard employee,3.64,17493.84,1707.398784,1707.398784,262.4076,1137.0996,428.59908,292.147128,428.59908,17.49384,1358.589108,3756.994572,3582.738432,0.21476100000000004,0.20480000000000004,13736.845428,2150.539052,11586.306376,21076.578432,7339.733004,9490.272056,False,1.5343099362105044,1.8190938291793899,48.06000000000131,37.738586999999825,24.467873999999938,57.90268799999831,20.16410099999939,33.43481400000019,0.7852390137328089,0.5091109862671509,1.204799999999932,0.41956098626714194,0.6956890137328189
Poland,PL,2026-01,2026-01-01,poland__standard_employee,Pologne · salarie standard,Poland · standard employee,3.65,17541.9,1712.08944,1712.08944,263.1285,1140.2235,429.77655,292.94973,429.77655,17.5419,1362.321496,3767.315986,3592.58112,0.214761,0.2048,13774.584014,2163.809763,11610.774251,21134.48112,7359.897106,9523.706869,False,1.5343099362105042,1.8202473550255942,48.06000000000131,37.738585999999486,24.467875000000276,57.902688000001945,20.16410200000064,33.43481299999985,0.7852389929254777,0.5091110070744821,1.2048000000000076,0.41956100707449206,0.6956889929254877
Poland,PL,2026-01,2026-01-01,poland__standard_employee,Pologne · salarie standard,Poland · standard employee,3.66,17589.96,1716.780096,1716.780096,263.8494,1143.3474,430.95402,293.752332,430.95402,17.58996,1366.053884,3777.6374,3602.423808,0.214761,0.2048,13812.3226,2177.080475,11635.242126,21192.383808,7380.061208,9557.141682,False,1.5343099362105042,1.8213960293482092,48.05999999999767,37.738585999999486,24.467874999998457,57.90268799999831,20.16410199999973,33.43481299999985,0.7852389929255371,0.5091110070744828,1.2048000000000232,0.41956100707450494,0.6956889929255403
Poland,PL,2026-01,2026-01-01,poland__standard_employee,Pologne · salarie standard,Poland · standard employee,3.67,17638.02,1721.470752,1721.470752,264.5703,1146.4713,432.13149,294.554934,432.13149,17.63802,1369.786271,3787.958813,3612.266496,0.214761,0.2048,13850.061187,2190.351187,11659.71,21250.286496,7400.225309,9590.576496,False,1.5343099362105042,1.8225398826899675,48.06000000000131,37.738586999999825,24.467873999999938,57.902688000001945,20.1641010000003,33.43481400000019,0.7852390137328089,0.5091109862671509,1.2048000000000076,0.4195609862671609,0.6956890137328189
Poland,PL,2026-01,2026-01-01,poland__standard_employee,Pologne · salarie standard,Poland · standard employee,3.68,17686.08,1726.161408,1726.161408,265.2912,1149.5952,433.30896,295.357536,433.30896,17.68608,1373.518659,3798.280227,3622.109184,0.214761,0.2048,13887.799773,2203.621898,11684.177875,21308.189184,7420.389411,9624.011309,False,1.5343099362105042,1.8236789453377646,48.06000000000131,37.738586000001305,24.467875000000276,57.90268799999831,20.16410199999973,33.43481299999985,0.7852389929255156,0.5091110070744821,1.204799999999932,0.4195610070744732,0.6956889929254877
Poland,PL,2026-01,2026-01-01,poland__standard_employee,Pologne · salarie standard,Poland · standard employee,3.69,17734.14,1730.852064,1730.852064,266.0121,1152.7191,434.48643,296.160138,434.48643,17.73414,1377.251047,3808.601641,3631.951872,0.21476099999999998,0.2048,13925.538359,2216.89261,11708.64575,21366.091872,7440.553513,9657.446122,False,1.5343099362105042,1.8248132473253293,48.05999999999767,37.738585999999486,24.467875000000276,57.902688000001945,20.16410199999973,33.43481299999985,0.7852389929255371,0.5091110070745206,1.204800000000099,0.41956100707450494,0.6956889929255403
Poland,PL,2026-01,2026-01-01,poland__standard_employee,Pologne · salarie standard,Poland · standard employee,3.7,17782.2,1735.54272,1735.54272,266.733,1155.843,435.6639,296.96274,435.6639,17.7822,1380.983434,3818.923054,3641.79456,0.21476099999999998,0.2048,13963.276946,2230.163322,11733.113624,21423.99456,7460.717614,9690.880936,False,1.534309936210504,1.8259428184358655,48.06000000000131,37.738586999999825,24.467873999999938,57.90268799999831,20.1641010000003,33.43481400000019,0.7852390137328089,0.5091109862671509,1.204799999999932,0.4195609862671609,0.6956890137328189
Poland,PL,2026-01,2026-01-01,poland__standard_employee,Pologne · salarie standard,Poland · standard employee,3.71,17830.26,1740.233376,1740.233376,267.4539,1158.9669,436.84137,297.765342,436.84137,17.83026,1384.715822,3829.244468,3651.637248,0.21476099999999998,0.2048,14001.015532,2243.434033,11757.581499,21481.897248,7480.881716,9724.315749,False,1.5343099362105042,1.8270676882046584,48.05999999999767,37.738585999999486,24.467875000000276,57.902688000001945,20.16410199999973,33.43481299999985,0.7852389929255371,0.5091110070745206,1.204800000000099,0.41956100707450494,0.6956889929255403
Poland,PL,2026-01,2026-01-01,poland__standard_employee,Pologne · salarie standard,Poland · standard employee,3.72,17878.32,1744.924032,1744.924032,268.1748,1162.0908,438.01884,298.567944,438.01884,17.87832,1388.44821,3839.565882,3661.479936,0.21476100000000004,0.20479999999999998,14038.754118,2256.704745,11782.049374,21539.799936,7501.045818,9757.750562,False,1.5343099362105042,1.8281878859216474,48.06000000000131,37.738586000001305,24.467875000000276,57.90268799999831,20.16410199999973,33.43481299999985,0.7852389929255156,0.5091110070744821,1.204799999999932,0.4195610070744732,0.6956889929254877
Poland,PL,2026-01,2026-01-01,poland__standard_employee,Pologne · salarie standard,Poland · standard employee,3.73,17926.38,1749.614688,1749.614688,268.8957,1165.2147,439.19631,299.370546,439.19631,17.92638,1392.180597,3849.887295,3671.322624,0.21476099999999998,0.2048,14076.492705,2269.975457,11806.517248,21597.702624,7521.209919,9791.185376,False,1.5343099362105042,1.8293034406339714,48.06000000000131,37.738586999999825,24.467873999999938,57.902688000001945,20.1641010000003,33.43481400000019,0.7852390137328089,0.5091109862671509,1.2048000000000076,0.4195609862671609,0.6956890137328189
Poland,PL,2026-01,2026-01-01,poland__standard_employee,Pologne · salarie standard,Poland · standard employee,3.74,17974.44,1754.305344,1754.305344,269.6166,1168.3386,440.37378,300.173148,440.37378,17.97444,1395.912985,3860.208709,3681.165312,0.214761,0.20479999999999998,14114.231291,2283.246168,11830.985123,21655.605312,7541.374021,9824.620189,False,1.5343099362105042,1.8304143811484757,48.05999999999767,37.738585999999486,24.467875000000276,57.90268799999831,20.16410199999973,33.43481299999985,0.7852389929255371,0.5091110070745206,1.2048000000000232,0.41956100707450494,0.6956889929255403
Poland,PL,2026-01,2026-01-01,poland__standard_employee,Pologne · salarie standard,Poland · standard employee,3.75,18022.5,1758.996,1758.996,270.3375,1171.4625,441.55125,300.97575,441.55125,18.0225,1399.645373,3870.530123,3691.008,0.214761,0.2048,14151.969878,2296.51688,11855.452998,21713.508,7561.538123,9858.055003,False,1.5343099362105042,1.8315207360341947,48.06000000000131,37.738586999999825,24.467875000000276,57.902688000001945,20.16410200000064,33.43481400000019,0.7852390137328089,0.5091110070744821,1.2048000000000076,0.41956100707449206,0.6956890137328189
Poland,PL,2026-01,2026-01-01,poland__standard_employee,Pologne · salarie standard,Poland · standard employee,3.76,18070.56,1763.686656,1763.686656,271.0584,1174.5864,442.72872,301.778352,442.72872,18.07056,1403.37776,3880.851536,3700.850688,0.21476099999999998,0.20480000000000004,14189.708464,2309.787592,11879.920872,21771.410688,7581.702224,9891.489816,False,1.5343099362105042,1.8326225336247999,48.06000000000131,37.738585999999486,24.467873999999938,57.90268799999831,20.16410099999939,33.43481299999985,0.7852389929254777,0.5091109862671509,1.204799999999932,0.41956098626714194,0.6956889929254877
Poland,PL,2026-01,2026-01-01,poland__standard_employee,Pologne · salarie standard,Poland · standard employee,3.77,18118.62,1768.377312,1768.377312,271.7793,1177.7103,443.90619,302.580954,443.90619,18.11862,1407.110148,3891.17295,3710.693376,0.214761,0.20480000000000004,14227.44705,2323.058303,11904.388747,21829.313376,7601.866326,9924.924629,False,1.5343099362105042,1.8337198020210175,48.05999999999767,37.738586000001305,24.467875000000276,57.90268799999831,20.16410200000064,33.43481299999985,0.785238992925575,0.5091110070745206,1.2048000000000232,0.4195610070745239,0.6956889929255403
Poland,PL,2026-01,2026-01-01,poland__standard_employee,Pologne · salarie standard,Poland · standard employee,3.78,18166.68,1773.067968,1773.067968,272.5002,1180.8342,445.08366,303.383556,445.08366,18.16668,1410.842535,3901.494363,3720.536064,0.214761,0.2048,14265.185637,2336.329015,11928.856621,21887.216064,7622.030427,9958.359443,False,1.5343099362105042,1.83481256909302,48.06000000000131,37.738586999999825,24.467873999999938,57.902688000001945,20.16410099999939,33.43481400000019,0.7852390137328089,0.5091109862671509,1.2048000000000076,0.41956098626714194,0.6956890137328189
Poland,PL,2026-01,2026-01-01,poland__standard_employee,Pologne · salarie standard,Poland · standard employee,3.79,18214.74,1777.758624,1777.758624,273.2211,1183.9581,446.26113,304.186158,446.26113,18.21474,1414.574923,3911.815777,3730.378752,0.21476099999999998,0.20479999999999998,14302.924223,2349.599727,11953.324496,21945.118752,7642.194529,9991.794256,False,1.5343099362105042,1.8359008624827826,48.06000000000131,37.738585999999486,24.467874999998457,57.90268799999831,20.16410200000064,33.43481299999985,0.7852389929254777,0.5091110070744442,1.204799999999932,0.41956100707449206,0.6956889929254877
Poland,PL,2026-01,2026-01-01,poland__standard_employee,Pologne · salarie standard,Poland · standard employee,3.8,18262.8,1782.44928,1782.44928,273.942,1187.082,447.4386,304.98876,447.4386,18.2628,1418.307311,3922.137191,3740.22144,0.21476099999999998,0.2048,14340.662809,2362.870438,11977.792371,22003.02144,7662.358631,10025.229069,False,1.5343099362105042,1.8369847096064178,48.05999999999767,37.738585999999486,24.467875000000276,57.902688000001945,20.16410199999973,33.43481300000167,0.7852389929255371,0.5091110070745206,1.204800000000099,0.41956100707450494,0.6956889929255782
Poland,PL,2026-01,2026-01-01,poland__standard_employee,Pologne · salarie standard,Poland · standard employee,3.81,18310.86,1787.139936,1787.139936,274.6629,1190.2059,448.61607,305.791362,448.61607,18.31086,1422.039698,3932.458604,3750.064128,0.214761,0.2048,14378.401396,2376.14115,12002.260245,22060.924128,7682.522732,10058.663883,False,1.5343099362105042,1.838064137656473,48.06000000000131,37.738586999999825,24.467873999999938,57.90268799999831,20.1641010000003,33.43481399999837,0.7852390137328089,0.5091109862671509,1.204799999999932,0.4195609862671609,0.695689013732781
Poland,PL,2026-01,2026-01-01,poland__standard_employee,Pologne · salarie standard,Poland · standard employee,3.82,18358.92,1791.830592,1791.830592,275.3838,1193.3298,449.79354,306.593964,449.79354,18.35892,1425.772086,3942.780018,3759.906816,0.21476100000000004,0.20480000000000004,14416.139982,2389.411862,12026.72812,22118.826816,7702.686834,10092.098696,False,1.5343099362105042,1.839139173604209,48.05999999999767,37.738586000001305,24.467875000000276,57.902688000001945,20.16410199999973,33.43481299999985,0.785238992925575,0.5091110070745206,1.204800000000099,0.41956100707450494,0.6956889929255403
Poland,PL,2026-01,2026-01-01,poland__standard_employee,Pologne · salarie standard,Poland · standard employee,3.83,18406.98,1796.521248,1796.521248,276.1047,1196.4537,450.97101,307.396566,450.97101,18.40698,1429.504474,3953.101432,3769.749504,0.214761,0.2048,14453.878568,2402.682573,12051.195995,22176.729504,7722.850936,10125.533509,False,1.534309936210504,1.8402098442018446,48.06000000000131,37.738585999999486,24.467875000000276,57.90268799999831,20.16410199999973,33.43481300000167,0.7852389929254777,0.5091110070744821,1.204799999999932,0.4195610070744732,0.6956889929255256
Poland,PL,2026-01,2026-01-01,poland__standard_employee,Pologne · salarie standard,Poland · standard employee,3.84,18455.04,1801.211904,1801.211904,276.8256,1199.5776,452.14848,308.199168,452.14848,18.45504,1433.236861,3963.422845,3779.592192,0.21476100000000004,0.20479999999999998,14491.617155,2415.953285,12075.663869,22234.632192,7743.015037,10158.968323,False,1.534309936210504,1.8412761759847753,48.06000000000131,37.738586999999825,24.467873999999938,57.902688000001945,20.1641010000003,33.43481399999837,0.7852390137328089,0.5091109862671509,1.2048000000000076,0.4195609862671609,0.695689013732781
Poland,PL,2026-01,2026-01-01,poland__standard_employee,Pologne · salarie standard,Poland · standard employee,3.85,18503.1,1805.90256,1805.90256,277.5465,1202.7015,453.32595,309.00177,453.32595,18.5031,1436.969249,3973.744259,3789.43488,0.214761,0.20479999999999998,14529.355741,2429.223997,12100.131744,22292.53488,7763.179139,10192.403136,False,1.534309936210504,1.8423381952737659,48.05999999999767,37.738585999999486,24.467875000000276,57.90268799999831,20.16410199999973,33.43481300000167,0.7852389929255371,0.5091110070745206,1.2048000000000232,0.41956100707450494,0.6956889929255782
Poland,PL,2026-01,2026-01-01,poland__standard_employee,Pologne · salarie standard,Poland · standard employee,3.86,18551.16,1810.593216,1810.593216,278.2674,1205.8254,454.50342,309.804372,454.50342,18.55116,1440.701637,3984.065673,3799.277568,0.214761,0.2048,14567.094327,2442.494708,12124.599619,22350.437568,7783.343241,10225.837949,False,1.5343099362105042,1.8433959281771164,48.06000000000131,37.738586000001305,24.467875000000276,57.902688000001945,20.16410199999973,33.43481299999985,0.7852389929255156,0.5091110070744821,1.2048000000000076,0.4195610070744732,0.6956889929254877
Poland,PL,2026-01,2026-01-01,poland__standard_employee,Pologne · salarie standard,Poland · standard employee,3.87,18599.22,1815.283872,1815.283872,278.9883,1208.9493,455.68089,310.606974,455.68089,18.59922,1444.434024,3994.387086,3809.120256,0.21476099999999998,0.2048,14604.832914,2455.76542,12149.067493,22408.340256,7803.507342,10259.272763,False,1.5343099362105042,1.844449400592801,48.06000000000131,37.738586999999825,24.467873999999938,57.90268799999831,20.1641010000003,33.43481400000019,0.7852390137328089,0.5091109862671509,1.204799999999932,0.4195609862671609,0.6956890137328189
Poland,PL,2026-01,2026-01-01,poland__standard_employee,Pologne · salarie standard,Poland · standard employee,3.88,18647.28,1819.974528,1819.974528,279.7092,1212.0732,456.85836,311.409576,456.85836,18.64728,1448.166412,4004.7085,3818.962944,0.214761,0.20480000000000004,14642.5715,2469.036132,12173.535368,22466.242944,7823.671444,10292.707576,False,1.534309936210504,1.8454986382105822,48.05999999999767,37.738585999999486,24.467875000000276,57.902688000001945,20.16410199999973,33.43481299999985,0.7852389929255371,0.5091110070745206,1.204800000000099,0.41956100707450494,0.6956889929255403
Poland,PL,2026-01,2026-01-01,poland__standard_employee,Pologne · salarie standard,Poland · standard employee,3.89,18695.34,1824.665184,1824.665184,280.4301,1215.1971,458.03583,312.212178,458.03583,18.69534,1451.8988,4015.029914,3828.805632,0.21476099999999998,0.20480000000000004,14680.310086,2482.306844,12198.003243,22524.145632,7843.835546,10326.142389,False,1.534309936210504,1.8465436665141,48.06000000000131,37.738585999999486,24.467874999998457,57.90268799999831,20.16410200000064,33.43481299999985,0.7852389929254777,0.5091110070744442,1.204799999999932,0.41956100707449206,0.6956889929254877
Poland,PL,2026-01,2026-01-01,poland__standard_employee,Pologne · salarie standard,Poland · standard employee,3.9,18743.4,1829.35584,1829.35584,281.151,1218.321,459.2133,313.01478,459.2133,18.7434,1455.631187,4025.351327,3838.64832,0.214761,0.2048,14718.048673,2495.577555,12222.471117,22582.04832,7863.999647,10359.577203,False,1.5343099362105042,1.8475845107829325,48.06000000000131,37.738586999999825,24.467873999999938,57.902688000001945,20.16410099999939,33.43481400000019,0.7852390137328089,0.5091109862671509,1.2048000000000076,0.41956098626714194,0.6956890137328189
Poland,PL,2026-01,2026-01-01,poland__standard_employee,Pologne · salarie standard,Poland · standard employee,3.91,18791.46,1834.046496,1834.046496,281.8719,1221.4449,460.39077,313.817382,460.39077,18.79146,1459.363575,4035.672741,3848.491008,0.21476099999999998,0.20479999999999998,14755.787259,2508.848267,12246.938992,22639.951008,7884.163749,10393.012016,False,1.5343099362105042,1.8486211960946368,48.05999999999767,37.738586000001305,24.467875000000276,57.90268799999831,20.16410200000064,33.43481299999985,0.785238992925575,0.5091110070745206,1.2048000000000232,0.4195610070745239,0.6956889929255403
Poland,PL,2026-01,2026-01-01,poland__standard_employee,Pologne · salarie standard,Poland · standard employee,3.92,18839.52,1838.737152,1838.737152,282.5928,1224.5688,461.56824,314.619984,461.56824,18.83952,1463.095963,4045.994155,3858.333696,0.214761,0.2048,14793.525845,2522.118979,12271.406867,22697.853696,7904.327851,10426.446829,False,1.5343099362105042,1.8496537473267614,48.06000000000131,37.738585999999486,24.467875000000276,57.90268799999831,20.16410199999973,33.43481299999985,0.7852389929254777,0.5091110070744821,1.204799999999932,0.4195610070744732,0.6956889929254877
Poland,PL,2026-01,2026-01-01,poland__standard_employee,Pologne · salarie standard,Poland · standard employee,3.93,18887.58,1843.427808,1843.427808,283.3137,1227.6927,462.74571,315.422586,462.74571,18.88758,1466.82835,4056.315568,3868.176384,0.214761,0.2048,14831.264432,2535.38969,12295.874741,22755.756384,7924.491952,10459.881643,False,1.5343099362105042,1.8506821891588383,48.06000000000131,37.738586999999825,24.467873999999938,57.902688000001945,20.1641010000003,33.43481400000019,0.7852390137328089,0.5091109862671509,1.2048000000000076,0.4195609862671609,0.6956890137328189
Poland,PL,2026-01,2026-01-01,poland__standard_employee,Pologne · salarie standard,Poland · standard employee,3.94,18935.64,1848.118464,1848.118464,284.0346,1230.8166,463.92318,316.225188,463.92318,18.93564,1470.560738,4066.636982,3878.019072,0.21476099999999998,0.20480000000000004,14869.003018,2548.660402,12320.342616,22813.659072,7944.656054,10493.316456,False,1.534309936210504,1.8517065460743458,48.05999999999767,37.738585999999486,24.467875000000276,57.90268799999831,20.16410199999973,33.43481299999985,0.7852389929255371,0.5091110070745206,1.2048000000000232,0.41956100707450494,0.6956889929255403
Poland,PL,2026-01,2026-01-01,poland__standard_employee,Pologne · salarie standard,Poland · standard employee,3.95,18983.7,1852.80912,1852.80912,284.7555,1233.9405,465.10065,317.02779,465.10065,18.9837,1474.293126,4076.958396,3887.86176,0.21476099999999998,0.20480000000000004,14906.741604,2561.931114,12344.810491,22871.56176,7964.820156,10526.751269,False,1.534309936210504,1.852726842362656,48.06000000000131,37.738586000001305,24.467875000000276,57.902688000001945,20.16410199999973,33.43481299999985,0.7852389929255156,0.5091110070744821,1.2048000000000076,0.4195610070744732,0.6956889929254877
Poland,PL,2026-01,2026-01-01,poland__standard_employee,Pologne · salarie standard,Poland · standard employee,3.96,19031.76,1857.499776,1857.499776,285.4764,1237.0644,466.27812,317.830392,466.27812,19.03176,1478.025513,4087.279809,3897.704448,0.21476099999999998,0.20479999999999998,14944.480191,2575.201825,12369.278365,22929.464448,7984.984257,10560.186083,False,1.5343099362105042,1.8537431021209503,48.05999999999767,37.738586999999825,24.467873999999938,57.90268799999831,20.1641010000003,33.43481400000019,0.7852390137328683,0.5091109862671894,1.2048000000000232,0.4195609862671926,0.6956890137328716
Poland,PL,2026-01,2026-01-01,poland__standard_employee,Pologne · salarie standard,Poland · standard employee,3.97,19079.82,1862.190432,1862.190432,286.1973,1240.1883,467.45559,318.632994,467.45559,19.07982,1481.757901,4097.601223,3907.547136,0.21476100000000004,0.2048,14982.218777,2588.472537,12393.74624,22987.367136,8005.148359,10593.620896,False,1.5343099362105042,1.8547553492561184,48.06000000000131,37.738585999999486,24.467875000000276,57.902688000001945,20.16410199999973,33.43481299999985,0.7852389929254777,0.5091110070744821,1.2048000000000076,0.4195610070744732,0.6956889929254877
Poland,PL,2026-01,2026-01-01,poland__standard_employee,Pologne · salarie standard,Poland · standard employee,3.98,19127.88,1866.881088,1866.881088,286.9182,1243.3122,468.63306,319.435596,468.63306,19.12788,1485.490289,4107.922637,3917.389824,0.214761,0.20480000000000004,15019.957363,2601.743249,12418.214115,23045.269824,8025.312461,10627.055709,False,1.5343099362105042,1.8557636074866346,48.06000000000131,37.738585999999486,24.467875000000276,57.90268799999831,20.16410200000064,33.43481299999985,0.7852389929254777,0.5091110070744821,1.204799999999932,0.41956100707449206,0.6956889929254877
Poland,PL,2026-01,2026-01-01,poland__standard_employee,Pologne · salarie standard,Poland · standard employee,3.99,19175.94,1871.571744,1871.571744,287.6391,1246.4361,469.81053,320.238198,469.81053,19.17594,1489.222676,4118.24405,3927.232512,0.21476099999999998,0.20480000000000004,15057.69595,2615.01396,12442.681989,23103.172512,8045.476562,10660.490523,False,1.5343099362105042,1.8567679003444069,48.05999999999767,37.738586999999825,24.467873999999938,57.902688000001945,20.16410099999939,33.43481400000019,0.7852390137328683,0.5091109862671894,1.204800000000099,0.4195609862671737,0.6956890137328716
Poland,PL,2026-01,2026-01-01,poland__standard_employee,Pologne · salarie standard,Poland · standard employee,4.0,19224.0,1876.2624,1876.2624,288.36,1249.56,470.988,321.0408,470.988,19.224,1492.955064,4128.565464,3937.0752,0.21476099999999995,0.20479999999999998,15095.434536,2628.284672,12467.149864,23161.0752,8065.640664,10693.925336,False,1.534309936210504,1.8577682511766105,48.06000000000131,37.738586000001305,24.467875000000276,57.90268799999831,20.16410199999973,33.43481299999985,0.7852389929255156,0.5091110070744821,1.204799999999932,0.4195610070744732,0.6956889929254877
Poland,PL,2026-01,2026-01-01,poland__standard_employee,Pologne · salarie standard,Poland · standard employee,4.01,19272.06,1880.953056,1880.953056,289.0809,1252.6839,472.16547,321.843402,472.16547,19.27206,1496.687452,4138.886878,3946.917888,0.21476099999999998,0.2048,15133.173122,2641.555384,12491.617739,23218.977888,8085.804766,10727.360149,False,1.5343099362105042,1.8587646831474962,48.06000000000131,37.738585999999486,24.467874999998457,57.902688000001945,20.16410200000064,33.43481299999985,0.7852389929254777,0.5091110070744442,1.2048000000000076,0.41956100707449206,0.6956889929254877
Poland,PL,2026-01,2026-01-01,poland__standard_employee,Pologne · salarie standard,Poland · standard employee,4.02,19320.12,1885.643712,1885.643712,289.8018,1255.8078,473.34294,322.646004,473.34294,19.32012,1500.419839,4149.208291,3956.760576,0.214761,0.20479999999999998,15170.911709,2654.826095,12516.085613,23276.880576,8105.968867,10760.794963,False,1.5343099362105042,1.8597572192401777,48.05999999999767,37.738586999999825,24.467873999999938,57.90268799999831,20.16410099999939,33.43481400000019,0.7852390137328683,0.5091109862671894,1.2048000000000232,0.4195609862671737,0.6956890137328716
Poland,PL,2026-01,2026-01-01,poland__standard_employee,Pologne · salarie standard,Poland · standard employee,4.03,19368.18,1890.334368,1890.334368,290.5227,1258.9317,474.52041,323.448606,474.52041,19.36818,1504.152227,4159.529705,3966.603264,0.214761,0.20479999999999998,15208.650295,2668.096807,12540.553488,23334.783264,8126.132969,10794.229776,False,1.5343099362105042,1.8607458822583998,48.06000000000131,37.738585999999486,24.467875000000276,57.902688000001945,20.16410200000064,33.43481299999985,0.7852389929254777,0.5091110070744821,1.2048000000000076,0.41956100707449206,0.6956889929254877
Poland,PL,2026-01,2026-01-01,poland__standard_employee,Pologne · salarie standard,Poland · standard employee,4.04,19416.24,1895.025024,1895.025024,291.2436,1262.0556,475.69788,324.251208,475.69788,19.41624,1507.884615,4169.851119,3976.445952,0.21476100000000004,0.2048,15246.388881,2681.367519,12565.021363,23392.685952,8146.297071,10827.664589,False,1.5343099362105042,1.8617306948282843,48.06000000000131,37.738586000001305,24.467875000000276,57.90268799999831,20.16410199999973,33.43481299999985,0.7852389929255156,0.5091110070744821,1.204799999999932,0.4195610070744732,0.6956889929254877
Poland,PL,2026-01,2026-01-01,poland__standard_employee,Pologne · salarie standard,Poland · standard employee,4.05,19464.3,1899.71568,1899.71568,291.9645,1265.1795,476.87535,325.05381,476.87535,19.4643,1511.617002,4180.172532,3986.28864,0.21476099999999995,0.2048,15284.127468,2694.63823,12589.489237,23450.58864,8166.461172,10861.099403,False,1.534309936210504,1.8627116794000547,48.05999999999767,37.738586999999825,24.467873999999938,57.902688000001945,20.1641010000003,33.43481400000019,0.7852390137328683,0.5091109862671894,1.204800000000099,0.4195609862671926,0.6956890137328716
Poland,PL,2026-01,2026-01-01,poland__standard_employee,Pologne · salarie standard,Poland · standard employee,4.06,19512.36,1904.406336,1904.406336,292.6854,1268.3034,478.05282,325.856412,478.05282,19.51236,1515.34939,4190.493946,3996.131328,0.21476099999999998,0.20480000000000004,15321.866054,2707.908942,12613.957112,23508.491328,8186.625274,10894.534216,False,1.5343099362105042,1.8636888582497462,48.06000000000131,37.738585999999486,24.467875000000276,57.90268799999831,20.16410199999973,33.43481299999985,0.7852389929254777,0.5091110070744821,1.204799999999932,0.4195610070744732,0.6956889929254877
Poland,PL,2026-01,2026-01-01,poland__standard_employee,Pologne · salarie standard,Poland · standard employee,4.07,19560.42,1909.096992,1909.096992,293.4063,1271.4273,479.23029,326.659014,479.23029,19.56042,1519.081778,4200.81536,4005.974016,0.21476100000000004,0.20479999999999995,15359.60464,2721.179654,12638.424987,23566.394016,8206.789376,10927.969029,False,1.5343099362105042,1.8646622534808872,48.05999999999767,37.738585999999486,24.467875000000276,57.90268799999831,20.16410200000064,33.43481299999985,0.7852389929255371,0.5091110070745206,1.2048000000000232,0.4195610070745239,0.6956889929255403
Poland,PL,2026-01,2026-01-01,poland__standard_employee,Pologne · salarie standard,Poland · standard employee,4.08,19608.48,1913.787648,1913.787648,294.1272,1274.5512,480.40776,327.461616,480.40776,19.60848,1522.814165,4211.136773,4015.816704,0.214761,0.2048,15397.343227,2734.450365,12662.892861,23624.296704,8226.953477,10961.403843,False,1.534309936210504,1.8656318870261683,48.06000000000131,37.738586999999825,24.467873999999938,57.902688000001945,20.16410099999848,33.43481400000019,0.7852390137328089,0.5091109862671509,1.2048000000000076,0.419560986267123,0.6956890137328189
Poland,PL,2026-01,2026-01-01,poland__standard_employee,Pologne · salarie standard,Poland · standard employee,4.09,19656.54,1918.478304,1918.478304,294.8481,1277.6751,481.58523,328.264218,481.58523,19.65654,1526.546553,4221.458187,4025.659392,0.21476100000000004,0.20480000000000004,15435.081813,2747.721077,12687.360736,23682.199392,8247.117579,10994.838656,False,1.5343099362105042,1.8665977806490892,48.06000000000131,37.738586000001305,24.467875000000276,57.90268799999831,20.16410200000064,33.43481299999985,0.7852389929255156,0.5091110070744821,1.204799999999932,0.41956100707449206,0.6956889929254877
Poland,PL,2026-01,2026-01-01,poland__standard_employee,Pologne · salarie standard,Poland · standard employee,4.1,19704.6,1923.16896,1923.16896,295.569,1280.799,482.7627,329.06682,482.7627,19.7046,1530.278941,4231.779601,4035.50208,0.214761,0.20480000000000004,15472.820399,2760.991789,12711.828611,23740.10208,8267.281681,11028.273469,False,1.534309936210504,1.8675599559455878,48.05999999999767,37.738585999999486,24.467875000000276,57.902688000001945,20.16410200000064,33.43481299999985,0.7852389929255371,0.5091110070745206,1.204800000000099,0.4195610070745239,0.6956889929255403
Poland,PL,2026-01,2026-01-01,poland__standard_employee,Pologne · salarie standard,Poland · standard employee,4.11,19752.66,1927.859616,1927.859616,296.2899,1283.9229,483.94017,329.869422,483.94017,19.75266,1534.011328,4242.101014,4045.344768,0.21476100000000004,0.2048,15510.558986,2774.2625,12736.296485,23798.004768,8287.445782,11061.708283,False,1.5343099362105042,1.8685184343456487,48.06000000000131,37.738586999999825,24.467873999999938,57.90268799999831,20.1641010000003,33.43481400000019,0.7852390137328089,0.5091109862671509,1.204799999999932,0.4195609862671609,0.6956890137328189
Poland,PL,2026-01,2026-01-01,poland__standard_employee,Pologne · salarie standard,Poland · standard employee,4.12,19800.72,1932.550272,1932.550272,297.0108,1287.0468,485.11764,330.672024,485.11764,19.80072,1537.743716,4252.422428,4055.187456,0.21476100000000004,0.2048,15548.297572,2787.533212,12760.76436,23855.907456,8307.609884,11095.143096,False,1.5343099362105042,1.8694732371148932,48.06000000000131,37.738585999999486,24.467874999998457,57.902688000001945,20.16410199999882,33.43481299999985,0.7852389929254777,0.5091110070744442,1.2048000000000076,0.41956100707445426,0.6956889929254877
Poland,PL,2026-01,2026-01-01,poland__standard_employee,Pologne · salarie standard,Poland · standard employee,4.13,19848.78,1937.240928,1937.240928,297.7317,1290.1707,486.29511,331.474626,486.29511,19.84878,1541.476104,4262.743842,4065.030144,0.214761,0.2048,15586.036158,2800.803924,12785.232235,23913.810144,8327.773986,11128.577909,False,1.534309936210504,1.870424385356155,48.05999999999767,37.738586000001305,24.467875000000276,57.90268799999831,20.16410200000064,33.43481299999985,0.785238992925575,0.5091110070745206,1.2048000000000232,0.4195610070745239,0.6956889929255403
Poland,PL,2026-01,2026-01-01,poland__standard_employee,Pologne · salarie standard,Poland · standard employee,4.14,19896.84,1941.931584,1941.931584,298.4526,1293.2946,487.47258,332.277228,487.47258,19.89684,1545.208491,4273.065255,4074.872832,0.21476100000000004,0.2048,15623.774745,2814.074636,12809.700109,23971.712832,8347.938087,11162.012723,False,1.5343099362105042,1.8713719000110336,48.06000000000131,37.738586999999825,24.467873999999938,57.902688000001945,20.1641010000003,33.43481400000019,0.7852390137328089,0.5091109862671509,1.2048000000000076,0.4195609862671609,0.6956890137328189
Poland,PL,2026-01,2026-01-01,poland__standard_employee,Pologne · salarie standard,Poland · standard employee,4.15,19944.9,1946.62224,1946.62224,299.1735,1296.4185,488.65005,333.07983,488.65005,19.9449,1548.940879,4283.386669,4084.71552,0.214761,0.2048,15661.513331,2827.345347,12834.167984,24029.61552,8368.102189,11195.447536,False,1.5343099362105042,1.8723158018614285,48.06000000000131,37.738585999999486,24.467875000000276,57.90268799999831,20.16410199999882,33.43481299999985,0.7852389929254777,0.5091110070744821,1.204799999999932,0.41956100707445426,0.6956889929254877
Poland,PL,2026-01,2026-01-01,poland__standard_employee,Pologne · salarie standard,Poland · standard employee,4.16,19992.96,1951.312896,1951.312896,299.8944,1299.5424,489.82752,333.882432,489.82752,19.99296,1552.673267,4293.708083,4094.558208,0.21476099999999998,0.2048,15699.251917,2840.616059,12858.635859,24087.518208,8388.266291,11228.882349,False,1.534309936210504,1.8732561115310629,48.05999999999767,37.738585999999486,24.467875000000276,57.902688000001945,20.16410200000064,33.43481299999985,0.7852389929255371,0.5091110070745206,1.204800000000099,0.4195610070745239,0.6956889929255403
Poland,PL,2026-01,2026-01-01,poland__standard_employee,Pologne · salarie standard,Poland · standard employee,4.17,20041.02,1956.003552,1956.003552,300.6153,1302.6663,491.00499,334.685034,491.00499,20.04102,1556.405654,4304.029496,4104.400896,0.21476099999999998,0.2048,15736.990504,2853.886771,12883.103733,24145.420896,8408.430392,11262.317163,False,1.534309936210504,1.8741928494869844,48.06000000000131,37.738586999999825,24.467873999999938,57.90268799999831,20.1641010000003,33.43481400000019,0.7852390137328089,0.5091109862671509,1.204799999999932,0.4195609862671609,0.6956890137328189
Poland,PL,2026-01,2026-01-01,poland__standard_employee,Pologne · salarie standard,Poland · standard employee,4.18,20089.08,1960.694208,1960.694208,301.3362,1305.7902,492.18246,335.487636,492.18246,20.08908,1560.138042,4314.35091,4114.243584,0.214761,0.2048,15774.72909,2867.157482,12907.571608,24203.323584,8428.594494,11295.751976,False,1.534309936210504,1.8751260360410478,48.06000000000131,37.738586000001305,24.467875000000276,57.902688000001945,20.16410200000064,33.43481299999985,0.7852389929255156,0.5091110070744821,1.2048000000000076,0.41956100707449206,0.6956889929254877
Poland,PL,2026-01,2026-01-01,poland__standard_employee,Pologne · salarie standard,Poland · standard employee,4.19,20137.14,1965.384864,1965.384864,302.0571,1308.9141,493.35993,336.290238,493.35993,20.13714,1563.87043,4324.672324,4124.086272,0.21476099999999998,0.20479999999999998,15812.467676,2880.428194,12932.039483,24261.226272,8448.758596,11329.186789,False,1.534309936210504,1.876055691351386,48.05999999999767,37.738585999999486,24.467875000000276,57.90268799999831,20.16410199999882,33.43481299999985,0.7852389929255371,0.5091110070745206,1.2048000000000232,0.419561007074486,0.6956889929255403
Poland,PL,2026-01,2026-01-01,poland__standard_employee,Pologne · salarie standard,Poland · standard employee,4.2,20185.2,1970.07552,1970.07552,302.778,1312.038,494.5374,337.09284,494.5374,20.1852,1567.602817,4334.993737,4133.92896,0.214761,0.2048,15850.206263,2893.698906,12956.507357,24319.12896,8468.922697,11362.621603,False,1.5343099362105042,1.87698183542386,48.06000000000131,37.738586999999825,24.467873999999938,57.90268799999831,20.1641010000003,33.43481400000019,0.7852390137328089,0.5091109862671509,1.204799999999932,0.4195609862671609,0.6956890137328189
Poland,PL,2026-01,2026-01-01,poland__standard_employee,Pologne · salarie standard,Poland · standard employee,4.21,20233.26,1974.766176,1974.766176,303.4989,1315.1619,495.71487,337.895442,495.71487,20.23326,1571.335205,4345.315151,4143.771648,0.21476099999999998,0.2048,15887.944849,2906.969617,12980.975232,24377.031648,8489.086799,11396.056416,False,1.534309936210504,1.8779044881134939,48.05999999999767,37.738585999999486,24.467875000000276,57.902688000001945,20.16410200000064,33.43481299999985,0.7852389929255371,0.5091110070745206,1.204800000000099,0.4195610070745239,0.6956889929255403
Poland,PL,2026-01,2026-01-01,poland__standard_employee,Pologne · salarie standard,Poland · standard employee,4.22,20281.32,1979.456832,1979.456832,304.2198,1318.2858,496.89234,338.698044,496.89234,20.28132,1575.067593,4355.636565,4153.614336,0.214761,0.20480000000000004,15925.683435,2920.240329,13005.443107,24434.934336,8509.250901,11429.491229,False,1.534309936210504,1.878823669125896,48.06000000000131,37.738586000001305,24.467874999998457,57.90268799999831,20.16410199999882,33.43481299999985,0.7852389929255156,0.5091110070744442,1.204799999999932,0.41956100707445426,0.6956889929254877
Poland,PL,2026-01,2026-01-01,poland__standard_employee,Pologne · salarie standard,Poland · standard employee,4.23,20329.38,1984.147488,1984.147488,304.9407,1321.4097,498.06981,339.500646,498.06981,20.32938,1578.79998,4365.957978,4163.457024,0.214761,0.20480000000000004,15963.422022,2933.511041,13029.910981,24492.837024,8529.415002,11462.926043,False,1.534309936210504,1.8797393980186583,48.06000000000131,37.738586999999825,24.467874000001757,57.902688000001945,20.1641010000003,33.43481400000019,0.7852390137328089,0.5091109862671888,1.2048000000000076,0.4195609862671609,0.6956890137328189
Poland,PL,2026-01,2026-01-01,poland__standard_employee,Pologne · salarie standard,Poland · standard employee,4.24,20377.44,1988.838144,1988.838144,305.6616,1324.5336,499.24728,340.303248,499.24728,20.37744,1582.532368,4376.279392,4173.299712,0.21476099999999998,0.2048,16001.160608,2946.781752,13054.378856,24550.739712,8549.579104,11496.360856,False,1.534309936210504,1.880651694202746,48.05999999999767,37.738585999999486,24.467874999998457,57.90268799999831,20.16410200000064,33.43481299999985,0.7852389929255371,0.5091110070744828,1.2048000000000232,0.4195610070745239,0.6956889929255403
Poland,PL,2026-01,2026-01-01,poland__standard_employee,Pologne · salarie standard,Poland · standard employee,4.25,20425.5,1993.5288,1993.5288,306.3825,1327.6575,500.42475,341.10585,500.42475,20.4255,1586.264756,4386.600806,4183.1424,0.214761,0.20480000000000004,16038.899195,2960.052464,13078.846731,24608.6424,8569.743206,11529.79567,False,1.5343099362105042,1.8815605769438677,48.06000000000131,37.738586999999825,24.467875000000276,57.902688000001945,20.16410199999882,33.43481400000019,0.7852390137328089,0.5091110070744821,1.2048000000000076,0.41956100707445426,0.6956890137328189
Poland,PL,2026-01,2026-01-01,poland__standard_employee,Pologne · salarie standard,Poland · standard employee,4.26,20473.56,1998.219456,1998.219456,307.1034,1330.7814,501.60222,341.908452,501.60222,20.47356,1589.997143,4396.922219,4192.985088,0.21476099999999998,0.20480000000000004,16076.637781,2973.323176,13103.314605,24666.545088,8589.907307,11563.230483,False,1.5343099362105042,1.8824660653638337,48.06000000000131,37.738585999999486,24.467873999999938,57.90268799999831,20.1641010000003,33.43481299999985,0.7852389929254777,0.5091109862671509,1.204799999999932,0.4195609862671609,0.6956889929254877
Poland,PL,2026-01,2026-01-01,poland__standard_employee,Pologne · salarie standard,Poland · standard employee,4.27,20521.62,2002.910112,2002.910112,307.8243,1333.9053,502.77969,342.711054,502.77969,20.52162,1593.729531,4407.243633,4202.827776,0.21476099999999998,0.2048,16114.376367,2986.593887,13127.78248,24724.447776,8610.071409,11596.665296,False,1.5343099362105042,1.8833681784418939,48.05999999999767,37.738586000001305,24.467875000000276,57.902688000001945,20.16410200000064,33.43481299999985,0.785238992925575,0.5091110070745206,1.204800000000099,0.4195610070745239,0.6956889929255403
Poland,PL,2026-01,2026-01-01,poland__standard_employee,Pologne · salarie standard,Poland · standard employee,4.28,20569.68,2007.600768,2007.600768,308.5452,1337.0292,503.95716,343.513656,503.95716,20.56968,1597.461918,4417.565046,4212.670464,0.214761,0.20479999999999998,16152.114954,2999.864599,13152.250354,24782.350464,8630.23551,11630.10011,False,1.534309936210504,1.8842669350160661,48.06000000000131,37.738586999999825,24.467873999999938,57.90268799999831,20.1641010000003,33.43481400000019,0.7852390137328089,0.5091109862671509,1.204799999999932,0.4195609862671609,0.6956890137328189
Poland,PL,2026-01,2026-01-01,poland__standard_employee,Pologne · salarie standard,Poland · standard employee,4.29,20617.74,2012.291424,2012.291424,309.2661,1340.1531,505.13463,344.316258,505.13463,20.61774,1601.194306,4427.88646,4222.513152,0.21476099999999998,0.2048,16189.85354,3013.135311,13176.718229,24840.253152,8650.399612,11663.534923,False,1.534309936210504,1.8851623537844475,48.06000000000131,37.738585999999486,24.467875000000276,57.902688000001945,20.16410199999882,33.43481299999985,0.7852389929254777,0.5091110070744821,1.2048000000000076,0.41956100707445426,0.6956889929254877
Poland,PL,2026-01,2026-01-01,poland__standard_employee,Pologne · salarie standard,Poland · standard employee,4.3,20665.8,2016.98208,2016.98208,309.987,1343.277,506.3121,345.11886,506.3121,20.6658,1604.926694,4438.207874,4232.35584,0.214761,0.20479999999999998,16227.592126,3026.406022,13201.186104,24898.15584,8670.563714,11696.969736,False,1.5343099362105042,1.8860544533065093,48.05999999999767,37.738585999999486,24.467875000000276,57.90268799999831,20.16410200000064,33.43481299999985,0.7852389929255371,0.5091110070745206,1.2048000000000232,0.4195610070745239,0.6956889929255403
Poland,PL,2026-01,2026-01-01,poland__standard_employee,Pologne · salarie standard,Poland · standard employee,4.31,20713.86,2021.672736,2021.672736,310.7079,1346.4009,507.48957,345.921462,507.48957,20.71386,1608.659081,4448.529287,4242.198528,0.21476099999999998,0.20479999999999998,16265.330713,3039.676734,13225.653978,24956.058528,8690.727815,11730.40455,False,1.5343099362105037,1.8869432520043814,48.06000000000131,37.738586999999825,24.467873999999938,57.902688000001945,20.1641010000003,33.43481400000019,0.7852390137328089,0.5091109862671509,1.2048000000000076,0.4195609862671609,0.6956890137328189
Poland,PL,2026-01,2026-01-01,poland__standard_employee,Pologne · salarie standard,Poland · standard employee,4.32,20761.92,2026.363392,2026.363392,311.4288,1349.5248,508.66704,346.724064,508.66704,20.76192,1612.391469,4458.850701,4252.041216,0.21476099999999998,0.2048,16303.069299,3052.947446,13250.121853,25013.961216,8710.891917,11763.839363,False,1.5343099362105042,1.8878287681641186,48.05999999999767,37.738586000001305,24.467875000000276,57.90268799999831,20.16410200000064,33.43481299999985,0.785238992925575,0.5091110070745206,1.2048000000000232,0.4195610070745239,0.6956889929255403
Poland,PL,2026-01,2026-01-01,poland__standard_employee,Pologne · salarie standard,Poland · standard employee,4.33,20809.98,2031.054048,2031.054048,312.1497,1352.6487,509.84451,347.526666,509.84451,20.80998,1616.123857,4469.172115,4261.883904,0.214761,0.2048,16340.807885,3066.218157,13274.589728,25071.863904,8731.056019,11797.274176,False,1.534309936210504,1.8887110199369557,48.06000000000131,37.738585999999486,24.467875000000276,57.902688000001945,20.16410199999882,33.43481300000167,0.7852389929254777,0.5091110070744821,1.2048000000000076,0.41956100707445426,0.6956889929255256
Poland,PL,2026-01,2026-01-01,poland__standard_employee,Pologne · salarie standard,Poland · standard employee,4.34,20858.04,2035.744704,2035.744704,312.8706,1355.7726,511.02198,348.329268,511.02198,20.85804,1619.856244,4479.493528,4271.726592,0.21476099999999998,0.20479999999999998,16378.546472,3079.488869,13299.057602,25129.766592,8751.22012,11830.70899,False,1.534309936210504,1.8895900253405475,48.06000000000131,37.738586999999825,24.467873999999938,57.90268799999831,20.1641010000003,33.43481399999837,0.7852390137328089,0.5091109862671509,1.204799999999932,0.4195609862671609,0.695689013732781
Poland,PL,2026-01,2026-01-01,poland__standard_employee,Pologne · salarie standard,Poland · standard employee,4.35,20906.1,2040.43536,2040.43536,313.5915,1358.8965,512.19945,349.13187,512.19945,20.9061,1623.588632,4489.814942,4281.56928,0.214761,0.20480000000000004,16416.285058,3092.759581,13323.525477,25187.66928,8771.384222,11864.143803,False,1.534309936210504,1.890465802260195,48.05999999999767,37.738586000001305,24.467874999998457,57.90268799999831,20.16410200000064,33.43481300000167,0.785238992925575,0.5091110070744828,1.2048000000000232,0.4195610070745239,0.6956889929255782
Poland,PL,2026-01,2026-01-01,poland__standard_employee,Pologne · salarie standard,Poland · standard employee,4.36,20954.16,2045.126016,2045.126016,314.3124,1362.0204,513.37692,349.934472,513.37692,20.95416,1627.32102,4500.136356,4291.411968,0.21476099999999998,0.2048,16454.023644,3106.030292,13347.993352,25245.571968,8791.548324,11897.578616,False,1.5343099362105042,1.8913383684500598,48.06000000000131,37.738585999999486,24.467875000000276,57.902688000001945,20.16410199999882,33.43481299999985,0.7852389929254777,0.5091110070744821,1.2048000000000076,0.41956100707445426,0.6956889929254877
Poland,PL,2026-01,2026-01-01,poland__standard_employee,Pologne · salarie standard,Poland · standard employee,4.37,21002.22,2049.816672,2049.816672,315.0333,1365.1443,514.55439,350.737074,514.55439,21.00222,1631.053407,4510.457769,4301.254656,0.21476099999999998,0.20480000000000004,16491.762231,3119.301004,13372.461226,25303.474656,8811.712425,11931.01343,False,1.534309936210504,1.8922077415343608,48.06000000000131,37.738586999999825,24.467873999999938,57.90268799999831,20.1641010000003,33.43481400000019,0.7852390137328089,0.5091109862671509,1.204799999999932,0.4195609862671609,0.6956890137328189
Poland,PL,2026-01,2026-01-01,poland__standard_employee,Pologne · salarie standard,Poland · standard employee,4.38,21050.28,2054.507328,2054.507328,315.7542,1368.2682,515.73186,351.539676,515.73186,21.05028,1634.785795,4520.779183,4311.097344,0.214761,0.20480000000000004,16529.500817,3132.571716,13396.929101,25361.377344,8831.876527,11964.448243,False,1.534309936210504,1.8930739390085658,48.05999999999767,37.738585999999486,24.467875000000276,57.902688000001945,20.16410200000064,33.43481299999985,0.7852389929255371,0.5091110070745206,1.204800000000099,0.4195610070745239,0.6956889929255403
Poland,PL,2026-01,2026-01-01,poland__standard_employee,Pologne · salarie standard,Poland · standard employee,4.39,21098.34,2059.197984,2059.197984,316.4751,1371.3921,516.90933,352.342278,516.90933,21.09834,1638.518183,4531.100597,4320.940032,0.21476100000000004,0.2048,16567.239403,3145.842428,13421.396976,25419.280032,8852.040629,11997.883056,False,1.5343099362105044,1.89393697824056,48.06000000000131,37.738585999999486,24.467875000000276,57.90268799999831,20.16410199999882,33.43481299999985,0.7852389929254777,0.5091110070744821,1.204799999999932,0.41956100707445426,0.6956889929254877
Poland,PL,2026-01,2026-01-01,poland__standard_employee,Pologne · salarie standard,Poland · standard employee,4.4,21146.4,2063.88864,2063.88864,317.196,1374.516,518.0868,353.14488,518.0868,21.1464,1642.25057,4541.42201,4330.78272,0.214761,0.20479999999999995,16604.97799,3159.113139,13445.86485,25477.18272,8872.20473,12031.31787,False,1.5343099362105042,1.8947968764718086,48.06000000000131,37.738586999999825,24.467873999999938,57.902688000001945,20.1641010000003,33.43481400000019,0.7852390137328089,0.5091109862671509,1.2048000000000076,0.4195609862671609,0.6956890137328189
Poland,PL,2026-01,2026-01-01,poland__standard_employee,Pologne · salarie standard,Poland · standard employee,4.41,21194.46,2068.579296,2068.579296,317.9169,1377.6399,519.26427,353.947482,519.26427,21.19446,1645.982958,4551.743424,4340.625408,0.21476099999999998,0.2048,16642.716576,3172.383851,13470.332725,25535.085408,8892.368832,12064.752683,False,1.534309936210504,1.895653650818507,48.05999999999767,37.738585999999486,24.467875000000276,57.90268799999831,20.16410200000064,33.43481299999985,0.7852389929255371,0.5091110070745206,1.2048000000000232,0.4195610070745239,0.6956889929255403
Poland,PL,2026-01,2026-01-01,poland__standard_employee,Pologne · salarie standard,Poland · standard employee,4.42,21242.52,2073.269952,2073.269952,318.6378,1380.7638,520.44174,354.750084,520.44174,21.24252,1649.715346,4562.064838,4350.468096,0.214761,0.2048,16680.455162,3185.654563,13494.8006,25592.988096,8912.532934,12098.187496,False,1.5343099362105042,1.8965073182727148,48.06000000000131,37.738585999999486,24.467875000000276,57.902688000001945,20.16410200000064,33.43481299999985,0.7852389929254777,0.5091110070744821,1.2048000000000076,0.41956100707449206,0.6956889929254877
Poland,PL,2026-01,2026-01-01,poland__standard_employee,Pologne · salarie standard,Poland · standard employee,4.43,21290.58,2077.960608,2077.960608,319.3587,1383.8877,521.61921,355.552686,521.61921,21.29058,1653.447733,4572.386251,4360.310784,0.214761,0.20479999999999998,16718.193749,3198.925274,13519.268474,25650.890784,8932.697035,12131.62231,False,1.5343099362105042,1.8973578957034778,48.06000000000131,37.738586999999825,24.467873999999938,57.90268799999831,20.16410099999848,33.43481400000019,0.7852390137328089,0.5091109862671509,1.204799999999932,0.419560986267123,0.6956890137328189
Poland,PL,2026-01,2026-01-01,poland__standard_employee,Pologne · salarie standard,Poland · standard employee,4.44,21338.64,2082.651264,2082.651264,320.0796,1387.0116,522.79668,356.355288,522.79668,21.33864,1657.180121,4582.707665,4370.153472,0.21476099999999998,0.2048,16755.932335,3212.195986,13543.736349,25708.793472,8952.861137,12165.057123,False,1.5343099362105042,1.8982053998579411,48.05999999999767,37.738586000003124,24.467875000000276,57.902688000001945,20.16410200000064,33.43481299999985,0.7852389929256128,0.5091110070745206,1.204800000000099,0.4195610070745239,0.6956889929255403
Poland,PL,2026-01,2026-01-01,poland__standard_employee,Pologne · salarie standard,Poland · standard employee,4.45,21386.7,2087.34192,2087.34192,320.8005,1390.1355,523.97415,357.15789,523.97415,21.3867,1660.912509,4593.029079,4379.99616,0.21476099999999998,0.20479999999999998,16793.670921,3225.466698,13568.204224,25766.69616,8973.025239,12198.491936,False,1.5343099362105042,1.8990498473624473,48.06000000000131,37.738585999999486,24.467874999998457,57.90268799999831,20.16410200000064,33.43481299999985,0.7852389929254777,0.5091110070744442,1.204799999999932,0.41956100707449206,0.6956889929254877
Poland,PL,2026-01,2026-01-01,poland__standard_employee,Pologne · salarie standard,Poland · standard employee,4.46,21434.76,2092.032576,2092.032576,321.5214,1393.2594,525.15162,357.960492,525.15162,21.43476,1664.644896,4603.350492,4389.838848,0.21476100000000004,0.20480000000000004,16831.409508,3238.737409,13592.672098,25824.598848,8993.18934,12231.92675,False,1.5343099362105042,1.899891254723626,48.05999999999767,37.738586999999825,24.467873999999938,57.902688000001945,20.1641010000003,33.43481400000019,0.7852390137328683,0.5091109862671894,1.204800000000099,0.4195609862671926,0.6956890137328716
Poland,PL,2026-01,2026-01-01,poland__standard_employee,Pologne · salarie standard,Poland · standard employee,4.47,21482.82,2096.723232,2096.723232,322.2423,1396.3833,526.32909,358.763094,526.32909,21.48282,1668.377284,4613.671906,4399.681536,0.214761,0.2048,16869.148094,3252.008121,13617.139973,25882.501536,9013.353442,12265.361563,False,1.5343099362105042,1.9007296383294647,48.06000000000131,37.738585999999486,24.467875000000276,57.90268799999831,20.16410199999882,33.43481299999985,0.7852389929254777,0.5091110070744821,1.204799999999932,0.41956100707445426,0.6956889929254877
Poland,PL,2026-01,2026-01-01,poland__standard_employee,Pologne · salarie standard,Poland · standard employee,4.48,21530.88,2101.413888,2101.413888,322.9632,1399.5072,527.50656,359.565696,527.50656,21.53088,1672.109672,4623.99332,4409.524224,0.214761,0.2048,16906.88668,3265.278833,13641.607848,25940.404224,9033.517544,12298.796376,False,1.5343099362105042,1.9015650144503775,48.06000000000131,37.738585999999486,24.467875000000276,57.902688000001945,20.16410200000064,33.43481299999985,0.7852389929254777,0.5091110070744821,1.2048000000000076,0.41956100707449206,0.6956889929254877
Poland,PL,2026-01,2026-01-01,poland__standard_employee,Pologne · salarie standard,Poland · standard employee,4.49,21578.94,2106.104544,2106.104544,323.6841,1402.6311,528.68403,360.368298,528.68403,21.57894,1675.842059,4634.314733,4419.366912,0.21476100000000004,0.2048,16944.625267,3278.549544,13666.075722,25998.306912,9053.681645,12332.23119,False,1.5343099362105042,1.902397399240255,48.05999999999767,37.738586999999825,24.467873999999938,57.90268799999831,20.1641010000003,33.43481400000019,0.7852390137328683,0.5091109862671894,1.2048000000000232,0.4195609862671926,0.6956890137328716
Poland,PL,2026-01,2026-01-01,poland__standard_employee,Pologne · salarie standard,Poland · standard employee,4.5,21627.0,2110.7952,2110.7952,324.405,1405.755,529.8615,361.1709,529.8615,21.627,1679.574447,4644.636147,4429.2096,0.214761,0.2048,16982.363853,3291.820256,13690.543597,26056.2096,9073.845747,12365.666003,False,1.5343099362105044,1.903226808737506,48.06000000000131,37.738585999999486,24.467875000000276,57.90268799999831,20.16410199999882,33.43481299999985,0.7852389929254777,0.5091110070744821,1.204799999999932,0.41956100707445426,0.6956889929254877
Poland,PL,2026-01,2026-01-01,poland__standard_employee,Pologne · salarie standard,Poland · standard employee,4.51,21675.06,2115.485856,2115.485856,325.1259,1408.8789,531.03897,361.973502,531.03897,21.67506,1683.306835,4654.957561,4439.052288,0.21476099999999998,0.20479999999999998,17020.102439,3305.090968,13715.011472,26114.112288,9094.009849,12399.100816,False,1.534309936210504,1.9040532588660872,48.06000000000131,37.738585999999486,24.467875000000276,57.902688000001945,20.16410200000064,33.43481299999985,0.7852389929254777,0.5091110070744821,1.2048000000000076,0.41956100707449206,0.6956889929254877
Poland,PL,2026-01,2026-01-01,poland__standard_employee,Pologne · salarie standard,Poland · standard employee,4.52,21723.12,2120.176512,2120.176512,325.8468,1412.0028,532.21644,362.776104,532.21644,21.72312,1687.039222,4665.278974,4448.894976,0.21476099999999998,0.20479999999999998,17057.841026,3318.361679,13739.479346,26172.014976,9114.17395,12432.53563,False,1.5343099362105042,1.9048767654365264,48.05999999999767,37.738586999999825,24.467873999999938,57.90268799999831,20.1641010000003,33.43481400000019,0.7852390137328683,0.5091109862671894,1.2048000000000232,0.4195609862671926,0.6956890137328716
Poland,PL,2026-01,2026-01-01,poland__standard_employee,Pologne · salarie standard,Poland · standard employee,4.53,21771.18,2124.867168,2124.867168,326.5677,1415.1267,533.39391,363.578706,533.39391,21.77118,1690.77161,4675.600388,4458.737664,0.214761,0.2048,17095.579612,3331.632391,13763.947221,26229.917664,9134.338052,12465.970443,False,1.5343099362105042,1.9056973441469227,48.06000000000131,37.738586000003124,24.467875000000276,57.902688000001945,20.16410199999882,33.43481299999985,0.7852389929255534,0.5091110070744821,1.2048000000000076,0.41956100707445426,0.6956889929254877
Poland,PL,2026-01,2026-01-01,poland__standard_employee,Pologne · salarie standard,Poland · standard employee,4.54,21819.24,2129.557824,2129.557824,327.2886,1418.2506,534.57138,364.381308,534.57138,21.81924,1694.503998,4685.921802,4468.580352,0.21476100000000004,0.20480000000000004,17133.318198,3344.903103,13788.415096,26287.820352,9154.502154,12499.405256,False,1.5343099362105042,1.9065150105839508,48.06000000000131,37.738585999999486,24.467875000000276,57.90268799999831,20.16410200000064,33.43481299999985,0.7852389929254777,0.5091110070744821,1.204799999999932,0.41956100707449206,0.6956889929254877
Poland,PL,2026-01,2026-01-01,poland__standard_employee,Pologne · salarie standard,Poland · standard employee,4.55,21867.3,2134.24848,2134.24848,328.0095,1421.3745,535.74885,365.18391,535.74885,21.8673,1698.236385,4696.243215,4478.42304,0.214761,0.20479999999999998,17171.056785,3358.173814,13812.88297,26345.72304,9174.666255,12532.84007,False,1.534309936210504,1.9073297802238456,48.05999999999767,37.738586999999825,24.467873999999938,57.902688000001945,20.1641010000003,33.43481400000019,0.7852390137328683,0.5091109862671894,1.204800000000099,0.4195609862671926,0.6956890137328716
Poland,PL,2026-01,2026-01-01,poland__standard_employee,Pologne · salarie standard,Poland · standard employee,4.56,21915.36,2138.939136,2138.939136,328.7304,1424.4984,536.92632,365.986512,536.92632,21.91536,1701.968773,4706.564629,4488.265728,0.21476099999999998,0.2048,17208.795371,3371.444526,13837.350845,26403.625728,9194.830357,12566.274883,False,1.5343099362105042,1.908141668433379,48.06000000000131,37.738585999999486,24.467875000000276,57.90268799999831,20.16410200000064,33.43481299999985,0.7852389929254777,0.5091110070744821,1.204799999999932,0.41956100707449206,0.6956889929254877
Poland,PL,2026-01,2026-01-01,poland__standard_employee,Pologne · salarie standard,Poland · standard employee,4.57,21963.42,2143.629792,2143.629792,329.4513,1427.6223,538.10379,366.789114,538.10379,21.96342,1705.701161,4716.886043,4498.108416,0.214761,0.20480000000000004,17246.533957,3384.715238,13861.81872,26461.528416,9214.994459,12599.709696,False,1.534309936210504,1.9089506904708247,48.05999999999767,37.738585999999486,24.467874999998457,57.902688000001945,20.16410199999882,33.43481299999985,0.7852389929255371,0.5091110070744828,1.204800000000099,0.419561007074486,0.6956889929255403
Poland,PL,2026-01,2026-01-01,poland__standard_employee,Pologne · salarie standard,Poland · standard employee,4.58,22011.48,2148.320448,2148.320448,330.1722,1430.7462,539.28126,367.591716,539.28126,22.01148,1709.433548,4727.207456,4507.951104,0.214761,0.20479999999999998,17284.272544,3397.985949,13886.286594,26519.431104,9235.15856,12633.14451,False,1.5343099362105042,1.9097568614869156,48.06000000000131,37.738586999999825,24.467873999999938,57.90268799999831,20.1641010000003,33.43481400000019,0.7852390137328089,0.5091109862671509,1.204799999999932,0.4195609862671609,0.6956890137328189
Poland,PL,2026-01,2026-01-01,poland__standard_employee,Pologne · salarie standard,Poland · standard employee,4.59,22059.54,2153.011104,2153.011104,330.8931,1433.8701,540.45873,368.394318,540.45873,22.05954,1713.165936,4737.52887,4517.793792,0.21476100000000004,0.2048,17322.01113,3411.256661,13910.754469,26577.333792,9255.322662,12666.579323,False,1.5343099362105042,1.9105601965257888,48.06000000000131,37.738585999999486,24.467875000000276,57.902688000001945,20.16410200000064,33.43481299999985,0.7852389929254777,0.5091110070744821,1.2048000000000076,0.41956100707449206,0.6956889929254877
Poland,PL,2026-01,2026-01-01,poland__standard_employee,Pologne · salarie standard,Poland · standard employee,4.6,22107.6,2157.70176,2157.70176,331.614,1436.994,541.6362,369.19692,541.6362,22.1076,1716.898324,4747.850284,4527.63648,0.214761,0.2048,17359.749716,3424.527373,13935.222344,26635.23648,9275.486764,12700.014136,False,1.5343099362105042,1.9113607105259223,48.05999999999767,37.738585999999486,24.467875000000276,57.90268799999831,20.16410199999882,33.43481299999985,0.7852389929255371,0.5091110070745206,1.2048000000000232,0.419561007074486,0.6956889929255403
Poland,PL,2026-01,2026-01-01,poland__standard_employee,Pologne · salarie standard,Poland · standard employee,4.61,22155.66,2162.392416,2162.392416,332.3349,1440.1179,542.81367,369.999522,542.81367,22.15566,1720.630711,4758.171697,4537.479168,0.21476099999999998,0.20479999999999998,17397.488303,3437.798084,13959.690218,26693.139168,9295.650865,12733.44895,False,1.5343099362105042,1.9121584183210592,48.06000000000131,37.738586999999825,24.467873999999938,57.902688000001945,20.1641010000003,33.43481400000019,0.7852390137328089,0.5091109862671509,1.2048000000000076,0.4195609862671609,0.6956890137328189
Poland,PL,2026-01,2026-01-01,poland__standard_employee,Pologne · salarie standard,Poland · standard employee,4.62,22203.72,2167.083072,2167.083072,333.0558,1443.2418,543.99114,370.802124,543.99114,22.20372,1724.363099,4768.493111,4547.321856,0.214761,0.2048,17435.226889,3451.068796,13984.158093,26751.041856,9315.814967,12766.883763,False,1.5343099362105042,1.9129533346411258,48.06000000000131,37.738586000003124,24.467875000000276,57.90268799999831,20.16410200000064,33.43481299999985,0.7852389929255534,0.5091110070744821,1.204799999999932,0.41956100707449206,0.6956889929254877
Poland,PL,2026-01,2026-01-01,poland__standard_employee,Pologne · salarie standard,Poland · standard employee,4.63,22251.78,2171.773728,2171.773728,333.7767,1446.3657,545.16861,371.604726,545.16861,22.25178,1728.095487,4778.814525,4557.164544,0.21476100000000004,0.2048,17472.965475,3464.339508,14008.625968,26808.944544,9335.979069,12800.318576,False,1.5343099362105042,1.9137454741131377,48.05999999999767,37.738585999999486,24.467875000000276,57.902688000001945,20.16410200000064,33.43481299999985,0.7852389929255371,0.5091110070745206,1.204800000000099,0.4195610070745239,0.6956889929255403
Poland,PL,2026-01,2026-01-01,poland__standard_employee,Pologne · salarie standard,Poland · standard employee,4.64,22299.84,2176.464384,2176.464384,334.4976,1449.4896,546.34608,372.407328,546.34608,22.29984,1731.827874,4789.135938,4567.007232,0.21476100000000004,0.20480000000000004,17510.704062,3477.61022,14033.093842,26866.847232,9356.14317,12833.75339,False,1.5343099362105042,1.9145348512620965,48.06000000000131,37.738586999999825,24.467873999999938,57.90268799999831,20.16410099999848,33.43481400000019,0.7852390137328089,0.5091109862671509,1.204799999999932,0.419560986267123,0.6956890137328189
Poland,PL,2026-01,2026-01-01,poland__standard_employee,Pologne · salarie standard,Poland · standard employee,4.65,22347.9,2181.15504,2181.15504,335.2185,1452.6135,547.52355,373.20993,547.52355,22.3479,1735.560262,4799.457352,4576.84992,0.214761,0.20479999999999998,17548.442648,3490.880931,14057.561717,26924.74992,9376.307272,12867.188203,False,1.5343099362105042,1.9153214805118777,48.06000000000131,37.738585999999486,24.467875000000276,57.90268799999831,20.16410200000064,33.43481299999985,0.7852389929254777,0.5091110070744821,1.204799999999932,0.41956100707449206,0.6956889929254877
Poland,PL,2026-01,2026-01-01,poland__standard_employee,Pologne · salarie standard,Poland · standard employee,4.66,22395.96,2185.845696,2185.845696,335.9394,1455.7374,548.70102,374.012532,548.70102,22.39596,1739.29265,4809.778766,4586.692608,0.21476099999999998,0.20479999999999998,17586.181234,3504.151643,14082.029592,26982.652608,9396.471374,12900.623016,False,1.534309936210504,1.9161053761861095,48.05999999999767,37.738585999999486,24.467875000000276,57.902688000001945,20.16410200000064,33.43481299999985,0.7852389929255371,0.5091110070745206,1.204800000000099,0.4195610070745239,0.6956889929255403
Poland,PL,2026-01,2026-01-01,poland__standard_employee,Pologne · salarie standard,Poland · standard employee,4.67,22444.02,2190.536352,2190.536352,336.6603,1458.8613,549.87849,374.815134,549.87849,22.44402,1743.025037,4820.100179,4596.535296,0.214761,0.2048,17623.919821,3517.422355,14106.497466,27040.555296,9416.635475,12934.05783,False,1.534309936210504,1.9168865525090424,48.06000000000131,37.738586999999825,24.467873999999938,57.90268799999831,20.16410099999848,33.43481400000019,0.7852390137328089,0.5091109862671509,1.204799999999932,0.419560986267123,0.6956890137328189
Poland,PL,2026-01,2026-01-01,poland__standard_employee,Pologne · salarie standard,Poland · standard employee,4.68,22492.08,2195.227008,2195.227008,337.3812,1461.9852,551.05596,375.617736,551.05596,22.49208,1746.757425,4830.421593,4606.377984,0.214761,0.2048,17661.658407,3530.693066,14130.965341,27098.457984,9436.799577,12967.492643,False,1.5343099362105042,1.9176650236064094,48.06000000000131,37.738585999999486,24.467874999998457,57.902688000001945,20.16410200000064,33.43481299999985,0.7852389929254777,0.5091110070744442,1.2048000000000076,0.41956100707449206,0.6956889929254877
Poland,PL,2026-01,2026-01-01,poland__standard_employee,Pologne · salarie standard,Poland · standard employee,4.69,22540.14,2199.917664,2199.917664,338.1021,1465.1091,552.23343,376.420338,552.23343,22.54014,1750.489813,4840.743007,4616.220672,0.21476100000000004,0.20480000000000004,17699.396993,3543.963778,14155.433216,27156.360672,9456.963679,13000.927456,False,1.534309936210504,1.9184408035062768,48.05999999999767,37.738585999999486,24.467875000000276,57.90268799999831,20.16410200000064,33.43481299999985,0.7852389929255371,0.5091110070745206,1.2048000000000232,0.4195610070745239,0.6956889929255403
Poland,PL,2026-01,2026-01-01,poland__standard_employee,Pologne · salarie standard,Poland · standard employee,4.7,22588.2,2204.60832,2204.60832,338.823,1468.233,553.4109,377.22294,553.4109,22.5882,1754.2222,4851.06442,4626.06336,0.214761,0.20480000000000004,17737.13558,3557.23449,14179.90109,27214.26336,9477.12778,13034.36227,False,1.5343099362105042,1.919213906139888,48.06000000000131,37.738586999999825,24.467873999999938,57.902688000001945,20.1641010000003,33.43481400000019,0.7852390137328089,0.5091109862671509,1.2048000000000076,0.4195609862671609,0.6956890137328189
Poland,PL,2026-01,2026-01-01,poland__standard_employee,Pologne · salarie standard,Poland · standard employee,4.71,22636.26,2209.298976,2209.298976,339.5439,1471.3569,554.58837,378.025542,554.58837,22.63626,1757.954588,4861.385834,4635.906048,0.21476100000000004,0.2048,17774.874166,3570.505201,14204.368965,27272.166048,9497.291882,13067.797083,False,1.5343099362105042,1.9199843453424965,48.05999999999767,37.738586000003124,24.467875000000276,57.90268799999831,20.16410199999882,33.43481299999985,0.7852389929256128,0.5091110070745206,1.2048000000000232,0.419561007074486,0.6956889929255403
Poland,PL,2026-01,2026-01-01,poland__standard_employee,Pologne · salarie standard,Poland · standard employee,4.72,22684.32,2213.989632,2213.989632,340.2648,1474.4808,555.76584,378.828144,555.76584,22.68432,1761.686976,4871.707248,4645.748736,0.214761,0.2048,17812.612752,3583.775913,14228.83684,27330.068736,9517.455984,13101.231896,False,1.5343099362105042,1.9207521348541912,48.06000000000131,37.738585999999486,24.467875000000276,57.902688000001945,20.16410200000064,33.43481299999985,0.7852389929254777,0.5091110070744821,1.2048000000000076,0.41956100707449206,0.6956889929254877
Poland,PL,2026-01,2026-01-01,poland__standard_employee,Pologne · salarie standard,Poland · standard employee,4.73,22732.38,2218.680288,2218.680288,340.9857,1477.6047,556.94331,379.630746,556.94331,22.73238,1765.419363,4882.028661,4655.591424,0.214761,0.2048,17850.351339,3597.046625,14253.304714,27387.971424,9537.620085,13134.66671,False,1.5343099362105042,1.9215172883207141,48.06000000000131,37.738586999999825,24.467873999999938,57.90268799999831,20.1641010000003,33.43481400000019,0.7852390137328089,0.5091109862671509,1.204799999999932,0.4195609862671609,0.6956890137328189
Poland,PL,2026-01,2026-01-01,poland__standard_employee,Pologne · salarie standard,Poland · standard employee,4.74,22780.44,2223.370944,2223.370944,341.7066,1480.7286,558.12078,380.433348,558.12078,22.78044,1769.151751,4892.350075,4665.434112,0.21476099999999998,0.2048,17888.089925,3610.317336,14277.772589,27445.874112,9557.784187,13168.101523,False,1.5343099362105042,1.9222798192942676,48.05999999999767,37.738585999999486,24.467875000000276,57.902688000001945,20.16410199999882,33.43481299999985,0.7852389929255371,0.5091110070745206,1.204800000000099,0.419561007074486,0.6956889929255403
Poland,PL,2026-01,2026-01-01,poland__standard_employee,Pologne · salarie standard,Poland · standard employee,4.75,22828.5,2228.0616,2228.0616,342.4275,1483.8525,559.29825,381.23595,559.29825,22.8285,1772.884139,4902.671489,4675.2768,0.214761,0.20479999999999998,17925.828511,3623.588048,14302.240464,27503.7768,9577.948289,13201.536337,False,1.5343099362105042,1.9230397412343156,48.06000000000131,37.738585999999486,24.467875000000276,57.90268799999831,20.16410200000064,33.43481400000019,0.7852389929254777,0.5091110070744821,1.204799999999932,0.41956100707449206,0.6956890137328189
Poland,PL,2026-01,2026-01-01,poland__standard_employee,Pologne · salarie standard,Poland · standard employee,4.76,22876.56,2232.752256,2232.752256,343.1484,1486.9764,560.47572,382.038552,560.47572,22.87656,1776.616526,4912.992902,4685.119488,0.21476099999999998,0.20479999999999998,17963.567098,3636.85876,14326.708338,27561.679488,9598.11239,13234.97115,False,1.5343099362105042,1.9237970675083755,48.06000000000131,37.738586999999825,24.467873999999938,57.902688000001945,20.1641010000003,33.43481299999985,0.7852390137328089,0.5091109862671509,1.2048000000000076,0.4195609862671609,0.6956889929254877
Poland,PL,2026-01,2026-01-01,poland__standard_employee,Pologne · salarie standard,Poland · standard employee,4.77,22924.62,2237.442912,2237.442912,343.8693,1490.1003,561.65319,382.841154,561.65319,22.92462,1780.348914,4923.314316,4694.962176,0.214761,0.2048,18001.305684,3650.129471,14351.176213,27619.582176,9618.276492,13268.405963,False,1.5343099362105042,1.9245518113928006,48.05999999999767,37.738585999999486,24.467875000000276,57.90268799999831,20.16410200000064,33.43481299999985,0.7852389929255371,0.5091110070745206,1.2048000000000232,0.4195610070745239,0.6956889929255403
Poland,PL,2026-01,2026-01-01,poland__standard_employee,Pologne · salarie standard,Poland · standard employee,4.78,22972.68,2242.133568,2242.133568,344.5902,1493.2242,562.83066,383.643756,562.83066,22.97268,1784.081301,4933.635729,4704.804864,0.214761,0.20480000000000004,18039.044271,3663.400183,14375.644087,27677.484864,9638.440593,13301.840777,False,1.5343099362105042,1.9253039860735566,48.06000000000131,37.738586999999825,24.467873999999938,57.90268799999831,20.16410099999848,33.43481400000019,0.7852390137328089,0.5091109862671509,1.204799999999932,0.419560986267123,0.6956890137328189
Poland,PL,2026-01,2026-01-01,poland__standard_employee,Pologne · salarie standard,Poland · standard employee,4.79,23020.74,2246.824224,2246.824224,345.3111,1496.3481,564.00813,384.446358,564.00813,23.02074,1787.813689,4943.957143,4714.647552,0.21476099999999998,0.2048,18076.782857,3676.670895,14400.111962,27735.387552,9658.604695,13335.27559,False,1.534309936210504,1.9260536046469907,48.06000000000131,37.738585999999486,24.467875000000276,57.902688000001945,20.16410200000064,33.43481299999985,0.7852389929254777,0.5091110070744821,1.2048000000000076,0.41956100707449206,0.6956889929254877
Poland,PL,2026-01,2026-01-01,poland__standard_employee,Pologne · salarie standard,Poland · standard employee,4.8,23068.8,2251.51488,2251.51488,346.032,1499.472,565.1856,385.24896,565.1856,23.0688,1791.546077,4954.278557,4724.49024,0.214761,0.2048,18114.521443,3689.941606,14424.579837,27793.29024,9678.768797,13368.710403,False,1.534309936210504,1.9268006801205908,48.05999999999767,37.738586000003124,24.467874999998457,57.90268799999831,20.16410200000064,33.43481299999985,0.7852389929256128,0.5091110070744828,1.2048000000000232,0.4195610070745239,0.6956889929255403
Poland,PL,2026-01,2026-01-01,poland__standard_employee,Pologne · salarie standard,Poland · standard employee,4.81,23116.86,2256.205536,2256.205536,346.7529,1502.5959,566.36307,386.051562,566.36307,23.11686,1795.278464,4964.59997,4734.332928,0.21476100000000004,0.2048,18152.26003,3703.212318,14449.047711,27851.192928,9698.932898,13402.145217,False,1.5343099362105042,1.9275452254137366,48.06000000000131,37.738586999999825,24.467873999999938,57.902688000001945,20.16410099999848,33.43481400000019,0.7852390137328089,0.5091109862671509,1.2048000000000076,0.419560986267123,0.6956890137328189
Poland,PL,2026-01,2026-01-01,poland__standard_employee,Pologne · salarie standard,Poland · standard employee,4.82,23164.92,2260.896192,2260.896192,347.4738,1505.7198,567.54054,386.854164,567.54054,23.16492,1799.010852,4974.921384,4744.175616,0.21476099999999998,0.2048,18189.998616,3716.48303,14473.515586,27909.095616,9719.097,13435.58003,False,1.534309936210504,1.9282872533584463,48.05999999999767,37.738585999999486,24.467875000000276,57.90268799999831,20.16410200000064,33.43481299999985,0.7852389929255371,0.5091110070745206,1.2048000000000232,0.4195610070745239,0.6956889929255403
Poland,PL,2026-01,2026-01-01,poland__standard_employee,Pologne · salarie standard,Poland · standard employee,4.83,23212.98,2265.586848,2265.586848,348.1947,1508.8437,568.71801,387.656766,568.71801,23.21298,1802.74324,4985.242798,4754.018304,0.214761,0.20480000000000004,18227.737202,3729.753741,14497.983461,27966.998304,9739.261102,13469.014843,False,1.5343099362105042,1.9290267767001135,48.06000000000131,37.738585999999486,24.467875000000276,57.902688000001945,20.16410200000064,33.43481300000167,0.7852389929254777,0.5091110070744821,1.2048000000000076,0.41956100707449206,0.6956889929255256
Poland,PL,2026-01,2026-01-01,poland__standard_employee,Pologne · salarie standard,Poland · standard employee,4.84,23261.04,2270.277504,2270.277504,348.9156,1511.9676,569.89548,388.459368,569.89548,23.26104,1806.475627,4995.564211,4763.860992,0.21476099999999998,0.20480000000000004,18265.475789,3743.024453,14522.451335,28024.900992,9759.425203,13502.449657,False,1.5343099362105042,1.9297638080982356,48.06000000000131,37.738586999999825,24.467873999999938,57.90268799999831,20.1641010000003,33.43481399999837,0.7852390137328089,0.5091109862671509,1.204799999999932,0.4195609862671609,0.695689013732781
Poland,PL,2026-01,2026-01-01,poland__standard_employee,Pologne · salarie standard,Poland · standard employee,4.85,23309.1,2274.96816,2274.96816,349.6365,1515.0915,571.07295,389.26197,571.07295,23.3091,1810.208015,5005.885625,4773.70368,0.214761,0.2048,18303.214375,3756.295165,14546.91921,28082.80368,9779.589305,13535.88447,False,1.534309936210504,1.930498360127137,48.05999999999767,37.738585999999486,24.467875000000276,57.902688000001945,20.16410199999882,33.43481300000167,0.7852389929255371,0.5091110070745206,1.204800000000099,0.419561007074486,0.6956889929255782
Poland,PL,2026-01,2026-01-01,poland__standard_employee,Pologne · salarie standard,Poland · standard employee,4.86,23357.16,2279.658816,2279.658816,350.3574,1518.2154,572.25042,390.064572,572.25042,23.35716,1813.940403,5016.207039,4783.546368,0.21476099999999998,0.2048,18340.952961,3769.565876,14571.387085,28140.706368,9799.753407,13569.319283,False,1.534309936210504,1.9312304452766853,48.06000000000131,37.738585999999486,24.467875000000276,57.90268799999831,20.16410200000064,33.43481299999985,0.7852389929254777,0.5091110070744821,1.204799999999932,0.41956100707449206,0.6956889929254877
Poland,PL,2026-01,2026-01-01,poland__standard_employee,Pologne · salarie standard,Poland · standard employee,4.87,23405.22,2284.349472,2284.349472,351.0783,1521.3393,573.42789,390.867174,573.42789,23.40522,1817.67279,5026.528452,4793.389056,0.214761,0.20479999999999998,18378.691548,3782.836588,14595.854959,28198.609056,9819.917508,13602.754097,False,1.534309936210504,1.9319600759529976,48.06000000000131,37.738586999999825,24.467873999999938,57.902688000001945,20.1641010000003,33.43481399999837,0.7852390137328089,0.5091109862671509,1.2048000000000076,0.4195609862671609,0.695689013732781
Poland,PL,2026-01,2026-01-01,poland__standard_employee,Pologne · salarie standard,Poland · standard employee,4.88,23453.28,2289.040128,2289.040128,351.7992,1524.4632,574.60536,391.669776,574.60536,23.45328,1821.405178,5036.849866,4803.231744,0.214761,0.20479999999999995,18416.430134,3796.1073,14620.322834,28256.511744,9840.08161,13636.18891,False,1.534309936210504,1.9326872644791409,48.05999999999767,37.738585999999486,24.467875000000276,57.90268799999831,20.16410199999882,33.43481300000167,0.7852389929255371,0.5091110070745206,1.2048000000000232,0.419561007074486,0.6956889929255782
Poland,PL,2026-01,2026-01-01,poland__standard_employee,Pologne · salarie standard,Poland · standard employee,4.89,23501.34,2293.730784,2293.730784,352.5201,1527.5871,575.78283,392.472378,575.78283,23.50134,1825.137566,5047.17128,4813.074432,0.214761,0.2048,18454.16872,3809.378012,14644.790709,28314.414432,9860.245712,13669.623723,False,1.5343099362105042,1.933412023095829,48.06000000000131,37.738586000003124,24.467875000000276,57.902688000001945,20.16410200000064,33.43481299999985,0.7852389929255534,0.5091110070744821,1.2048000000000076,0.41956100707449206,0.6956889929254877
Poland,PL,2026-01,2026-01-01,poland__standard_employee,Pologne · salarie standard,Poland · standard employee,4.9,23549.4,2298.42144,2298.42144,353.241,1530.711,576.9603,393.27498,576.9603,23.5494,1828.869953,5057.492693,4822.91712,0.214761,0.20479999999999998,18491.907307,3822.648723,14669.258583,28372.31712,9880.409813,13703.058537,False,1.534309936210504,1.9341343639621045,48.06000000000131,37.738586999999825,24.467873999999938,57.90268799999831,20.1641010000003,33.43481400000019,0.7852390137328089,0.5091109862671509,1.204799999999932,0.4195609862671609,0.6956890137328189
Poland,PL,2026-01,2026-01-01,poland__standard_employee,Pologne · salarie standard,Poland · standard employee,4.91,23597.46,2298.48,2298.48,353.25,1530.75,578.13777,394.077582,578.13777,23.59746,1833.083301,5062.951071,4825.042812,0.21455491695716403,0.20447297344714221,18534.508929,3837.629514,14696.879416,28422.502812,9887.993883,13725.623396,False,1.5334910096845735,1.933914132930665,48.05999999999767,42.601621999998315,27.62083299999904,50.18569199999911,7.584069999998974,22.56485900000007,0.8864257594673404,0.5747156263004656,1.0442299625468485,0.15780420307947027,0.4695143362463829
Poland,PL,2026-01,2026-01-01,poland__standard_employee,Pologne · salarie standard,Poland · standard employee,4.92,23645.52,2298.48,2298.48,353.25,1530.75,579.31524,394.880184,579.31524,23.64552,1837.302728,5068.347968,4827.070944,0.21434707159749497,0.20414315033037972,18577.172032,3852.631923,14724.540108,28472.590944,9895.418912,13748.050836,False,1.5326655152661433,1.9336828678103886,48.06000000000131,42.663102999998955,27.66069199999947,50.08813200000077,7.425028999999995,22.42743999999948,0.887705014565081,0.5755449854348464,1.0421999999999876,0.15449498543486875,0.46665501456510333
Poland,PL,2026-01,2026-01-01,poland__standard_employee,Pologne · salarie standard,Poland · standard employee,4.93,23693.58,2298.48,2298.48,353.25,1530.75,580.49271,395.682786,580.49271,23.69358,1841.522156,5073.744866,4829.099076,0.21414006942386926,0.20381466523843167,18619.835134,3867.634333,14752.200801,28522.679076,9902.843942,13770.478275,False,1.5318438037118005,1.9334524699442268,48.06000000000131,42.663102000002254,27.66069300000163,50.08813200000077,7.4250300000003335,22.42743899999914,0.8877049937578254,0.5755450062422155,1.0421999999999876,0.15449500624219997,0.46665499375777214
Poland,PL,2026-01,2026-01-01,poland__standard_employee,Pologne · salarie standard,Poland · standard employee,4.94,23741.64,2298.48,2298.48,353.25,1530.75,581.67018,396.485388,581.67018,23.74164,1845.741584,5079.141764,4831.127208,0.21393390531572376,0.20348751004564133,18662.498236,3882.636742,14779.861494,28572.767208,9910.268972,13792.905714,False,1.5310258490782798,1.9332229344629506,48.05999999999767,42.66310199999862,27.66069299999981,50.08813200000077,7.4250300000003335,22.42743900000096,0.887704993757817,0.5755450062422212,1.0422000000000664,0.15449500624221169,0.4666549937578453
Poland,PL,2026-01,2026-01-01,poland__standard_employee,Pologne · salarie standard,Poland · standard employee,4.95,23789.7,2298.48,2298.48,353.25,1530.75,582.84765,397.28799,582.84765,23.7897,1849.961012,5084.538662,4833.15534,0.21372857419387384,0.20316167669201377,18705.161339,3897.639152,14807.522187,28622.85534,9917.694002,13815.333154,False,1.530211625659002,1.932994256533711,48.06000000000131,42.663102999998955,27.66069299999981,50.08813199999713,7.4250300000003335,22.42743999999948,0.887705014565081,0.5755450062421776,1.0421999999999119,0.15449500624219997,0.46665501456510333
Poland,PL,2026-01,2026-01-01,poland__standard_employee,Pologne · salarie standard,Poland · standard employee,4.96,23837.76,2298.48,2298.48,353.25,1530.75,584.02512,398.090592,584.02512,23.83776,1854.180439,5089.935559,4835.183472,0.21352407102009582,0.2028371571825541,18747.824441,3912.641562,14835.182879,28672.943472,9925.119031,13837.760593,False,1.5294011079813845,1.9327664313597064,48.05999999999767,42.663102000002254,27.66069199999947,50.08813200000077,7.425028999999995,22.42743900000096,0.8877049937578927,0.57554498543489,1.0422000000000664,0.15449498543488047,0.4666549937578453
Poland,PL,2026-01,2026-01-01,poland__standard_employee,Pologne · salarie standard,Poland · standard employee,4.97,23885.82,2298.48,2298.48,353.25,1530.75,585.20259,398.893194,585.20259,23.88582,1858.399867,5095.332457,4837.211604,0.21332039079671536,0.20251394358661332,18790.487543,3927.643971,14862.843572,28723.031604,9932.544061,13860.188032,False,1.5285942708041815,1.9325394541798422,48.06000000000131,42.66310199999862,27.66069299999981,50.08813200000077,7.4250300000003335,22.42743899999914,0.8877049937577498,0.5755450062421776,1.0421999999999876,0.15449500624219997,0.46665499375777214
Poland,PL,2026-01,2026-01-01,poland__standard_employee,Pologne · salarie standard,Poland · standard employee,4.98,23933.88,2298.48,2298.48,353.25,1530.75,586.38006,399.695796,586.38006,23.93388,1862.619295,5100.729355,4839.239736,0.21311752856619987,0.20219202803724262,18833.150645,3942.646381,14890.504265,28773.119736,9939.969091,13882.615471,False,1.5277910891148656,1.9323133202684002,48.06000000000131,42.663102000002254,27.66069299999981,50.08813200000077,7.4250300000003335,22.42743899999914,0.8877049937578254,0.5755450062421776,1.0421999999999876,0.15449500624219997,0.46665499375777214
Poland,PL,2026-01,2026-01-01,poland__standard_employee,Pologne · salarie standard,Poland · standard employee,4.99,23981.94,2298.48,2298.48,353.25,1530.75,587.55753,400.498398,587.55753,23.98194,1866.838722,5106.126252,4841.267868,0.2129154794107566,0.2018714027305547,18875.813748,3957.64879,14918.164957,28823.207868,9947.39412,13905.042911,False,1.5269915381270425,1.9320880249347125,48.05999999999767,42.663102999998955,27.66069200000129,50.08813200000077,7.425028999999995,22.427440000001297,0.8877050145651482,0.5755449854349278,1.0422000000000664,0.15449498543488047,0.46665501456517655
Poland,PL,2026-01,2026-01-01,poland__standard_employee,Pologne · salarie standard,Poland · standard employee,5.0,24030.0,2298.48,2298.48,353.25,1530.75,588.735,401.301,588.735,24.03,1871.05815,5111.52315,4843.296,0.21271423845193507,0.20155205992509362,18918.47685,3972.6512,14945.82565,28873.296,9954.81915,13927.47035,False,1.5261955932779017,1.9318635635228356,48.06000000000131,42.66310199999862,27.66069299999981,50.08813199999713,7.4250299999985145,22.42743899999914,0.8877049937577498,0.5755450062421776,1.0421999999999119,0.15449500624216214,0.46665499375777214
Poland,PL,2026-01,2026-01-01,poland__standard_employee,Pologne · salarie standard,Poland · standard employee,5.01,24078.06,2298.48,2298.48,353.25,1530.75,589.91247,402.103602,589.91247,24.07806,1875.277578,5116.920048,4845.324132,0.2125138008502346,0.20123399194121122,18961.139952,3987.65361,14973.486343,28923.384132,9962.24418,13949.897789,False,1.5254032302257001,1.9316399314112287,48.06000000000131,42.663102000002254,27.66069299999981,50.08813200000077,7.4250300000003335,22.42743900000096,0.8877049937578254,0.5755450062421776,1.0421999999999876,0.15449500624219997,0.46665499375781
Poland,PL,2026-01,2026-01-01,poland__standard_employee,Pologne · salarie standard,Poland · standard employee,5.02,24126.12,2298.48,2298.48,353.25,1530.75,591.08994,402.906204,591.08994,24.12612,1879.497005,5122.316945,4847.352264,0.2123141618047162,0.20091719116045184,19003.803055,4002.656019,15001.147035,28973.472264,9969.669209,13972.325229,False,1.524614424847282,1.9314171240124394,48.05999999999767,42.663102999998955,27.66069199999947,50.08813200000077,7.425028999999995,22.42743999999948,0.8877050145651482,0.57554498543489,1.0422000000000664,0.15449498543488047,0.4666550145651387
Poland,PL,2026-01,2026-01-01,poland__standard_employee,Pologne · salarie standard,Poland · standard employee,5.03,24174.18,2298.48,2298.48,353.25,1530.75,592.26741,403.708806,592.26741,24.17418,1883.716433,5127.713843,4849.380396,0.21211531655261937,0.20060165002494398,19046.466157,4017.658429,15028.807728,29023.560396,9977.094239,13994.752668,False,1.5238291532356294,1.931195136772787,48.06000000000131,42.66310199999862,27.66069299999981,50.08813200000077,7.4250300000003335,22.42743899999914,0.8877049937577498,0.5755450062421776,1.0421999999999876,0.15449500624219997,0.46665499375777214
Poland,PL,2026-01,2026-01-01,poland__standard_employee,Pologne · salarie standard,Poland · standard employee,5.04,24222.24,2298.48,2298.48,353.25,1530.75,593.44488,404.511408,593.44488,24.22224,1887.935861,5133.110741,4851.408528,0.21191726036898323,0.20028736103679923,19089.129259,4032.660838,15056.468421,29073.648528,9984.519269,14017.180107,False,1.523047391697448,1.9309739651720546,48.06000000000131,42.663102000002254,27.66069299999981,50.08813200000077,7.4250300000003335,22.42743900000096,0.8877049937578254,0.5755450062421776,1.0421999999999876,0.15449500624219997,0.46665499375781
Poland,PL,2026-01,2026-01-01,poland__standard_employee,Pologne · salarie standard,Poland · standard employee,5.05,24270.3,2298.48,2298.48,353.25,1530.75,594.62235,405.31401,594.62235,24.2703,1892.155289,5138.507639,4853.43666,0.21171998856627236,0.19997431675751842,19131.792361,4047.663248,15084.129114,29123.73666,9991.944299,14039.607546,False,1.5222691167507838,1.9307536047231804,48.05999999999767,42.66310199999862,27.66069299999981,50.08813199999713,7.4250300000003335,22.42743899999914,0.887704993757817,0.5755450062422212,1.0421999999999907,0.15449500624221169,0.46665499375780745
Poland,PL,2026-01,2026-01-01,poland__standard_employee,Pologne · salarie standard,Poland · standard employee,5.06,24318.36,2298.48,2298.48,353.25,1530.75,595.79982,406.116612,595.79982,24.31836,1896.374716,5143.904536,4855.464792,0.211523496494007,0.19966250980740483,19174.455464,4062.665658,15111.789806,29173.824792,9999.369328,14062.034986,False,1.5214943051226721,1.9305340509719564,48.06000000000131,42.663102999998955,27.66069200000129,50.08813200000077,7.425028999999995,22.427440000001297,0.887705014565081,0.5755449854348842,1.0421999999999876,0.15449498543486875,0.4666550145651412
Poland,PL,2026-01,2026-01-01,poland__standard_employee,Pologne · salarie standard,Poland · standard employee,5.07,24366.42,2298.48,2298.48,353.25,1530.75,596.97729,406.919214,596.97729,24.36642,1900.594144,5149.301434,4857.492924,0.21132777953839751,0.19935193286498384,19217.118566,4077.668067,15139.450499,29223.912924,10006.794358,14084.462425,False,1.5207229337468162,1.9303152994967252,48.05999999999767,42.663102000002254,27.66069299999981,50.08813200000077,7.4250299999985145,22.42743899999914,0.8877049937578927,0.5755450062422212,1.0422000000000664,0.15449500624217383,0.46665499375780745
Poland,PL,2026-01,2026-01-01,poland__standard_employee,Pologne · salarie standard,Poland · standard employee,5.08,24414.48,2298.48,2298.48,353.25,1530.75,598.15476,407.721816,598.15476,24.41448,1904.813572,5154.698332,4859.521056,0.21113283312198333,0.19904257866643077,19259.781668,4092.670477,15167.111192,29274.001056,10014.219388,14106.889864,False,1.5199549797613012,1.930097345908087,48.06000000000131,42.66310199999862,27.66069299999981,50.08813200000077,7.4250300000003335,22.42743900000096,0.8877049937577498,0.5755450062421776,1.0421999999999876,0.15449500624219997,0.46665499375781
Poland,PL,2026-01,2026-01-01,poland__standard_employee,Pologne · salarie standard,Poland · standard employee,5.09,24462.54,2298.48,2298.48,353.25,1530.75,599.33223,408.524418,599.33223,24.46254,1909.032999,5160.095229,4861.549188,0.2109386527032761,0.1987344400050036,19302.444771,4107.672886,15194.771884,29324.089188,10021.644417,14129.317304,False,1.5191904205063331,1.9298801858486023,48.06000000000131,42.663102999998955,27.66069199999947,50.08813200000077,7.425028999999995,22.42743999999948,0.887705014565081,0.5755449854348464,1.0421999999999876,0.15449498543486875,0.46665501456510333
Poland,PL,2026-01,2026-01-01,poland__standard_employee,Pologne · salarie standard,Poland · standard employee,5.1,24510.6,2298.48,2298.48,353.25,1530.75,600.5097,409.32702,600.5097,24.5106,1913.252427,5165.492127,4863.57732,0.21074523377640694,0.19842750973048395,19345.107873,4122.675296,15222.432577,29374.17732,10029.069447,14151.744743,False,1.5184292335220104,1.9296638149925043,48.05999999999767,42.663102000002254,27.66069299999981,50.08813199999713,7.4250300000003335,22.42743899999914,0.8877049937578927,0.5755450062422212,1.0421999999999907,0.15449500624221169,0.46665499375780745
Poland,PL,2026-01,2026-01-01,poland__standard_employee,Pologne · salarie standard,Poland · standard employee,5.11,24558.66,2298.48,2298.48,353.25,1530.75,601.68717,410.129622,601.68717,24.55866,1917.471855,5170.889025,4865.605452,0.21055257187077797,0.1981217807486239,19387.770975,4137.677706,15250.09327,29424.265452,10036.494477,14174.172182,False,1.517671396546126,1.9294482290454102,48.06000000000131,42.66310199999862,27.66069299999981,50.08813200000077,7.4250300000003335,22.42743900000096,0.8877049937577498,0.5755450062421776,1.0421999999999876,0.15449500624219997,0.46665499375781
Poland,PL,2026-01,2026-01-01,poland__standard_employee,Pologne · salarie standard,Poland · standard employee,5.12,24606.72,2298.48,2298.48,353.25,1530.75,602.86464,410.932224,602.86464,24.60672,1921.691282,5176.285922,4867.633584,0.21036066255071786,0.19781724602059922,19430.434078,4152.680115,15277.753962,29474.353584,10043.919506,14196.599622,False,1.5169168875119952,1.929233423744038,48.06000000000131,42.663102999998955,27.66069200000129,50.08813200000077,7.425028999999995,22.42743999999948,0.887705014565081,0.5755449854348842,1.0421999999999876,0.15449498543486875,0.46665501456510333
Poland,PL,2026-01,2026-01-01,poland__standard_employee,Pologne · salarie standard,Poland · standard employee,5.13,24654.78,2298.48,2298.48,353.25,1530.75,604.04211,411.734826,604.04211,24.65478,1925.91071,5181.68282,4869.661716,0.2101695014151414,0.19751389856246945,19473.09718,4167.682525,15305.414655,29524.441716,10051.344536,14219.027061,False,1.5161656845463152,1.9290193948559247,48.05999999999767,42.663102000002254,27.66069299999981,50.08813200000077,7.4250300000003335,22.42743900000096,0.8877049937578927,0.5755450062422212,1.0422000000000664,0.15449500624221169,0.4666549937578453
Poland,PL,2026-01,2026-01-01,poland__standard_employee,Pologne · salarie standard,Poland · standard employee,5.14,24702.84,2298.48,2298.48,353.25,1530.75,605.21958,412.537428,605.21958,24.70284,1930.130138,5187.079718,4871.689848,0.20997908409721308,0.1972117314446436,19515.760282,4182.684934,15333.075348,29574.529848,10058.769566,14241.4545,False,1.5154177659670494,1.9288061381791468,48.06000000000131,42.66310199999862,27.66069299999981,50.08813199999713,7.4250300000003335,22.42743899999914,0.8877049937577498,0.5755450062421776,1.0421999999999119,0.15449500624219997,0.46665499375777214
Poland,PL,2026-01,2026-01-01,poland__standard_employee,Pologne · salarie standard,Poland · standard employee,5.15,24750.9,2298.48,2298.48,353.25,1530.75,606.39705,413.34003,606.39705,24.7509,1934.349566,5192.476616,4873.71798,0.20978940626401463,0.19691073779135304,19558.423385,4197.687344,15360.736041,29624.61798,10066.194596,14263.88194,False,1.5146731102813447,1.9285936495420506,48.06000000000131,42.663102999998955,27.66069299999981,50.08813200000077,7.4250299999985145,22.42743999999948,0.887705014565081,0.5755450062421776,1.0421999999999876,0.15449500624216214,0.46665501456510333
Poland,PL,2026-01,2026-01-01,poland__standard_employee,Pologne · salarie standard,Poland · standard employee,5.16,24798.96,2298.48,2298.48,353.25,1530.75,607.57452,414.142632,607.57452,24.79896,1938.568993,5197.873513,4875.746112,0.20960046361621618,0.1966109107801295,19601.086487,4212.689754,15388.396733,29674.706112,10073.619625,14286.309379,False,1.5139316961834692,1.9283819248029732,48.05999999999767,42.663102000002254,27.66069199999947,50.08813200000077,7.425028999999995,22.42743900000096,0.8877049937578927,0.57554498543489,1.0422000000000664,0.15449498543488047,0.4666549937578453
Poland,PL,2026-01,2026-01-01,poland__standard_employee,Pologne · salarie standard,Poland · standard employee,5.17,24847.02,2298.48,2298.48,353.25,1530.75,608.75199,414.945234,608.75199,24.84702,1942.788421,5203.270411,4877.774244,0.20941225188775156,0.1963122436412898,19643.749589,4227.692163,15416.057426,29724.794244,10081.044655,14308.736818,False,1.513193502552782,1.9281709598499792,48.06000000000131,42.66310199999862,27.66069299999981,50.08813200000077,7.4250300000003335,22.42743899999914,0.8877049937577498,0.5755450062421776,1.0421999999999876,0.15449500624219997,0.46665499375777214
Poland,PL,2026-01,2026-01-01,poland__standard_employee,Pologne · salarie standard,Poland · standard employee,5.18,24895.08,2298.48,2298.48,353.25,1530.75,609.92946,415.747836,609.92946,24.89508,1947.007849,5208.667309,4879.802376,0.20922476684549715,0.19601472965742633,19686.412691,4242.694573,15443.718119,29774.882376,10088.469685,14331.164257,False,1.5124585084517272,1.9279607506005905,48.06000000000131,42.663102000002254,27.66069299999981,50.08813200000077,7.4250300000003335,22.42743900000096,0.8877049937578254,0.5755450062421776,1.0421999999999876,0.15449500624219997,0.46665499375781
Poland,PL,2026-01,2026-01-01,poland__standard_employee,Pologne · salarie standard,Poland · standard employee,5.19,24943.14,2298.48,2298.48,353.25,1530.75,611.10693,416.550438,611.10693,24.94314,1951.227276,5214.064206,4881.830508,0.2090380042889548,0.19571836216290328,19729.075794,4257.696982,15471.378811,29824.970508,10095.894714,14353.591697,False,1.511726693123855,1.9277512930015268,48.05999999999767,42.663102999998955,27.66069200000129,50.08813199999713,7.425028999999995,22.42743999999948,0.8877050145651482,0.5755449854349278,1.0421999999999907,0.15449498543488047,0.4666550145651387
Poland,PL,2026-01,2026-01-01,poland__standard_employee,Pologne · salarie standard,Poland · standard employee,5.2,24991.2,2298.48,2298.48,353.25,1530.75,612.2844,417.35304,612.2844,24.9912,1955.446704,5219.461104,4883.85864,0.20885196004993756,0.19542313454335927,19771.738896,4272.699392,15499.039504,29875.05864,10103.319744,14376.019136,False,1.5109980359918667,1.9275425830284405,48.06000000000131,42.66310199999862,27.66069299999981,50.08813200000077,7.4250300000003335,22.42743900000096,0.8877049937577498,0.5755450062421776,1.0421999999999876,0.15449500624219997,0.46665499375781
Poland,PL,2026-01,2026-01-01,poland__standard_employee,Pologne · salarie standard,Poland · standard employee,5.21,25039.26,2298.48,2298.48,353.25,1530.75,613.46187,418.155642,613.46187,25.03926,1959.666132,5224.858002,4885.886772,0.20866662999226018,0.19512904023521463,19814.401998,4287.701802,15526.700197,29925.146772,10110.744774,14398.446575,False,1.5102725166556865,1.9273346166856633,48.05999999999767,42.663102000002254,27.66069299999981,50.08813200000077,7.4250300000003335,22.42743899999914,0.8877049937578927,0.5755450062422212,1.0422000000000664,0.15449500624221169,0.46665499375780745
Poland,PL,2026-01,2026-01-01,poland__standard_employee,Pologne · salarie standard,Poland · standard employee,5.22,25087.32,2298.48,2298.48,353.25,1530.75,614.63934,418.958244,614.63934,25.08732,1963.885559,5230.254899,4887.914904,0.20848201001143207,0.19483607272518544,19857.065101,4302.704211,15554.360889,29975.234904,10118.169803,14420.874015,False,1.5095501148905568,1.9271273900059462,48.06000000000131,42.663102999998955,27.66069199999947,50.08813200000077,7.425028999999995,22.42743999999948,0.887705014565081,0.5755449854348464,1.0421999999999876,0.15449498543486875,0.46665501456510333
Poland,PL,2026-01,2026-01-01,poland__standard_employee,Pologne · salarie standard,Poland · standard employee,5.23,25135.38,2298.48,2298.48,353.25,1530.75,615.81681,419.760846,615.81681,25.13538,1968.104987,5235.651797,4889.943036,0.20829809603435473,0.1945442255498027,19899.728203,4317.706621,15582.021582,30025.323036,10125.594833,14443.301454,False,1.508830810645162,1.9269208990502158,48.06000000000131,42.66310199999862,27.66069299999981,50.08813200000077,7.4250299999985145,22.42743900000096,0.8877049937577498,0.5755450062421776,1.0421999999999876,0.15449500624216214,0.46665499375781
Poland,PL,2026-01,2026-01-01,poland__standard_employee,Pologne · salarie standard,Poland · standard employee,5.24,25183.44,2298.48,2298.48,353.25,1530.75,616.99428,420.563448,616.99428,25.18344,1972.324415,5241.048695,4891.971168,0.208114884019022,0.19425349229493666,19942.391305,4332.70903,15609.682275,30075.411168,10133.019863,14465.728893,False,1.5081145840397687,1.926715139907314,48.05999999999767,42.663102000002254,27.66069299999981,50.08813199999713,7.4250300000003335,22.42743899999914,0.8877049937578927,0.5755450062422212,1.0421999999999907,0.15449500624221169,0.46665499375780745
Poland,PL,2026-01,2026-01-01,poland__standard_employee,Pologne · salarie standard,Poland · standard employee,5.25,25231.5,2298.48,2298.48,353.25,1530.75,618.17175,421.36605,618.17175,25.2315,1976.543843,5246.445593,4893.9993,0.2079323699542239,0.19396386659532724,19985.054407,4347.71144,15637.342968,30125.4993,10140.444893,14488.156333,False,1.507401415364398,1.9265101086937582,48.06000000000131,42.66310199999862,27.66069300000163,50.08813200000077,7.4250300000003335,22.427440000001297,0.8877049937577498,0.5755450062422155,1.0421999999999876,0.15449500624219997,0.4666550145651412
Poland,PL,2026-01,2026-01-01,poland__standard_employee,Pologne · salarie standard,Poland · standard employee,5.26,25279.56,2298.48,2298.48,353.25,1530.75,619.34922,422.168652,619.34922,25.27956,1980.76327,5251.84249,4896.027432,0.2077505498592539,0.19367534213411944,20027.71751,4362.71385,15665.00366,30175.587432,10147.869922,14510.583772,False,1.506691285077015,1.9263058015534955,48.06000000000131,42.663102999998955,27.66069199999947,50.08813200000077,7.425028999999995,22.42743899999914,0.887705014565081,0.5755449854348464,1.0421999999999876,0.15449498543486875,0.46665499375777214
Poland,PL,2026-01,2026-01-01,poland__standard_employee,Pologne · salarie standard,Poland · standard employee,5.27,25327.62,2298.48,2298.48,353.25,1530.75,620.52669,422.971254,620.52669,25.32762,1984.982698,5257.239388,4898.055564,0.20756941978361965,0.19338791264240382,20070.380612,4377.716259,15692.664353,30225.675564,10155.294952,14533.011211,False,1.505984173801746,1.9261022146576599,48.05999999999767,42.663102000002254,27.66069299999981,50.08813200000077,7.4250300000003335,22.42743899999914,0.8877049937578927,0.5755450062422212,1.0422000000000664,0.15449500624221169,0.46665499375780745
Poland,PL,2026-01,2026-01-01,poland__standard_employee,Pologne · salarie standard,Poland · standard employee,5.28,25375.68,2298.48,2298.48,353.25,1530.75,621.70416,423.773856,621.70416,25.37568,1989.202126,5262.636286,4900.083696,0.2073889758067567,0.19310157189876292,20113.043714,4392.718669,15720.325046,30275.763696,10162.719982,14555.43865,False,1.5052800623271139,1.9258993442043333,48.06000000000131,42.66310199999862,27.66069299999981,50.08813200000077,7.4250300000003335,22.42743900000096,0.8877049937577498,0.5755450062421776,1.0421999999999876,0.15449500624219997,0.46665499375781
Poland,PL,2026-01,2026-01-01,poland__standard_employee,Pologne · salarie standard,Poland · standard employee,5.29,25423.74,2298.48,2298.48,353.25,1530.75,622.88163,424.576458,622.88163,25.42374,1993.421553,5268.033183,4902.111828,0.2072092140377458,0.19281631372882194,20155.706817,4407.721078,15747.985738,30325.851828,10170.145011,14577.86609,False,1.5045789316043003,1.925697186418311,48.06000000000131,42.663102999998955,27.66069199999947,50.08813199999713,7.425028999999995,22.42743999999948,0.887705014565081,0.5755449854348464,1.0421999999999119,0.15449498543486875,0.46665501456510333
Poland,PL,2026-01,2026-01-01,poland__standard_employee,Pologne · salarie standard,Poland · standard employee,5.3,25471.8,2298.48,2298.48,353.25,1530.75,624.0591,425.37906,624.0591,25.4718,1997.640981,5273.430081,4904.13996,0.20703013061503311,0.19253213200480535,20198.369919,4422.723488,15775.646431,30375.93996,10177.570041,14600.293529,False,1.5038807627454267,1.9254957375508646,48.05999999999767,42.663102000002254,27.66069299999981,50.08813200000077,7.4250300000003335,22.42743900000096,0.8877049937578927,0.5755450062422212,1.0422000000000664,0.15449500624221169,0.4666549937578453
Poland,PL,2026-01,2026-01-01,poland__standard_employee,Pologne · salarie standard,Poland · standard employee,5.31,25519.86,2298.48,2298.48,353.25,1530.75,625.23657,426.181662,625.23657,25.51986,2001.860409,5278.826979,4906.168092,0.20685172170615357,0.19224902064509763,20241.033021,4437.725898,15803.307124,30426.028092,10184.995071,14622.720968,False,1.5031855370218579,1.9252949938795092,48.06000000000131,42.66310199999862,27.66069300000163,50.08813200000077,7.4250299999985145,22.42743899999914,0.8877049937577498,0.5755450062422155,1.0421999999999876,0.15449500624216214,0.46665499375777214
Poland,PL,2026-01,2026-01-01,poland__standard_employee,Pologne · salarie standard,Poland · standard employee,5.32,25567.92,2298.48,2298.48,353.25,1530.75,626.41404,426.984264,626.41404,25.56792,2006.079836,5284.223876,4908.196224,0.20667398350745778,0.1919669736138098,20283.696124,4452.728307,15830.967816,30476.116224,10192.4201,14645.148408,False,1.502493235862529,1.9250949517077816,48.05999999999767,42.663102999998955,27.66069199999947,50.08813200000077,7.425028999999995,22.42743999999948,0.8877050145651482,0.57554498543489,1.0422000000000664,0.15449498543488047,0.4666550145651387
Poland,PL,2026-01,2026-01-01,poland__standard_employee,Pologne · salarie standard,Poland · standard employee,5.33,25615.98,2298.48,2298.48,353.25,1530.75,627.59151,427.786866,627.59151,25.61598,2010.299264,5289.620774,4910.224356,0.20649691224384153,0.1916859849203505,20326.359226,4467.730717,15858.628509,30526.204356,10199.84513,14667.575847,False,1.50180384085229,1.9248956073650032,48.06000000000131,42.663102000002254,27.66069299999981,50.08813199999713,7.4250300000003335,22.42743900000096,0.8877049937578254,0.5755450062421776,1.0421999999999119,0.15449500624219997,0.46665499375781
Poland,PL,2026-01,2026-01-01,poland__standard_employee,Pologne · salarie standard,Poland · standard employee,5.34,25664.04,2298.48,2298.48,353.25,1530.75,628.76898,428.589468,628.76898,25.66404,2014.518692,5295.017672,4912.252488,0.20632050416847855,0.19140604861900148,20369.022328,4482.733126,15886.289202,30576.292488,10207.27016,14690.003286,False,1.501117333730274,1.924696957206063,48.06000000000131,42.66310199999862,27.66069299999981,50.08813200000077,7.4250300000003335,22.42743899999914,0.8877049937577498,0.5755450062421776,1.0421999999999876,0.15449500624219997,0.46665499375777214
Poland,PL,2026-01,2026-01-01,poland__standard_employee,Pologne · salarie standard,Poland · standard employee,5.35,25712.1,2298.48,2298.48,353.25,1530.75,629.94645,429.39207,629.94645,25.7121,2018.73812,5300.41457,4914.28062,0.20614475556255615,0.19112715880849876,20411.68543,4497.735536,15913.949894,30626.38062,10214.69519,14712.430726,False,1.5004336963882843,1.9244989976111933,48.05999999999767,42.663102000002254,27.66069199999947,50.08813200000077,7.4250300000003335,22.427440000001297,0.8877049937578927,0.57554498543489,1.0422000000000664,0.15449500624221169,0.46665501456517655
Poland,PL,2026-01,2026-01-01,poland__standard_employee,Pologne · salarie standard,Poland · standard employee,5.36,25760.16,2298.48,2298.48,353.25,1530.75,631.12392,430.194672,631.12392,25.76016,2022.957547,5305.811467,4916.308752,0.20596966273501405,0.1908493096316172,20454.348533,4512.737946,15941.610587,30676.468752,10222.120219,14734.858165,False,1.4997529108692023,1.9243017249857464,48.06000000000131,42.663102999998955,27.66069299999981,50.08813200000077,7.425028999999995,22.42743899999914,0.887705014565081,0.5755450062421776,1.0421999999999876,0.15449498543486875,0.46665499375777214
Poland,PL,2026-01,2026-01-01,poland__standard_employee,Pologne · salarie standard,Poland · standard employee,5.37,25808.22,2298.48,2298.48,353.25,1530.75,632.30139,430.997274,632.30139,25.80822,2027.176975,5311.208365,4918.336884,0.2057952220222859,0.19057249527476128,20497.011635,4527.740355,15969.27128,30726.556884,10229.545249,14757.285604,False,1.4990749593654162,1.9241051357599834,48.06000000000131,42.66310199999862,27.66069300000163,50.08813200000077,7.4250300000003335,22.42743900000096,0.8877049937577498,0.5755450062422155,1.0421999999999876,0.15449500624219997,0.46665499375781
Poland,PL,2026-01,2026-01-01,poland__standard_employee,Pologne · salarie standard,Poland · standard employee,5.38,25856.28,2298.48,2298.48,353.25,1530.75,633.47886,431.799876,633.47886,25.85628,2031.396403,5316.605263,4920.365016,0.20562142978804376,0.19029670996755912,20539.674737,4542.742765,15996.931973,30776.645016,10236.970279,14779.713043,False,1.4983998242172671,1.923909226388855,48.05999999999767,42.663102000002254,27.66069299999981,50.08813199999713,7.4250299999985145,22.42743899999914,0.8877049937578927,0.5755450062422212,1.0421999999999907,0.15449500624217383,0.46665499375780745
Poland,PL,2026-01,2026-01-01,poland__standard_employee,Pologne · salarie standard,Poland · standard employee,5.39,25904.34,2298.48,2298.48,353.25,1530.75,634.65633,432.602478,634.65633,25.90434,2035.61583,5322.00216,4922.393148,0.20544828242294536,0.19002194798246164,20582.33784,4557.745174,16024.592665,30826.733148,10244.395308,14802.140483,False,1.4977274879115152,1.923713993351786,48.06000000000131,42.663102999998955,27.66069199999947,50.08813200000077,7.425028999999995,22.42743999999948,0.887705014565081,0.5755449854348464,1.0421999999999876,0.15449498543486875,0.46665501456510333
Poland,PL,2026-01,2026-01-01,poland__standard_employee,Pologne · salarie standard,Poland · standard employee,5.4,25952.4,2298.48,2298.48,353.25,1530.75,635.8338,433.40508,635.8338,25.9524,2039.835258,5327.399058,4924.42128,0.20527577634438432,0.18974820363434597,20625.000942,4572.747584,16052.253358,30876.82128,10251.820338,14824.567922,False,1.4970579330798268,1.9235194331524705,48.06000000000131,42.66310199999862,27.66069299999981,50.08813200000077,7.4250300000003335,22.42743900000096,0.8877049937577498,0.5755450062421776,1.0421999999999876,0.15449500624219997,0.46665499375781
Poland,PL,2026-01,2026-01-01,poland__standard_employee,Pologne · salarie standard,Poland · standard employee,5.41,26000.46,2298.48,2298.48,353.25,1530.75,637.01127,434.207682,637.01127,26.00046,2044.054686,5332.795956,4926.449412,0.20510390799624312,0.18947547128012351,20667.664044,4587.749994,16079.914051,30926.909412,10259.245368,14846.995361,False,1.4963911424972784,1.9233255423186593,48.05999999999767,42.663102000002254,27.66069299999981,50.08813200000077,7.4250300000003335,22.42743899999914,0.8877049937578927,0.5755450062422212,1.0422000000000664,0.15449500624221169,0.46665499375780745
Poland,PL,2026-01,2026-01-01,poland__standard_employee,Pologne · salarie standard,Poland · standard employee,5.42,26048.52,2298.48,2298.48,353.25,1530.75,638.18874,435.010284,638.18874,26.04852,2048.274113,5338.192853,4928.477544,0.20493267384864858,0.1892037453183521,20710.327147,4602.752403,16107.574743,30976.997544,10266.670397,14869.422801,False,1.4957270990808793,1.9231323174019523,48.06000000000131,42.663102999998955,27.66069199999947,50.08813200000077,7.425028999999995,22.427440000001297,0.887705014565081,0.5755449854348464,1.0421999999999876,0.15449498543486875,0.4666550145651412
Poland,PL,2026-01,2026-01-01,poland__standard_employee,Pologne · salarie standard,Poland · standard employee,5.43,26096.58,2298.48,2298.48,353.25,1530.75,639.36621,435.812886,639.36621,26.09658,2052.493541,5343.589751,4930.505676,0.2047620703977303,0.18893302018885239,20752.990249,4617.754813,16135.235436,31027.085676,10274.095427,14891.85024,False,1.495065785888112,1.9229397549775988,48.06000000000131,42.66310199999862,27.66069300000163,50.08813199999713,7.4250300000003335,22.42743899999914,0.8877049937577498,0.5755450062422155,1.0421999999999119,0.15449500624219997,0.46665499375777214
Poland,PL,2026-01,2026-01-01,poland__standard_employee,Pologne · salarie standard,Poland · standard employee,5.44,26144.64,2298.48,2298.48,353.25,1530.75,640.54368,436.615488,640.54368,26.14464,2056.712969,5348.986649,4932.533808,0.20459209416538152,0.18866329037232868,20795.653351,4632.757222,16162.896129,31077.173808,10281.520457,14914.277679,False,1.4944071861154924,1.922747851644289,48.05999999999767,42.663102000002254,27.66069299999981,50.08813200000077,7.4250300000003335,22.42743900000096,0.8877049937578927,0.5755450062422212,1.0422000000000664,0.15449500624221169,0.4666549937578453
Poland,PL,2026-01,2026-01-01,poland__standard_employee,Pologne · salarie standard,Poland · standard employee,5.45,26192.7,2298.48,2298.48,353.25,1530.75,641.72115,437.41809,641.72115,26.1927,2060.932397,5354.383547,4934.56194,0.20442274169902297,0.18839455038999414,20838.316454,4647.759632,16190.556822,31127.26194,10288.945486,14936.705119,False,1.493751283097146,1.9225566040239597,48.06000000000131,42.663102999998955,27.66069299999981,50.08813200000077,7.425028999999995,22.42743999999948,0.887705014565081,0.5755450062421776,1.0421999999999876,0.15449498543486875,0.46665501456510333
Poland,PL,2026-01,2026-01-01,poland__standard_employee,Pologne · salarie standard,Poland · standard employee,5.46,26240.76,2298.48,2298.48,353.25,1530.75,642.89862,438.220692,642.89862,26.24076,2065.151824,5359.780444,4936.590072,0.20425400957136913,0.1881267948031993,20880.979556,4662.762042,16218.217514,31177.350072,10296.370516,14959.132558,False,1.4930980603034034,1.922366008761592,48.05999999999767,42.66310199999862,27.66069199999947,50.08813200000077,7.4250300000003335,22.42743899999914,0.887704993757817,0.57554498543489,1.0422000000000664,0.15449500624221169,0.46665499375780745
Poland,PL,2026-01,2026-01-01,poland__standard_employee,Pologne · salarie standard,Poland · standard employee,5.47,26288.82,2298.48,2298.48,353.25,1530.75,644.07609,439.023294,644.07609,26.28882,2069.371252,5365.177342,4938.618204,0.20408589438019661,0.1878600182130655,20923.642658,4677.764451,16245.878207,31227.438204,10303.795546,14981.559997,False,1.4924475013394083,1.9221760625250157,48.06000000000131,42.663102000002254,27.66069299999981,50.08813199999713,7.4250299999985145,22.42743900000096,0.8877049937578254,0.5755450062421776,1.0421999999999119,0.15449500624216214,0.46665499375781
Poland,PL,2026-01,2026-01-01,poland__standard_employee,Pologne · salarie standard,Poland · standard employee,5.48,26336.88,2298.48,2298.48,353.25,1530.75,645.25356,439.825896,645.25356,26.33688,2073.59068,5370.57424,4940.646336,0.20391839274811596,0.1875942152601219,20966.30576,4692.766861,16273.5389,31277.526336,10311.220576,15003.987436,False,1.49179958994375,1.9219867620047169,48.06000000000131,42.66310199999862,27.66069299999981,50.08813200000077,7.4250300000003335,22.42743899999914,0.8877049937577498,0.5755450062421776,1.0421999999999876,0.15449500624219997,0.46665499375777214
Poland,PL,2026-01,2026-01-01,poland__standard_employee,Pologne · salarie standard,Poland · standard employee,5.49,26384.94,2298.48,2298.48,353.25,1530.75,646.43103,440.628498,646.43103,26.38494,2077.810107,5375.971137,4942.674468,0.20375150132234526,0.1873293806239468,21008.968863,4707.76927,16301.199592,31327.614468,10318.645605,15026.414876,False,1.4911543099871054,1.9217981039136436,48.05999999999767,42.663102999998955,27.66069200000129,50.08813200000077,7.425028999999995,22.427440000001297,0.8877050145651482,0.5755449854349278,1.0422000000000664,0.15449498543488047,0.46665501456517655
Poland,PL,2026-01,2026-01-01,poland__standard_employee,Pologne · salarie standard,Poland · standard employee,5.5,26433.0,2298.48,2298.48,353.25,1530.75,647.6085,441.4311,647.6085,26.433,2082.029535,5381.368035,4944.7026,0.2035852167744864,0.1870655090228124,21051.631965,4722.77168,16328.860285,31377.7026,10326.070635,15048.842315,False,1.4905116454709026,1.9216100849870186,48.06000000000131,42.663102000002254,27.66069299999981,50.08813200000077,7.4250300000003335,22.42743899999914,0.8877049937578254,0.5755450062421776,1.0421999999999876,0.15449500624219997,0.46665499375777214
Poland,PL,2026-01,2026-01-01,poland__standard_employee,Pologne · salarie standard,Poland · standard employee,5.51,26481.06,2298.48,2298.48,353.25,1530.75,648.78597,442.233702,648.78597,26.48106,2086.248963,5386.764933,4946.730732,0.20341953580030409,0.18680259521333362,21094.295067,4737.77409,16356.520978,31427.790732,10333.495665,15071.269754,False,1.4898715805259974,1.9214227019821468,48.06000000000131,42.66310199999862,27.66069299999981,50.08813200000077,7.4250300000003335,22.42743900000096,0.8877049937577498,0.5755450062421776,1.0421999999999876,0.15449500624219997,0.46665499375781
Poland,PL,2026-01,2026-01-01,poland__standard_employee,Pologne · salarie standard,Poland · standard employee,5.52,26529.12,2298.48,2298.48,353.25,1530.75,649.96344,443.036304,649.96344,26.52912,2090.46839,5392.16183,4948.758864,0.20325445511950643,0.18654063399012105,21136.95817,4752.776499,16384.18167,31477.878864,10340.920694,15093.697194,False,1.4892340994113673,1.921235951678233,48.05999999999767,42.66310300000259,27.66069200000129,50.08813199999713,7.425028999999995,22.42743999999948,0.8877050145652239,0.5755449854349278,1.0421999999999907,0.15449498543488047,0.4666550145651387
Poland,PL,2026-01,2026-01-01,poland__standard_employee,Pologne · salarie standard,Poland · standard employee,5.53,26577.18,2298.48,2298.48,353.25,1530.75,651.14091,443.838906,651.14091,26.57718,2094.687818,5397.558728,4950.786996,0.20308997147552899,0.1862796201854373,21179.621272,4767.778909,16411.842363,31527.966996,10348.345724,15116.124633,False,1.488599186512822,1.9210498308761934,48.06000000000131,42.66310199999862,27.66069299999799,50.08813200000077,7.4250300000003335,22.42743899999914,0.8877049937577498,0.5755450062421398,1.0421999999999876,0.15449500624219997,0.46665499375777214
Poland,PL,2026-01,2026-01-01,poland__standard_employee,Pologne · salarie standard,Poland · standard employee,5.54,26625.24,2298.48,2298.48,353.25,1530.75,652.31838,444.641508,652.31838,26.62524,2098.907246,5402.955626,4952.815128,0.20292608163532047,0.18601954866885706,21222.284374,4782.781318,16439.503056,31578.055128,10355.770754,15138.552072,False,1.4879668263417272,1.920864336398477,48.06000000000131,42.66310199999862,27.66069300000163,50.08813200000077,7.4250299999985145,22.42743900000096,0.8877049937577498,0.5755450062422155,1.0421999999999876,0.15449500624216214,0.46665499375781
Poland,PL,2026-01,2026-01-01,poland__standard_employee,Pologne · salarie standard,Poland · standard employee,5.55,26673.3,2298.48,2298.48,353.25,1530.75,653.49585,445.44411,653.49585,26.6733,2103.126674,5408.352524,4954.84326,0.2027627823891307,0.18576041434693122,21264.947476,4797.783728,16467.163748,31628.14326,10363.195784,15160.979512,False,1.487337003533746,1.920679465088882,48.05999999999767,42.663102000002254,27.660691999997653,50.08813200000077,7.4250300000003335,22.42743999999948,0.8877049937578927,0.5755449854348521,1.0422000000000664,0.15449500624221169,0.4666550145651387
Poland,PL,2026-01,2026-01-01,poland__standard_employee,Pologne · salarie standard,Poland · standard employee,5.56,26721.36,2298.48,2298.48,353.25,1530.75,654.67332,446.246712,654.67332,26.72136,2107.346101,5413.749421,4956.871392,0.20260007055030133,0.18550221216285398,21307.610579,4812.786138,16494.824441,31678.231392,10370.620813,15183.406951,False,1.486709702847594,1.9204952138123754,48.06000000000131,42.663102999998955,27.66069300000163,50.08813200000077,7.425028999999995,22.42743900000096,0.887705014565081,0.5755450062422155,1.0421999999999876,0.15449498543486875,0.46665499375781
Poland,PL,2026-01,2026-01-01,poland__standard_employee,Pologne · salarie standard,Poland · standard employee,5.57,26769.42,2298.48,2298.48,353.25,1530.75,655.85079,447.049314,655.85079,26.76942,2111.565529,5419.146319,4958.899524,0.20243794295505843,0.18524493709613432,21350.273681,4827.788547,16522.485134,31728.319524,10378.045843,15205.83439,False,1.4860849091638113,1.9203115794549237,48.05999999999767,42.66310199999862,27.66069299999799,50.08813199999713,7.4250300000003335,22.42743899999914,0.887704993757817,0.5755450062421833,1.0421999999999907,0.15449500624221169,0.46665499375780745
Poland,PL,2026-01,2026-01-01,poland__standard_employee,Pologne · salarie standard,Poland · standard employee,5.58,26817.48,2298.48,2298.48,353.25,1530.75,657.02826,447.851916,657.02826,26.81748,2115.784957,5424.543217,4960.927656,0.2022763964623074,0.18498858416227026,21392.936783,4842.790957,16550.145827,31778.407656,10385.470873,15228.261829,False,1.4854626074835446,1.9201285589233044,48.06000000000131,42.663102000002254,27.66069300000163,50.08813200000077,7.4250300000003335,22.42743899999914,0.8877049937578254,0.5755450062422155,1.0421999999999876,0.15449500624219997,0.46665499375777214
Poland,PL,2026-01,2026-01-01,poland__standard_employee,Pologne · salarie standard,Poland · standard employee,5.59,26865.54,2298.48,2298.48,353.25,1530.75,658.20573,448.654518,658.20573,26.86554,2120.004384,5429.940114,4962.955788,0.2021154279534303,0.1847331484124272,21435.599886,4857.793366,16577.806519,31828.495788,10392.895902,15250.689269,False,1.4848427829273512,1.919946149144945,48.06000000000131,42.663102999998955,27.66069200000129,50.08813200000077,7.425028999999995,22.427440000001297,0.887705014565081,0.5755449854348842,1.0421999999999876,0.15449498543486875,0.4666550145651412
Poland,PL,2026-01,2026-01-01,poland__standard_employee,Pologne · salarie standard,Poland · standard employee,5.6,26913.6,2298.48,2298.48,353.25,1530.75,659.3832,449.45712,659.3832,26.9136,2124.223812,5435.337012,4964.98392,0.2019550343320849,0.1844786249331193,21478.262988,4872.795776,16605.467212,31878.58392,10400.320932,15273.116708,False,1.4842254207340093,1.9197643470677432,48.05999999999767,42.66310199999862,27.66069299999799,50.08813200000077,7.4250300000003335,22.42743899999914,0.887704993757817,0.5755450062421833,1.0422000000000664,0.15449500624221169,0.46665499375780745
Poland,PL,2026-01,2026-01-01,poland__standard_employee,Pologne · salarie standard,Poland · standard employee,5.61,26961.66,2298.48,2298.48,353.25,1530.75,660.56067,450.259722,660.56067,26.96166,2128.44324,5440.73391,4967.012052,0.2017952125240063,0.18422500884589452,21520.92609,4887.798186,16633.127905,31928.672052,10407.745962,15295.544147,False,1.4836105062593483,1.9195831496599003,48.06000000000131,42.663102000002254,27.66069300000163,50.08813200000077,7.4250300000003335,22.42743900000096,0.8877049937578254,0.5755450062422155,1.0421999999999876,0.15449500624219997,0.46665499375781
Poland,PL,2026-01,2026-01-01,poland__standard_employee,Pologne · salarie standard,Poland · standard employee,5.62,27009.72,2298.48,2298.48,353.25,1530.75,661.73814,451.062324,661.73814,27.00972,2132.662667,5446.130807,4969.040184,0.20163595947681057,0.1839722953070228,21563.589193,4902.800595,16660.788597,31978.760184,10415.170991,15317.971587,False,1.4829980249750903,1.91940255390975,48.06000000000131,42.663102999998955,27.660691999997653,50.08813199999713,7.425028999999995,22.42743999999948,0.887705014565081,0.5755449854348086,1.0421999999999119,0.15449498543486875,0.46665501456510333
Poland,PL,2026-01,2026-01-01,poland__standard_employee,Pologne · salarie standard,Poland · standard employee,5.63,27057.78,2298.48,2298.48,353.25,1530.75,662.91561,451.864926,662.91561,27.05778,2136.882095,5451.527705,4971.068316,0.20147727215980024,0.18372047950718795,21606.252295,4917.803005,16688.44929,32028.848316,10422.596021,15340.399026,False,1.4823879624677059,1.9192225568255947,48.05999999999767,42.66310199999862,27.66069300000163,50.08813200000077,7.4250299999985145,22.42743899999914,0.887704993757817,0.575545006242259,1.0422000000000664,0.15449500624217383,0.46665499375780745
Poland,PL,2026-01,2026-01-01,poland__standard_employee,Pologne · salarie standard,Poland · standard employee,5.64,27105.84,2298.48,2298.48,353.25,1530.75,664.09308,452.667528,664.09308,27.10584,2141.101523,5456.924603,4973.096448,0.20131914756377223,0.1834695566711823,21648.915397,4932.805414,16716.109983,32078.936448,10430.021051,15362.826465,False,1.481780304437283,1.9190431554355378,48.06000000000131,42.663102000002254,27.66069299999799,50.08813200000077,7.4250300000003335,22.42743900000096,0.8877049937578254,0.5755450062421398,1.0421999999999876,0.15449500624219997,0.46665499375781
Poland,PL,2026-01,2026-01-01,poland__standard_employee,Pologne · salarie standard,Poland · standard employee,5.65,27153.9,2298.48,2298.48,353.25,1530.75,665.27055,453.47013,665.27055,27.1539,2145.320951,5462.321501,4975.12458,0.2011615827008275,0.183219522057605,21691.578499,4947.807824,16743.770675,32129.02458,10437.446081,15385.253905,False,1.4811750366964114,1.9188643467873205,48.06000000000131,42.66310199999862,27.66069200000129,50.08813200000077,7.4250300000003335,22.42743999999948,0.8877049937577498,0.5755449854348842,1.0421999999999876,0.15449500624219997,0.46665501456510333
Poland,PL,2026-01,2026-01-01,poland__standard_employee,Pologne · salarie standard,Poland · standard employee,5.66,27201.96,2298.48,2298.48,353.25,1530.75,666.44802,454.272732,666.44802,27.20196,2149.540378,5467.718398,4977.152712,0.20100457460418297,0.18297037095856328,21734.241602,4962.810234,16771.431368,32179.112712,10444.87111,15407.681344,False,1.4805721451690759,1.9186861279481617,48.05999999999767,42.663102999998955,27.66069300000163,50.08813199999713,7.425028999999995,22.42743900000096,0.8877050145651482,0.575545006242259,1.0421999999999907,0.15449498543488047,0.4666549937578453
Poland,PL,2026-01,2026-01-01,poland__standard_employee,Pologne · salarie standard,Poland · standard employee,5.67,27250.02,2298.48,2298.48,353.25,1530.75,667.62549,455.075334,667.62549,27.25002,2153.759806,5473.115296,4979.180844,0.20084812032798507,0.1827220986993771,21776.904704,4977.812643,16799.092061,32229.200844,10452.29614,15430.108783,False,1.4799716158895673,1.9185084960045953,48.06000000000131,42.663102000002254,27.66069299999799,50.08813200000077,7.4250300000003335,22.42743899999914,0.8877049937578254,0.5755450062421398,1.0421999999999876,0.15449500624219997,0.46665499375777214
Poland,PL,2026-01,2026-01-01,poland__standard_employee,Pologne · salarie standard,Poland · standard employee,5.68,27298.08,2298.48,2298.48,353.25,1530.75,668.80296,455.877936,668.80296,27.29808,2157.979234,5478.512194,4981.208976,0.20069221694712594,0.18247470063828666,21819.567806,4992.815053,16826.752754,32279.288976,10459.72117,15452.536222,False,1.4793734350014032,1.918331448062313,48.06000000000131,42.66310199999862,27.66069300000163,50.08813200000077,7.4250300000003335,22.42743900000096,0.8877049937577498,0.5755450062422155,1.0421999999999876,0.15449500624219997,0.46665499375781
Poland,PL,2026-01,2026-01-01,poland__standard_employee,Pologne · salarie standard,Poland · standard employee,5.69,27346.14,2298.48,2298.48,353.25,1530.75,669.98043,456.680538,669.98043,27.34614,2162.198661,5483.909091,4983.237108,0.20053686155706069,0.18222817216616308,21862.230909,5007.817462,16854.413446,32329.377108,10467.146199,15474.963662,False,1.4787775887562615,1.9181549812460055,48.05999999999767,42.66310300000259,27.660691999997653,50.08813200000077,7.425028999999995,22.42743999999948,0.8877050145652239,0.5755449854348521,1.0422000000000664,0.15449498543488047,0.4666550145651387
Poland,PL,2026-01,2026-01-01,poland__standard_employee,Pologne · salarie standard,Poland · standard employee,5.7,27394.2,2298.48,2298.48,353.25,1530.75,671.1579,457.48314,671.1579,27.3942,2166.418089,5489.305989,4985.26524,0.20038205127362727,0.18198250870622246,21904.894011,5022.819872,16882.074139,32379.46524,10474.571229,15497.391101,False,1.4781840635129289,1.917979092699209,48.06000000000131,42.66310199999862,27.66069300000163,50.08813200000077,7.4250299999985145,22.42743899999914,0.8877049937577498,0.5755450062422155,1.0421999999999876,0.15449500624216214,0.46665499375777214
Poland,PL,2026-01,2026-01-01,poland__standard_employee,Pologne · salarie standard,Poland · standard employee,5.71,27442.26,2298.48,2298.48,353.25,1530.75,672.33537,458.285742,672.33537,27.44226,2170.637517,5494.702887,4987.293372,0.20022778323286786,0.1817377057137422,21947.557113,5037.822282,16909.734832,32429.553372,10481.996259,15519.81854,False,1.4775928457362582,1.9178037795841494,48.05999999999767,42.66310199999862,27.66069299999799,50.08813199999713,7.4250300000003335,22.42743900000096,0.887704993757817,0.5755450062421833,1.0421999999999907,0.15449500624221169,0.4666549937578453
Poland,PL,2026-01,2026-01-01,poland__standard_employee,Pologne · salarie standard,Poland · standard employee,5.72,27490.32,2298.48,2298.48,353.25,1530.75,673.51284,459.088344,673.51284,27.49032,2174.856944,5500.099784,4989.321504,0.2000740545908523,0.18149375867578116,21990.220216,5052.824691,16937.395524,32479.641504,10489.421288,15542.24598,False,1.47700392199614,1.9176290390815904,48.06000000000131,42.66310300000259,27.66069200000129,50.08813200000077,7.425028999999995,22.42743999999948,0.8877050145651567,0.5755449854348842,1.0421999999999876,0.15449498543486875,0.46665501456510333
Poland,PL,2026-01,2026-01-01,poland__standard_employee,Pologne · salarie standard,Poland · standard employee,5.73,27538.38,2298.48,2298.48,353.25,1530.75,674.69031,459.890946,674.69031,27.53838,2179.076372,5505.496682,4991.349636,0.19992086252350355,0.18125066311090193,22032.883318,5067.827101,16965.056217,32529.729636,10496.846318,15564.673419,False,1.476417278966486,1.917454868390682,48.06000000000131,42.66310199999862,27.66069300000163,50.08813200000077,7.4250300000003335,22.42743900000096,0.8877049937577498,0.5755450062422155,1.0421999999999876,0.15449500624219997,0.46665499375781
Poland,PL,2026-01,2026-01-01,poland__standard_employee,Pologne · salarie standard,Poland · standard employee,5.74,27586.44,2298.48,2298.48,353.25,1530.75,675.86778,460.693548,675.86778,27.58644,2183.2958,5510.89358,4993.377768,0.19976820422642427,0.18100841456889685,22075.54642,5082.82951,16992.71691,32579.817768,10504.271348,15587.100858,False,1.475832903424224,1.917281264728811,48.05999999999767,42.66310199999862,27.66069299999799,50.08813200000077,7.4250300000003335,22.42743899999914,0.887704993757817,0.5755450062421833,1.0422000000000664,0.15449500624221169,0.46665499375780745
Poland,PL,2026-01,2026-01-01,poland__standard_employee,Pologne · salarie standard,Poland · standard employee,5.75,27634.5,2298.48,2298.48,353.25,1530.75,677.04525,461.49615,677.04525,27.6345,2187.515228,5516.290478,4995.4059,0.1996160769147262,0.18076700863051623,22118.209523,5097.83192,17020.377603,32629.9059,10511.696378,15609.528298,False,1.4752507822483034,1.9171082253314538,48.06000000000131,42.66310300000259,27.66069300000163,50.08813200000077,7.4250300000003335,22.42743999999948,0.8877050145651567,0.5755450062422155,1.0421999999999876,0.15449500624219997,0.46665501456510333
Poland,PL,2026-01,2026-01-01,poland__standard_employee,Pologne · salarie standard,Poland · standard employee,5.76,27682.56,2298.48,2298.48,353.25,1530.75,678.22272,462.298752,678.22272,27.68256,2191.734655,5521.687375,4997.434032,0.1994644778228603,0.18052644090719935,22160.872625,5112.83433,17048.038295,32679.994032,10519.121407,15631.955737,False,1.4746709024187143,1.9169357474520274,48.06000000000131,42.66310199999862,27.660691999997653,50.08813199999713,7.425028999999995,22.42743900000096,0.8877049937577498,0.5755449854348086,1.0421999999999119,0.15449498543486875,0.46665499375781
Poland,PL,2026-01,2026-01-01,poland__standard_employee,Pologne · salarie standard,Poland · standard employee,5.77,27730.62,2298.48,2298.48,353.25,1530.75,679.40019,463.101354,679.40019,27.73062,2195.954083,5527.084273,4999.462164,0.19931340420444982,0.18028670704080907,22203.535727,5127.836739,17075.698988,32730.082164,10526.546437,15654.383176,False,1.474093251015516,1.9167638283617463,48.05999999999767,42.66310199999862,27.66069300000163,50.08813200000077,7.4250300000003335,22.42743899999914,0.887704993757817,0.575545006242259,1.0422000000000664,0.15449500624221169,0.46665499375780745
Poland,PL,2026-01,2026-01-01,poland__standard_employee,Pologne · salarie standard,Poland · standard employee,5.78,27778.68,2298.48,2298.48,353.25,1530.75,680.57766,463.903956,680.57766,27.77868,2200.173511,5532.481171,5001.490296,0.19916285333212377,0.1800478027033682,22246.198829,5142.839149,17103.359681,32780.170296,10533.971467,15676.810615,False,1.4735178152178776,1.916592465349477,48.06000000000131,42.663102000002254,27.66069300000163,50.08813199999713,7.4250299999985145,22.42743900000096,0.8877049937578254,0.5755450062422155,1.0421999999999119,0.15449500624216214,0.46665499375781
Poland,PL,2026-01,2026-01-01,poland__standard_employee,Pologne · salarie standard,Poland · standard employee,5.79,27826.74,2298.48,2298.48,353.25,1530.75,681.75513,464.706558,681.75513,27.82674,2204.392938,5537.878068,5003.518428,0.19901282249735328,0.17980972359679936,22288.861932,5157.841558,17131.020373,32830.258428,10541.396496,15699.238055,False,1.4729445823031304,1.9164216557215972,48.06000000000131,42.663102999998955,27.660691999997653,50.08813200000441,7.425028999999995,22.42743999999948,0.887705014565081,0.5755449854348086,1.0422000000000633,0.15449498543486875,0.46665501456510333
Poland,PL,2026-01,2026-01-01,poland__standard_employee,Pologne · salarie standard,Poland · standard employee,5.8,27874.8,2298.48,2298.48,353.25,1530.75,682.9326,465.50916,682.9326,27.8748,2208.612366,5543.274966,5005.54656,0.19886330901028887,0.17957246545266692,22331.525034,5172.843968,17158.681066,32880.34656,10548.821526,15721.665494,False,1.472373539645828,1.9162513968018524,48.05999999999767,42.66310199999862,27.66069300000163,50.08813199999713,7.4250300000003335,22.42743900000096,0.887704993757817,0.575545006242259,1.0421999999999907,0.15449500624221169,0.4666549937578453
Poland,PL,2026-01,2026-01-01,poland__standard_employee,Pologne · salarie standard,Poland · standard employee,5.81,27922.86,2298.48,2298.48,353.25,1530.75,684.11007,466.311762,684.11007,27.92286,2212.831794,5548.671864,5007.574692,0.1987143101995999,0.17933602403192223,22374.188136,5187.846378,17186.341759,32930.434692,10556.246556,15744.092933,False,1.4718046747168219,1.9160816859312182,48.06000000000131,42.663102000002254,27.66069299999799,50.08813200000441,7.4250300000003335,22.42743899999914,0.8877049937578254,0.5755450062421398,1.0422000000000633,0.15449500624219997,0.46665499375777214
Poland,PL,2026-01,2026-01-01,poland__standard_employee,Pologne · salarie standard,Poland · standard employee,5.82,27970.92,2298.48,2298.48,353.25,1530.75,685.28754,467.114364,685.28754,27.97092,2217.051221,5554.068761,5009.602824,0.19856582341231535,0.1791003951246509,22416.851239,5202.848787,17214.002451,32980.522824,10563.671585,15766.520373,False,1.471237975082344,1.9159125204677616,48.05999999999767,42.663102999998955,27.66069200000129,50.08813199999713,7.425028999999995,22.42743999999948,0.8877050145651482,0.5755449854349278,1.0421999999999907,0.15449498543488047,0.4666550145651387
Poland,PL,2026-01,2026-01-01,poland__standard_employee,Pologne · salarie standard,Poland · standard employee,5.83,28018.98,2298.48,2298.48,353.25,1530.75,686.46501,467.916966,686.46501,28.01898,2221.270649,5559.465659,5011.630956,0.19841784601366647,0.17886557454982302,22459.514341,5217.851197,17241.663144,33030.610956,10571.096615,15788.947812,False,1.4706734284031,1.915743897786501,48.06000000000131,42.66310199999862,27.66069299999799,50.08813199999713,7.4250300000003335,22.42743900000096,0.8877049937577498,0.5755450062421398,1.0421999999999119,0.15449500624219997,0.46665499375781
Poland,PL,2026-01,2026-01-01,poland__standard_employee,Pologne · salarie standard,Poland · standard employee,5.84,28067.04,2298.48,2298.48,353.25,1530.75,687.64248,468.719568,687.64248,28.06704,2225.490077,5564.862557,5013.659088,0.19827037538693074,0.17863155815504592,22502.177443,5232.853606,17269.323837,33080.699088,10578.521645,15811.375251,False,1.4701110224333758,1.9155758152792761,48.06000000000131,42.663102000002254,27.66069300000163,50.08813200000441,7.4250300000003335,22.42743899999914,0.8877049937578254,0.5755450062422155,1.0422000000000633,0.15449500624219997,0.46665499375777214
Poland,PL,2026-01,2026-01-01,poland__standard_employee,Pologne · salarie standard,Poland · standard employee,5.85,28115.1,2298.48,2298.48,353.25,1530.75,688.81995,469.52217,688.81995,28.1151,2229.709505,5570.259455,5015.68722,0.19812340893327784,0.17839834181631933,22544.840545,5247.856016,17296.984529,33130.78722,10585.946675,15833.802691,False,1.4695507450201495,1.9154082703546076,48.05999999999767,42.66310199999862,27.66069200000129,50.08813199999713,7.4250299999985145,22.427440000001297,0.887704993757817,0.5755449854349278,1.0421999999999907,0.15449500624217383,0.46665501456517655
Poland,PL,2026-01,2026-01-01,poland__standard_employee,Pologne · salarie standard,Poland · standard employee,5.86,28163.16,2298.48,2298.48,353.25,1530.75,689.99742,470.324772,689.99742,28.16316,2233.928932,5575.656352,5017.715352,0.19797694407161695,0.1781659214377932,22587.503648,5262.858426,17324.645222,33180.875352,10593.371704,15856.23013,False,1.4689925841022182,1.915241260437567,48.06000000000131,42.66310300000259,27.66069299999799,50.08813200000441,7.425028999999995,22.42743899999914,0.8877050145651567,0.5755450062421398,1.0422000000000633,0.15449498543486875,0.46665499375777214
Poland,PL,2026-01,2026-01-01,poland__standard_employee,Pologne · salarie standard,Poland · standard employee,5.87,28211.22,2298.48,2298.48,353.25,1530.75,691.17489,471.127374,691.17489,28.21122,2238.14836,5581.05325,5019.743484,0.19783097823844556,0.1779342929515278,22630.16675,5277.860835,17352.305915,33230.963484,10600.796734,15878.657569,False,1.468436527709331,1.9150747829696446,48.06000000000131,42.66310199999862,27.66069300000163,50.08813199999713,7.4250300000003335,22.42743900000096,0.8877049937577498,0.5755450062422155,1.0421999999999119,0.15449500624219997,0.46665499375781
Poland,PL,2026-01,2026-01-01,poland__standard_employee,Pologne · salarie standard,Poland · standard employee,5.88,28259.28,2298.48,2298.48,353.25,1530.75,692.35236,471.929976,692.35236,28.25928,2242.367788,5586.450148,5021.771616,0.1976855088876999,0.1777034523172565,22672.829852,5292.863245,17379.966608,33281.051616,10608.221764,15901.085008,False,1.4678825639613347,1.9149088354086188,48.05999999999767,42.66310199999862,27.66069299999799,50.08813199999713,7.4250300000003335,22.42743899999914,0.887704993757817,0.5755450062421833,1.0421999999999907,0.15449500624221169,0.46665499375780745
Poland,PL,2026-01,2026-01-01,poland__standard_employee,Pologne · salarie standard,Poland · standard employee,5.89,28307.34,2298.48,2298.48,353.25,1530.75,693.52983,472.732578,693.52983,28.30734,2246.587215,5591.847045,5023.799748,0.19754053349060702,0.1774733955221508,22715.492955,5307.865654,17407.6273,33331.139748,10615.646793,15923.512448,False,1.4673306810673263,1.9147434152284257,48.06000000000131,42.66310300000259,27.66069200000129,50.08813200000441,7.425028999999995,22.42743999999948,0.8877050145651567,0.5755449854348842,1.0422000000000633,0.15449498543486875,0.46665501456510333
Poland,PL,2026-01,2026-01-01,poland__standard_employee,Pologne · salarie standard,Poland · standard employee,5.9,28355.4,2298.48,2298.48,353.25,1530.75,694.7073,473.53518,694.7073,28.3554,2250.806643,5597.243943,5025.82788,0.1973960495355382,0.17724411858058783,22758.156057,5322.868064,17435.287993,33381.22788,10623.071823,15945.939887,False,1.4667808673248173,1.9145785199190315,48.06000000000131,42.66310199999862,27.66069300000163,50.08813199999713,7.4250300000003335,22.42743900000096,0.8877049937577498,0.5755450062422155,1.0421999999999119,0.15449500624219997,0.46665499375781
Poland,PL,2026-01,2026-01-01,poland__standard_employee,Pologne · salarie standard,Poland · standard employee,5.91,28403.46,2298.48,2298.48,353.25,1530.75,695.88477,474.337782,695.88477,28.40346,2255.026071,5602.640841,5027.856012,0.19725205452786387,0.17701561753392017,22800.819159,5337.870474,17462.948686,33431.316012,10630.496853,15968.367326,False,1.4662331111189058,1.9144141469863056,48.05999999999767,42.66310199999862,27.66069299999799,50.08813200000441,7.4250300000003335,22.42743899999914,0.887704993757817,0.5755450062421833,1.0422000000001421,0.15449500624221169,0.46665499375780745
Poland,PL,2026-01,2026-01-01,poland__standard_employee,Pologne · salarie standard,Poland · standard employee,5.92,28451.52,2298.48,2298.48,353.25,1530.75,697.06224,475.140384,697.06224,28.45152,2259.245498,5608.037738,5029.884144,0.19710854598981004,0.17678788845024798,22843.482262,5352.872883,17490.609378,33481.404144,10637.921882,15990.794766,False,1.4656874009214609,1.9142502939518966,48.06000000000131,42.66310300000259,27.66069200000129,50.08813199999713,7.425028999999995,22.427440000001297,0.8877050145651567,0.5755449854348842,1.0421999999999119,0.15449498543486875,0.4666550145651412
Poland,PL,2026-01,2026-01-01,poland__standard_employee,Pologne · salarie standard,Poland · standard employee,5.93,28499.58,2298.48,2298.48,353.25,1530.75,698.23971,475.942986,698.23971,28.49958,2263.464926,5613.434636,5031.912276,0.19696552146031623,0.1765609274241936,22886.145364,5367.875293,17518.270071,33531.492276,10645.346912,16013.222205,False,1.4651437252903097,1.914086958353103,48.06000000000131,42.66310199999862,27.66069299999799,50.08813199999713,7.4250300000003335,22.42743899999914,0.8877049937577498,0.5755450062421398,1.0421999999999119,0.15449500624219997,0.46665499375777214
Poland,PL,2026-01,2026-01-01,poland__standard_employee,Pologne · salarie standard,Poland · standard employee,5.94,28547.64,2298.48,2298.48,353.25,1530.75,699.41718,476.745588,699.41718,28.54764,2267.684354,5618.831534,5033.940408,0.19682297849489483,0.17633473057667814,22928.808466,5382.877702,17545.930764,33581.580408,10652.771942,16035.649644,False,1.4646020728684417,1.9139241377427552,48.05999999999767,42.66310199999862,27.66069300000163,50.08813200000441,7.4250299999985145,22.42743899999914,0.887704993757817,0.575545006242259,1.0422000000001421,0.15449500624217383,0.46665499375780745
Poland,PL,2026-01,2026-01-01,poland__standard_employee,Pologne · salarie standard,Poland · standard employee,5.95,28595.7,2298.48,2298.48,353.25,1530.75,700.59465,477.54819,700.59465,28.5957,2271.903782,5624.228432,5035.96854,0.19668091466549165,0.17610929405470052,22971.471569,5397.880112,17573.591456,33631.66854,10660.196971,16058.077084,False,1.4640624323832159,1.9137618296890901,48.06000000000131,42.66310300000259,27.660691999997653,50.08813199999713,7.425028999999995,22.427440000001297,0.8877050145651567,0.5755449854348086,1.0421999999999119,0.15449498543486875,0.4666550145651412
Poland,PL,2026-01,2026-01-01,poland__standard_employee,Pologne · salarie standard,Poland · standard employee,5.96,28643.76,2298.48,2298.48,353.25,1530.75,701.77212,478.350792,701.77212,28.64376,2276.123209,5629.625329,5037.996672,0.19653932756034823,0.1758846140311188,23014.134671,5412.882522,17601.252149,33681.756672,10667.622001,16080.504523,False,1.463524792645579,1.9136000317756303,48.05999999999767,42.66310199999862,27.66069300000163,50.08813200000441,7.4250300000003335,22.42743899999914,0.887704993757817,0.575545006242259,1.0422000000001421,0.15449500624221169,0.46665499375780745
Poland,PL,2026-01,2026-01-01,poland__standard_employee,Pologne · salarie standard,Poland · standard employee,5.97,28691.82,2298.48,2298.48,353.25,1530.75,702.94959,479.153394,702.94959,28.69182,2280.342637,5635.022227,5040.024804,0.19639821478386524,0.17566068670443355,23056.797773,5427.884931,17628.912842,33731.844804,10675.047031,16102.931962,False,1.4629891425492922,1.9134387416010659,48.06000000000131,42.66310199999862,27.66069300000163,50.08813199999713,7.4250300000003335,22.42743900000096,0.8877049937577498,0.5755450062422155,1.0421999999999119,0.15449500624219997,0.46665499375781
Poland,PL,2026-01,2026-01-01,poland__standard_employee,Pologne · salarie standard,Poland · standard employee,5.98,28739.88,2298.48,2298.48,353.25,1530.75,704.12706,479.955996,704.12706,28.73988,2284.562065,5640.419125,5042.052936,0.19625757395646748,0.17543750829857327,23099.460875,5442.887341,17656.573535,33781.932936,10682.472061,16125.359401,False,1.462455471070167,1.9132779567791331,48.06000000000131,42.663102000002254,27.66069299999799,50.08813199999713,7.4250300000003335,22.42743899999914,0.8877049937578254,0.5755450062421398,1.0421999999999119,0.15449500624219997,0.46665499375777214
Poland,PL,2026-01,2026-01-01,poland__standard_employee,Pologne · salarie standard,Poland · standard employee,5.99,28787.94,2298.48,2298.48,353.25,1530.75,705.30453,480.758598,705.30453,28.78794,2288.781492,5645.816022,5044.081068,0.19611740271446998,0.1752150750626825,23142.123978,5457.88975,17684.234227,33832.021068,10689.89709,16147.786841,False,1.461923767265308,1.9131176749384993,48.05999999999767,42.663102999998955,27.66069200000129,50.08813200000441,7.425028999999995,22.42743999999948,0.8877050145651482,0.5755449854349278,1.0422000000001421,0.15449498543488047,0.4666550145651387
Poland,PL,2026-01,2026-01-01,poland__standard_employee,Pologne · salarie standard,Poland · standard employee,6.0,28836.0,2298.48,2298.48,353.25,1530.75,706.482,481.5612,706.482,28.836,2293.00092,5651.21292,5046.1092,0.19597769870994589,0.17499338327091135,23184.78708,5472.89216,17711.89492,33882.1092,10697.32212,16170.21428,False,1.4613940202723654,1.9129578937226437,48.06000000000131,42.66310199999862,27.66069299999799,50.08813199999713,7.4250300000003335,22.42743900000096,0.8877049937577498,0.5755450062421398,1.0421999999999119,0.15449500624219997,0.46665499375781
