country,country_code,version,effective_from,profile_id,profile_label_fr,profile_label_en,smic_multiple,gross_monthly_eur,ivs_employer_monthly_eur,ivs_employee_monthly_eur,aggiuntivo_1_percent_monthly_eur,naspi_monthly_eur,cigo_monthly_eur,cigs_employer_monthly_eur,cigs_employee_monthly_eur,maternita_monthly_eur,fondo_garanzia_tfr_monthly_eur,cuaf_monthly_eur,inail_monthly_eur,tfr_accrual_monthly_eur,irpef_lorda_annual_eur,detrazione_lavoro_dipendente_annual_eur,ulteriore_detrazione_annual_eur,trattamento_integrativo_annual_eur,addizionale_regionale_annual_eur,addizionale_comunale_annual_eur,employee_contributions_monthly_eur,employer_contributions_monthly_eur,employee_contribution_rate,employer_contribution_rate,net_before_income_tax_monthly_eur,income_tax_monthly_eur,net_after_income_tax_monthly_eur,employer_cost_monthly_eur,social_wedge_monthly_eur,total_wedge_after_income_tax_monthly_eur,cost_to_net_ratio,cost_to_net_after_income_tax_ratio,delta_gross_monthly_eur,delta_net_before_income_tax_monthly_eur,delta_net_after_income_tax_monthly_eur,delta_employer_cost_monthly_eur,delta_social_wedge_monthly_eur,delta_total_wedge_after_income_tax_monthly_eur,marginal_net_before_income_tax_rate,marginal_net_after_income_tax_rate,marginal_employer_cost_rate,marginal_social_wedge_rate,marginal_total_wedge_after_income_tax_rate
Italy,IT,2026-01,2026-01-01,italy__standard_employee_roma_lazio,"Italie · salarie standard (Rome, Latium)","Italy · standard employee (Rome, Lazio)",0.8,1851.64936,440.877713,170.166576,0.0,29.811555,37.032987,11.109896,5.554948,8.517587,3.703299,12.591216,9.258247,127.900965,4625.560827,2632.134654,1000.0,0.0,347.922619,181.000206,175.721524,552.902499,0.09489999999999998,0.29860000000000003,1675.927836,126.862416,1549.065419,2532.452824,856.524988,983.387405,1.5110751011756425,1.634826258727204,,,,,,,,,,,
Italy,IT,2026-01,2026-01-01,italy__standard_employee_roma_lazio,"Italie · salarie standard (Rome, Latium)","Italy · standard employee (Rome, Lazio)",0.81,1874.794977,446.388684,172.293658,0.0,30.184199,37.4959,11.24877,5.624385,8.624057,3.74959,12.748606,9.373975,129.499727,4683.380337,2609.122876,1000.0,0.0,352.271651,183.262709,177.918043,559.81378,0.09489999999999998,0.2986,1696.876934,134.149318,1562.727615,2564.108484,867.231551,1001.380869,1.5110751011756427,1.6407904098201802,23.14561700000013,20.94909799999982,13.662195999999994,31.655659999999898,10.70656299999996,17.993464000000017,0.9051000023027991,0.5902714107815712,1.3676740611408078,0.46257410204272803,0.7774026503592415
Italy,IT,2026-01,2026-01-01,italy__standard_employee_roma_lazio,"Italie · salarie standard (Rome, Latium)","Italy · standard employee (Rome, Lazio)",0.82,1897.940594,451.899655,174.420741,0.0,30.556844,37.958812,11.387644,5.693822,8.730527,3.795881,12.905996,9.489703,131.098489,4741.199847,2586.111098,1000.0,0.0,356.620684,185.525211,180.114562,566.725061,0.0949,0.2986,1717.826032,141.43622,1576.389811,2595.764145,877.938113,1019.374333,1.5110751011756425,1.6466511811522524,23.145616999999902,20.94909800000005,13.662195999999994,31.655661000000237,10.706562000000076,17.993464000000017,0.9051000023028177,0.590271410781577,1.3676741043455602,0.46257405883801334,0.7774026503592492
Italy,IT,2026-01,2026-01-01,italy__standard_employee_roma_lazio,"Italie · salarie standard (Rome, Latium)","Italy · standard employee (Rome, Lazio)",0.83,1921.086211,457.410627,176.547823,0.0,30.929488,38.421724,11.526517,5.763259,8.836997,3.842172,13.063386,9.605431,132.697251,4799.019358,2563.099319,1000.0,0.0,360.969717,187.787714,182.311081,573.636343,0.0949,0.2986,1738.77513,148.723122,1590.052007,2627.419805,888.644675,1037.367798,1.5110751011756425,1.6524112375316364,23.14561700000013,20.94909800000005,13.662195999999994,31.655659999999898,10.706561999999963,17.993465000000015,0.9051000023028088,0.5902714107815712,1.3676740611408078,0.4625740588380039,0.7774026935639656
Italy,IT,2026-01,2026-01-01,italy__standard_employee_roma_lazio,"Italie · salarie standard (Rome, Latium)","Italy · standard employee (Rome, Lazio)",0.84,1944.231828,462.921598,178.674905,0.0,31.302132,38.884637,11.665391,5.832695,8.943466,3.888464,13.220776,9.721159,134.296013,4856.838868,2540.087541,1000.0,0.0,365.31875,190.050217,184.5076,580.547624,0.09490000000000001,0.29860000000000003,1759.724228,156.010024,1603.714203,2659.075465,899.351238,1055.361262,1.5110751011756425,1.6580731529595147,23.145616999999902,20.94909800000005,13.662195999999994,31.655659999999898,10.70656299999996,17.993463999999904,0.9051000023028177,0.590271410781577,1.3676740611408214,0.4625741020427326,0.7774026503592443
Italy,IT,2026-01,2026-01-01,italy__standard_employee_roma_lazio,"Italie · salarie standard (Rome, Latium)","Italy · standard employee (Rome, Lazio)",0.85,1967.377445,468.43257,180.801987,0.0,31.674777,39.347549,11.804265,5.902132,9.049936,3.934755,13.378167,9.836887,135.894775,4914.658378,2517.075762,1000.0,0.0,369.667782,192.312719,186.70412,587.458905,0.09489999999999998,0.29860000000000003,1780.673325,163.296926,1617.376399,2690.731125,910.0578,1073.354726,1.5110751011756425,1.6636394144653328,23.14561700000013,20.949096999999938,13.662195999999994,31.655659999999898,10.706562000000076,17.99346400000013,0.9050999590980798,0.5902714107815712,1.3676740611408078,0.4625740588380088,0.7774026503592464
Italy,IT,2026-01,2026-01-01,italy__standard_employee_roma_lazio,"Italie · salarie standard (Rome, Latium)","Italy · standard employee (Rome, Lazio)",0.86,1990.523062,473.943541,182.929069,0.0,32.047421,39.810461,11.943138,5.971569,9.156406,3.981046,13.535557,9.952615,137.493537,4972.477889,2494.063984,1000.0,0.0,374.016815,194.575222,188.900639,594.370186,0.09490000000000001,0.29860000000000003,1801.622423,170.583828,1631.038595,2722.386786,920.764362,1091.348191,1.5110751011756425,1.6691124257493408,23.145616999999902,20.94909800000005,13.662195999999994,31.655661000000237,10.706561999999963,17.993465000000015,0.9051000023028177,0.590271410781577,1.3676741043455602,0.4625740588380084,0.7774026935639733
Italy,IT,2026-01,2026-01-01,italy__standard_employee_roma_lazio,"Italie · salarie standard (Rome, Latium)","Italy · standard employee (Rome, Lazio)",0.87,2013.668679,479.454512,185.056152,0.0,32.420066,40.273374,12.082012,6.041006,9.262876,4.027337,13.692947,10.068343,139.092299,5030.297399,2471.052206,1000.0,0.0,378.365848,196.837724,191.097158,601.281468,0.09489999999999998,0.2986,1822.571521,177.87073,1644.700791,2754.042446,931.470925,1109.341655,1.5110751011756425,1.6744945106435871,23.14561700000013,20.94909800000005,13.662195999999994,31.655659999999898,10.70656299999996,17.993463999999904,0.9051000023028088,0.5902714107815712,1.3676740611408078,0.46257410204272803,0.7774026503592366
Italy,IT,2026-01,2026-01-01,italy__standard_employee_roma_lazio,"Italie · salarie standard (Rome, Latium)","Italy · standard employee (Rome, Lazio)",0.88,2036.814296,484.965484,187.183234,0.0,32.79271,40.736286,12.220886,6.110443,9.369346,4.073629,13.850337,10.184071,140.691062,5088.116909,2448.040427,1000.0,0.0,382.714881,199.100227,193.293677,608.192749,0.0949,0.2986,1843.520619,185.157632,1658.362987,2785.698106,942.177487,1127.335119,1.5110751011756423,1.6797879164018332,23.145616999999902,20.94909799999982,13.662195999999994,31.655659999999898,10.706562000000076,17.99346400000013,0.905100002302808,0.590271410781577,1.3676740611408214,0.46257405883801334,0.777402650359254
Italy,IT,2026-01,2026-01-01,italy__standard_employee_roma_lazio,"Italie · salarie standard (Rome, Latium)","Italy · standard employee (Rome, Lazio)",0.89,2059.959913,490.476455,189.310316,0.0,33.165355,41.199198,12.359759,6.17988,9.475816,4.11992,14.007727,10.2998,142.289824,5145.93642,2425.028649,1000.0,0.0,387.063913,201.362729,195.490196,615.10403,0.09489999999999997,0.2986,1864.469717,192.444534,1672.025183,2817.353767,952.884049,1145.328584,1.5110751011756425,1.684994816828179,23.14561700000013,20.94909800000005,13.662195999999994,31.655661000000237,10.706561999999963,17.993465000000015,0.9051000023028088,0.5902714107815712,1.3676741043455467,0.4625740588380039,0.7774026935639656
Italy,IT,2026-01,2026-01-01,italy__standard_employee_roma_lazio,"Italie · salarie standard (Rome, Latium)","Italy · standard employee (Rome, Lazio)",0.9,2083.10553,495.987427,191.437398,0.0,33.537999,41.662111,12.498633,6.249317,9.582285,4.166211,14.165118,10.415528,143.888586,5203.75593,2402.016871,1000.0,0.0,391.412946,203.625232,197.686715,622.015311,0.09489999999999998,0.2986,1885.418815,199.731436,1685.687379,2849.009427,963.590612,1163.322048,1.5110751011756425,1.690117315253544,23.145616999999675,20.94909800000005,13.662195999999994,31.655659999999898,10.70656299999996,17.993463999999904,0.9051000023028266,0.5902714107815829,1.3676740611408347,0.4625741020427371,0.7774026503592519
Italy,IT,2026-01,2026-01-01,italy__standard_employee_roma_lazio,"Italie · salarie standard (Rome, Latium)","Italy · standard employee (Rome, Lazio)",0.91,2106.251147,501.498398,193.56448,0.0,33.910643,42.125023,12.637507,6.318753,9.688755,4.212502,14.322508,10.531256,145.487348,5261.57544,2379.005092,1000.0,0.0,395.761979,205.887735,199.883234,628.926592,0.0949,0.2986,1906.367913,207.018338,1699.349575,2880.665087,974.297174,1181.315513,1.5110751011756427,1.6951574473685702,23.14561700000013,20.94909800000005,13.662195999999994,31.655659999999898,10.706562000000076,17.993465000000015,0.9051000023028088,0.5902714107815712,1.3676740611408078,0.4625740588380088,0.7774026935639656
Italy,IT,2026-01,2026-01-01,italy__standard_employee_roma_lazio,"Italie · salarie standard (Rome, Latium)","Italy · standard employee (Rome, Lazio)",0.92,2129.396764,507.00937,195.691563,0.0,34.283288,42.587935,12.776381,6.38819,9.795225,4.258794,14.479898,10.646984,147.08611,5319.394951,2355.993314,1000.0,0.0,400.111012,208.150237,202.079753,635.837874,0.0949,0.2986,1927.317011,214.30524,1713.011771,2912.320748,985.003736,1199.308977,1.5110751011756427,1.7001171839209615,23.14561700000013,20.94909800000005,13.662195999999994,31.655661000000237,10.706561999999963,17.993463999999904,0.9051000023028088,0.5902714107815712,1.3676741043455467,0.4625740588380039,0.7774026503592366
Italy,IT,2026-01,2026-01-01,italy__standard_employee_roma_lazio,"Italie · salarie standard (Rome, Latium)","Italy · standard employee (Rome, Lazio)",0.93,2152.542381,512.520341,197.818645,0.0,34.655932,43.050848,12.915254,6.457627,9.901695,4.305085,14.637288,10.762712,148.684872,5377.214461,2332.981536,1000.0,0.0,404.460044,210.41274,204.276272,642.749155,0.0949,0.2986,1948.266109,221.592142,1726.673967,2943.976408,995.710299,1217.302441,1.5110751011756427,1.7049984332847674,23.14561700000013,20.94909799999982,13.662195999999994,31.655659999999898,10.70656299999996,17.99346400000013,0.9051000023027991,0.5902714107815712,1.3676740611408078,0.46257410204272803,0.7774026503592464
Italy,IT,2026-01,2026-01-01,italy__standard_employee_roma_lazio,"Italie · salarie standard (Rome, Latium)","Italy · standard employee (Rome, Lazio)",0.94,2175.687998,518.031312,199.945727,0.0,35.028577,43.51376,13.054128,6.527064,10.008165,4.351376,14.794678,10.87844,150.283634,5435.033971,2309.969757,1000.0,0.0,408.809077,212.675242,206.472791,649.660436,0.0949,0.29860000000000003,1969.215207,228.879044,1740.336163,2975.632068,1006.416861,1235.295906,1.5110751011756427,1.7098030439086491,23.145616999999675,20.94909800000005,13.662195999999994,31.655659999999898,10.706562000000076,17.993465000000015,0.9051000023028266,0.5902714107815829,1.3676740611408347,0.4625740588380179,0.777402693563981
Italy,IT,2026-01,2026-01-01,italy__standard_employee_roma_lazio,"Italie · salarie standard (Rome, Latium)","Italy · standard employee (Rome, Lazio)",0.95,2198.833615,523.542284,202.072809,0.0,35.401221,43.976672,13.193002,6.596501,10.114635,4.397667,14.952069,10.994168,151.882396,5492.853482,2286.957979,1000.0,0.0,413.15811,214.937745,208.66931,656.571717,0.0949,0.29860000000000003,1990.164305,236.165946,1753.998358,3007.287728,1017.123424,1253.28937,1.5110751011756427,1.7145328066497247,23.14561700000013,20.94909800000005,13.66219500000011,31.655659999999898,10.70656299999996,17.993463999999904,0.9051000023028088,0.590271367576852,1.3676740611408078,0.46257410204272803,0.7774026503592366
Italy,IT,2026-01,2026-01-01,italy__standard_employee_roma_lazio,"Italie · salarie standard (Rome, Latium)","Italy · standard employee (Rome, Lazio)",0.96,2221.979232,529.053255,204.199891,0.0,35.773866,44.439585,13.331875,6.665938,10.221104,4.443958,15.109459,11.109896,153.481158,5550.672992,2263.946201,1000.0,0.0,417.507142,217.200248,210.865829,663.482999,0.09490000000000001,0.29860000000000003,2011.113403,243.452848,1767.660554,3038.943389,1027.829986,1271.282834,1.5110751011756427,1.7191894569991863,23.14561700000013,20.94909800000005,13.662195999999994,31.655661000000237,10.706561999999963,17.99346400000013,0.9051000023028088,0.5902714107815712,1.3676741043455467,0.4625740588380039,0.7774026503592464
Italy,IT,2026-01,2026-01-01,italy__standard_employee_roma_lazio,"Italie · salarie standard (Rome, Latium)","Italy · standard employee (Rome, Lazio)",0.97,2245.124849,534.564227,206.326974,0.0,36.14651,44.902497,13.470749,6.735375,10.327574,4.49025,15.266849,11.225624,155.07992,5608.492502,2240.934422,1000.0,0.0,421.856175,219.46275,213.062348,670.39428,0.0949,0.2986,2032.062501,250.73975,1781.32275,3070.599049,1038.536548,1289.276299,1.5110751011756425,1.7237746772054978,23.145616999999675,20.94909800000005,13.662195999999994,31.655659999999898,10.706562000000076,17.993465000000015,0.9051000023028266,0.5902714107815829,1.3676740611408347,0.4625740588380179,0.777402693563981
Italy,IT,2026-01,2026-01-01,italy__standard_employee_roma_lazio,"Italie · salarie standard (Rome, Latium)","Italy · standard employee (Rome, Lazio)",0.98,2268.270466,540.075198,208.454056,0.0,36.519155,45.365409,13.609623,6.804811,10.434044,4.536541,15.424239,11.341352,156.678682,5666.312013,2217.922644,1000.0,0.0,426.205208,221.725253,215.258867,677.305561,0.0949,0.2986,2053.011599,258.026652,1794.984946,3102.254709,1049.243111,1307.269763,1.5110751011756427,1.7282900983006322,23.14561700000013,20.94909799999982,13.662195999999994,31.655659999999898,10.70656299999996,17.993463999999904,0.9051000023027991,0.5902714107815712,1.3676740611408078,0.46257410204272803,0.7774026503592366
Italy,IT,2026-01,2026-01-01,italy__standard_employee_roma_lazio,"Italie · salarie standard (Rome, Latium)","Italy · standard employee (Rome, Lazio)",0.99,2291.416083,545.586169,210.581138,0.0,36.891799,45.828322,13.748496,6.874248,10.540514,4.582832,15.581629,11.45708,158.277444,5724.131523,2194.910865,1000.0,0.0,430.554241,223.987755,217.455386,684.216842,0.09489999999999998,0.2985999999999999,2073.960697,265.313554,1808.647142,3133.91037,1059.949673,1325.263227,1.5110751011756423,1.7327373020344685,23.14561700000013,20.94909800000005,13.662195999999994,31.655661000000237,10.706562000000076,17.993463999999904,0.9051000023028088,0.5902714107815712,1.3676741043455467,0.4625740588380088,0.7774026503592366
Italy,IT,2026-01,2026-01-01,italy__standard_employee_roma_lazio,"Italie · salarie standard (Rome, Latium)","Italy · standard employee (Rome, Lazio)",1.0,2314.5617,551.097141,212.70822,0.0,37.264443,46.291234,13.88737,6.943685,10.646984,4.629123,15.73902,11.572809,159.876206,5781.951033,2236.899087,1000.0,0.0,434.903273,226.250258,219.651905,691.128124,0.0949,0.29860000000000003,2094.909795,267.18379,1827.726005,3165.56603,1070.656235,1337.840025,1.5110751011756425,1.731969683350497,23.14561700000013,20.94909800000005,19.078862999999956,31.655659999999898,10.706561999999849,12.576798000000053,0.9051000023028088,0.8242970148516606,1.3676740611408078,0.46257405883799896,0.5433770894938762
Italy,IT,2026-01,2026-01-01,italy__standard_employee_roma_lazio,"Italie · salarie standard (Rome, Latium)","Italy · standard employee (Rome, Lazio)",1.01,2337.707317,556.608112,214.835302,0.0,37.637088,46.754146,14.026244,7.013122,10.753454,4.675415,15.89641,11.688537,161.474968,5839.770544,2213.887309,1000.0,0.0,439.252306,228.51276,221.848424,698.039405,0.09490000000000001,0.29860000000000003,2115.858893,274.470692,1841.388201,3197.22169,1081.362798,1355.833489,1.5110751011756425,1.7363105122472744,23.145616999999675,20.94909800000005,13.662195999999994,31.655659999999898,10.706563000000187,17.99346400000013,0.9051000023028266,0.5902714107815829,1.3676740611408347,0.4625741020427469,0.7774026503592617
Italy,IT,2026-01,2026-01-01,italy__standard_employee_roma_lazio,"Italie · salarie standard (Rome, Latium)","Italy · standard employee (Rome, Lazio)",1.02,2360.852934,562.119084,216.962385,0.0,38.009732,47.217059,14.165118,7.082559,10.859923,4.721706,16.0538,11.804265,163.07373,5897.590054,2190.87553,1000.0,0.0,443.601339,230.775263,224.044943,704.950686,0.0949,0.29860000000000003,2136.807991,281.757594,1855.050397,3228.877351,1092.06936,1373.826954,1.5110751011756425,1.7405874019054628,23.14561700000013,20.94909800000005,13.662195999999994,31.655661000000237,10.706561999999849,17.993464999999787,0.9051000023028088,0.5902714107815712,1.3676741043455467,0.46257405883799896,0.7774026935639559
Italy,IT,2026-01,2026-01-01,italy__standard_employee_roma_lazio,"Italie · salarie standard (Rome, Latium)","Italy · standard employee (Rome, Lazio)",1.03,2383.998551,567.630055,219.089467,0.0,38.382377,47.679971,14.303991,7.151996,10.966393,4.767997,16.21119,11.919993,164.672493,5955.409564,2167.863752,1000.0,0.0,447.950372,233.037766,226.241462,711.861967,0.09489999999999998,0.2985999999999999,2157.757089,289.044496,1868.712593,3260.533011,1102.775922,1391.820418,1.5110751011756425,1.7448017547083012,23.14561700000013,20.94909800000005,13.662195999999994,31.655659999999898,10.706562000000076,17.99346400000013,0.9051000023028088,0.5902714107815712,1.3676740611408078,0.4625740588380088,0.7774026503592464
Italy,IT,2026-01,2026-01-01,italy__standard_employee_roma_lazio,"Italie · salarie standard (Rome, Latium)","Italy · standard employee (Rome, Lazio)",1.04,2407.144168,573.141026,221.216549,0.0,38.755021,48.142883,14.442865,7.221433,11.072863,4.814288,16.36858,12.035721,166.271255,6013.229075,2144.851974,1000.0,0.0,452.299404,235.300268,228.437982,718.773249,0.09489999999999998,0.29860000000000003,2178.706186,296.331398,1882.374789,3292.188671,1113.482485,1409.813882,1.5110751011756427,1.7489549323252782,23.145616999999675,20.94909699999971,13.662195999999994,31.655659999999898,10.70656299999996,17.993463999999904,0.9050999590980878,0.5902714107815829,1.3676740611408347,0.4625741020427371,0.7774026503592519
Italy,IT,2026-01,2026-01-01,italy__standard_employee_roma_lazio,"Italie · salarie standard (Rome, Latium)","Italy · standard employee (Rome, Lazio)",1.05,2430.289785,578.651998,223.343631,0.0,39.127666,48.605796,14.581739,7.290869,11.179333,4.86058,16.525971,12.151449,167.870017,6071.048585,2121.840195,1000.0,0.0,456.648437,237.562771,230.634501,725.68453,0.0949,0.29860000000000003,2199.655284,303.6183,1896.036985,3323.844331,1124.189047,1427.807347,1.5110751011756427,1.7530482571789774,23.14561700000013,20.94909800000005,13.662195999999994,31.655659999999898,10.706562000000076,17.993465000000015,0.9051000023028088,0.5902714107815712,1.3676740611408078,0.4625740588380088,0.7774026935639656
Italy,IT,2026-01,2026-01-01,italy__standard_employee_roma_lazio,"Italie · salarie standard (Rome, Latium)","Italy · standard employee (Rome, Lazio)",1.06,2453.435402,584.162969,225.470713,0.0,39.50031,49.068708,14.720612,7.360306,11.285803,4.906871,16.683361,12.267177,169.468779,6128.868095,2098.828417,1000.0,0.0,460.99747,239.825273,232.83102,732.595811,0.0949,0.2985999999999999,2220.604382,310.905202,1909.699181,3355.499992,1134.895609,1445.800811,1.5110751011756425,1.7570830138489624,23.14561700000013,20.94909800000005,13.662195999999994,31.655661000000237,10.706561999999849,17.99346400000013,0.9051000023028088,0.5902714107815712,1.3676741043455467,0.46257405883799896,0.7774026503592464
Italy,IT,2026-01,2026-01-01,italy__standard_employee_roma_lazio,"Italie · salarie standard (Rome, Latium)","Italy · standard employee (Rome, Lazio)",1.07,2476.581019,589.673941,227.597796,0.0,39.872954,49.53162,14.859486,7.429743,11.392273,4.953162,16.840751,12.382905,171.067541,6186.687606,2075.816639,1000.0,0.0,465.346503,242.087776,235.027539,739.507092,0.0949,0.2986,2241.55348,318.192104,1923.361377,3387.155652,1145.602172,1463.794276,1.5110751011756427,1.7610604504158258,23.14561700000013,20.94909800000005,13.662195999999994,31.655659999999898,10.706563000000187,17.993465000000015,0.9051000023028088,0.5902714107815712,1.3676740611408078,0.46257410204273786,0.7774026935639656
Italy,IT,2026-01,2026-01-01,italy__standard_employee_roma_lazio,"Italie · salarie standard (Rome, Latium)","Italy · standard employee (Rome, Lazio)",1.08,2499.726636,595.184912,229.724878,0.0,40.245599,49.994533,14.99836,7.49918,11.498743,4.999453,16.998141,12.498633,172.666303,6244.507116,2052.80486,1000.0,0.0,469.695535,244.350278,237.224058,746.418374,0.0949,0.29860000000000003,2262.502578,325.479006,1937.023572,3418.811312,1156.308734,1481.78774,1.5110751011756425,1.7649817797483598,23.145616999999675,20.94909800000005,13.66219500000011,31.655659999999898,10.706561999999849,17.993463999999904,0.9051000023028266,0.5902713675768636,1.3676740611408347,0.46257405883800806,0.7774026503592519
Italy,IT,2026-01,2026-01-01,italy__standard_employee_roma_lazio,"Italie · salarie standard (Rome, Latium)","Italy · standard employee (Rome, Lazio)",1.09,2522.872253,600.695883,231.85196,0.0,40.618243,50.457445,15.137234,7.568617,11.605212,5.045745,17.155531,12.614361,174.265065,6302.326626,2029.793082,1000.0,0.0,474.044568,246.612781,239.420577,753.329655,0.0949,0.29860000000000003,2283.451676,332.765908,1950.685768,3450.466973,1167.015296,1499.781204,1.5110751011756425,1.7688481807366379,23.14561700000013,20.94909800000005,13.662195999999994,31.655661000000237,10.706562000000076,17.993463999999904,0.9051000023028088,0.5902714107815712,1.3676741043455467,0.4625740588380088,0.7774026503592366
Italy,IT,2026-01,2026-01-01,italy__standard_employee_roma_lazio,"Italie · salarie standard (Rome, Latium)","Italy · standard employee (Rome, Lazio)",1.1,2546.01787,606.206855,233.979042,0.0,40.990888,50.920357,15.276107,7.638054,11.711682,5.092036,17.312922,12.730089,175.863827,6360.146137,2006.781303,1000.0,0.0,478.393601,248.875284,241.617096,760.240936,0.09489999999999998,0.29860000000000003,2304.400774,340.05281,1964.347964,3482.122633,1177.721859,1517.774669,1.5110751011756425,1.7726607994736374,23.14561700000013,20.94909800000005,13.662195999999994,31.655659999999898,10.70656299999996,17.993465000000015,0.9051000023028088,0.5902714107815712,1.3676740611408078,0.46257410204272803,0.7774026935639656
Italy,IT,2026-01,2026-01-01,italy__standard_employee_roma_lazio,"Italie · salarie standard (Rome, Latium)","Italy · standard employee (Rome, Lazio)",1.11,2569.163487,611.717826,236.106124,0.0,41.363532,51.38327,15.414981,7.70749,11.818152,5.138327,17.470312,12.845817,177.462589,6417.965647,1983.769525,1000.0,0.0,482.742633,251.137786,243.813615,767.152217,0.09490000000000001,0.2986,2325.349872,347.339712,1978.01016,3513.778293,1188.428421,1535.768133,1.5110751011756425,1.7764207503878933,23.145616999999675,20.949097999999594,13.662195999999994,31.655659999999898,10.706562000000076,17.99346400000013,0.905100002302807,0.5902714107815829,1.3676740611408347,0.4625740588380179,0.7774026503592617
Italy,IT,2026-01,2026-01-01,italy__standard_employee_roma_lazio,"Italie · salarie standard (Rome, Latium)","Italy · standard employee (Rome, Lazio)",1.12,2592.309104,617.228798,238.233207,0.0,41.736177,51.846182,15.553855,7.776927,11.924622,5.184618,17.627702,12.961546,179.061351,6491.343921,1961.492164,1000.0,0.0,877.581068,253.400289,246.010134,774.063498,0.0949,0.2986,2346.29897,388.40276,1957.89621,3545.433954,1199.134983,1587.537743,1.5110751011756423,1.8108385595427847,23.14561700000013,20.94909800000005,-20.11394999999993,31.655661000000237,10.706561999999849,51.76961000000006,0.9051000023028088,-0.8690176632577917,1.3676741043455467,0.46257405883799896,2.2366917243986095
Italy,IT,2026-01,2026-01-01,italy__standard_employee_roma_lazio,"Italie · salarie standard (Rome, Latium)","Italy · standard employee (Rome, Lazio)",1.13,2615.454721,622.739769,240.360289,0.0,42.108821,52.309094,15.692728,7.846364,12.031092,5.230909,17.785092,13.077274,180.660113,6574.302349,1939.667013,1000.0,0.0,885.952328,255.662791,248.206653,780.97478,0.0949,0.29860000000000003,2367.248068,398.020871,1969.227197,3577.089614,1209.841546,1607.862417,1.5110751011756425,1.8164941149879312,23.14561700000013,20.94909800000005,11.330986999999823,31.655659999999898,10.706563000000187,20.32467399999996,0.9051000023028088,0.4895521687756157,1.3676740611408078,0.46257410204273786,0.8781219355699114
Italy,IT,2026-01,2026-01-01,italy__standard_employee_roma_lazio,"Italie · salarie standard (Rome, Latium)","Italy · standard employee (Rome, Lazio)",1.14,2638.600338,628.25074,242.487371,0.0,42.481465,52.772007,15.831602,7.915801,12.137562,5.277201,17.942482,13.193002,182.258875,6657.260777,1917.841862,1000.0,0.0,894.323588,257.925294,250.403172,787.886061,0.0949,0.2986,2388.197166,407.638983,1980.558183,3608.745274,1220.548108,1628.187091,1.5110751011756425,1.8220849583522294,23.14561700000013,20.94909800000005,11.330986000000166,31.655659999999898,10.706561999999849,20.32467399999996,0.9051000023028088,0.48955212557090627,1.3676740611408078,0.46257405883799896,0.8781219355699114
Italy,IT,2026-01,2026-01-01,italy__standard_employee_roma_lazio,"Italie · salarie standard (Rome, Latium)","Italy · standard employee (Rome, Lazio)",1.15,2661.745955,633.761712,244.614453,0.0,42.85411,53.234919,15.970476,7.985238,12.244031,5.323492,18.099872,13.30873,183.857637,6740.219205,1896.016711,1000.0,0.0,902.694847,260.187796,252.599691,794.797342,0.0949,0.2986,2409.146264,417.257095,1991.889169,3640.400934,1231.254671,1648.511765,1.5110751011756425,1.827612193991844,23.145616999999675,20.94909800000005,11.330985999999939,31.655659999999898,10.70656299999996,20.32467399999996,0.9051000023028266,0.48955212557090605,1.3676740611408347,0.4625741020427371,0.8781219355699287
Italy,IT,2026-01,2026-01-01,italy__standard_employee_roma_lazio,"Italie · salarie standard (Rome, Latium)","Italy · standard employee (Rome, Lazio)",1.16,2684.891572,639.272683,246.741535,0.0,43.226754,53.697831,16.109349,8.054675,12.350501,5.369783,18.257263,13.424458,185.456399,6823.177633,1874.191559,1000.0,0.0,911.066107,262.450299,254.79621,801.708623,0.09489999999999998,0.2985999999999999,2430.095362,426.875207,2003.220155,3672.056595,1241.961233,1668.836439,1.5110751011756423,1.8330769012762798,23.14561700000013,20.94909800000005,11.330985999999939,31.655661000000237,10.706562000000076,20.32467399999996,0.9051000023028088,0.48955212557089645,1.3676741043455467,0.4625740588380088,0.8781219355699114
Italy,IT,2026-01,2026-01-01,italy__standard_employee_roma_lazio,"Italie · salarie standard (Rome, Latium)","Italy · standard employee (Rome, Lazio)",1.17,2708.037189,644.783655,248.868618,0.0,43.599399,54.160744,16.248223,8.124112,12.456971,5.416074,18.414653,13.540186,187.055161,6906.136061,1852.366408,1000.0,0.0,919.437366,264.712802,256.992729,808.619905,0.0949,0.29860000000000003,2451.04446,436.493318,2014.551141,3703.712255,1252.667795,1689.161114,1.5110751011756425,1.838480135291082,23.14561700000013,20.94909800000005,11.330985999999939,31.655659999999898,10.706562000000076,20.32467500000007,0.9051000023028088,0.48955212557089645,1.3676740611408078,0.4625740588380088,0.8781219787746404
Italy,IT,2026-01,2026-01-01,italy__standard_employee_roma_lazio,"Italie · salarie standard (Rome, Latium)","Italy · standard employee (Rome, Lazio)",1.18,2731.182806,650.294626,250.9957,0.0,43.972043,54.623656,16.387097,8.193548,12.563441,5.462366,18.572043,13.655914,188.653923,6989.094489,1830.541257,1000.0,0.0,927.808626,266.975304,259.189248,815.531186,0.09490000000000001,0.2986,2471.993558,446.11143,2025.882128,3735.367915,1263.374358,1709.485788,1.5110751011756425,1.843822927516946,23.145616999999675,20.94909800000005,11.33098700000005,31.655659999999898,10.70656299999996,20.32467399999996,0.9051000023028266,0.4895521687756351,1.3676740611408347,0.4625741020427371,0.8781219355699287
Italy,IT,2026-01,2026-01-01,italy__standard_employee_roma_lazio,"Italie · salarie standard (Rome, Latium)","Italy · standard employee (Rome, Lazio)",1.19,2754.328423,655.805598,253.122782,0.0,44.344688,55.086568,16.525971,8.262985,12.669911,5.508657,18.729433,13.771642,190.252686,7072.052916,1808.716106,1000.0,0.0,936.179885,269.237807,261.385767,822.442467,0.09490000000000001,0.29860000000000003,2492.942656,455.729542,2037.213114,3767.023576,1274.08092,1729.810462,1.5110751011756427,1.8491062864861716,23.14561700000013,20.94909800000005,11.330985999999939,31.655661000000237,10.706562000000076,20.32467399999996,0.9051000023028088,0.48955212557089645,1.3676741043455467,0.4625740588380088,0.8781219355699114
Italy,IT,2026-01,2026-01-01,italy__standard_employee_roma_lazio,"Italie · salarie standard (Rome, Latium)","Italy · standard employee (Rome, Lazio)",1.2,2777.47404,661.316569,255.249864,0.0,44.717332,55.549481,16.664844,8.332422,12.776381,5.554948,18.886823,13.88737,191.851448,7155.011344,1786.890955,1000.0,0.0,1004.551145,271.500309,263.582286,829.353748,0.09489999999999998,0.2986,2513.891754,470.347654,2043.5441,3798.679236,1284.787482,1755.135136,1.5110751011756427,1.8588682455954082,23.14561700000013,20.94909800000005,6.330986000000166,31.655659999999898,10.706561999999849,25.324674000000186,0.9051000023028088,0.2735285043384296,1.3676740611408078,0.46257405883799896,1.094145556802398
Italy,IT,2026-01,2026-01-01,italy__standard_employee_roma_lazio,"Italie · salarie standard (Rome, Latium)","Italy · standard employee (Rome, Lazio)",1.21,2800.619657,666.82754,257.376946,0.0,45.089976,56.012393,16.803718,8.401859,12.88285,5.601239,19.044214,14.003098,193.45021,7237.969772,1765.065804,1000.0,0.0,1012.922404,273.762812,265.778805,836.26503,0.0949,0.2986,2534.840852,479.965765,2054.875086,3830.334896,1295.494045,1775.45981,1.5110751011756425,1.8640232304200195,23.14561700000013,20.949097999999594,11.330985999999939,31.655659999999898,10.70656299999996,20.32467399999996,0.9051000023027892,0.48955212557089645,1.3676740611408078,0.46257410204272803,0.8781219355699114
Italy,IT,2026-01,2026-01-01,italy__standard_employee_roma_lazio,"Italie · salarie standard (Rome, Latium)","Italy · standard employee (Rome, Lazio)",1.22,2823.765274,672.338512,259.504029,0.0,45.462621,56.475305,16.942592,8.471296,12.98932,5.647531,19.201604,14.118826,195.048972,7320.9282,1743.240653,1000.0,0.0,1021.293664,276.025315,267.975325,843.176311,0.0949,0.2986,2555.789949,489.583877,2066.206072,3861.990557,1306.200607,1795.784484,1.5110751011756425,1.8691216758097493,23.145616999999675,20.949097000000165,11.330985999999939,31.655661000000237,10.706562000000076,20.32467399999996,0.9050999590981075,0.48955212557090605,1.3676741043455736,0.4625740588380179,0.8781219355699287
Italy,IT,2026-01,2026-01-01,italy__standard_employee_roma_lazio,"Italie · salarie standard (Rome, Latium)","Italy · standard employee (Rome, Lazio)",1.23,2846.910891,677.849483,261.631111,0.0,45.835265,56.938218,17.081465,8.540733,13.09579,5.693822,19.358994,14.234554,196.647734,7403.886628,1721.415501,1000.0,0.0,1029.664923,278.287817,270.171844,850.087592,0.0949,0.29860000000000003,2576.739047,499.201989,2077.537059,3893.646217,1316.907169,1816.109158,1.5110751011756427,1.8741645068709192,23.14561700000013,20.94909800000005,11.330987000000277,31.655659999999898,10.706562000000076,20.32467399999996,0.9051000023028088,0.48955216877563534,1.3676740611408078,0.4625740588380088,0.8781219355699114
Italy,IT,2026-01,2026-01-01,italy__standard_employee_roma_lazio,"Italie · salarie standard (Rome, Latium)","Italy · standard employee (Rome, Lazio)",1.24,2870.056508,683.360455,263.758193,0.0,46.20791,57.40113,17.220339,8.61017,13.20226,5.740113,19.516384,14.350283,198.246496,7486.845056,1699.59035,1000.0,0.0,1038.036183,280.55032,272.368363,856.998873,0.0949,0.2986,2597.688145,508.820101,2088.868045,3925.301877,1327.613732,1836.433832,1.5110751011756427,1.879152628637033,23.14561700000013,20.94909800000005,11.330985999999939,31.655659999999898,10.70656299999996,20.32467399999996,0.9051000023028088,0.48955212557089645,1.3676740611408078,0.46257410204272803,0.8781219355699114
Italy,IT,2026-01,2026-01-01,italy__standard_employee_roma_lazio,"Italie · salarie standard (Rome, Latium)","Italy · standard employee (Rome, Lazio)",1.25,2893.202125,688.871426,265.885275,0.0,46.580554,57.864043,17.359213,8.679606,13.30873,5.786404,19.673774,14.466011,199.845258,7569.803484,1677.765199,1000.0,0.0,1046.407442,282.812822,274.564882,863.910155,0.0949,0.29860000000000003,2618.637243,518.438212,2100.199031,3956.957537,1338.320294,1856.758507,1.5110751011756425,1.8840869266102607,23.145616999999675,20.94909800000005,11.330985999999939,31.655659999999898,10.706562000000076,20.32467500000007,0.9051000023028266,0.48955212557090605,1.3676740611408347,0.4625740588380179,0.8781219787746577
Italy,IT,2026-01,2026-01-01,italy__standard_employee_roma_lazio,"Italie · salarie standard (Rome, Latium)","Italy · standard employee (Rome, Lazio)",1.26,2916.347742,694.382397,268.012357,0.0,46.953199,58.326955,17.498086,8.749043,13.4152,5.832695,19.831165,14.581739,201.44402,7652.761911,1655.940048,1000.0,0.0,1054.778702,285.075325,276.761401,870.821436,0.09489999999999998,0.2986,2639.586341,528.056324,2111.530017,3988.613198,1349.026856,1877.083181,1.5110751011756425,1.8889682672854886,23.14561700000013,20.94909800000005,11.330985999999939,31.655661000000237,10.706561999999849,20.32467399999996,0.9051000023028088,0.48955212557089645,1.3676741043455467,0.46257405883799896,0.8781219355699114
Italy,IT,2026-01,2026-01-01,italy__standard_employee_roma_lazio,"Italie · salarie standard (Rome, Latium)","Italy · standard employee (Rome, Lazio)",1.27,2939.493359,699.893369,270.13944,0.0,47.325843,58.789867,17.63696,8.81848,13.521669,5.878987,19.988555,14.697467,203.042782,7735.720339,1634.114897,1000.0,0.0,1063.149962,287.337827,278.95792,877.732717,0.0949,0.29860000000000003,2660.535439,537.674436,2122.861003,4020.268858,1359.733419,1897.407855,1.5110751011756425,1.893797498657585,23.14561700000013,20.94909800000005,11.330985999999939,31.655659999999898,10.70656299999996,20.32467399999996,0.9051000023028088,0.48955212557089645,1.3676740611408078,0.46257410204272803,0.8781219355699114
Italy,IT,2026-01,2026-01-01,italy__standard_employee_roma_lazio,"Italie · salarie standard (Rome, Latium)","Italy · standard employee (Rome, Lazio)",1.28,2962.638976,705.40434,272.266522,0.0,47.698488,59.25278,17.775834,8.887917,13.628139,5.925278,20.145945,14.813195,204.641544,7818.678767,1612.289746,977.773194,0.0,1071.521221,289.60033,281.154439,884.643998,0.09489999999999998,0.29860000000000003,2681.484537,549.144782,2132.339756,4051.924518,1370.439981,1919.584763,1.5110751011756425,1.9002246276969241,23.14561700000013,20.949097999999594,9.47875299999987,31.655659999999898,10.706562000000076,22.17690800000014,0.9051000023027892,0.4095269095656347,1.3676740611408078,0.4625740588380088,0.9581471947799022
Italy,IT,2026-01,2026-01-01,italy__standard_employee_roma_lazio,"Italie · salarie standard (Rome, Latium)","Italy · standard employee (Rome, Lazio)",1.29,2985.784593,710.915312,274.393604,0.0,48.071132,59.715692,17.914708,8.957354,13.734609,5.971569,20.303335,14.928923,206.240306,7901.637195,1590.464595,946.349547,0.0,1079.892481,291.862833,283.350958,891.555279,0.09489999999999998,0.29860000000000003,2702.433635,561.381531,2141.052105,4083.580179,1381.146543,1942.528074,1.5110751011756423,1.9072773473573534,23.145616999999675,20.94909800000005,8.712349000000359,31.655661000000237,10.706562000000076,22.943310999999994,0.9051000023028266,0.3764146360842522,1.3676741043455736,0.4625740588380179,0.9912594250566021
Italy,IT,2026-01,2026-01-01,italy__standard_employee_roma_lazio,"Italie · salarie standard (Rome, Latium)","Italy · standard employee (Rome, Lazio)",1.3,3008.93021,716.426283,276.520686,0.0,48.443776,60.178604,18.053581,9.026791,13.841079,6.01786,20.460725,15.044651,207.839068,7984.595623,1568.639444,914.9259,0.0,1088.26374,294.125335,285.547477,898.466561,0.0949,0.2986,2723.382733,573.61828,2149.764454,4115.235839,1391.853106,1965.471385,1.5110751011756425,1.9142729019134113,23.14561700000013,20.94909800000005,8.712348999999904,31.655659999999898,10.70656299999996,22.943310999999994,0.9051000023028088,0.37641463608422515,1.3676740611408078,0.46257410204272803,0.9912594250565827
Italy,IT,2026-01,2026-01-01,italy__standard_employee_roma_lazio,"Italie · salarie standard (Rome, Latium)","Italy · standard employee (Rome, Lazio)",1.31,3032.075827,721.937254,278.647769,0.0,48.816421,60.641517,18.192455,9.096227,13.947549,6.064152,20.618116,15.160379,209.43783,8067.554051,1546.814292,883.502253,0.0,1096.635,296.387838,287.743996,905.377842,0.09489999999999998,0.2986,2744.331831,585.855029,2158.476802,4146.891499,1402.559668,1988.414697,1.5110751011756425,1.9212119835787027,23.14561700000013,20.94909800000005,8.71234800000002,31.655660000000353,10.706562000000076,22.943311999999878,0.9051000023028088,0.3764145928795059,1.3676740611408276,0.4625740588380088,0.991259468261302
Italy,IT,2026-01,2026-01-01,italy__standard_employee_roma_lazio,"Italie · salarie standard (Rome, Latium)","Italy · standard employee (Rome, Lazio)",1.32,3055.221444,727.448226,280.774851,0.0,49.189065,61.104429,18.331329,9.165664,14.054019,6.110443,20.775506,15.276107,211.036592,8150.512479,1524.989141,852.078607,0.0,1105.006259,298.65034,289.940515,912.289123,0.0949,0.2986,2765.280929,598.091778,2167.189151,4178.54716,1413.266231,2011.358008,1.5110751011756427,1.9280952734357204,23.145616999999675,20.94909800000005,8.712348999999904,31.655660999999782,10.70656299999996,22.943310999999994,0.9051000023028266,0.37641463608423253,1.367674104345554,0.4625741020427371,0.9912594250566021
Italy,IT,2026-01,2026-01-01,italy__standard_employee_roma_lazio,"Italie · salarie standard (Rome, Latium)","Italy · standard employee (Rome, Lazio)",1.33,3078.367061,732.959197,282.901933,0.0,49.56171,61.567341,18.470202,9.235101,14.160488,6.156734,20.932896,15.391835,212.635354,8233.470907,1503.16399,820.65496,0.0,1113.377519,300.912843,292.137034,919.200404,0.0949,0.29860000000000003,2786.230027,610.328527,2175.9015,4210.20282,1423.972793,2034.301319,1.5110751011756425,1.9349234416586916,23.14561700000013,20.94909800000005,8.712348999999904,31.655660000000353,10.706561999999849,22.943310999999994,0.9051000023028088,0.37641463608422515,1.3676740611408276,0.46257405883799896,0.9912594250565827
Italy,IT,2026-01,2026-01-01,italy__standard_employee_roma_lazio,"Italie · salarie standard (Rome, Latium)","Italy · standard employee (Rome, Lazio)",1.34,3101.512678,738.470169,285.029015,0.0,49.934354,62.030254,18.609076,9.304538,14.266958,6.203025,21.090286,15.507563,214.234116,8316.429334,1481.338839,789.231313,0.0,1121.748778,303.175345,294.333553,926.111686,0.09489999999999998,0.2986,2807.179125,622.565276,2184.613849,4241.85848,1434.679355,2057.244631,1.5110751011756425,1.9416971477310898,23.14561700000013,20.94909800000005,8.712348999999904,31.655659999999443,10.706562000000076,22.943312000000105,0.9051000023028088,0.37641463608422515,1.3676740611407883,0.4625740588380088,0.9912594682613117
Italy,IT,2026-01,2026-01-01,italy__standard_employee_roma_lazio,"Italie · salarie standard (Rome, Latium)","Italy · standard employee (Rome, Lazio)",1.35,3124.658295,743.98114,287.156097,0.0,50.306999,62.493166,18.74795,9.373975,14.373428,6.249317,21.247676,15.623291,215.832879,8399.387762,1459.513688,757.807666,0.0,1130.120038,305.437848,296.530072,933.022967,0.0949,0.29860000000000003,2828.128223,634.802025,2193.326198,4273.51414,1445.385918,2080.187942,1.5110751011756423,1.948417040657966,23.14561700000013,20.94909800000005,8.712349000000359,31.655660000000353,10.70656299999996,22.943310999999994,0.9051000023028088,0.3764146360842448,1.3676740611408276,0.46257410204272803,0.9912594250565827
Italy,IT,2026-01,2026-01-01,italy__standard_employee_roma_lazio,"Italie · salarie standard (Rome, Latium)","Italy · standard employee (Rome, Lazio)",1.36,3147.803912,749.492111,289.28318,0.0,50.679643,62.956078,18.886823,9.443412,14.479898,6.295608,21.405067,15.73902,217.431641,8482.34619,1437.688537,726.384019,0.0,1138.491297,307.700351,298.726591,939.934248,0.09490000000000001,0.29860000000000003,2849.077321,647.038774,2202.038547,4305.169801,1456.09248,2103.131254,1.5110751011756425,1.955083759173236,23.145616999999675,20.94909800000005,8.712348999999904,31.655660999999782,10.706562000000076,22.943311999999878,0.9051000023028266,0.37641463608423253,1.367674104345554,0.4625740588380179,0.9912594682613214
Italy,IT,2026-01,2026-01-01,italy__standard_employee_roma_lazio,"Italie · salarie standard (Rome, Latium)","Italy · standard employee (Rome, Lazio)",1.37,3170.949529,755.003083,291.410262,0.0,51.052287,63.418991,19.025697,9.512849,14.586368,6.341899,21.562457,15.854748,219.030403,8565.304618,1415.863386,694.960372,0.0,1146.862557,309.962853,300.92311,946.845529,0.0949,0.29860000000000003,2870.026419,659.275523,2210.750896,4336.825461,1466.799042,2126.074565,1.511075101175643,1.9616979319420698,23.14561700000013,20.949097999999594,8.712348999999904,31.655660000000353,10.706562000000076,22.943310999999994,0.9051000023027892,0.37641463608422515,1.3676740611408276,0.4625740588380088,0.9912594250565827
Italy,IT,2026-01,2026-01-01,italy__standard_employee_roma_lazio,"Italie · salarie standard (Rome, Latium)","Italy · standard employee (Rome, Lazio)",1.38,3194.095146,760.514054,293.537344,0.0,51.424932,63.881903,19.164571,9.582285,14.692838,6.38819,21.719847,15.970476,220.629165,8648.263046,1394.038234,663.536725,0.0,1155.233816,312.225356,303.119629,953.756811,0.09489999999999998,0.29860000000000003,2890.975517,671.512272,2219.463245,4368.481121,1477.505605,2149.017876,1.5110751011756425,1.9682601777585087,23.14561700000013,20.94909800000005,8.712348999999904,31.655659999999443,10.70656299999996,22.943310999999994,0.9051000023028088,0.37641463608422515,1.3676740611407883,0.46257410204272803,0.9912594250565827
Italy,IT,2026-01,2026-01-01,italy__standard_employee_roma_lazio,"Italie · salarie standard (Rome, Latium)","Italy · standard employee (Rome, Lazio)",1.39,3217.240763,766.025026,295.664426,0.0,51.797576,64.344815,19.303445,9.651722,14.799308,6.434482,21.877237,16.086204,222.227927,8731.221474,1372.213083,632.113078,0.0,1163.605076,314.487858,305.316148,960.668092,0.0949,0.29860000000000003,2911.924615,683.749021,2228.175594,4400.136782,1488.212167,2171.961188,1.5110751011756427,1.9747711057384563,23.145616999999675,20.94909800000005,8.712348999999904,31.655660999999782,10.706561999999849,22.943312000000333,0.9051000023028266,0.37641463608423253,1.367674104345554,0.46257405883800806,0.991259468261341
Italy,IT,2026-01,2026-01-01,italy__standard_employee_roma_lazio,"Italie · salarie standard (Rome, Latium)","Italy · standard employee (Rome, Lazio)",1.4,3240.38638,771.535997,297.791508,0.0,52.170221,64.807728,19.442318,9.721159,14.905777,6.480773,22.034627,16.201932,223.826689,8814.179902,1285.387932,600.689431,0.0,1171.976336,316.750361,307.512667,967.579373,0.09490000000000001,0.29860000000000003,2932.873713,701.402436,2231.471276,4431.792442,1498.918729,2200.321166,1.5110751011756425,1.9860405504463683,23.14561700000013,20.94909800000005,3.2956820000003972,31.655660000000353,10.706562000000076,28.359977999999956,0.9051000023028088,0.14238903201415537,1.3676740611408276,0.4625740588380088,1.2252850291266721
Italy,IT,2026-01,2026-01-01,italy__standard_employee_roma_lazio,"Italie · salarie standard (Rome, Latium)","Italy · standard employee (Rome, Lazio)",1.41,3263.531997,777.046968,299.918591,0.0,52.542865,65.27064,19.581192,9.790596,15.012247,6.527064,22.192018,16.31766,225.425451,8897.13833,1263.562781,569.265784,0.0,1180.347595,319.012864,309.709187,974.490654,0.0949,0.29860000000000003,2953.82281,713.639185,2240.183625,4463.448102,1509.625292,2223.264477,1.5110751011756427,1.9924474279212478,23.14561700000013,20.949097000000165,8.712348999999904,31.655660000000353,10.70656299999996,22.943310999999994,0.9050999590980896,0.37641463608422515,1.3676740611408276,0.46257410204272803,0.9912594250565827
Italy,IT,2026-01,2026-01-01,italy__standard_employee_roma_lazio,"Italie · salarie standard (Rome, Latium)","Italy · standard employee (Rome, Lazio)",1.42,3286.677614,782.55794,302.045673,0.0,52.91551,65.733552,19.720066,9.860033,15.118717,6.573355,22.349408,16.433388,227.024213,8980.096757,1241.73763,537.842137,0.0,1188.718855,321.275366,311.905706,981.401936,0.0949,0.29860000000000003,2974.771908,725.875934,2248.895974,4495.103763,1520.331854,2246.207788,1.5110751011756423,1.998804664191874,23.14561700000013,20.94909800000005,8.712348999999904,31.655660999999782,10.706562000000076,22.943310999999994,0.9051000023028088,0.37641463608422515,1.3676741043455272,0.4625740588380088,0.9912594250565827
Italy,IT,2026-01,2026-01-01,italy__standard_employee_roma_lazio,"Italie · salarie standard (Rome, Latium)","Italy · standard employee (Rome, Lazio)",1.43,3309.823231,788.068911,304.172755,0.0,53.288154,66.196465,19.858939,9.92947,15.225187,6.619646,22.506798,16.549116,228.622975,9063.055185,1219.912479,506.41849,0.0,1197.090114,323.537869,314.102225,988.313217,0.0949,0.29860000000000003,2995.721006,738.112683,2257.608323,4526.759423,1531.038416,2269.1511,1.5110751011756425,2.0051128339701987,23.145616999999675,20.94909800000005,8.712348999999904,31.655660000000353,10.706562000000076,22.943311999999878,0.9051000023028266,0.37641463608423253,1.3676740611408544,0.4625740588380179,0.9912594682613214
Italy,IT,2026-01,2026-01-01,italy__standard_employee_roma_lazio,"Italie · salarie standard (Rome, Latium)","Italy · standard employee (Rome, Lazio)",1.44,3332.968848,793.579883,306.299837,0.0,53.660798,66.659377,19.997813,9.998907,15.331657,6.665938,22.664188,16.664844,230.221737,9146.013613,1198.087328,474.994844,0.0,1205.461374,325.800371,316.298744,995.224498,0.0949,0.2985999999999999,3016.670104,750.349432,2266.320672,4558.415083,1541.744979,2292.094411,1.5110751011756427,2.011372503130778,23.14561700000013,20.949097999999594,8.712348999999904,31.655659999999443,10.70656299999996,22.943310999999994,0.9051000023027892,0.37641463608422515,1.3676740611407883,0.46257410204272803,0.9912594250565827
Italy,IT,2026-01,2026-01-01,italy__standard_employee_roma_lazio,"Italie · salarie standard (Rome, Latium)","Italy · standard employee (Rome, Lazio)",1.45,3356.114465,799.090854,308.426919,0.0,54.033443,67.122289,20.136687,10.068343,15.438127,6.712229,22.821578,16.780572,231.820499,9228.972041,1176.262177,443.571197,0.0,1213.832633,328.062874,318.495263,1002.135779,0.0949,0.2986,3037.619202,762.586181,2275.033021,4590.070743,1552.451541,2315.037722,1.5110751011756427,2.017584228879993,23.14561700000013,20.94909800000005,8.712349000000359,31.655660000000353,10.706561999999849,22.943310999999994,0.9051000023028088,0.3764146360842448,1.3676740611408276,0.46257405883799896,0.9912594250565827
Italy,IT,2026-01,2026-01-01,italy__standard_employee_roma_lazio,"Italie · salarie standard (Rome, Latium)","Italy · standard employee (Rome, Lazio)",1.46,3379.260082,804.601826,310.554002,0.0,54.406087,67.585202,20.27556,10.13778,15.544596,6.75852,22.978969,16.8963,233.419261,9311.930469,1154.437025,412.14755,0.0,1222.203893,330.325376,320.691782,1009.04706,0.09489999999999998,0.29860000000000003,3058.5683,774.82293,2283.74537,4621.726404,1563.158103,2337.981034,1.5110751011756425,2.023748559921392,23.145616999999675,20.94909800000005,8.712348999999904,31.655660999999782,10.706562000000076,22.943311999999878,0.9051000023028266,0.37641463608423253,1.367674104345554,0.4625740588380179,0.9912594682613214
Italy,IT,2026-01,2026-01-01,italy__standard_employee_roma_lazio,"Italie · salarie standard (Rome, Latium)","Italy · standard employee (Rome, Lazio)",1.47,3402.405699,810.112797,312.681084,0.0,54.778732,68.048114,20.414434,10.207217,15.651066,6.804811,23.136359,17.012028,235.018023,9394.888897,1132.611874,380.723903,0.0,1230.575152,332.587879,322.888301,1015.958342,0.09489999999999998,0.29860000000000003,3079.517398,787.059679,2292.457719,4653.382064,1573.864666,2360.924345,1.5110751011756427,2.0298660366172636,23.14561700000013,20.94909800000005,8.712348999999904,31.655660000000353,10.70656299999996,22.943310999999994,0.9051000023028088,0.37641463608422515,1.3676740611408276,0.46257410204272803,0.9912594250565827
Italy,IT,2026-01,2026-01-01,italy__standard_employee_roma_lazio,"Italie · salarie standard (Rome, Latium)","Italy · standard employee (Rome, Lazio)",1.48,3425.551316,815.623768,314.808166,0.0,55.151376,68.511026,20.553308,10.276654,15.757536,6.851103,23.293749,17.127757,236.616785,9477.847325,1110.786723,349.300256,0.0,1238.946412,334.850382,325.08482,1022.869623,0.0949,0.2986,3100.466496,799.296428,2301.170068,4685.037724,1584.571228,2383.867656,1.5110751011756425,2.0359371911465365,23.14561700000013,20.94909800000005,8.712348999999904,31.655659999999443,10.706562000000076,22.943310999999994,0.9051000023028088,0.37641463608422515,1.3676740611407883,0.4625740588380088,0.9912594250565827
Italy,IT,2026-01,2026-01-01,italy__standard_employee_roma_lazio,"Italie · salarie standard (Rome, Latium)","Italy · standard employee (Rome, Lazio)",1.49,3448.696933,821.13474,316.935248,0.0,55.524021,68.973939,20.692182,10.346091,15.864006,6.897394,23.451139,17.243485,238.215547,9560.805752,1088.961572,317.876609,0.0,1247.317671,337.112884,327.281339,1029.780904,0.0949,0.29860000000000003,3121.415594,811.533177,2309.882417,4716.693385,1595.277791,2406.810968,1.5110751011756425,2.041962547659112,23.14561700000013,20.94909800000005,8.712348999999904,31.655660999999782,10.70656299999996,22.943311999999878,0.9051000023028088,0.37641463608422515,1.3676741043455272,0.46257410204272803,0.991259468261302
Italy,IT,2026-01,2026-01-01,italy__standard_employee_roma_lazio,"Italie · salarie standard (Rome, Latium)","Italy · standard employee (Rome, Lazio)",1.5,3471.84255,826.645711,319.06233,0.0,55.896665,69.436851,20.831055,10.415528,15.970476,6.943685,23.608529,17.359213,239.814309,9643.76418,1067.136421,286.452962,0.0,1255.688931,339.375387,329.477858,1036.692185,0.09489999999999998,0.29859999999999987,3142.364692,823.769926,2318.594766,4748.349045,1605.984353,2429.754279,1.5110751011756425,2.047942622426708,23.145616999999675,20.94909800000005,8.712349000000359,31.655660000000353,10.706562000000076,22.94331100000045,0.9051000023028266,0.3764146360842522,1.3676740611408544,0.4625740588380179,0.9912594250566218
Italy,IT,2026-01,2026-01-01,italy__standard_employee_roma_lazio,"Italie · salarie standard (Rome, Latium)","Italy · standard employee (Rome, Lazio)",1.51,3494.988167,832.156683,321.189413,0.0,56.269309,69.899763,20.969929,10.484965,16.076946,6.989976,23.76592,17.474941,241.413072,9726.722608,1045.31127,255.029315,0.0,1264.06019,341.637889,331.674377,1043.603467,0.09490000000000001,0.2986,3163.31379,836.006675,2327.307115,4780.004705,1616.690915,2452.697591,1.5110751011756425,2.053877923990326,23.14561700000013,20.94909800000005,8.712348999999904,31.655660000000353,10.706561999999849,22.943311999999878,0.9051000023028088,0.37641463608422515,1.3676740611408276,0.46257405883799896,0.991259468261302
Italy,IT,2026-01,2026-01-01,italy__standard_employee_roma_lazio,"Italie · salarie standard (Rome, Latium)","Italy · standard employee (Rome, Lazio)",1.52,3518.133784,837.667654,323.316495,0.0,56.641954,70.362676,21.108803,10.554401,16.183415,7.036268,23.92331,17.590669,243.011834,9809.681036,1023.486119,223.605668,0.0,1272.43145,343.900392,333.870896,1050.514748,0.09489999999999998,0.2985999999999999,3184.262888,848.243424,2336.019464,4811.660366,1627.397478,2475.640902,1.5110751011756425,2.0597689533044097,23.14561700000013,20.94909800000005,8.712348999999904,31.655660999999782,10.706563000000187,22.943310999999994,0.9051000023028088,0.37641463608422515,1.3676741043455272,0.46257410204273786,0.9912594250565827
Italy,IT,2026-01,2026-01-01,italy__standard_employee_roma_lazio,"Italie · salarie standard (Rome, Latium)","Italy · standard employee (Rome, Lazio)",1.53,3541.279401,843.178625,325.443577,0.0,57.014598,70.825588,21.247676,10.623838,16.289885,7.082559,24.0807,17.706397,244.610596,9892.639464,1001.660967,192.182021,0.0,1280.80271,346.162894,336.067415,1057.426029,0.0949,0.29860000000000003,3205.211986,860.480173,2344.731813,4843.316026,1638.10404,2498.584213,1.5110751011756427,2.0656162038777905,23.145616999999675,20.949097999999594,8.712348999999904,31.655660000000353,10.706561999999849,22.943310999999994,0.905100002302807,0.37641463608423253,1.3676740611408544,0.46257405883800806,0.9912594250566021
Italy,IT,2026-01,2026-01-01,italy__standard_employee_roma_lazio,"Italie · salarie standard (Rome, Latium)","Italy · standard employee (Rome, Lazio)",1.54,3564.425018,848.689597,327.570659,0.0,57.387243,71.2885,21.38655,10.693275,16.396355,7.12885,24.23809,17.822125,246.209358,9975.597892,979.835816,160.758374,0.0,1289.173969,348.425397,338.263934,1064.33731,0.09490000000000001,0.29859999999999987,3226.161084,872.716922,2353.444162,4874.971686,1648.810602,2521.527525,1.5110751011756425,2.071420161911507,23.14561700000013,20.94909800000005,8.712348999999904,31.655659999999443,10.706562000000076,22.943311999999878,0.9051000023028088,0.37641463608422515,1.3676740611407883,0.4625740588380088,0.991259468261302
Italy,IT,2026-01,2026-01-01,italy__standard_employee_roma_lazio,"Italie · salarie standard (Rome, Latium)","Italy · standard employee (Rome, Lazio)",1.55,3587.570635,854.200568,329.697741,0.0,57.759887,71.751413,21.525424,10.762712,16.502825,7.175141,24.39548,17.937853,247.80812,10058.55632,958.010665,129.334727,0.0,1297.545229,350.6879,340.460453,1071.248592,0.0949,0.29860000000000003,3247.110182,884.953671,2362.15651,4906.627346,1659.517165,2544.470836,1.5110751011756425,2.0771813064335722,23.14561700000013,20.94909800000005,8.71234800000002,31.655660000000353,10.70656299999996,22.943310999999994,0.9051000023028088,0.3764145928795059,1.3676740611408276,0.46257410204272803,0.9912594250565827
Italy,IT,2026-01,2026-01-01,italy__standard_employee_roma_lazio,"Italie · salarie standard (Rome, Latium)","Italy · standard employee (Rome, Lazio)",1.56,3610.716252,859.71154,331.824824,0.0,58.132532,72.214325,21.664298,10.832149,16.609295,7.221433,24.552871,18.053581,249.406882,10141.514748,936.185514,97.91108,0.0,1305.916488,352.950402,342.656972,1078.159873,0.0949,0.2985999999999999,3268.05928,897.19042,2370.868859,4938.283007,1670.223727,2567.414147,1.5110751011756425,2.0829001094307653,23.14561700000013,20.94909800000005,8.712349000000359,31.655660999999782,10.706562000000076,22.943310999999994,0.9051000023028088,0.3764146360842448,1.3676741043455272,0.4625740588380088,0.9912594250565827
Italy,IT,2026-01,2026-01-01,italy__standard_employee_roma_lazio,"Italie · salarie standard (Rome, Latium)","Italy · standard employee (Rome, Lazio)",1.57,3633.861869,865.222511,333.951906,0.0,58.505176,72.677237,21.803171,10.901586,16.715765,7.267724,24.710261,18.169309,251.005644,10224.473175,914.360363,66.487434,0.0,1314.287748,355.212905,344.853491,1085.071154,0.0949,0.29860000000000003,3289.008378,909.427169,2379.581208,4969.938667,1680.930289,2590.357459,1.5110751011756425,2.088577035977535,23.145616999999675,20.94909800000005,8.712348999999904,31.655660000000353,10.706561999999849,22.943311999999878,0.9051000023028266,0.37641463608423253,1.3676740611408544,0.46257405883800806,0.9912594682613214
Italy,IT,2026-01,2026-01-01,italy__standard_employee_roma_lazio,"Italie · salarie standard (Rome, Latium)","Italy · standard employee (Rome, Lazio)",1.58,3657.007486,870.733482,336.078988,0.0,58.877821,73.14015,21.942045,10.971022,16.822234,7.314015,24.867651,18.285037,252.604406,10307.431603,892.535212,35.063787,0.0,1322.659007,357.475407,347.05001,1091.982435,0.0949,0.29860000000000003,3309.957476,921.663918,2388.293557,5001.594327,1691.636852,2613.30077,1.5110751011756427,2.094212544362078,23.14561700000013,20.94909800000005,8.712348999999904,31.655659999999443,10.706563000000187,22.943310999999994,0.9051000023028088,0.37641463608422515,1.3676740611407883,0.46257410204273786,0.9912594250565827
Italy,IT,2026-01,2026-01-01,italy__standard_employee_roma_lazio,"Italie · salarie standard (Rome, Latium)","Italy · standard employee (Rome, Lazio)",1.59,3680.153103,876.244454,338.20607,0.0,59.250465,73.603062,22.080919,11.040459,16.928704,7.360306,25.025041,18.400766,254.203168,10390.390031,870.710061,3.64014,0.0,1331.030267,359.73791,349.246529,1098.893717,0.0949,0.29860000000000003,3330.906574,933.900667,2397.005906,5033.249988,1702.343414,2636.244081,1.5110751011756423,2.099807086209665,23.14561700000013,20.94909800000005,8.712348999999904,31.655660999999782,10.706561999999849,22.943310999999994,0.9051000023028088,0.37641463608422515,1.3676741043455272,0.46257405883799896,0.9912594250565827
Italy,IT,2026-01,2026-01-01,italy__standard_employee_roma_lazio,"Italie · salarie standard (Rome, Latium)","Italy · standard employee (Rome, Lazio)",1.6,3703.29872,881.755425,340.333152,0.0,59.623109,74.065974,22.219792,11.109896,17.035174,7.406597,25.182431,18.516494,255.80193,10473.348459,848.88491,0.0,0.0,1339.401526,362.000413,351.443049,1105.804998,0.09489999999999998,0.29860000000000003,3351.855671,943.822124,2408.033547,5064.905648,1713.049976,2656.8721,1.5110751011756425,2.1033368298671045,23.145616999999675,20.94909699999971,11.02764100000013,31.655660000000353,10.706562000000076,20.628019000000222,0.9050999590980878,0.476446188494361,1.3676740611408544,0.4625740588380179,0.8912278726464934
Italy,IT,2026-01,2026-01-01,italy__standard_employee_roma_lazio,"Italie · salarie standard (Rome, Latium)","Italy · standard employee (Rome, Lazio)",1.61,3726.444337,887.266397,342.460235,0.0,59.995754,74.528887,22.358666,11.179333,17.141644,7.452889,25.339821,18.632222,257.400692,10556.306887,827.059758,0.0,0.0,1347.772786,364.262915,353.639568,1112.716279,0.0949,0.2986,3372.804769,953.440236,2419.364534,5096.561308,1723.756539,2677.196775,1.5110751011756425,2.106570232533567,23.14561700000013,20.94909800000005,11.330986999999823,31.655660000000353,10.70656299999996,20.324674999999843,0.9051000023028088,0.4895521687756157,1.3676740611408276,0.46257410204272803,0.8781219787746306
Italy,IT,2026-01,2026-01-01,italy__standard_employee_roma_lazio,"Italie · salarie standard (Rome, Latium)","Italy · standard employee (Rome, Lazio)",1.62,3749.589954,892.777368,344.587317,0.0,60.368398,74.991799,22.49754,11.24877,17.248114,7.49918,25.497212,18.74795,258.999454,10639.265315,805.234607,0.0,0.0,1356.144045,366.525418,355.836087,1119.62756,0.09489999999999998,0.2986,3393.753867,963.058348,2430.69552,5128.216968,1734.463101,2697.521449,1.5110751011756427,2.109773489391433,23.14561700000013,20.94909800000005,11.330986000000394,31.655659999999443,10.706562000000076,20.32467399999996,0.9051000023028088,0.4895521255709161,1.3676740611407883,0.4625740588380088,0.8781219355699114
Italy,IT,2026-01,2026-01-01,italy__standard_employee_roma_lazio,"Italie · salarie standard (Rome, Latium)","Italy · standard employee (Rome, Lazio)",1.63,3772.735571,898.288339,346.714399,0.0,60.741043,75.454711,22.636413,11.318207,17.354584,7.545471,25.654602,18.863678,260.598216,10722.223743,783.409456,0.0,0.0,1364.515305,368.78792,358.032606,1126.538842,0.0949,0.2986,3414.702965,972.676459,2442.026506,5159.872629,1745.169663,2717.846123,1.5110751011756423,2.1129470200697327,23.14561700000013,20.94909800000005,11.330985999999939,31.65566100000069,10.706561999999849,20.32467399999996,0.9051000023028088,0.48955212557089645,1.3676741043455662,0.46257405883799896,0.8781219355699114
Italy,IT,2026-01,2026-01-01,italy__standard_employee_roma_lazio,"Italie · salarie standard (Rome, Latium)","Italy · standard employee (Rome, Lazio)",1.64,3795.881188,903.799311,348.841481,0.0,61.113687,75.917624,22.775287,11.387644,17.461053,7.591762,25.811992,18.979406,262.196978,10805.182171,761.584305,0.0,0.0,1372.886564,371.050423,360.229125,1133.450123,0.0949,0.2986,3435.652063,982.294571,2453.357492,5191.528289,1755.876226,2738.170797,1.5110751011756425,2.116091236445171,23.145616999999675,20.94909800000005,11.330985999999939,31.655659999999443,10.706563000000187,20.324674000000414,0.9051000023028266,0.48955212557090605,1.3676740611408151,0.4625741020427469,0.8781219355699483
Italy,IT,2026-01,2026-01-01,italy__standard_employee_roma_lazio,"Italie · salarie standard (Rome, Latium)","Italy · standard employee (Rome, Lazio)",1.65,3819.026805,909.310282,350.968563,0.0,61.486332,76.380536,22.914161,11.45708,17.567523,7.638054,25.969382,19.095134,263.79574,10888.140598,739.759154,0.0,0.0,1381.257824,373.312925,362.425644,1140.361404,0.0949,0.29860000000000003,3456.601161,991.912683,2464.688478,5223.183949,1766.582788,2758.495471,1.5110751011756427,2.1192065428203146,23.14561700000013,20.94909800000005,11.330985999999939,31.655660000000353,10.706561999999849,20.32467399999996,0.9051000023028088,0.48955212557089645,1.3676740611408276,0.46257405883799896,0.8781219355699114
Italy,IT,2026-01,2026-01-01,italy__standard_employee_roma_lazio,"Italie · salarie standard (Rome, Latium)","Italy · standard employee (Rome, Lazio)",1.66,3842.172422,914.821254,353.095646,0.0,61.858976,76.843448,23.053035,11.526517,17.673993,7.684345,26.126772,19.210862,265.394502,10971.099026,717.934003,0.0,0.0,1389.629084,375.575428,364.622163,1147.272685,0.0949,0.2986,3477.550259,1001.530795,2476.019465,5254.83961,1777.289351,2778.820145,1.5110751011756425,2.1222933360969067,23.14561700000013,20.94909800000005,11.330986999999823,31.655660999999782,10.70656299999996,20.32467399999996,0.9051000023028088,0.4895521687756157,1.3676741043455272,0.46257410204272803,0.8781219355699114
Italy,IT,2026-01,2026-01-01,italy__standard_employee_roma_lazio,"Italie · salarie standard (Rome, Latium)","Italy · standard employee (Rome, Lazio)",1.67,3865.318039,920.332225,355.222728,0.0,62.23162,77.306361,23.191908,11.595954,17.780463,7.730636,26.284163,19.32659,266.993265,11054.057454,696.108852,0.0,0.0,1398.000343,377.837931,366.818682,1154.183966,0.0949,0.2986,3498.499357,1011.148906,2487.350451,5286.49527,1787.995913,2799.144819,1.5110751011756427,2.1253520059444355,23.14561700000013,20.94909800000005,11.330985999999939,31.655660000000353,10.706562000000076,20.32467399999996,0.9051000023028088,0.48955212557089645,1.3676740611408276,0.4625740588380088,0.8781219355699114
Italy,IT,2026-01,2026-01-01,italy__standard_employee_roma_lazio,"Italie · salarie standard (Rome, Latium)","Italy · standard employee (Rome, Lazio)",1.68,3888.463656,925.843196,357.34981,0.0,62.604265,77.769273,23.330782,11.665391,17.886933,7.776927,26.441553,19.442318,268.592027,11137.015882,674.2837,0.0,0.0,1406.371603,380.100433,369.015201,1161.095248,0.09490000000000001,0.29860000000000003,3519.448455,1020.767018,2498.681437,5318.15093,1798.702475,2819.469493,1.5110751011756425,2.128382934964119,23.145616999999675,20.94909800000005,11.330986000000394,31.655659999999443,10.706562000000076,20.32467399999996,0.9051000023028266,0.4895521255709257,1.3676740611408151,0.4625740588380179,0.8781219355699287
Italy,IT,2026-01,2026-01-01,italy__standard_employee_roma_lazio,"Italie · salarie standard (Rome, Latium)","Italy · standard employee (Rome, Lazio)",1.69,3911.609273,931.354168,359.476892,0.0,62.976909,78.232185,23.469656,11.734828,17.993403,7.823219,26.598943,19.558046,270.190789,11219.97431,652.458549,0.0,0.0,1414.742862,382.362936,371.21172,1168.006529,0.09489999999999998,0.2986,3540.397553,1030.38513,2510.012423,5349.806591,1809.409038,2839.794167,1.5110751011756427,2.131386498848444,23.14561700000013,20.949097999999594,11.330985999999939,31.655660999999782,10.70656299999996,20.32467399999996,0.9051000023027892,0.48955212557089645,1.3676741043455272,0.46257410204272803,0.8781219355699114
Italy,IT,2026-01,2026-01-01,italy__standard_employee_roma_lazio,"Italie · salarie standard (Rome, Latium)","Italy · standard employee (Rome, Lazio)",1.7,3934.75489,936.865139,361.603974,0.0,63.349554,78.695098,23.608529,11.804265,18.099872,7.86951,26.756333,19.673774,271.789551,11302.932738,630.633398,0.0,0.0,1423.114122,384.625438,373.408239,1174.91781,0.09489999999999998,0.29860000000000003,3561.346651,1040.003242,2521.343409,5381.462251,1820.1156,2860.118842,1.5110751011756425,2.134363066536409,23.14561700000013,20.94909800000005,11.330985999999939,31.655660000000353,10.706562000000076,20.324674999999843,0.9051000023028088,0.48955212557089645,1.3676740611408276,0.4625740588380088,0.8781219787746306
Italy,IT,2026-01,2026-01-01,italy__standard_employee_roma_lazio,"Italie · salarie standard (Rome, Latium)","Italy · standard employee (Rome, Lazio)",1.71,3957.900507,942.376111,363.731057,0.0,63.722198,79.15801,23.747403,11.873702,18.206342,7.915801,26.913723,19.789503,273.388313,11385.891166,608.808247,0.0,0.0,1431.485381,386.887941,375.604758,1181.829091,0.0949,0.2986000000000001,3582.295749,1049.621353,2532.674395,5413.117911,1830.822162,2880.443516,1.5110751011756427,2.1373130003645966,23.145616999999675,20.94909800000005,11.330985999999939,31.655660000000353,10.706561999999849,20.32467399999996,0.9051000023028266,0.48955212557090605,1.3676740611408544,0.46257405883800806,0.8781219355699287
Italy,IT,2026-01,2026-01-01,italy__standard_employee_roma_lazio,"Italie · salarie standard (Rome, Latium)","Italy · standard employee (Rome, Lazio)",1.72,3981.046124,947.887082,365.858139,0.0,64.094843,79.620922,23.886277,11.943138,18.312812,7.962092,27.071114,19.905231,274.987075,11468.849593,586.983096,0.0,0.0,1439.856641,389.150443,377.801277,1188.740373,0.09490000000000001,0.29860000000000003,3603.244847,1059.239465,2544.005382,5444.773571,1841.528725,2900.76819,1.5110751011756425,2.1402366562142072,23.14561700000013,20.94909800000005,11.330986999999823,31.655659999999443,10.70656299999996,20.32467399999996,0.9051000023028088,0.4895521687756157,1.3676740611407883,0.46257410204272803,0.8781219355699114
Italy,IT,2026-01,2026-01-01,italy__standard_employee_roma_lazio,"Italie · salarie standard (Rome, Latium)","Italy · standard employee (Rome, Lazio)",1.73,4004.191741,953.398054,367.985221,0.0,64.467487,80.083835,24.02515,12.012575,18.419282,8.008383,27.228504,20.020959,276.585837,11551.808021,565.157945,0.0,0.0,1448.2279,391.412946,379.997796,1195.651654,0.0949,0.29860000000000003,3624.193945,1068.857577,2555.336368,5476.429232,1852.235287,2921.092864,1.5110751011756427,2.1431343836541874,23.14561700000013,20.94909800000005,11.330986000000394,31.65566100000069,10.706562000000076,20.324674000000414,0.9051000023028088,0.4895521255709161,1.3676741043455662,0.4625740588380088,0.878121935569931
Italy,IT,2026-01,2026-01-01,italy__standard_employee_roma_lazio,"Italie · salarie standard (Rome, Latium)","Italy · standard employee (Rome, Lazio)",1.74,4027.337358,958.909025,370.112303,0.0,64.840131,80.546747,24.164024,12.082012,18.525752,8.054675,27.385894,20.136687,278.184599,11634.766449,543.332794,0.0,0.0,1456.59916,393.675449,382.194315,1202.562935,0.09489999999999998,0.2986,3645.143043,1078.475689,2566.667354,5508.084892,1862.941849,2941.417538,1.5110751011756425,2.1460065260805545,23.14561700000013,20.94909800000005,11.330985999999939,31.655659999999443,10.706562000000076,20.32467399999996,0.9051000023028088,0.48955212557089645,1.3676740611407883,0.4625740588380088,0.8781219355699114
Italy,IT,2026-01,2026-01-01,italy__standard_employee_roma_lazio,"Italie · salarie standard (Rome, Latium)","Italy · standard employee (Rome, Lazio)",1.75,4050.482975,964.419996,372.239385,0.0,65.212776,81.00966,24.302898,12.151449,18.632222,8.100966,27.543284,20.252415,279.783361,11717.724877,521.507643,0.0,0.0,1464.970419,395.937951,384.390834,1209.474216,0.09489999999999998,0.29860000000000003,3666.092141,1088.0938,2577.99834,5539.740552,1873.648412,2961.742212,1.5110751011756427,2.148853420852065,23.145616999999675,20.94909800000005,11.330985999999939,31.655660000000353,10.70656299999996,20.32467399999996,0.9051000023028266,0.48955212557090605,1.3676740611408544,0.4625741020427371,0.8781219355699287
Italy,IT,2026-01,2026-01-01,italy__standard_employee_roma_lazio,"Italie · salarie standard (Rome, Latium)","Italy · standard employee (Rome, Lazio)",1.76,4073.628592,969.930968,374.366468,0.0,65.58542,81.472572,24.441772,12.220886,18.738692,8.147257,27.700674,20.368143,281.382123,11800.683305,499.682491,0.0,0.0,1473.341679,398.200454,386.587353,1216.385498,0.0949,0.2986,3687.041239,1097.711912,2589.329326,5571.396213,1884.354974,2982.066886,1.5110751011756423,2.1516753994223006,23.14561700000013,20.94909800000005,11.330985999999939,31.655660999999782,10.706562000000076,20.32467399999996,0.9051000023028088,0.48955212557089645,1.3676741043455272,0.4625740588380088,0.8781219355699114
Italy,IT,2026-01,2026-01-01,italy__standard_employee_roma_lazio,"Italie · salarie standard (Rome, Latium)","Italy · standard employee (Rome, Lazio)",1.77,4096.774209,975.441939,376.49355,0.0,65.958065,81.935484,24.580645,12.290323,18.845161,8.193548,27.858065,20.483871,282.980885,11883.641733,477.85734,0.0,0.0,1481.712938,400.462956,388.783872,1223.296779,0.0949,0.2986000000000001,3707.990337,1107.330024,2600.660313,5603.051873,1895.061536,3002.39156,1.5110751011756425,2.15447278746832,23.14561700000013,20.94909800000005,11.330986999999823,31.655660000000353,10.706561999999849,20.32467399999996,0.9051000023028088,0.4895521687756157,1.3676740611408276,0.46257405883799896,0.8781219355699114
Italy,IT,2026-01,2026-01-01,italy__standard_employee_roma_lazio,"Italie · salarie standard (Rome, Latium)","Italy · standard employee (Rome, Lazio)",1.78,4119.919826,980.952911,378.620632,0.0,66.330709,82.398397,24.719519,12.359759,18.951631,8.23984,28.015455,20.599599,284.579647,11966.600161,456.032189,0.0,0.0,1490.084198,402.725459,390.980391,1230.20806,0.09489999999999997,0.2986,3728.939435,1116.948136,2611.991299,5634.707533,1905.768099,3022.716234,1.5110751011756425,2.1572459050159476,23.14561700000013,20.949097999999594,11.330985999999939,31.655659999999443,10.70656299999996,20.32467399999996,0.9051000023027892,0.48955212557089645,1.3676740611407883,0.46257410204272803,0.8781219355699114
Italy,IT,2026-01,2026-01-01,italy__standard_employee_roma_lazio,"Italie · salarie standard (Rome, Latium)","Italy · standard employee (Rome, Lazio)",1.79,4143.065443,986.463882,380.747714,0.0,66.703354,82.861309,24.858393,12.429196,19.058101,8.286131,28.172845,20.715327,286.178409,12049.558589,434.207038,0.0,0.0,1498.455458,404.987962,393.176911,1237.119341,0.0949,0.29860000000000003,3749.888532,1126.566247,2623.322285,5666.363194,1916.474661,3043.040909,1.5110751011756427,2.1599950665618244,23.14561700000013,20.949097000000165,11.330986000000394,31.655660999999782,10.706562000000076,20.324674999999843,0.9050999590980896,0.4895521255709161,1.3676741043455272,0.4625740588380088,0.8781219787746306
Italy,IT,2026-01,2026-01-01,italy__standard_employee_roma_lazio,"Italie · salarie standard (Rome, Latium)","Italy · standard employee (Rome, Lazio)",1.8,4166.21106,991.974853,382.874796,0.0,67.075998,83.324221,24.997266,12.498633,19.164571,8.332422,28.330235,20.831055,287.777171,12132.517016,412.381887,0.0,0.0,1506.826717,407.250464,395.37343,1244.030623,0.09489999999999998,0.2986,3770.83763,1136.184359,2634.653271,5698.018854,1927.181223,3063.365583,1.5110751011756425,2.1627205811923047,23.14561699999922,20.94909800000005,11.330985999999939,31.655660000000353,10.706562000000076,20.32467399999996,0.9051000023028444,0.4895521255709157,1.3676740611408813,0.462574058838027,0.8781219355699459
Italy,IT,2026-01,2026-01-01,italy__standard_employee_roma_lazio,"Italie · salarie standard (Rome, Latium)","Italy · standard employee (Rome, Lazio)",1.81,4189.356677,997.485825,385.001879,0.0,67.448642,83.787134,25.13614,12.56807,19.271041,8.378713,28.487625,20.946783,289.375933,12215.475444,390.556736,0.0,0.0,1515.197977,409.512967,397.569949,1250.941904,0.09490000000000001,0.2986000000000001,3791.786728,1145.802471,2645.984257,5729.674514,1937.887786,3083.690257,1.5110751011756425,2.1654227526993,23.14561700000013,20.94909800000005,11.330985999999939,31.655660000000353,10.70656299999996,20.324674000000414,0.9051000023028088,0.48955212557089645,1.3676740611408276,0.46257410204272803,0.878121935569931
Italy,IT,2026-01,2026-01-01,italy__standard_employee_roma_lazio,"Italie · salarie standard (Rome, Latium)","Italy · standard employee (Rome, Lazio)",1.82,4212.502294,1002.996796,387.128961,0.0,67.821287,84.250046,25.275014,12.637507,19.377511,8.425005,28.645016,21.062511,290.974695,12298.433872,368.731585,0.0,0.0,1523.569236,411.775469,399.766468,1257.853185,0.0949,0.2986,3812.735826,1155.420583,2657.315244,5761.330174,1948.594348,3104.014931,1.5110751011756427,2.1681018796931584,23.14561700000013,20.94909800000005,11.330986999999823,31.655659999999443,10.706562000000076,20.32467399999996,0.9051000023028088,0.4895521687756157,1.3676740611407883,0.4625740588380088,0.8781219355699114
Italy,IT,2026-01,2026-01-01,italy__standard_employee_roma_lazio,"Italie · salarie standard (Rome, Latium)","Italy · standard employee (Rome, Lazio)",1.83,4235.647911,1008.507768,389.256043,0.0,68.193931,84.712958,25.413887,12.706944,19.48398,8.471296,28.802406,21.17824,292.573458,12381.3923,346.906433,0.0,0.0,1531.940496,414.037972,401.962987,1264.764466,0.09490000000000001,0.29860000000000003,3833.684924,1165.038695,2668.64623,5792.985835,1959.300911,3124.339605,1.5110751011756425,2.1707582557126677,23.14561700000013,20.94909800000005,11.330985999999939,31.65566100000069,10.70656299999996,20.32467399999996,0.9051000023028088,0.48955212557089645,1.3676741043455662,0.46257410204272803,0.8781219355699114
Italy,IT,2026-01,2026-01-01,italy__standard_employee_roma_lazio,"Italie · salarie standard (Rome, Latium)","Italy · standard employee (Rome, Lazio)",1.84,4258.793528,1014.018739,391.383125,0.0,68.566576,85.175871,25.552761,12.776381,19.59045,8.517587,28.959796,21.293968,294.17222,12464.350728,325.081282,0.0,0.0,1540.311755,416.300474,404.159506,1271.675747,0.0949,0.2986,3854.634022,1174.656806,2679.977216,5824.641495,1970.007473,3144.664279,1.5110751011756427,2.173392169332269,23.14561700000013,20.94909800000005,11.330986000000394,31.655659999999443,10.706561999999849,20.32467399999996,0.9051000023028088,0.4895521255709161,1.3676740611407883,0.46257405883799896,0.8781219355699114
Italy,IT,2026-01,2026-01-01,italy__standard_employee_roma_lazio,"Italie · salarie standard (Rome, Latium)","Italy · standard employee (Rome, Lazio)",1.85,4281.939145,1019.52971,393.510207,0.0,68.93922,85.638783,25.691635,12.845817,19.69692,8.563878,29.117186,21.409696,295.770982,12547.309156,303.256131,0.0,0.0,1548.683015,418.562977,406.356025,1278.587029,0.09489999999999998,0.29860000000000003,3875.58312,1184.274918,2691.308202,5856.297155,1980.714035,3164.988953,1.5110751011756425,2.176003904266562,23.14561700000013,20.949097999999594,11.330985999999939,31.655660000000353,10.706562000000076,20.32467399999996,0.9051000023027892,0.48955212557089645,1.3676740611408276,0.4625740588380088,0.8781219355699114
Italy,IT,2026-01,2026-01-01,italy__standard_employee_roma_lazio,"Italie · salarie standard (Rome, Latium)","Italy · standard employee (Rome, Lazio)",1.86,4305.084762,1025.040682,395.63729,0.0,69.311865,86.101695,25.830509,12.915254,19.80339,8.61017,29.274576,21.525424,297.369744,12630.267584,281.43098,0.0,0.0,1557.054274,420.82548,408.552544,1285.49831,0.0949,0.2986,3896.532218,1193.89303,2702.639188,5887.952816,1991.420598,3185.313627,1.5110751011756427,2.178593739472182,23.14561700000013,20.94909800000005,11.330985999999939,31.655660999999782,10.70656299999996,20.32467399999996,0.9051000023028088,0.48955212557089645,1.3676741043455272,0.46257410204272803,0.8781219355699114
Italy,IT,2026-01,2026-01-01,italy__standard_employee_roma_lazio,"Italie · salarie standard (Rome, Latium)","Italy · standard employee (Rome, Lazio)",1.87,4328.230379,1030.551653,397.764372,0.0,69.684509,86.564608,25.969382,12.984691,19.90986,8.656461,29.431967,21.641152,298.968506,12713.226011,259.605829,0.0,0.0,1565.425534,423.087982,410.749063,1292.409591,0.09490000000000001,0.29860000000000003,3917.481316,1203.511142,2713.970174,5919.608476,2002.12716,3205.638301,1.5110751011756425,2.1811619492471195,23.14561699999922,20.94909800000005,11.330985999999939,31.655660000000353,10.706562000000076,20.32467399999996,0.9051000023028444,0.4895521255709157,1.3676740611408813,0.462574058838027,0.8781219355699459
Italy,IT,2026-01,2026-01-01,italy__standard_employee_roma_lazio,"Italie · salarie standard (Rome, Latium)","Italy · standard employee (Rome, Lazio)",1.88,4351.375996,1036.062625,399.891454,0.0,70.057154,87.02752,26.108256,13.054128,20.01633,8.702752,29.589357,21.75688,300.567268,12796.184439,237.780678,0.0,0.0,1573.796793,425.350485,412.945582,1299.320872,0.0949,0.29860000000000003,3938.430414,1213.129253,2725.301161,5951.264136,2012.833722,3225.962976,1.5110751011756427,2.1837088033275713,23.14561700000013,20.94909800000005,11.330986999999823,31.655659999999443,10.706562000000076,20.324674999999843,0.9051000023028088,0.4895521687756157,1.3676740611407883,0.4625740588380088,0.8781219787746306
Italy,IT,2026-01,2026-01-01,italy__standard_employee_roma_lazio,"Italie · salarie standard (Rome, Latium)","Italy · standard employee (Rome, Lazio)",1.89,4374.521613,1041.573596,402.018536,0.0,70.429798,87.490432,26.24713,13.123565,20.122799,8.749043,29.746747,21.872608,302.16603,12879.142867,215.955527,0.0,0.0,1582.168053,427.612987,415.142101,1306.232154,0.09489999999999998,0.2986,3959.379512,1222.747365,2736.632147,5982.919797,2023.540285,3246.28765,1.5110751011756423,2.1862345669823777,23.14561700000013,20.94909800000005,11.330985999999939,31.655660999999782,10.70656299999996,20.324674000000414,0.9051000023028088,0.48955212557089645,1.3676741043455272,0.46257410204272803,0.878121935569931
Italy,IT,2026-01,2026-01-01,italy__standard_employee_roma_lazio,"Italie · salarie standard (Rome, Latium)","Italy · standard employee (Rome, Lazio)",1.9,4397.66723,1047.084567,404.145618,0.0,70.802442,87.953345,26.386003,13.193002,20.229269,8.795334,29.904137,21.988336,303.764792,12962.101295,194.130376,0.0,0.0,1590.539313,429.87549,417.33862,1313.143435,0.0949,0.29860000000000003,3980.32861,1232.365477,2747.963133,6014.575457,2034.246847,3266.612324,1.5110751011756427,2.1887395011051303,23.14561700000013,20.94909800000005,11.330986000000394,31.655660000000353,10.706561999999849,20.32467399999996,0.9051000023028088,0.4895521255709161,1.3676740611408276,0.46257405883799896,0.8781219355699114
Italy,IT,2026-01,2026-01-01,italy__standard_employee_roma_lazio,"Italie · salarie standard (Rome, Latium)","Italy · standard employee (Rome, Lazio)",1.91,4420.812847,1052.595539,406.272701,0.0,71.175087,88.416257,26.524877,13.262439,20.335739,8.841626,30.061527,22.104064,305.363554,13045.059723,172.305224,0.0,0.0,1598.910572,432.137992,419.535139,1320.054716,0.09489999999999998,0.2986,4001.277708,1241.983589,2759.294119,6046.231117,2044.953409,3286.936998,1.5110751011756423,2.1912238623039983,23.14561700000013,20.94909800000005,11.330985999999939,31.655660000000353,10.706562000000076,20.32467399999996,0.9051000023028088,0.48955212557089645,1.3676740611408276,0.4625740588380088,0.8781219355699114
Italy,IT,2026-01,2026-01-01,italy__standard_employee_roma_lazio,"Italie · salarie standard (Rome, Latium)","Italy · standard employee (Rome, Lazio)",1.92,4443.958464,1058.10651,408.399783,0.0,71.547731,88.879169,26.663751,13.331875,20.442209,8.887917,30.218918,22.219792,306.962316,13128.018151,150.480073,0.0,0.0,1607.281832,434.400495,421.731658,1326.965997,0.09490000000000001,0.29860000000000003,4022.226806,1251.6017,2770.625105,6077.886777,2055.659972,3307.261672,1.5110751011756427,2.1936879029893683,23.14561700000013,20.94909800000005,11.330985999999939,31.655659999999443,10.70656299999996,20.32467399999996,0.9051000023028088,0.48955212557089645,1.3676740611407883,0.46257410204272803,0.8781219355699114
Italy,IT,2026-01,2026-01-01,italy__standard_employee_roma_lazio,"Italie · salarie standard (Rome, Latium)","Italy · standard employee (Rome, Lazio)",1.93,4467.104081,1063.617482,410.526865,0.0,71.920376,89.342082,26.802624,13.401312,20.548679,8.934208,30.376308,22.33552,308.561078,13210.976579,128.654922,0.0,0.0,1615.653091,436.662998,423.928177,1333.877279,0.09489999999999998,0.2986,4043.175904,1261.219812,2781.956092,6109.542438,2066.366534,3327.586346,1.5110751011756425,2.196131871459326,23.14561700000013,20.94909800000005,11.330986999999823,31.65566100000069,10.706561999999849,20.32467399999996,0.9051000023028088,0.4895521687756157,1.3676741043455662,0.46257405883799896,0.8781219355699114
Italy,IT,2026-01,2026-01-01,italy__standard_employee_roma_lazio,"Italie · salarie standard (Rome, Latium)","Italy · standard employee (Rome, Lazio)",1.94,4490.249698,1069.128453,412.653947,0.0,72.29302,89.804994,26.941498,13.470749,20.655149,8.980499,30.533698,22.451248,310.15984,13293.935007,106.829771,0.0,0.0,1624.024351,438.9255,426.124696,1340.78856,0.0949,0.2986,4064.125002,1270.837924,2793.287078,6141.198098,2077.073096,3347.91102,1.5110751011756425,2.198556011983066,23.14561699999922,20.94909800000005,11.330985999999939,31.655659999999443,10.706562000000304,20.32467399999996,0.9051000023028444,0.4895521255709157,1.367674061140842,0.46257405883803676,0.8781219355699459
Italy,IT,2026-01,2026-01-01,italy__standard_employee_roma_lazio,"Italie · salarie standard (Rome, Latium)","Italy · standard employee (Rome, Lazio)",1.95,4513.395315,1074.639425,414.781029,0.0,72.665665,90.267906,27.080372,13.540186,20.761618,9.026791,30.691088,22.566977,311.758602,13376.893434,85.00462,0.0,0.0,1632.39561,441.188003,428.321215,1347.699841,0.0949,0.2986,4085.0741,1280.456036,2804.618064,6172.853758,2087.779659,3368.235694,1.5110751011756427,2.2009605648822794,23.14561700000013,20.949097999999594,11.330985999999939,31.655660000000353,10.706562999999733,20.32467399999996,0.9051000023027892,0.48955212557089645,1.3676740611408276,0.4625741020427182,0.8781219355699114
Italy,IT,2026-01,2026-01-01,italy__standard_employee_roma_lazio,"Italie · salarie standard (Rome, Latium)","Italy · standard employee (Rome, Lazio)",1.96,4536.540932,1080.150396,416.908112,0.0,73.038309,90.730819,27.219246,13.609623,20.868088,9.073082,30.848478,22.682705,313.357364,13459.851862,63.179469,0.0,0.0,1640.76687,443.450505,430.517734,1354.611122,0.0949,0.2986,4106.023198,1290.074147,2815.94905,6204.509419,2098.486221,3388.560369,1.5110751011756427,2.203345766610573,23.14561700000013,20.94909800000005,11.330986000000394,31.655660999999782,10.706562000000304,20.324674999999843,0.9051000023028088,0.4895521255709161,1.3676741043455272,0.4625740588380186,0.8781219787746306
Italy,IT,2026-01,2026-01-01,italy__standard_employee_roma_lazio,"Italie · salarie standard (Rome, Latium)","Italy · standard employee (Rome, Lazio)",1.97,4559.686549,1085.661367,419.035194,0.0,73.410953,91.193731,27.358119,13.67906,20.974558,9.119373,31.005869,22.798433,314.956126,13542.81029,41.354318,0.0,0.0,1649.138129,445.713008,432.714254,1361.522404,0.09490000000000001,0.29860000000000003,4126.972295,1299.692259,2827.280036,6236.165079,2109.192783,3408.885043,1.511075101175643,2.2057118498309802,23.14561700000013,20.94909699999971,11.330985999999939,31.655660000000353,10.706561999999849,20.324674000000414,0.90509995909807,0.48955212557089645,1.3676740611408276,0.46257405883799896,0.878121935569931
Italy,IT,2026-01,2026-01-01,italy__standard_employee_roma_lazio,"Italie · salarie standard (Rome, Latium)","Italy · standard employee (Rome, Lazio)",1.98,4582.832166,1091.172339,421.162276,0.0,73.783598,91.656643,27.496993,13.748496,21.081028,9.165664,31.163259,22.914161,316.554889,13625.768718,19.529166,0.0,0.0,1657.509389,447.97551,434.910773,1368.433685,0.09489999999999998,0.2985999999999999,4147.921393,1309.310371,2838.611023,6267.820739,2119.899346,3429.209717,1.5110751011756423,2.208059043491616,23.14561700000013,20.94909800000005,11.330986999999823,31.655659999999443,10.706563000000187,20.32467399999996,0.9051000023028088,0.4895521687756157,1.3676740611407883,0.46257410204273786,0.8781219355699114
Italy,IT,2026-01,2026-01-01,italy__standard_employee_roma_lazio,"Italie · salarie standard (Rome, Latium)","Italy · standard employee (Rome, Lazio)",1.99,4605.977783,1096.68331,423.289358,0.0,74.156242,92.119556,27.635867,13.817933,21.187498,9.211956,31.320649,23.029889,318.153651,13711.371736,0.0,0.0,0.0,1665.880648,450.238013,437.107292,1375.344966,0.0949,0.29860000000000003,4168.870491,1318.957533,2849.912958,6299.4764,2130.605908,3449.563441,1.5110751011756425,2.210410104352715,23.14561700000013,20.94909800000005,11.301934999999958,31.655660999999782,10.706561999999849,20.353723999999602,0.9051000023028088,0.4882969851268123,1.3676741043455272,0.46257405883799896,0.8793770328092566
Italy,IT,2026-01,2026-01-01,italy__standard_employee_roma_lazio,"Italie · salarie standard (Rome, Latium)","Italy · standard employee (Rome, Lazio)",2.0,4629.1234,1102.194282,425.41644,0.0,74.528887,92.582468,27.77474,13.88737,21.293968,9.258247,31.478039,23.145617,319.752413,13819.469081,0.0,0.0,0.0,1674.251908,452.500516,439.303811,1382.256247,0.0949,0.29860000000000003,4189.819589,1328.851792,2860.967797,6331.13206,2141.312471,3470.164263,1.5110751011756425,2.2129337023143845,23.14561700000013,20.94909800000005,11.054838999999902,31.655660000000353,10.706563000000187,20.600822000000335,0.9051000023028088,0.4776212705843979,1.3676740611408276,0.46257410204273786,0.8900528337611489
Italy,IT,2026-01,2026-01-01,italy__standard_employee_roma_lazio,"Italie · salarie standard (Rome, Latium)","Italy · standard employee (Rome, Lazio)",2.01,4652.269017,1107.705253,427.543523,0.0,74.901531,93.04538,27.913614,13.956807,21.400437,9.304538,31.635429,23.261345,321.351175,13927.566426,0.0,0.0,0.0,1682.623167,454.763018,441.50033,1389.167528,0.09490000000000001,0.2986000000000001,4210.768687,1338.746051,2872.022636,6362.78772,2152.019033,3490.765084,1.5110751011756427,2.2154378728740687,23.14561699999922,20.94909800000005,11.054839000000356,31.655660000000353,10.706561999999849,20.600820999999996,0.9051000023028444,0.4776212705844363,1.3676740611408813,0.46257405883801717,0.8900527905564449
Italy,IT,2026-01,2026-01-01,italy__standard_employee_roma_lazio,"Italie · salarie standard (Rome, Latium)","Italy · standard employee (Rome, Lazio)",2.02,4675.414634,1113.216224,429.670605,0.0,75.274176,93.508293,28.052488,14.026244,21.506907,9.350829,31.79282,23.377073,322.949937,14035.663772,0.0,0.0,0.0,1690.994427,457.025521,443.696849,1396.07881,0.09490000000000001,0.29860000000000003,4231.717785,1348.64031,2883.077475,6394.44338,2162.725595,3511.365905,1.5110751011756425,2.217922839508385,23.14561700000013,20.94909800000005,11.054838999999902,31.655659999999443,10.706561999999849,20.600820999999996,0.9051000023028088,0.4776212705843979,1.3676740611407883,0.46257405883799896,0.89005279055641
Italy,IT,2026-01,2026-01-01,italy__standard_employee_roma_lazio,"Italie · salarie standard (Rome, Latium)","Italy · standard employee (Rome, Lazio)",2.03,4698.560251,1118.727196,431.797687,0.132269,75.64682,93.971205,28.191362,14.095681,21.613377,9.397121,31.95021,23.492801,324.548699,14143.078608,0.0,0.0,0.0,1699.312832,459.273738,446.025637,1402.990091,0.09492815100149848,0.2986,4252.534614,1358.472098,2894.062516,6426.099041,2173.564427,3532.036525,1.5111221010657445,2.220442373191091,23.14561700000013,20.816829000000325,10.98504099999991,31.65566100000069,10.838831999999911,20.67061999999987,0.8993853566314611,0.4746056672414414,1.3676741043455662,0.4682887477140856,0.8930684371040857
Italy,IT,2026-01,2026-01-01,italy__standard_employee_roma_lazio,"Italie · salarie standard (Rome, Latium)","Italy · standard employee (Rome, Lazio)",2.04,4721.705868,1124.238167,433.924769,0.363725,76.019464,94.434117,28.330235,14.165118,21.719847,9.443412,32.1076,23.608529,326.147461,14249.98164,0.0,0.0,0.0,1707.591601,461.511244,448.453612,1409.901372,0.09497703261423623,0.29860000000000003,4273.252256,1368.25704,2904.995215,6457.754701,2184.502445,3552.759486,1.511203718978224,2.2229829043739104,23.14561700000013,20.717641999999614,10.932698999999957,31.655659999999443,10.938018000000284,20.72296099999994,0.8951000096475933,0.4723442455649333,1.3676740611407883,0.4725740514932146,0.8953298155758744
Italy,IT,2026-01,2026-01-01,italy__standard_employee_roma_lazio,"Italie · salarie standard (Rome, Latium)","Italy · standard employee (Rome, Lazio)",2.05,4744.851485,1129.749139,436.051851,0.595182,76.392109,94.89703,28.469109,14.234554,21.826317,9.489703,32.26499,23.724257,327.746223,14356.884671,0.0,0.0,0.0,1715.870371,463.748749,450.881587,1416.812653,0.09502543733319119,0.2986000000000001,4293.969898,1378.041983,2915.927915,6489.410361,2195.440464,3573.482446,1.5112845493068525,2.2255043851103746,23.14561700000013,20.717642000000524,10.932700000000295,31.655660000000353,10.938018999999713,20.722960000000057,0.8951000096476326,0.4723442887696722,1.3676740611408276,0.47257409469791417,0.8953297723711553
Italy,IT,2026-01,2026-01-01,italy__standard_employee_roma_lazio,"Italie · salarie standard (Rome, Latium)","Italy · standard employee (Rome, Lazio)",2.06,4767.997102,1135.26011,438.178934,0.826638,76.764753,95.359942,28.607983,14.303991,21.932787,9.535994,32.42238,23.839986,329.344985,14463.787703,0.0,0.0,0.0,1724.149141,465.986254,453.309563,1423.723935,0.09507337210341842,0.2985999999999999,4314.687539,1387.826925,2926.860615,6521.066022,2206.378482,3594.205407,1.5113646033967483,2.2280070288778244,23.14561700000013,20.717640999999276,10.93269999999984,31.655660999999782,10.938018000000284,20.72296099999994,0.8950999664428544,0.47234428876965256,1.3676741043455272,0.4725740514932146,0.8953298155758744
Italy,IT,2026-01,2026-01-01,italy__standard_employee_roma_lazio,"Italie · salarie standard (Rome, Latium)","Italy · standard employee (Rome, Lazio)",2.07,4791.142719,1140.771081,440.306016,1.058094,77.137398,95.822854,28.746856,14.373428,22.039257,9.582285,32.57977,23.955714,330.943747,14570.690735,0.0,0.0,0.0,1732.42791,468.22376,455.737538,1430.635216,0.09512084373576907,0.29860000000000003,4335.405181,1397.611867,2937.793314,6552.721682,2217.316501,3614.928368,1.5114438923761704,2.2304910459758642,23.14561700000013,20.717642000000524,10.932698999999957,31.655660000000353,10.938018999999713,20.72296099999994,0.8951000096476326,0.4723442455649333,1.3676740611408276,0.47257409469791417,0.8953298155758744
Italy,IT,2026-01,2026-01-01,italy__standard_employee_roma_lazio,"Italie · salarie standard (Rome, Latium)","Italy · standard employee (Rome, Lazio)",2.08,4814.288336,1146.282053,442.433098,1.28955,77.510042,96.285767,28.88573,14.442865,22.145726,9.628577,32.737161,24.071442,332.542509,14677.593766,0.0,0.0,0.0,1740.70668,470.461265,458.165513,1437.546497,0.09516785891011631,0.29860000000000003,4356.122823,1407.396809,2948.726014,6584.377342,2228.254519,3635.651329,1.5115224271616727,2.2329566435852684,23.14561699999922,20.717641999999614,10.93269999999984,31.655659999999443,10.938018000000284,20.72296099999994,0.8951000096476285,0.4723442887696711,1.367674061140842,0.47257405149323317,0.8953298155759096
Italy,IT,2026-01,2026-01-01,italy__standard_employee_roma_lazio,"Italie · salarie standard (Rome, Latium)","Italy · standard employee (Rome, Lazio)",2.09,4837.433953,1151.793024,444.56018,1.521006,77.882687,96.748679,29.024604,14.512302,22.252196,9.674868,32.894551,24.18717,334.141271,14784.496798,0.0,0.0,0.0,1748.98545,472.69877,460.593488,1444.457778,0.09521442417848895,0.2986,4376.840465,1417.181751,2959.658713,6616.033003,2239.192538,3656.374289,1.5116002184631177,2.235404025825587,23.14561700000013,20.717642000000524,10.932698999999957,31.655660999999782,10.938018999999713,20.722960000000057,0.8951000096476326,0.4723442455649333,1.3676741043455272,0.47257409469791417,0.8953297723711553
Italy,IT,2026-01,2026-01-01,italy__standard_employee_roma_lazio,"Italie · salarie standard (Rome, Latium)","Italy · standard employee (Rome, Lazio)",2.1,4860.57957,1157.303996,446.687262,1.752462,78.255331,97.211591,29.163477,14.581739,22.358666,9.721159,33.051941,24.302898,335.740033,14891.399829,0.0,0.0,0.0,1757.264219,474.936275,463.021464,1451.36906,0.0952605459681152,0.29860000000000003,4397.558106,1426.966694,2970.591413,6647.688663,2250.130556,3677.09725,1.5116772767885445,2.2378333938114787,23.14561700000013,20.717641000000185,10.932700000000295,31.655660000000353,10.938018000000284,20.72296099999994,0.8950999664428937,0.4723442887696722,1.3676740611408276,0.4725740514932146,0.8953298155758744
Italy,IT,2026-01,2026-01-01,italy__standard_employee_roma_lazio,"Italie · salarie standard (Rome, Latium)","Italy · standard employee (Rome, Lazio)",2.11,4883.725187,1162.814967,448.814345,1.983919,78.627976,97.674504,29.302351,14.651176,22.465136,9.76745,33.209331,24.418626,337.338795,14998.302861,0.0,0.0,0.0,1765.542989,477.173781,465.449439,1458.280341,0.09530623058438006,0.2985999999999999,4418.275748,1436.751636,2981.524112,6679.344323,2261.068575,3697.820211,1.5117536124488982,2.2402449457077966,23.14561700000013,20.717641999999614,10.932698999999957,31.655660000000353,10.938018999999713,20.722961000000396,0.8951000096475933,0.4723442455649333,1.3676740611408276,0.47257409469791417,0.8953298155758941
Italy,IT,2026-01,2026-01-01,italy__standard_employee_roma_lazio,"Italie · salarie standard (Rome, Latium)","Italy · standard employee (Rome, Lazio)",2.12,4906.870804,1168.325938,450.941427,2.215375,79.00062,98.137416,29.441225,14.720612,22.571606,9.813742,33.366721,24.534354,338.937557,15105.205892,0.0,0.0,0.0,1773.821759,479.411286,467.877414,1465.191622,0.09535148421369903,0.2985999999999999,4438.99339,1446.536578,2992.456812,6710.999983,2272.006593,3718.543172,1.511829235562633,2.2426388767834826,23.14561700000013,20.717641999999614,10.93269999999984,31.655659999999443,10.938018000000284,20.72296099999994,0.8951000096475933,0.47234428876965256,1.3676740611407883,0.4725740514932146,0.8953298155758744
Italy,IT,2026-01,2026-01-01,italy__standard_employee_roma_lazio,"Italie · salarie standard (Rome, Latium)","Italy · standard employee (Rome, Lazio)",2.13,4930.016421,1173.83691,453.068509,2.446831,79.373264,98.600328,29.580099,14.790049,22.678076,9.860033,33.524112,24.650082,340.536319,15212.108924,0.0,0.0,0.0,1782.100528,481.648791,470.305389,1472.102903,0.09539631292631076,0.2986,4459.711032,1456.32152,3003.389511,6742.655644,2282.944612,3739.266132,1.5119041560601807,2.2450153794642604,23.14561700000013,20.717642000000524,10.932698999999957,31.65566100000069,10.938018999999713,20.722960000000057,0.8951000096476326,0.4723442455649333,1.3676741043455662,0.47257409469791417,0.8953297723711553
Italy,IT,2026-01,2026-01-01,italy__standard_employee_roma_lazio,"Italie · salarie standard (Rome, Latium)","Italy · standard employee (Rome, Lazio)",2.14,4953.162038,1179.347881,455.195591,2.678287,79.745909,99.063241,29.718972,14.859486,22.784545,9.906324,33.681502,24.76581,342.135082,15319.011956,0.0,0.0,0.0,1790.379298,483.886297,472.733364,1479.014185,0.09544072267899156,0.2986,4480.428674,1466.106463,3014.322211,6774.311304,2293.882631,3759.989093,1.5119783836882987,2.2473746433842114,23.14561700000013,20.717641999999614,10.932700000000295,31.655659999999443,10.938019000000168,20.72296099999994,0.8951000096475933,0.4723442887696722,1.3676740611407883,0.4725740946979338,0.8953298155758744
Italy,IT,2026-01,2026-01-01,italy__standard_employee_roma_lazio,"Italie · salarie standard (Rome, Latium)","Italy · standard employee (Rome, Lazio)",2.15,4976.307655,1184.858853,457.322673,2.909743,80.118553,99.526153,29.857846,14.928923,22.891015,9.952615,33.838892,24.881538,343.733844,15425.914987,0.0,0.0,0.0,1798.658068,486.123802,475.16134,1485.925466,0.09548471931769394,0.2985999999999999,4501.146315,1475.891405,3025.254911,6805.966964,2304.820649,3780.712054,1.512051928014297,2.2497168554362084,23.14561699999922,20.717641000000185,10.93269999999984,31.655660000000353,10.938017999999829,20.72296099999994,0.8950999664429289,0.4723442887696711,1.3676740611408813,0.4725740514932135,0.8953298155759096
Italy,IT,2026-01,2026-01-01,italy__standard_employee_roma_lazio,"Italie · salarie standard (Rome, Latium)","Italy · standard employee (Rome, Lazio)",2.16,4999.453272,1190.369824,459.449756,3.141199,80.491198,99.989065,29.99672,14.99836,22.997485,9.998907,33.996282,24.997266,345.332606,15532.818019,0.0,0.0,0.0,1806.936837,488.361307,477.589315,1492.836747,0.095528308580112,0.29860000000000003,4521.863957,1485.676347,3036.18761,6837.622625,2315.758668,3801.435014,1.5121247984301491,2.2520421998212683,23.14561700000013,20.717641999999614,10.932698999999957,31.655660999999782,10.938019000000168,20.722960000000057,0.8951000096475933,0.4723442455649333,1.3676741043455272,0.4725740946979338,0.8953297723711553
Italy,IT,2026-01,2026-01-01,italy__standard_employee_roma_lazio,"Italie · salarie standard (Rome, Latium)","Italy · standard employee (Rome, Lazio)",2.17,5022.598889,1195.880795,461.576838,3.372656,80.863842,100.451978,30.135593,15.067797,23.103955,10.045198,34.153672,25.112994,346.931368,15639.72105,0.0,0.0,0.0,1815.215607,490.598813,480.01729,1499.748028,0.09557149609817599,0.2986,4542.581599,1495.461289,3047.12031,6869.278285,2326.696686,3822.157975,1.5121970041564892,2.254350858096844,23.14561700000013,20.717642000000524,10.93269999999984,31.655660000000353,10.938018000000284,20.72296099999994,0.8951000096476326,0.47234428876965256,1.3676740611408276,0.4725740514932146,0.8953298155758744
Italy,IT,2026-01,2026-01-01,italy__standard_employee_roma_lazio,"Italie · salarie standard (Rome, Latium)","Italy · standard employee (Rome, Lazio)",2.18,5045.744506,1201.391767,463.70392,3.604112,81.236487,100.91489,30.274467,15.137234,23.210425,10.091489,34.311063,25.228723,348.53013,15746.624082,0.0,0.0,0.0,1823.494377,492.836318,482.445265,1506.659309,0.09561428740047795,0.29860000000000003,4563.299241,1505.246231,3058.053009,6900.933945,2337.634705,3842.880936,1.5122685542465046,2.256643009224082,23.14561700000013,20.717641999999614,10.932699000000412,31.655659999999443,10.938018999999713,20.72296099999994,0.8951000096475933,0.47234424556495297,1.3676740611407883,0.47257409469791417,0.8953298155758744
Italy,IT,2026-01,2026-01-01,italy__standard_employee_roma_lazio,"Italie · salarie standard (Rome, Latium)","Italy · standard employee (Rome, Lazio)",2.19,5068.890123,1206.902738,465.831002,3.835568,81.609131,101.377802,30.413341,15.20667,23.316895,10.13778,34.468453,25.344451,350.128892,15853.527113,0.0,0.0,0.0,1831.773146,495.073823,484.873241,1513.570591,0.09565668791463101,0.2986,4584.016882,1515.031174,3068.985709,6932.589606,2348.572723,3863.603897,1.5123394575897158,2.2589188296140588,23.14561700000013,20.717641000000185,10.93269999999984,31.655660999999782,10.938018000000284,20.72296099999994,0.8950999664428937,0.47234428876965256,1.3676741043455272,0.4725740514932146,0.8953298155758744
Italy,IT,2026-01,2026-01-01,italy__standard_employee_roma_lazio,"Italie · salarie standard (Rome, Latium)","Italy · standard employee (Rome, Lazio)",2.2,5092.03574,1212.41371,467.958085,4.067024,81.981775,101.840715,30.552214,15.276107,23.423364,10.184071,34.625843,25.460179,351.727654,15960.430145,0.0,0.0,0.0,1840.051916,497.311329,487.301216,1520.481872,0.09569870296956451,0.29860000000000003,4604.734524,1524.816116,3079.918408,6964.245266,2359.510742,3884.326857,1.5124097229156614,2.2611784931730496,23.14561700000013,20.717642000000524,10.932698999999957,31.655660000000353,10.938018999999713,20.722960000000057,0.8951000096476326,0.4723442455649333,1.3676740611408276,0.47257409469791417,0.8953297723711553
Italy,IT,2026-01,2026-01-01,italy__standard_employee_roma_lazio,"Italie · salarie standard (Rome, Latium)","Italy · standard employee (Rome, Lazio)",2.21,5115.181357,1217.924681,470.085167,4.29848,82.35442,102.303627,30.691088,15.345544,23.529834,10.230363,34.783233,25.575907,353.326416,16067.333176,0.0,0.0,0.0,1848.330686,499.548834,489.729191,1527.393153,0.09574033779775654,0.2985999999999999,4625.452166,1534.601058,3090.851108,6995.900926,2370.44876,3905.049818,1.512479358797479,2.26342217134682,23.14561700000013,20.717641999999614,10.93269999999984,31.655660000000353,10.938018000000284,20.72296099999994,0.8951000096475933,0.47234428876965256,1.3676740611408276,0.4725740514932146,0.8953298155758744
Italy,IT,2026-01,2026-01-01,italy__standard_employee_roma_lazio,"Italie · salarie standard (Rome, Latium)","Italy · standard employee (Rome, Lazio)",2.22,5138.326974,1223.435653,472.212249,4.529936,82.727064,102.766539,30.829962,15.414981,23.636304,10.276654,34.940623,25.691635,354.925178,16174.236208,0.0,0.0,0.0,1856.609455,501.786339,492.157166,1534.304434,0.0957815975374063,0.2986,4646.169808,1544.386,3101.783808,7027.556586,2381.386779,3925.772779,1.5125483736553933,2.2656500331639924,23.14561699999922,20.717641999999614,10.932700000000295,31.655659999999443,10.938018999999713,20.72296099999994,0.8951000096476285,0.47234428876969076,1.367674061140842,0.4725740946979327,0.8953298155759096
Italy,IT,2026-01,2026-01-01,italy__standard_employee_roma_lazio,"Italie · salarie standard (Rome, Latium)","Italy · standard employee (Rome, Lazio)",2.23,5161.472591,1228.946624,474.339331,4.761393,83.099709,103.229452,30.968836,15.484418,23.742774,10.322945,35.098014,25.807363,356.52394,16281.13924,0.0,0.0,0.0,1864.888225,504.023845,494.585141,1541.215716,0.09582248723454795,0.2986,4666.88745,1554.170942,3112.716507,7059.212247,2392.324797,3946.49574,1.5126167757601103,2.267862245278492,23.14561700000013,20.717642000000524,10.932698999999957,31.65566100000069,10.938018000000284,20.72296099999994,0.8951000096476326,0.4723442455649333,1.3676741043455662,0.4725740514932146,0.8953298155758744
Italy,IT,2026-01,2026-01-01,italy__standard_employee_roma_lazio,"Italie · salarie standard (Rome, Latium)","Italy · standard employee (Rome, Lazio)",2.24,5184.618208,1234.457595,476.466413,4.992849,83.472353,103.692364,31.107709,15.553855,23.849244,10.369236,35.255404,25.923091,358.122702,16388.042271,0.0,0.0,0.0,1873.166994,506.26135,497.013117,1548.126997,0.095863011845108,0.2986,4687.605091,1563.955885,3123.649207,7090.867907,2403.262816,3967.2187,1.5126845732361203,2.270058972011104,23.14561700000013,20.717641000000185,10.93269999999984,31.655659999999443,10.938018999999713,20.722960000000057,0.8950999664428937,0.47234428876965256,1.3676740611407883,0.47257409469791417,0.8953297723711553
Italy,IT,2026-01,2026-01-01,italy__standard_employee_roma_lazio,"Italie · salarie standard (Rome, Latium)","Italy · standard employee (Rome, Lazio)",2.25,5207.763825,1239.968567,478.593496,5.224305,83.844998,104.155277,31.246583,15.623291,23.955714,10.415528,35.412794,26.038819,359.721464,16494.945303,0.0,0.0,0.0,1881.445764,508.498855,499.441092,1555.038278,0.09590317623690753,0.29860000000000003,4708.322733,1573.740827,3134.581906,7122.523567,2414.200834,3987.941661,1.5127517740649163,2.272240375390164,23.14561700000013,20.717641999999614,10.932698999999957,31.655660000000353,10.938018000000284,20.72296099999994,0.8951000096475933,0.4723442455649333,1.3676740611408276,0.4725740514932146,0.8953298155758744
Italy,IT,2026-01,2026-01-01,italy__standard_employee_roma_lazio,"Italie · salarie standard (Rome, Latium)","Italy · standard employee (Rome, Lazio)",2.26,5230.909442,1245.479538,480.720578,5.455761,84.217642,104.618189,31.385457,15.692728,24.062183,10.461819,35.570184,26.154547,361.320226,16601.848334,0.0,0.0,0.0,1889.724534,510.73636,501.869067,1561.949559,0.09594298519161149,0.29860000000000003,4729.040375,1583.525769,3145.514606,7154.179228,2425.138853,4008.664622,1.5128183860881246,2.2744066151913898,23.14561700000013,20.717641999999614,10.932700000000295,31.655660999999782,10.938018999999713,20.72296099999994,0.8951000096475933,0.4723442887696722,1.3676741043455272,0.47257409469791417,0.8953298155758744
Italy,IT,2026-01,2026-01-01,italy__standard_employee_roma_lazio,"Italie · salarie standard (Rome, Latium)","Italy · standard employee (Rome, Lazio)",2.27,5254.055059,1250.99051,482.84766,5.687217,84.590286,105.081101,31.52433,15.762165,24.168653,10.50811,35.727574,26.270275,362.918988,16708.751366,0.0,0.0,0.0,1898.003303,512.973866,504.297042,1568.860841,0.0959824434066264,0.2986,4749.758017,1593.310711,3156.447305,7185.834888,2436.076871,4029.387583,1.5128844170105566,2.2765578489769016,23.14561700000013,20.717642000000524,10.932698999999957,31.655660000000353,10.938018000000284,20.722961000000396,0.8951000096476326,0.4723442455649333,1.3676740611408276,0.4725740514932146,0.8953298155758941
Italy,IT,2026-01,2026-01-01,italy__standard_employee_roma_lazio,"Italie · salarie standard (Rome, Latium)","Italy · standard employee (Rome, Lazio)",2.28,5277.200676,1256.501481,484.974742,5.918673,84.962931,105.544014,31.663204,15.831602,24.275123,10.554401,35.884965,26.386003,364.51775,16815.654397,0.0,0.0,0.0,1906.282073,515.211371,506.725018,1575.772122,0.09602155549694821,0.2986,4770.475658,1603.095653,3167.380005,7217.490548,2447.01489,4050.110543,1.5129498744031797,2.2786942321334176,23.14561700000013,20.717641000000185,10.93269999999984,31.655659999999443,10.938018999999713,20.722959999999603,0.8950999664428937,0.47234428876965256,1.3676740611407883,0.47257409469791417,0.8953297723711356
Italy,IT,2026-01,2026-01-01,italy__standard_employee_roma_lazio,"Italie · salarie standard (Rome, Latium)","Italy · standard employee (Rome, Lazio)",2.29,5300.346293,1262.012452,487.101824,6.15013,85.335575,106.006926,31.802078,15.901039,24.381593,10.600693,36.042355,26.501731,366.116512,16922.557429,0.0,0.0,0.0,1914.560843,517.448876,509.152993,1582.683403,0.09606032599696154,0.29860000000000014,4791.1933,1612.880596,3178.312705,7249.146209,2457.952908,4070.833504,1.5130147657060098,2.2808159179096696,23.14561699999922,20.717641999999614,10.93269999999984,31.65566100000069,10.938018000000284,20.722961000000396,0.8951000096476285,0.4723442887696711,1.3676741043456202,0.47257405149323317,0.8953298155759293
Italy,IT,2026-01,2026-01-01,italy__standard_employee_roma_lazio,"Italie · salarie standard (Rome, Latium)","Italy · standard employee (Rome, Lazio)",2.3,5323.49191,1267.523424,489.228907,6.381586,85.70822,106.469838,31.940951,15.970476,24.488063,10.646984,36.199745,26.61746,367.715275,17029.460461,0.0,0.0,0.0,1922.839612,519.686382,511.580968,1589.594684,0.09609875936219214,0.2986,4811.910942,1622.665538,3189.245404,7280.801869,2468.890927,4091.556465,1.513079098230931,2.2829230574530506,23.14561700000013,20.717642000000524,10.932698999999957,31.655659999999443,10.938018999999713,20.72296099999994,0.8951000096476326,0.4723442455649333,1.3676740611407883,0.47257409469791417,0.8953298155758744
Italy,IT,2026-01,2026-01-01,italy__standard_employee_roma_lazio,"Italie · salarie standard (Rome, Latium)","Italy · standard employee (Rome, Lazio)",2.31,5346.637527,1273.034395,491.355989,6.613042,86.080864,106.932751,32.079825,16.039913,24.594533,10.693275,36.357135,26.733188,369.314037,17136.363492,0.0,0.0,0.0,1931.118382,521.923887,514.008943,1596.505966,0.09613685997101384,0.2985999999999999,4832.628584,1632.45048,3200.178104,7312.457529,2479.828945,4112.279426,1.5131428791644428,2.2850157998455085,23.14561700000013,20.717641999999614,10.932700000000295,31.655660000000353,10.938018000000284,20.72296099999994,0.8951000096475933,0.4723442887696722,1.3676740611408276,0.4725740514932146,0.8953298155758744
Italy,IT,2026-01,2026-01-01,italy__standard_employee_roma_lazio,"Italie · salarie standard (Rome, Latium)","Italy · standard employee (Rome, Lazio)",2.32,5369.783144,1278.545367,493.483071,6.844498,86.453509,107.395663,32.218699,16.109349,24.701002,10.739566,36.514525,26.848916,370.912799,17243.266524,0.0,0.0,0.0,1939.397152,524.161392,516.436918,1603.417247,0.09617463212631117,0.2985999999999999,4853.346226,1642.235422,3211.110803,7344.113189,2490.766964,4133.002386,1.5132061155703351,2.287094292138703,23.14561700000013,20.717641999999614,10.932698999999957,31.655659999999443,10.938018999999713,20.722960000000057,0.8951000096475933,0.4723442455649333,1.3676740611407883,0.47257409469791417,0.8953297723711553
Italy,IT,2026-01,2026-01-01,italy__standard_employee_roma_lazio,"Italie · salarie standard (Rome, Latium)","Italy · standard employee (Rome, Lazio)",2.33,5392.928761,1284.056338,495.610153,7.075954,86.826153,107.858575,32.357573,16.178786,24.807472,10.785858,36.671916,26.964644,372.511561,17350.169555,0.0,0.0,0.0,1947.675921,526.398898,518.864894,1610.328528,0.09621208005709954,0.2986,4874.063867,1652.020365,3222.043503,7375.76885,2501.704982,4153.725347,1.5132688143922979,2.2891586793884553,23.14561700000013,20.717641000000185,10.93269999999984,31.65566100000069,10.938018000000284,20.722960999999486,0.8950999664428937,0.47234428876965256,1.3676741043455662,0.4725740514932146,0.8953298155758549
Italy,IT,2026-01,2026-01-01,italy__standard_employee_roma_lazio,"Italie · salarie standard (Rome, Latium)","Italy · standard employee (Rome, Lazio)",2.34,5416.074378,1289.567309,497.737235,7.30741,87.198797,108.321488,32.496446,16.248223,24.913942,10.832149,36.829306,27.080372,374.110323,17457.072587,0.0,0.0,0.0,1955.954691,528.636403,521.292869,1617.239809,0.0962492079201034,0.29860000000000003,4894.781509,1661.805307,3232.976202,7407.42451,2512.643001,4174.448308,1.5133309824564602,2.291209104688489,23.14561700000013,20.717642000000524,10.932698999999957,31.655659999999443,10.938018999999713,20.722961000000396,0.8951000096476326,0.4723442455649333,1.3676740611407883,0.47257409469791417,0.8953298155758941
Italy,IT,2026-01,2026-01-01,italy__standard_employee_roma_lazio,"Italie · salarie standard (Rome, Latium)","Italy · standard employee (Rome, Lazio)",2.35,5439.219995,1295.078281,499.864318,7.538867,87.571442,108.7844,32.63532,16.31766,25.020412,10.87844,36.986696,27.1961,375.709085,17563.975618,0.0,0.0,0.0,1964.233461,530.873908,523.720844,1624.151091,0.09628601980129446,0.2986,4915.499151,1671.590249,3243.908902,7439.08017,2523.581019,4195.171268,1.5133926264738702,2.2932457092034984,23.14561700000013,20.717641999999614,10.932700000000295,31.655660000000353,10.938018000000284,20.722960000000057,0.8951000096475933,0.4723442887696722,1.3676740611408276,0.4725740514932146,0.8953297723711553
Italy,IT,2026-01,2026-01-01,italy__standard_employee_roma_lazio,"Italie · salarie standard (Rome, Latium)","Italy · standard employee (Rome, Lazio)",2.36,5462.365612,1300.589252,501.9914,7.770323,87.944086,109.247312,32.774194,16.387097,25.126882,10.924731,37.144086,27.311828,377.307847,17670.87865,0.0,0.0,0.0,1972.51223,533.111414,526.148819,1631.062372,0.09632251971739066,0.2986,4936.216793,1681.375191,3254.841601,7470.735831,2534.519038,4215.894229,1.5134537530429086,2.2952686322015405,23.14561699999922,20.717641999999614,10.932698999999957,31.655660999999782,10.938018999999713,20.722961000000396,0.8951000096476285,0.4723442455649519,1.367674104345581,0.4725740946979327,0.8953298155759293
Italy,IT,2026-01,2026-01-01,italy__standard_employee_roma_lazio,"Italie · salarie standard (Rome, Latium)","Italy · standard employee (Rome, Lazio)",2.37,5485.511229,1306.100224,504.118482,8.001779,88.316731,109.710225,32.913067,16.456534,25.233352,10.971022,37.301476,27.427556,378.906609,17777.781682,0.0,0.0,0.0,1980.791,535.348919,528.576795,1637.973653,0.09635871161731727,0.2986000000000001,4956.934434,1691.160133,3265.774301,7502.391491,2545.457057,4236.61719,1.513514368651644,2.2972780110857878,23.14561700000013,20.717641000000185,10.93269999999984,31.655660000000353,10.938019000000168,20.722960999999486,0.8950999664428937,0.47234428876965256,1.3676740611408276,0.4725740946979338,0.8953298155758549
Italy,IT,2026-01,2026-01-01,italy__standard_employee_roma_lazio,"Italie · salarie standard (Rome, Latium)","Italy · standard employee (Rome, Lazio)",2.38,5508.656846,1311.611195,506.245564,8.233235,88.689375,110.173137,33.051941,16.525971,25.339821,11.017314,37.458867,27.543284,380.505371,17884.684713,0.0,0.0,0.0,1989.06977,537.586424,531.00477,1644.884934,0.09639459938363107,0.29860000000000003,4977.652076,1700.945076,3276.707001,7534.047151,2556.395075,4257.340151,1.513574479680128,2.2992739814256336,23.14561700000013,20.717642000000524,10.932700000000295,31.655659999999443,10.938017999999829,20.722961000000396,0.8951000096476326,0.4723442887696722,1.3676740611407883,0.4725740514931949,0.8953298155758941
Italy,IT,2026-01,2026-01-01,italy__standard_employee_roma_lazio,"Italie · salarie standard (Rome, Latium)","Italy · standard employee (Rome, Lazio)",2.39,5531.802463,1317.122166,508.372646,8.464691,89.06202,110.636049,33.190815,16.595407,25.446291,11.063605,37.616257,27.659012,382.104133,17991.587745,0.0,0.0,0.0,1997.348539,539.82393,533.432745,1651.796215,0.09643018683390878,0.2986000000000001,4998.369718,1710.730018,3287.6397,7565.702812,2567.333094,4278.063111,1.5136340924026341,2.301256676987183,23.14561700000013,20.717641999999614,10.932698999999957,31.65566100000069,10.938019000000168,20.722960000000057,0.8951000096475933,0.4723442455649333,1.3676741043455662,0.4725740946979338,0.8953297723711553
Italy,IT,2026-01,2026-01-01,italy__standard_employee_roma_lazio,"Italie · salarie standard (Rome, Latium)","Italy · standard employee (Rome, Lazio)",2.4,5554.94808,1322.633138,510.499729,8.696147,89.434664,111.098962,33.329688,16.664844,25.552761,11.109896,37.773647,27.77474,383.702895,18098.490776,0.0,0.0,0.0,2005.627309,542.061435,535.86072,1658.707497,0.0964654777221008,0.2986,5019.08736,1720.51496,3298.5724,7597.358472,2578.271112,4298.786072,1.5136932129898406,2.3032262297631405,23.14561700000013,20.717642000000524,10.93269999999984,31.655659999999443,10.938017999999829,20.722960999999486,0.8951000096476326,0.47234428876965256,1.3676740611407883,0.4725740514931949,0.8953298155758549
Italy,IT,2026-01,2026-01-01,italy__standard_employee_roma_lazio,"Italie · salarie standard (Rome, Latium)","Italy · standard employee (Rome, Lazio)",2.41,5578.093697,1328.144109,512.626811,8.927604,89.807309,111.561874,33.468562,16.734281,25.659231,11.156187,37.931037,27.890468,385.301657,18205.393808,0.0,0.0,0.0,2013.906079,544.29894,538.288695,1665.618778,0.09650047573985143,0.2986000000000001,5039.805002,1730.299902,3309.505099,7629.014132,2589.209131,4319.509033,1.5137518475109608,2.3051827700020997,23.14561700000013,20.717641999999614,10.932698999999957,31.655660000000353,10.938019000000168,20.722961000000396,0.8951000096475933,0.4723442455649333,1.3676740611408276,0.4725740946979338,0.8953298155758941
Italy,IT,2026-01,2026-01-01,italy__standard_employee_roma_lazio,"Italie · salarie standard (Rome, Latium)","Italy · standard employee (Rome, Lazio)",2.42,5601.239314,1333.655081,514.753893,9.15906,90.179953,112.024786,33.607436,16.803718,25.765701,11.202479,38.088427,28.006197,386.900419,18312.296839,0.0,0.0,0.0,2022.184848,546.536445,540.716671,1672.530059,0.09653518451778592,0.2986,5060.522643,1740.084844,3320.437799,7660.669792,2600.147149,4340.231994,1.513810001935818,2.30712642623725,23.14561700000013,20.717641000000185,10.93269999999984,31.655659999999443,10.938017999999829,20.722960999999486,0.8950999664428937,0.47234428876965256,1.3676740611407883,0.4725740514931949,0.8953298155758549
Italy,IT,2026-01,2026-01-01,italy__standard_employee_roma_lazio,"Italie · salarie standard (Rome, Latium)","Italy · standard employee (Rome, Lazio)",2.43,5624.384931,1339.166052,516.880975,9.390516,90.552597,112.487699,33.74631,16.873155,25.872171,11.24877,38.245818,28.121925,388.499181,18419.199871,0.0,0.0,0.0,2030.463618,548.773951,543.144646,1679.44134,0.09656960762676624,0.2986,5081.240285,1749.869787,3331.370498,7692.325453,2611.085168,4360.954954,1.5138676821368742,2.3090573253145372,23.14561699999922,20.717641999999614,10.932699000000412,31.65566100000069,10.938019000000168,20.722960000000057,0.8951000096476285,0.47234424556497157,1.3676741043456202,0.47257409469795236,0.8953297723711905
Italy,IT,2026-01,2026-01-01,italy__standard_employee_roma_lazio,"Italie · salarie standard (Rome, Latium)","Italy · standard employee (Rome, Lazio)",2.44,5647.530548,1344.677023,519.008057,9.621972,90.925242,112.950611,33.885183,16.942592,25.978641,11.295061,38.403208,28.237653,390.097943,18526.102903,0.0,0.0,0.0,2038.742388,551.011456,545.572621,1686.352622,0.09660374857911554,0.2986,5101.957927,1759.654729,3342.303198,7723.981113,2622.023186,4381.677915,1.5139248938912042,2.3109755924202435,23.14561700000013,20.717642000000524,10.93269999999984,31.655659999999443,10.938017999999829,20.722961000000396,0.8951000096476326,0.47234428876965256,1.3676740611407883,0.4725740514931949,0.8953298155758941
Italy,IT,2026-01,2026-01-01,italy__standard_employee_roma_lazio,"Italie · salarie standard (Rome, Latium)","Italy · standard employee (Rome, Lazio)",2.45,5670.676165,1350.187995,521.13514,9.853428,91.297886,113.413523,34.024057,17.012028,26.08511,11.341352,38.560598,28.353381,391.696705,18633.005934,0.0,0.0,0.0,2047.021157,553.248961,548.000596,1693.263903,0.09663761082981304,0.29860000000000003,5122.675569,1769.439671,3353.235898,7755.636773,2632.961205,4402.400876,1.5139816428824269,2.3128813511080555,23.14561700000013,20.717641999999614,10.93269999999984,31.655660000000353,10.938019000000168,20.722960999999486,0.8951000096475933,0.47234428876965256,1.3676740611408276,0.4725740946979338,0.8953298155758549
Italy,IT,2026-01,2026-01-01,italy__standard_employee_roma_lazio,"Italie · salarie standard (Rome, Latium)","Italy · standard employee (Rome, Lazio)",2.46,5693.821782,1355.698966,523.262222,10.084884,91.670531,113.876436,34.162931,17.081465,26.19158,11.387644,38.717988,28.469109,393.295468,18739.908966,0.0,0.0,0.0,2055.299927,555.486467,550.428572,1700.175184,0.09667119777765934,0.29860000000000003,5143.39321,1779.224613,3364.168597,7787.292434,2643.899223,4423.123837,1.5140379347025867,2.3147747233255855,23.14561700000013,20.717641000000185,10.932698999999957,31.655660999999782,10.938017999999829,20.722961000000396,0.8950999664428937,0.4723442455649333,1.3676741043455272,0.4725740514931949,0.8953298155758941
Italy,IT,2026-01,2026-01-01,italy__standard_employee_roma_lazio,"Italie · salarie standard (Rome, Latium)","Italy · standard employee (Rome, Lazio)",2.47,5716.967399,1361.209938,525.389304,10.316341,92.043175,114.339348,34.301804,17.150902,26.29805,11.433935,38.875378,28.584837,394.89423,18846.811997,0.0,0.0,0.0,2063.578697,557.723972,552.856547,1707.086465,0.09670451276641374,0.2986,5164.110852,1789.009555,3375.101297,7818.948094,2654.837242,4443.846797,1.5140937748539893,2.3166558294403803,23.14561700000013,20.717641999999614,10.932700000000295,31.655660000000353,10.938019000000168,20.722960000000057,0.8951000096475933,0.4723442887696722,1.3676740611408276,0.4725740946979338,0.8953297723711553
Italy,IT,2026-01,2026-01-01,italy__standard_employee_roma_lazio,"Italie · salarie standard (Rome, Latium)","Italy · standard employee (Rome, Lazio)",2.48,5740.113016,1366.720909,527.516386,10.547797,92.41582,114.80226,34.440678,17.220339,26.40452,11.480226,39.032769,28.700565,396.492992,18953.715029,0.0,0.0,0.0,2071.857466,559.961477,555.284522,1713.997747,0.09673755908590402,0.2986,5184.828494,1798.794498,3386.033996,7850.603754,2665.77526,4464.569758,1.5141491687509958,2.31852478826544,23.14561700000013,20.717642000000524,10.932698999999957,31.655659999999443,10.938017999999829,20.722960999999486,0.8951000096476326,0.4723442455649333,1.3676740611407883,0.4725740514931949,0.8953298155758549
Italy,IT,2026-01,2026-01-01,italy__standard_employee_roma_lazio,"Italie · salarie standard (Rome, Latium)","Italy · standard employee (Rome, Lazio)",2.49,5763.258633,1372.231881,529.643468,10.779253,92.788464,115.265173,34.579552,17.289776,26.51099,11.526517,39.190159,28.816293,398.091754,19060.61806,0.0,0.0,0.0,2080.136236,562.198983,557.712497,1720.909028,0.0967703399731092,0.2986,5205.546136,1808.57944,3396.966696,7882.259415,2676.713279,4485.292719,1.5142041217217734,2.320381717084224,23.14561700000013,20.717641999999614,10.93269999999984,31.65566100000069,10.938019000000168,20.722961000000396,0.8951000096475933,0.47234428876965256,1.3676741043455662,0.4725740946979338,0.8953298155758941
Italy,IT,2026-01,2026-01-01,italy__standard_employee_roma_lazio,"Italie · salarie standard (Rome, Latium)","Italy · standard employee (Rome, Lazio)",2.5,5786.40425,1377.742852,531.770551,11.010709,93.161108,115.728085,34.718426,17.359213,26.61746,11.572809,39.347549,28.932021,399.690516,19167.521092,0.0,0.0,0.0,2088.415005,564.436488,560.140472,1727.820309,0.09680285861321679,0.29860000000000003,5226.263778,1818.364382,3407.899395,7913.915075,2687.651297,4506.015679,1.5142586390100012,2.322226731675189,23.14561699999922,20.717641999999614,10.932698999999957,31.655659999999443,10.938017999999829,20.722960000000057,0.8951000096476285,0.4723442455649519,1.367674061140842,0.4725740514932135,0.8953297723711905
Italy,IT,2026-01,2026-01-01,italy__standard_employee_roma_lazio,"Italie · salarie standard (Rome, Latium)","Italy · standard employee (Rome, Lazio)",2.51,5809.549867,1383.253823,533.897633,11.242165,93.533753,116.190997,34.857299,17.42865,26.723929,11.6191,39.504939,29.047749,401.289278,19274.424124,0.0,0.0,0.0,2096.693775,566.673993,562.568448,1734.73159,0.09683511814065414,0.2986,5246.981419,1828.149324,3418.832095,7945.570735,2698.589316,4526.73864,1.5143127257765414,2.324059946335852,23.14561700000013,20.717641000000185,10.932700000000295,31.655660000000353,10.938019000000168,20.722960999999486,0.8950999664428937,0.4723442887696722,1.3676740611408276,0.4725740946979338,0.8953298155758549
Italy,IT,2026-01,2026-01-01,italy__standard_employee_roma_lazio,"Italie · salarie standard (Rome, Latium)","Italy · standard employee (Rome, Lazio)",2.52,5832.695484,1388.764795,536.024715,11.473622,93.906397,116.65391,34.996173,17.498086,26.830399,11.665391,39.662329,29.163477,402.88804,19381.327155,0.0,0.0,0.0,2104.972545,568.911499,564.996423,1741.642872,0.096867121640096,0.2986,5267.699061,1837.934267,3429.764795,7977.226395,2709.527334,4547.461601,1.5143663871010657,2.325881473906394,23.14561700000013,20.717642000000524,10.93269999999984,31.655659999999443,10.938017999999829,20.722961000000396,0.8951000096476326,0.47234428876965256,1.3676740611407883,0.4725740514931949,0.8953298155758941
Italy,IT,2026-01,2026-01-01,italy__standard_employee_roma_lazio,"Italie · salarie standard (Rome, Latium)","Italy · standard employee (Rome, Lazio)",2.53,5855.841101,1394.275766,538.151797,11.705078,94.279042,117.116822,35.135047,17.567523,26.936869,11.711682,39.819719,29.279206,404.486802,19488.230187,0.0,0.0,0.0,2113.251314,571.149004,567.424398,1748.554153,0.09689887214744741,0.2986000000000001,5288.416703,1847.719209,3440.697494,8008.882056,2720.465353,4568.184562,1.5144196279836464,2.3276914257928114,23.14561700000013,20.717641999999614,10.932698999999957,31.65566100000069,10.938019000000168,20.722961000000396,0.8951000096475933,0.4723442455649333,1.3676741043455662,0.4725740946979338,0.8953298155758941
Italy,IT,2026-01,2026-01-01,italy__standard_employee_roma_lazio,"Italie · salarie standard (Rome, Latium)","Italy · standard employee (Rome, Lazio)",2.54,5878.986718,1399.786738,540.278879,11.936534,94.651686,117.579734,35.27392,17.63696,27.043339,11.757973,39.97711,29.394934,406.085564,19595.133218,0.0,0.0,0.0,2121.530084,573.386509,569.852373,1755.465434,0.09693037265080393,0.29860000000000003,5309.134345,1857.504151,3451.630194,8040.537716,2731.403371,4588.907522,1.514472453346309,2.329489911989633,23.14561700000013,20.717642000000524,10.93269999999984,31.655659999999443,10.938017999999829,20.722960000000057,0.8951000096476326,0.47234428876965256,1.3676740611407883,0.4725740514931949,0.8953297723711553
Italy,IT,2026-01,2026-01-01,italy__standard_employee_roma_lazio,"Italie · salarie standard (Rome, Latium)","Italy · standard employee (Rome, Lazio)",2.55,5902.132335,1405.297709,542.405962,12.16799,95.024331,118.042647,35.412794,17.706397,27.149809,11.804265,40.1345,29.510662,407.684326,19702.03625,0.0,0.0,0.0,2129.808854,575.624015,572.280349,1762.376715,0.09696162609138899,0.2986,5329.851986,1867.289093,3462.562893,8072.193376,2742.34139,4609.630483,1.5145248680345504,2.331277041102195,23.14561700000013,20.717640999999276,10.932698999999957,31.655660000000353,10.938019000000168,20.722960999999486,0.8950999664428544,0.4723442455649333,1.3676740611408276,0.4725740946979338,0.8953298155758549
Italy,IT,2026-01,2026-01-01,italy__standard_employee_roma_lazio,"Italie · salarie standard (Rome, Latium)","Italy · standard employee (Rome, Lazio)",2.56,5925.277952,1410.80868,544.533044,12.399446,95.396975,118.505559,35.551668,17.775834,27.256279,11.850556,40.29189,29.62639,409.283088,19808.939281,0.0,0.0,0.0,2138.087623,577.86152,574.708324,1769.287996,0.09699263536446949,0.29860000000000003,5350.569628,1877.074035,3473.495593,8103.849037,2753.279408,4630.353444,1.5145768768188186,2.3330529203685146,23.14561700000013,20.717642000000524,10.932700000000295,31.655660999999782,10.938017999999829,20.722961000000396,0.8951000096476326,0.4723442887696722,1.3676741043455272,0.4725740514931949,0.8953298155758941
Italy,IT,2026-01,2026-01-01,italy__standard_employee_roma_lazio,"Italie · salarie standard (Rome, Latium)","Italy · standard employee (Rome, Lazio)",2.57,5948.423569,1416.319652,546.660126,12.630902,95.769619,118.968471,35.690541,17.845271,27.362748,11.896847,40.44928,29.742118,410.88185,19915.842313,0.0,0.0,0.0,2146.366393,580.099025,577.136299,1776.199278,0.09702340332024978,0.29860000000000003,5371.28727,1886.858978,3484.428292,8135.504697,2764.217427,4651.076405,1.5146284843959623,2.3348176556807316,23.14561699999922,20.717641999999614,10.932698999999957,31.655660000000353,10.938019000000168,20.722960999999486,0.8951000096476285,0.4723442455649519,1.3676740611408813,0.47257409469795236,0.89532981557589
Italy,IT,2026-01,2026-01-01,italy__standard_employee_roma_lazio,"Italie · salarie standard (Rome, Latium)","Italy · standard employee (Rome, Lazio)",2.58,5971.569186,1421.830623,548.787208,12.862359,96.142264,119.431384,35.829415,17.914708,27.469218,11.943138,40.60667,29.857846,412.480612,20022.745344,0.0,0.0,0.0,2154.645163,582.33653,579.564274,1783.110559,0.09705393276474492,0.29860000000000003,5392.004912,1896.64392,3495.360992,8167.160357,2775.155446,4671.799365,1.5146796953906416,2.336571351606157,23.14561700000013,20.717642000000524,10.93269999999984,31.655659999999443,10.938019000000168,20.722960000000057,0.8951000096476326,0.47234428876965256,1.3676740611407883,0.4725740946979338,0.8953297723711553
Italy,IT,2026-01,2026-01-01,italy__standard_employee_roma_lazio,"Italie · salarie standard (Rome, Latium)","Italy · standard employee (Rome, Lazio)",2.59,5994.714803,1427.341595,550.91429,13.093815,96.514908,119.894296,35.968289,17.984144,27.575688,11.98943,40.764061,29.973574,414.079374,20129.648376,0.0,0.0,0.0,2162.923932,584.574036,581.99225,1790.02184,0.09708422646063396,0.2986,5412.722553,1906.428862,3506.293691,8198.816018,2786.093464,4692.522326,1.5147305143567138,2.338314111407933,23.14561700000013,20.717640999999276,10.932698999999957,31.655660999999782,10.938017999999829,20.722961000000396,0.8950999664428544,0.4723442455649333,1.3676741043455272,0.4725740514931949,0.8953298155758941
Italy,IT,2026-01,2026-01-01,italy__standard_employee_roma_lazio,"Italie · salarie standard (Rome, Latium)","Italy · standard employee (Rome, Lazio)",2.6,6017.86042,1432.852566,553.041373,13.325271,96.887553,120.357208,36.107163,18.053581,27.682158,12.035721,40.921451,30.089302,415.678136,20236.551408,0.0,0.0,0.0,2171.202702,586.811541,584.420225,1796.933121,0.09711428712809304,0.2986,5433.440195,1916.213804,3517.226391,8230.471678,2797.031483,4713.245287,1.5147809457785792,2.340046037065295,23.14561700000013,20.717642000000524,10.932700000000295,31.655660000000353,10.938019000000168,20.722960999999486,0.8951000096476326,0.4723442887696722,1.3676740611408276,0.4725740946979338,0.8953298155758549
Italy,IT,2026-01,2026-01-01,italy__standard_employee_roma_lazio,"Italie · salarie standard (Rome, Latium)","Italy · standard employee (Rome, Lazio)",2.61,6041.006037,1438.363537,555.168455,13.556727,97.260197,120.820121,36.246036,18.123018,27.788628,12.082012,41.078841,30.20503,417.276898,20343.454439,0.0,0.0,0.0,2179.481472,589.049046,586.8482,1803.844403,0.09714411744560994,0.2986000000000001,5454.157837,1925.998746,3528.159091,8262.127338,2807.969501,4733.968248,1.5148309940725033,2.341767229293469,23.14561700000013,20.717641999999614,10.93269999999984,31.655660000000353,10.938017999999829,20.722961000000396,0.8951000096475933,0.47234428876965256,1.3676740611408276,0.4725740514931949,0.8953298155758941
Italy,IT,2026-01,2026-01-01,italy__standard_employee_roma_lazio,"Italie · salarie standard (Rome, Latium)","Italy · standard employee (Rome, Lazio)",2.62,6064.151654,1443.874509,557.295537,13.788183,97.632842,121.283033,36.38491,18.192455,27.895098,12.128303,41.236231,30.320758,418.875661,20450.357471,0.0,0.0,0.0,2187.760241,591.286552,589.276175,1810.755684,0.09717372005077936,0.2986,5474.875479,1935.783689,3539.09179,8293.782998,2818.90752,4754.691208,1.514880663587904,2.3434777875631925,23.14561700000013,20.717642000000524,10.932698999999957,31.655660000000353,10.938019000000168,20.722960000000057,0.8951000096476326,0.4723442455649333,1.3676740611408276,0.4725740946979338,0.8953297723711553
Italy,IT,2026-01,2026-01-01,italy__standard_employee_roma_lazio,"Italie · salarie standard (Rome, Latium)","Italy · standard employee (Rome, Lazio)",2.63,6087.297271,1449.38548,559.422619,14.019639,98.005486,121.745945,36.523784,18.261892,28.001567,12.174595,41.393621,30.436486,420.474423,20557.260502,0.0,0.0,0.0,2196.039011,593.524057,591.70415,1817.666965,0.09720309754108059,0.2986000000000001,5495.593121,1945.568631,3550.02449,8325.438659,2829.845538,4775.414169,1.5149299586086122,2.345177810119877,23.14561700000013,20.717641999999614,10.93269999999984,31.655660999998872,10.938017999999829,20.722960999999486,0.8951000096475933,0.47234428876965256,1.3676741043454879,0.4725740514931949,0.8953298155758549
Italy,IT,2026-01,2026-01-01,italy__standard_employee_roma_lazio,"Italie · salarie standard (Rome, Latium)","Italy · standard employee (Rome, Lazio)",2.64,6110.442888,1454.896452,561.549701,14.251096,98.37813,122.208858,36.662657,18.331329,28.108037,12.220886,41.551012,30.552214,422.073185,20664.163534,0.0,0.0,0.0,2204.317781,595.761562,594.132126,1824.578246,0.0972322524746371,0.2986,5516.310762,1955.353573,3560.957189,8357.094319,2840.783557,4796.13713,1.514978883354104,2.346867394002418,23.14561699999922,20.717641000000185,10.932699000000412,31.655660000000353,10.938019000000168,20.722961000000396,0.8950999664429289,0.47234424556497157,1.3676740611408813,0.47257409469795236,0.8953298155759293
Italy,IT,2026-01,2026-01-01,italy__standard_employee_roma_lazio,"Italie · salarie standard (Rome, Latium)","Italy · standard employee (Rome, Lazio)",2.65,6133.588505,1460.407423,563.676784,14.482552,98.750775,122.67177,36.801531,18.400766,28.214507,12.267177,41.708402,30.667943,423.671947,20771.066565,0.0,0.0,0.0,2212.59655,597.999068,596.560101,1831.489528,0.09726118737095922,0.29860000000000003,5537.028404,1965.138515,3571.889889,8388.749979,2851.721575,4816.86009,1.5150274419807044,2.348546635061664,23.14561700000013,20.717641999999614,10.93269999999984,31.655660000000353,10.938017999999829,20.722960000000057,0.8951000096475933,0.47234428876965256,1.3676740611408276,0.4725740514931949,0.8953297723711553
Italy,IT,2026-01,2026-01-01,italy__standard_employee_roma_lazio,"Italie · salarie standard (Rome, Latium)","Italy · standard employee (Rome, Lazio)",2.66,6156.734122,1465.918394,565.803866,14.714008,99.123419,123.134682,36.940405,18.470202,28.320977,12.313468,41.865792,30.783671,425.270709,20877.969597,0.0,0.0,0.0,2220.87532,600.236573,598.988076,1838.400809,0.09728990471166989,0.29860000000000003,5557.746046,1974.923457,3582.822588,8420.40564,2862.659594,4837.583051,1.5150756385827633,2.350215627978531,23.14561700000013,20.717642000000524,10.932698999999957,31.65566100000069,10.938019000000168,20.722960999999486,0.8951000096476326,0.4723442455649333,1.3676741043455662,0.4725740946979338,0.8953298155758549
Italy,IT,2026-01,2026-01-01,italy__standard_employee_roma_lazio,"Italie · salarie standard (Rome, Latium)","Italy · standard employee (Rome, Lazio)",2.67,6179.879739,1471.429366,567.930948,14.945464,99.496064,123.597595,37.079278,18.539639,28.427447,12.359759,42.023182,30.899399,426.869471,20984.872629,0.0,0.0,0.0,2229.15409,602.474078,601.416051,1845.31209,0.09731840694121421,0.29860000000000003,5578.463688,1984.7084,3593.755288,8452.0613,2873.597612,4858.306012,1.5151234771938087,2.3518744662818127,23.14561700000013,20.717641999999614,10.93269999999984,31.655659999998534,10.938017999999829,20.722961000000396,0.8951000096475933,0.47234428876965256,1.367674061140749,0.4725740514931949,0.8953298155758941
Italy,IT,2026-01,2026-01-01,italy__standard_employee_roma_lazio,"Italie · salarie standard (Rome, Latium)","Italy · standard employee (Rome, Lazio)",2.68,6203.025356,1476.940337,570.05803,15.17692,99.868708,124.060507,37.218152,18.609076,28.533917,12.406051,42.180572,31.015127,428.468233,21091.77566,0.0,0.0,0.0,2237.432859,604.711584,603.844027,1852.223371,0.09734669646755295,0.2986,5599.181329,1994.493342,3604.687988,8483.71696,2884.535631,4879.028973,1.5151709617876685,2.3535232423656396,23.14561700000013,20.717641000000185,10.932700000000295,31.655660000000353,10.938019000000168,20.722961000000396,0.8950999664428937,0.4723442887696722,1.3676740611408276,0.4725740946979338,0.8953298155758941
Italy,IT,2026-01,2026-01-01,italy__standard_employee_roma_lazio,"Italie · salarie standard (Rome, Latium)","Italy · standard employee (Rome, Lazio)",2.69,6226.170973,1482.451309,572.185112,15.408376,100.241353,124.523419,37.357026,18.678513,28.640386,12.452342,42.337963,31.130855,430.066995,21198.678692,0.0,0.0,0.0,2245.711629,606.949089,606.272002,1859.134653,0.09737477566284086,0.2986,5619.898971,2004.278284,3615.620687,8515.372621,2895.473649,4899.751933,1.5152180962795745,2.3551620475066413,23.14561700000013,20.717641999999614,10.932698999999957,31.65566100000069,10.938017999999829,20.722959999999148,0.8951000096475933,0.4723442455649333,1.3676741043455662,0.4725740514931949,0.895329772371116
Italy,IT,2026-01,2026-01-01,italy__standard_employee_roma_lazio,"Italie · salarie standard (Rome, Latium)","Italy · standard employee (Rome, Lazio)",2.7,6249.31659,1487.96228,574.312195,15.639833,100.613997,124.986332,37.4959,18.74795,28.746856,12.498633,42.495353,31.246583,431.665757,21305.581723,0.0,0.0,0.0,2253.990399,609.186594,608.699977,1866.045934,0.0974026468640896,0.29860000000000003,5640.616613,2014.063226,3626.553387,8547.028281,2906.411668,4920.474894,1.5152648845272358,2.3567909718807867,23.14561700000013,20.717642000000524,10.93269999999984,31.655660000000353,10.938019000000168,20.722961000000396,0.8951000096476326,0.47234428876965256,1.3676740611408276,0.4725740946979338,0.8953298155758941
Italy,IT,2026-01,2026-01-01,italy__standard_employee_roma_lazio,"Italie · salarie standard (Rome, Latium)","Italy · standard employee (Rome, Lazio)",2.71,6272.462207,1493.473251,576.439277,15.871289,100.986642,125.449244,37.634773,18.817387,28.853326,12.544924,42.652743,31.362311,433.264519,21412.484755,0.0,0.0,0.0,2262.269168,611.4241,611.127952,1872.957215,0.0974303123738162,0.2986,5661.334255,2023.848169,3637.486086,8578.683941,2917.349686,4941.197855,1.5153113303318935,2.3584101045799257,23.14561699999922,20.717641999999614,10.932698999999957,31.655659999998534,10.938017999999829,20.722961000000396,0.8951000096476285,0.4723442455649519,1.3676740611408027,0.4725740514932135,0.8953298155759293
Italy,IT,2026-01,2026-01-01,italy__standard_employee_roma_lazio,"Italie · salarie standard (Rome, Latium)","Italy · standard employee (Rome, Lazio)",2.72,6295.607824,1498.984223,578.566359,16.102745,101.359286,125.912156,37.773647,18.886823,28.959796,12.591216,42.810133,31.478039,434.863281,21519.387786,0.0,0.0,0.0,2270.547938,613.661605,613.555927,1879.868496,0.09745777446067719,0.29860000000000003,5682.051897,2033.633111,3648.418786,8610.339601,2928.287705,4961.920816,1.5153574374393477,2.360019533628034,23.14561700000013,20.717642000000524,10.932700000000295,31.655660000000353,10.938019000000168,20.722960999999486,0.8951000096476326,0.4723442887696722,1.3676740611408276,0.4725740946979338,0.8953298155758549
Italy,IT,2026-01,2026-01-01,italy__standard_employee_roma_lazio,"Italie · salarie standard (Rome, Latium)","Italy · standard employee (Rome, Lazio)",2.73,6318.753441,1504.495194,580.693441,16.334201,101.73193,126.375069,37.912521,18.95626,29.066266,12.637507,42.967523,31.593767,436.462043,21626.290818,0.0,0.0,0.0,2278.826708,615.89911,615.983903,1886.779777,0.09748503536008861,0.29860000000000003,5702.769538,2043.418053,3659.351485,8641.995262,2939.225723,4982.643776,1.515403209540967,2.361619345997162,23.14561700000013,20.717640999999276,10.932698999999957,31.65566100000069,10.938017999999829,20.722960000000057,0.8950999664428544,0.4723442455649333,1.3676741043455662,0.4725740514931949,0.8953297723711553
Italy,IT,2026-01,2026-01-01,italy__standard_employee_roma_lazio,"Italie · salarie standard (Rome, Latium)","Italy · standard employee (Rome, Lazio)",2.74,6341.899058,1510.006166,582.820523,16.565657,102.104575,126.837981,38.051394,19.025697,29.172736,12.683798,43.124914,31.709495,438.060805,21733.19385,0.0,0.0,0.0,2287.105477,618.136615,618.411878,1893.691059,0.09751209727483283,0.29860000000000003,5723.48718,2053.202995,3670.284185,8673.650922,2950.163742,5003.366737,1.5154486502746722,2.363209627623105,23.14561700000013,20.717642000000524,10.93269999999984,31.655660000000353,10.938019000000168,20.722961000000396,0.8951000096476326,0.47234428876965256,1.3676740611408276,0.4725740946979338,0.8953298155758941
Italy,IT,2026-01,2026-01-01,italy__standard_employee_roma_lazio,"Italie · salarie standard (Rome, Latium)","Italy · standard employee (Rome, Lazio)",2.75,6365.044675,1515.517137,584.947606,16.797113,102.477219,127.300894,38.190268,19.095134,29.279206,12.730089,43.282304,31.825223,439.659567,21840.096881,0.0,0.0,0.0,2295.384247,620.374121,620.839853,1900.60234,0.09753896237565161,0.29860000000000003,5744.204822,2062.987937,3681.216885,8705.306582,2961.10176,5024.089698,1.5154937632258998,2.364790463420786,23.14561700000013,20.717641999999614,10.93269999999984,31.655659999998534,10.938017999999829,20.722960999999486,0.8951000096475933,0.47234428876965256,1.367674061140749,0.4725740514931949,0.8953298155758549
Italy,IT,2026-01,2026-01-01,italy__standard_employee_roma_lazio,"Italie · salarie standard (Rome, Latium)","Italy · standard employee (Rome, Lazio)",2.76,6388.190292,1521.028109,587.074688,17.02857,102.849864,127.763806,38.329142,19.164571,29.385675,12.776381,43.439694,31.940951,441.258329,21946.999913,0.0,0.0,0.0,2303.663016,622.611626,623.267828,1907.513621,0.09756563280182678,0.29860000000000003,5764.922464,2072.77288,3692.149584,8736.962243,2972.039779,5044.812659,1.515538551928547,2.3663619372993767,23.14561700000013,20.717642000000524,10.932698999999957,31.65566100000069,10.938019000000168,20.722961000000396,0.8951000096476326,0.4723442455649333,1.3676741043455662,0.4725740946979338,0.8953298155758941
Italy,IT,2026-01,2026-01-01,italy__standard_employee_roma_lazio,"Italie · salarie standard (Rome, Latium)","Italy · standard employee (Rome, Lazio)",2.77,6411.335909,1526.53908,589.20177,17.260026,103.222508,128.226718,38.468015,19.234008,29.492145,12.822672,43.597084,32.05668,442.857091,22053.902944,0.0,0.0,0.0,2311.941786,624.849131,625.695804,1914.424902,0.09759211066174799,0.2986000000000001,5785.640105,2082.557822,3703.082284,8768.617903,2982.977797,5065.535619,1.5155830198658924,2.3679241321771385,23.14561700000013,20.717641000000185,10.932700000000295,31.655660000000353,10.938017999999829,20.722960000000057,0.8950999664428937,0.4723442887696722,1.3676740611408276,0.4725740514931949,0.8953297723711553
Italy,IT,2026-01,2026-01-01,italy__standard_employee_roma_lazio,"Italie · salarie standard (Rome, Latium)","Italy · standard employee (Rome, Lazio)",2.78,6434.481526,1532.050051,591.328852,17.491482,103.595153,128.689631,38.606889,19.303445,29.598615,12.868963,43.754474,32.172408,444.455854,22160.805976,0.0,0.0,0.0,2320.220556,627.086637,628.123779,1921.336184,0.09761839803346832,0.29860000000000003,5806.357747,2092.342764,3714.014983,8800.273563,2993.915816,5086.25858,1.5156271704715005,2.3694771299960093,23.14561699999922,20.717641999999614,10.932698999999957,31.655660000000353,10.938019000000168,20.722960999999486,0.8951000096476285,0.4723442455649519,1.3676740611408813,0.47257409469795236,0.89532981557589
Italy,IT,2026-01,2026-01-01,italy__standard_employee_roma_lazio,"Italie · salarie standard (Rome, Latium)","Italy · standard employee (Rome, Lazio)",2.79,6457.627143,1537.561023,593.455934,17.722938,103.967797,129.152543,38.745763,19.372881,29.705085,12.915254,43.911865,32.288136,446.054616,22267.709007,0.0,0.0,0.0,2328.499325,629.324142,630.551754,1928.247465,0.097644496965248,0.2985999999999999,5827.075389,2102.127706,3724.947683,8831.929224,3004.853834,5106.981541,1.5156710071301038,2.3710210117359307,23.14561700000013,20.717641999999614,10.93269999999984,31.655660999998872,10.938017999999829,20.722961000000396,0.8951000096475933,0.47234428876965256,1.3676741043454879,0.4725740514931949,0.8953298155758941
Italy,IT,2026-01,2026-01-01,italy__standard_employee_roma_lazio,"Italie · salarie standard (Rome, Latium)","Italy · standard employee (Rome, Lazio)",2.8,6480.77276,1543.071994,595.583017,17.954394,104.340441,129.615455,38.884637,19.442318,29.811555,12.961546,44.069255,32.403864,447.653378,22374.612039,0.0,0.0,0.0,2336.778095,631.561647,632.979729,1935.158746,0.09767040947608642,0.29860000000000003,5847.793031,2111.912648,3735.880382,8863.584884,3015.791853,5127.704501,1.5157145331784705,2.372555857428924,23.14561700000013,20.717642000000524,10.932698999999957,31.655660000000353,10.938019000000168,20.722960000000057,0.8951000096476326,0.4723442455649333,1.3676740611408276,0.4725740946979338,0.8953297723711553
Italy,IT,2026-01,2026-01-01,italy__standard_employee_roma_lazio,"Italie · salarie standard (Rome, Latium)","Italy · standard employee (Rome, Lazio)",2.81,6503.918377,1548.582966,597.710099,18.18585,104.713086,130.078368,39.02351,19.511755,29.918025,13.007837,44.226645,32.519592,449.25214,22481.515071,0.0,0.0,0.0,2345.056865,633.799153,635.407704,1942.070027,0.09769613755624267,0.29860000000000003,5868.510673,2121.697591,3746.813082,8895.240544,3026.729872,5148.427462,1.515757751906248,2.374081746172917,23.14561700000013,20.717641999999614,10.932700000000295,31.655660000000353,10.938018999999713,20.722960999999486,0.8951000096475933,0.4723442887696722,1.3676740611408276,0.47257409469791417,0.8953298155758549
Italy,IT,2026-01,2026-01-01,italy__standard_employee_roma_lazio,"Italie · salarie standard (Rome, Latium)","Italy · standard employee (Rome, Lazio)",2.82,6527.063994,1554.093937,599.837181,18.417307,105.08573,130.54128,39.162384,19.581192,30.024494,13.054128,44.384035,32.63532,450.850902,22588.418102,0.0,0.0,0.0,2353.335634,636.036658,637.83568,1948.981309,0.09772168316774538,0.29860000000000003,5889.228314,2131.482533,3757.745781,8926.896204,3037.66789,5169.150423,1.5158006665567942,2.37559875614534,23.14561700000013,20.717641000000185,10.932698999999957,31.655660000000353,10.938018000000284,20.722961000000396,0.8950999664428937,0.4723442455649333,1.3676740611408276,0.4725740514932146,0.8953298155758941
Italy,IT,2026-01,2026-01-01,italy__standard_employee_roma_lazio,"Italie · salarie standard (Rome, Latium)","Italy · standard employee (Rome, Lazio)",2.83,6550.209611,1559.604908,601.964263,18.648763,105.458375,131.004192,39.301258,19.650629,30.130964,13.100419,44.541425,32.751048,452.449664,22695.321134,0.0,0.0,0.0,2361.614404,638.274163,640.263655,1955.89259,0.09774704824489114,0.29860000000000003,5909.945956,2141.267475,3768.678481,8958.551865,3048.605909,5189.873384,1.515843280327988,2.377106964616468,23.14561700000013,20.717641999999614,10.93269999999984,31.655660999998872,10.938018999999713,20.722961000000396,0.8951000096475933,0.47234428876965256,1.3676741043454879,0.47257409469791417,0.8953298155758941
Italy,IT,2026-01,2026-01-01,italy__standard_employee_roma_lazio,"Italie · salarie standard (Rome, Latium)","Italy · standard employee (Rome, Lazio)",2.84,6573.355228,1565.11588,604.091345,18.880219,105.831019,131.467105,39.440131,19.720066,30.237434,13.14671,44.698816,32.866776,454.048426,22802.224165,0.0,0.0,0.0,2369.893174,640.511669,642.69163,1962.803871,0.09777223469473308,0.29860000000000003,5930.663598,2151.052417,3779.611181,8990.207525,3059.543927,5210.596344,1.5158855963730224,2.378606447962544,23.14561700000013,20.717642000000524,10.932700000000295,31.655660000000353,10.938018000000284,20.722959999999148,0.8951000096476326,0.4723442887696722,1.3676740611408276,0.4725740514932146,0.895329772371116
Italy,IT,2026-01,2026-01-01,italy__standard_employee_roma_lazio,"Italie · salarie standard (Rome, Latium)","Italy · standard employee (Rome, Lazio)",2.85,6596.500845,1570.626851,606.218428,19.111675,106.203664,131.930017,39.579005,19.789503,30.343904,13.193002,44.856206,32.982504,455.647188,22909.127197,0.0,0.0,0.0,2378.171943,642.749174,645.119605,1969.715152,0.09779724439755857,0.29860000000000003,5951.38124,2160.83736,3790.54388,9021.863185,3070.481946,5231.319305,1.5159276178011856,2.3800972816786765,23.14561699999922,20.717641999999614,10.932698999999957,31.655660000000353,10.938018999999713,20.722961000000396,0.8951000096476285,0.4723442455649519,1.3676740611408813,0.4725740946979327,0.8953298155759293
Italy,IT,2026-01,2026-01-01,italy__standard_employee_roma_lazio,"Italie · salarie standard (Rome, Latium)","Italy · standard employee (Rome, Lazio)",2.86,6619.646462,1576.137823,608.34551,19.343131,106.576308,132.392929,39.717879,19.858939,30.450374,13.239293,45.013596,33.098232,457.24595,23016.030228,0.0,0.0,0.0,2386.450713,644.986679,647.547581,1976.626434,0.09782207920735732,0.29860000000000003,5972.098881,2170.622302,3801.47658,9053.518846,3081.419964,5252.042266,1.5159693476786176,2.3815795403915017,23.14561700000013,20.717641000000185,10.93269999999984,31.65566100000069,10.938018000000284,20.722961000000396,0.8950999664428937,0.47234428876965256,1.3676741043455662,0.4725740514932146,0.8953298155758941
Italy,IT,2026-01,2026-01-01,italy__standard_employee_roma_lazio,"Italie · salarie standard (Rome, Latium)","Italy · standard employee (Rome, Lazio)",2.87,6642.792079,1581.648794,610.472592,19.574587,106.948952,132.855842,39.856752,19.928376,30.556844,13.285584,45.170986,33.21396,458.844712,23122.93326,0.0,0.0,0.0,2394.729483,647.224185,649.975556,1983.537715,0.09784674095227944,0.29860000000000014,5992.816523,2180.407244,3812.409279,9085.174506,3092.357983,5272.765227,1.5160107890290615,2.3830532978716428,23.14561700000013,20.717642000000524,10.932698999999957,31.655659999998534,10.938018999999713,20.722960999999486,0.8951000096476326,0.4723442455649333,1.367674061140749,0.47257409469791417,0.8953298155758549
Italy,IT,2026-01,2026-01-01,italy__standard_employee_roma_lazio,"Italie · salarie standard (Rome, Latium)","Italy · standard employee (Rome, Lazio)",2.88,6665.937696,1587.159765,612.599674,19.806044,107.321597,133.318754,39.995626,19.997813,30.663313,13.331875,45.328376,33.329688,460.443474,23229.836292,0.0,0.0,0.0,2403.008252,649.46169,652.403531,1990.448996,0.09787123143508401,0.2985999999999999,6013.534165,2190.192186,3823.341979,9116.830166,3103.296001,5293.488187,1.5160519448345895,2.384518627045945,23.14561700000013,20.717641999999614,10.93269999999984,31.655660000000353,10.938018000000284,20.722960000000057,0.8951000096475933,0.47234428876965256,1.3676740611408276,0.4725740514932146,0.8953297723711553
Italy,IT,2026-01,2026-01-01,italy__standard_employee_roma_lazio,"Italie · salarie standard (Rome, Latium)","Italy · standard employee (Rome, Lazio)",2.89,6689.083313,1592.670737,614.726756,20.0375,107.694241,133.781666,40.1345,20.06725,30.769783,13.378167,45.485767,33.445417,462.042236,23336.739323,0.0,0.0,0.0,2411.287022,651.699195,654.831506,1997.360277,0.09789555243357852,0.2986,6034.251807,2199.977128,3834.274678,9148.485827,3114.23402,5314.211148,1.5160928180363205,2.3859756000095045,23.14561700000013,20.717641999999614,10.932699000000412,31.65566100000069,10.938018999999713,20.722961000000396,0.8951000096475933,0.47234424556495297,1.3676741043455662,0.47257409469791417,0.8953298155758941
Italy,IT,2026-01,2026-01-01,italy__standard_employee_roma_lazio,"Italie · salarie standard (Rome, Latium)","Italy · standard employee (Rome, Lazio)",2.9,6712.22893,1598.181708,616.853839,20.268956,108.066886,134.244579,40.273374,20.136687,30.876253,13.424458,45.643157,33.561145,463.640998,23443.642355,0.0,0.0,0.0,2419.565792,653.9367,657.259481,2004.271558,0.09791970570104894,0.2986,6054.969449,2209.762071,3845.207378,9180.141487,3125.172038,5334.934109,1.5161334115351204,2.387424288037497,23.14561700000013,20.717642000000524,10.93269999999984,31.655660000000353,10.938018000000284,20.722960999999486,0.8951000096476326,0.47234428876965256,1.3676740611408276,0.4725740514932146,0.8953298155758549
Italy,IT,2026-01,2026-01-01,italy__standard_employee_roma_lazio,"Italie · salarie standard (Rome, Latium)","Italy · standard employee (Rome, Lazio)",2.91,6735.374547,1603.69268,618.980921,20.500412,108.43953,134.707491,40.412247,20.206124,30.982723,13.470749,45.800547,33.676873,465.23976,23550.545386,0.0,0.0,0.0,2427.844561,656.174206,659.687457,2011.18284,0.09794369296668108,0.29860000000000003,6075.68709,2219.547013,3856.140078,9211.797147,3136.110057,5355.65707,1.5161737281922878,2.3888647615967957,23.14561700000013,20.717641000000185,10.93269999999984,31.655659999998534,10.938018999999713,20.722961000000396,0.8950999664428937,0.47234428876965256,1.367674061140749,0.47257409469791417,0.8953298155758941
Italy,IT,2026-01,2026-01-01,italy__standard_employee_roma_lazio,"Italie · salarie standard (Rome, Latium)","Italy · standard employee (Rome, Lazio)",2.92,6758.520164,1609.203651,621.108003,20.731868,108.812175,135.170403,40.551121,20.27556,31.089193,13.51704,45.957937,33.792601,466.838522,23657.448418,0.0,0.0,0.0,2436.123331,658.411711,662.115432,2018.094121,0.09796751593597326,0.29860000000000003,6096.404732,2229.331955,3867.072777,9243.452807,3147.048075,5376.38003,1.5162137708302263,2.390297090357397,23.14561699999922,20.717641999999614,10.932698999999957,31.655660000000353,10.938018000000284,20.722960000000057,0.8951000096476285,0.4723442455649519,1.3676740611408813,0.47257405149323317,0.8953297723711905
Italy,IT,2026-01,2026-01-01,italy__standard_employee_roma_lazio,"Italie · salarie standard (Rome, Latium)","Italy · standard employee (Rome, Lazio)",2.93,6781.665781,1614.714622,623.235085,20.963324,109.184819,135.633316,40.689995,20.344997,31.195663,13.563332,46.115327,33.908329,468.437285,23764.351449,0.0,0.0,0.0,2444.402101,660.649216,664.543407,2025.005402,0.0979911762911406,0.2986000000000001,6117.122374,2239.116897,3878.005477,9275.108468,3157.986094,5397.102991,1.516253542233105,2.391721343203661,23.14561700000013,20.717641999999614,10.932700000000295,31.65566100000069,10.938018999999713,20.722960999999486,0.8951000096475933,0.4723442887696722,1.3676741043455662,0.47257409469791417,0.8953298155758549
Italy,IT,2026-01,2026-01-01,italy__standard_employee_roma_lazio,"Italie · salarie standard (Rome, Latium)","Italy · standard employee (Rome, Lazio)",2.94,6804.811398,1620.225594,625.362167,21.194781,109.557464,136.096228,40.828868,20.414434,31.302132,13.609623,46.272718,34.024057,470.036047,23871.254481,0.0,0.0,0.0,2452.68087,662.886722,666.971382,2031.916683,0.09801467569151086,0.29860000000000003,6137.840016,2248.901839,3888.938176,9306.764128,3168.924112,5417.825952,1.5162930451474999,2.393137588245341,23.14561700000013,20.717642000000524,10.932698999999957,31.655660000000353,10.938018000000284,20.722961000000396,0.8951000096476326,0.4723442455649333,1.3676740611408276,0.4725740514932146,0.8953298155758941
Italy,IT,2026-01,2026-01-01,italy__standard_employee_roma_lazio,"Italie · salarie standard (Rome, Latium)","Italy · standard employee (Rome, Lazio)",2.95,6827.957015,1625.736565,627.48925,21.426237,109.930108,136.55914,40.967742,20.483871,31.408602,13.655914,46.430108,34.139785,471.634809,23978.157512,0.0,0.0,0.0,2460.95964,665.124227,669.399358,2038.827965,0.09803801577391252,0.29860000000000003,6158.557657,2258.686782,3899.870876,9338.419788,3179.862131,5438.548912,1.5163322822830305,2.394545892828455,23.14561700000013,20.717641000000185,10.93269999999984,31.655659999998534,10.938018999999713,20.722960000000057,0.8950999664428937,0.47234428876965256,1.367674061140749,0.47257409469791417,0.8953297723711553
Italy,IT,2026-01,2026-01-01,italy__standard_employee_roma_lazio,"Italie · salarie standard (Rome, Latium)","Italy · standard employee (Rome, Lazio)",2.96,6851.102632,1631.247537,629.616332,21.657693,110.302752,137.022053,41.106616,20.553308,31.515072,13.702205,46.587498,34.255513,473.233571,24085.060544,0.0,0.0,0.0,2469.23841,667.361732,671.827333,2045.739246,0.09806119815305471,0.2986,6179.275299,2268.471724,3910.803575,9370.075449,3190.800149,5459.271873,1.5163712563129774,2.395946323545952,23.14561700000013,20.717641999999614,10.932698999999957,31.65566100000069,10.938018000000284,20.722960999999486,0.8951000096475933,0.4723442455649333,1.3676741043455662,0.4725740514932146,0.8953298155758549
Italy,IT,2026-01,2026-01-01,italy__standard_employee_roma_lazio,"Italie · salarie standard (Rome, Latium)","Italy · standard employee (Rome, Lazio)",2.97,6874.248249,1636.758508,631.743414,21.889149,110.675397,137.484965,41.245489,20.622745,31.621542,13.748496,46.744888,34.371241,474.832333,24191.963576,0.0,0.0,0.0,2477.517179,669.599238,674.255308,2052.650527,0.09808422442189964,0.29860000000000003,6199.992941,2278.256666,3921.736275,9401.731109,3201.738168,5479.994834,1.5164099698748887,2.397338946248212,23.14561700000013,20.717642000000524,10.932700000000295,31.655660000000353,10.938018999999713,20.722961000000396,0.8951000096476326,0.4723442887696722,1.3676740611408276,0.47257409469791417,0.8953298155758941
Italy,IT,2026-01,2026-01-01,italy__standard_employee_roma_lazio,"Italie · salarie standard (Rome, Latium)","Italy · standard employee (Rome, Lazio)",2.98,6897.393866,1642.269479,633.870496,22.120605,111.048041,137.947877,41.384363,20.692182,31.728012,13.794788,46.902278,34.486969,476.431095,24298.866607,0.0,0.0,0.0,2485.795949,671.836743,676.683283,2059.561808,0.0981070961520275,0.29860000000000003,6220.710583,2288.041608,3932.668975,9433.386769,3212.676186,5500.717795,1.516448425571176,2.3987238260533643,23.14561700000013,20.717641999999614,10.93269999999984,31.655660000000353,10.938018000000284,20.722960999999486,0.8951000096475933,0.47234428876965256,1.3676740611408276,0.4725740514932146,0.8953298155758549
Italy,IT,2026-01,2026-01-01,italy__standard_employee_roma_lazio,"Italie · salarie standard (Rome, Latium)","Italy · standard employee (Rome, Lazio)",2.99,6920.539483,1647.780451,635.997578,22.352061,111.420686,138.41079,41.523237,20.761618,31.834482,13.841079,47.059668,34.602697,478.029857,24405.769639,0.0,0.0,0.0,2494.074719,674.074248,679.111258,2066.47309,0.09812981489399397,0.2986,6241.428225,2297.82655,3943.601674,9465.04243,3223.614205,5521.440755,1.516486625969698,2.400101027357444,23.14561699999922,20.717641999999614,10.932698999999957,31.655660999998872,10.938018999999713,20.722960000000057,0.8951000096476285,0.4723442455649519,1.3676741043455416,0.4725740946979327,0.8953297723711905
Italy,IT,2026-01,2026-01-01,italy__standard_employee_roma_lazio,"Italie · salarie standard (Rome, Latium)","Italy · standard employee (Rome, Lazio)",3.0,6943.6851,1653.291422,638.124661,22.583518,111.79333,138.873702,41.662111,20.831055,31.940951,13.88737,47.217059,34.718426,479.628619,24512.67267,0.0,0.0,0.0,2502.353488,676.311754,681.539234,2073.384371,0.09815238217768063,0.29859999999999987,6262.145866,2307.611493,3954.534374,9496.69809,3234.552223,5542.163716,1.5165245736043305,2.401470613844366,23.14561700000013,20.717641000000185,10.93269999999984,31.655660000000353,10.938018000000284,20.722961000000396,0.8950999664428937,0.47234428876965256,1.3676740611408276,0.4725740514932146,0.8953298155758941
Italy,IT,2026-01,2026-01-01,italy__standard_employee_roma_lazio,"Italie · salarie standard (Rome, Latium)","Italy · standard employee (Rome, Lazio)",3.01,6966.830717,1658.802394,640.251743,22.814974,112.165975,139.336614,41.800984,20.900492,32.047421,13.933661,47.374449,34.834154,481.227381,24619.575702,0.0,0.0,0.0,2510.632258,678.549259,683.967209,2080.295652,0.09817479951263852,0.2986,6282.863508,2317.396435,3965.467073,9528.35375,3245.490242,5562.886677,1.5165622709755284,2.4028326484957465,23.14561700000013,20.717642000000524,10.932698999999957,31.655660000000353,10.938018999999713,20.722961000000396,0.8951000096476326,0.4723442455649333,1.3676740611408276,0.47257409469791417,0.8953298155758941
Italy,IT,2026-01,2026-01-01,italy__standard_employee_roma_lazio,"Italie · salarie standard (Rome, Latium)","Italy · standard employee (Rome, Lazio)",3.02,6989.976334,1664.313365,642.378825,23.04643,112.538619,139.799527,41.939858,20.969929,32.153891,13.979953,47.531839,34.949882,482.826143,24726.478733,0.0,0.0,0.0,2518.911027,680.786764,686.395184,2087.206933,0.09819706838842449,0.2986,6303.58115,2327.181377,3976.399773,9560.00941,3256.428261,5583.609638,1.5165997205508737,2.404187193600557,23.14561700000013,20.717641999999614,10.932700000000295,31.655660000000353,10.938019000000168,20.722960999999486,0.8951000096475933,0.4723442887696722,1.3676740611408276,0.4725740946979338,0.8953298155758549
Italy,IT,2026-01,2026-01-01,italy__standard_employee_roma_lazio,"Italie · salarie standard (Rome, Latium)","Italy · standard employee (Rome, Lazio)",3.03,7013.121951,1669.824337,644.505907,23.277886,112.911263,140.262439,42.078732,21.039366,32.260361,14.026244,47.689229,35.06561,484.424905,24833.381765,0.0,0.0,0.0,2527.189797,683.02427,688.823159,2094.118215,0.09821919027493134,0.2986,6324.298792,2336.966319,3987.332472,9591.665071,3267.366279,5604.332598,1.5166369247656146,2.405534310764616,23.14561700000013,20.717641999999614,10.932698999999957,31.655660999998872,10.938017999999829,20.722960000000057,0.8951000096475933,0.4723442455649333,1.3676741043454879,0.4725740514931949,0.8953297723711553
Italy,IT,2026-01,2026-01-01,italy__standard_employee_roma_lazio,"Italie · salarie standard (Rome, Latium)","Italy · standard employee (Rome, Lazio)",3.04,7036.267568,1675.335308,646.632989,23.509342,113.283908,140.725351,42.217605,21.108803,32.366831,14.072535,47.846619,35.181338,486.023667,24940.284797,0.0,0.0,0.0,2535.468567,685.261775,691.251135,2101.029496,0.09824116662271114,0.2985999999999999,6345.016433,2346.751262,3998.265172,9623.320731,3278.304298,5625.055559,1.5166738860231936,2.406874060919935,23.14561700000013,20.717641000000185,10.93269999999984,31.655660000000353,10.938019000000168,20.722961000000396,0.8950999664428937,0.47234428876965256,1.3676740611408276,0.4725740946979338,0.8953298155758941
Italy,IT,2026-01,2026-01-01,italy__standard_employee_roma_lazio,"Italie · salarie standard (Rome, Latium)","Italy · standard employee (Rome, Lazio)",3.05,7059.413185,1680.846279,648.760072,23.740799,113.656552,141.188264,42.356479,21.17824,32.473301,14.118826,48.00401,35.297066,487.622429,25047.187828,0.0,0.0,0.0,2543.747336,687.49928,693.67911,2107.940777,0.09826299886329243,0.29860000000000003,6365.734075,2356.536204,4009.197871,9654.976391,3289.242316,5645.77852,1.5167106066957636,2.4082065043339003,23.14561700000013,20.717642000000524,10.932698999999957,31.655660000000353,10.938017999999829,20.722960999999486,0.8951000096476326,0.4723442455649333,1.3676740611408276,0.4725740514931949,0.8953298155758549
Italy,IT,2026-01,2026-01-01,italy__standard_employee_roma_lazio,"Italie · salarie standard (Rome, Latium)","Italy · standard employee (Rome, Lazio)",3.06,7082.558802,1686.357251,650.887154,23.972255,114.029197,141.651176,42.495353,21.247676,32.57977,14.165118,48.1614,35.412794,489.221191,25154.09086,0.0,0.0,0.0,2552.026106,689.736785,696.107085,2114.852058,0.09828468840949083,0.29860000000000003,6386.451717,2366.321146,4020.130571,9686.632052,3300.180335,5666.501481,1.516747089124697,2.409531700618313,23.14561699999922,20.717641999999614,10.932700000000295,31.65566100000069,10.938019000000168,20.722961000000396,0.8951000096476285,0.47234428876969076,1.3676741043456202,0.47257409469795236,0.8953298155759293
Italy,IT,2026-01,2026-01-01,italy__standard_employee_roma_lazio,"Italie · salarie standard (Rome, Latium)","Italy · standard employee (Rome, Lazio)",3.07,7105.704419,1691.868222,653.014236,24.203711,114.401841,142.114088,42.634227,21.317113,32.68624,14.211409,48.31879,35.528522,490.819953,25260.993891,0.0,0.0,0.0,2560.304876,691.974291,698.53506,2121.76334,0.09830623665571399,0.29860000000000003,6407.169359,2376.106088,4031.063271,9718.287712,3311.118353,5687.224441,1.5167833356210836,2.410849708738279,23.14561700000013,20.717642000000524,10.93269999999984,31.655659999998534,10.938017999999829,20.722960000000057,0.8951000096476326,0.47234428876965256,1.367674061140749,0.4725740514931949,0.8953297723711553
Italy,IT,2026-01,2026-01-01,italy__standard_employee_roma_lazio,"Italie · salarie standard (Rome, Latium)","Italy · standard employee (Rome, Lazio)",3.08,7128.850036,1697.379194,655.141318,24.435167,114.774486,142.577001,42.7731,21.38655,32.79271,14.2577,48.47618,35.64425,492.418715,25367.896923,0.0,0.0,0.0,2568.583645,694.211796,700.963035,2128.674621,0.09832764497826038,0.29859999999999987,6427.887001,2385.89103,4041.99597,9749.943372,3322.056372,5707.947402,1.5168193484662162,2.4121605870209533,23.14561700000013,20.717641999999614,10.932698999999957,31.655660000000353,10.938019000000168,20.722960999999486,0.8951000096475933,0.4723442455649333,1.3676740611408276,0.4725740946979338,0.8953298155758549
Italy,IT,2026-01,2026-01-01,italy__standard_employee_roma_lazio,"Italie · salarie standard (Rome, Latium)","Italy · standard employee (Rome, Lazio)",3.09,7151.995653,1702.890165,657.268401,24.666623,115.14713,143.039913,42.911974,21.455987,32.89918,14.303991,48.63357,35.759978,494.017478,25474.799954,0.0,0.0,0.0,2576.862415,696.449301,703.391011,2135.585902,0.09834891473561229,0.29860000000000003,6448.604642,2395.675973,4052.92867,9781.599032,3332.99439,5728.670363,1.5168551299120727,2.413464393164146,23.14561700000013,20.717641000000185,10.93269999999984,31.655660000000353,10.938017999999829,20.722961000000396,0.8950999664428937,0.47234428876965256,1.3676740611408276,0.4725740514931949,0.8953298155758941
Italy,IT,2026-01,2026-01-01,italy__standard_employee_roma_lazio,"Italie · salarie standard (Rome, Latium)","Italy · standard employee (Rome, Lazio)",3.1,7175.14127,1708.401136,659.395483,24.898079,115.519774,143.502825,43.050848,21.525424,33.00565,14.350283,48.790961,35.875706,495.61624,25581.702986,0.0,0.0,0.0,2585.141185,698.686807,705.818986,2142.497183,0.0983700472687232,0.29860000000000003,6469.322284,2405.460915,4063.861369,9813.254693,3343.932409,5749.393323,1.5168906821817818,2.414761184244785,23.14561700000013,20.717641999999614,10.932699000000412,31.65566100000069,10.938019000000168,20.722960000000057,0.8951000096475933,0.47234424556495297,1.3676741043455662,0.4725740946979338,0.8953297723711553
Italy,IT,2026-01,2026-01-01,italy__standard_employee_roma_lazio,"Italie · salarie standard (Rome, Latium)","Italy · standard employee (Rome, Lazio)",3.11,7198.286887,1713.912108,661.522565,25.129536,115.892419,143.965738,43.189721,21.594861,33.11212,14.396574,48.948351,35.991434,497.215002,25688.606018,0.0,0.0,0.0,2593.419954,700.924312,708.246961,2149.408464,0.09839104390129966,0.2985999999999999,6490.039926,2415.245857,4074.794069,9844.910353,3354.870427,5770.116284,1.5169260074700863,2.41605101672725,23.14561700000013,20.717642000000524,10.93269999999984,31.655659999998534,10.938017999999829,20.722960999999486,0.8951000096476326,0.47234428876965256,1.367674061140749,0.4725740514931949,0.8953298155758549
Italy,IT,2026-01,2026-01-01,italy__standard_employee_roma_lazio,"Italie · salarie standard (Rome, Latium)","Italy · standard employee (Rome, Lazio)",3.12,7221.432504,1719.423079,663.649647,25.360992,116.265063,144.42865,43.328595,21.664298,33.21859,14.442865,49.105741,36.107163,498.813764,25795.509049,0.0,0.0,0.0,2601.698724,703.161817,710.674936,2156.319746,0.09841190594007755,0.2985999999999999,6510.757568,2425.030799,4085.726768,9876.566013,3365.808446,5790.839245,1.5169611079437946,2.4173339464715644,23.14561700000013,20.717641999999614,10.932698999999957,31.655660000000353,10.938019000000168,20.722961000000396,0.8951000096475933,0.4723442455649333,1.3676740611408276,0.4725740946979338,0.8953298155758941
Italy,IT,2026-01,2026-01-01,italy__standard_employee_roma_lazio,"Italie · salarie standard (Rome, Latium)","Italy · standard employee (Rome, Lazio)",3.13,7244.578121,1724.934051,665.776729,25.592448,116.637708,144.891562,43.467469,21.733734,33.325059,14.489156,49.263131,36.222891,500.412526,25902.412081,0.0,0.0,0.0,2609.977494,705.399323,713.102912,2163.231027,0.09843263467509326,0.29860000000000003,6531.475209,2434.815741,4096.659468,9908.221674,3376.746464,5811.562206,1.516995985742221,2.4186100287414583,23.14561699999922,20.717641000000185,10.93269999999984,31.65566100000069,10.938017999999829,20.722960999999486,0.8950999664429289,0.4723442887696711,1.3676741043456202,0.4725740514932135,0.89532981557589
Italy,IT,2026-01,2026-01-01,italy__standard_employee_roma_lazio,"Italie · salarie standard (Rome, Latium)","Italy · standard employee (Rome, Lazio)",3.14,7267.723738,1730.445022,667.903812,25.823904,117.010352,145.354475,43.606342,21.803171,33.431529,14.535447,49.420521,36.338619,502.011288,26009.315112,0.0,0.0,0.0,2618.256263,707.636828,715.530887,2170.142308,0.09845323137994966,0.29860000000000003,6552.192851,2444.600684,4107.592168,9939.877334,3387.684483,5832.285166,1.5170306429776237,2.419879318212306,23.14561700000013,20.717641999999614,10.932700000000295,31.655660000000353,10.938019000000168,20.722960000000057,0.8951000096475933,0.4723442887696722,1.3676740611408276,0.4725740946979338,0.8953297723711553
Italy,IT,2026-01,2026-01-01,italy__standard_employee_roma_lazio,"Italie · salarie standard (Rome, Latium)","Italy · standard employee (Rome, Lazio)",3.15,7290.869355,1735.955993,670.030894,26.05536,117.382997,145.817387,43.745216,21.872608,33.537999,14.581739,49.577912,36.454347,503.61005,26116.218144,0.0,0.0,0.0,2626.535033,709.874333,717.958862,2177.053589,0.0984736973120768,0.2985999999999999,6572.910493,2454.385626,4118.524867,9971.532994,3398.622501,5853.008127,1.5170650817356293,2.421141868978936,23.14561700000013,20.717642000000524,10.932698999999957,31.655659999998534,10.938017999999829,20.722961000000396,0.8951000096476326,0.4723442455649333,1.367674061140749,0.4725740514931949,0.8953298155758941
Italy,IT,2026-01,2026-01-01,italy__standard_employee_roma_lazio,"Italie · salarie standard (Rome, Latium)","Italy · standard employee (Rome, Lazio)",3.16,7314.014972,1741.466965,672.157976,26.286816,117.755641,146.280299,43.88409,21.942045,33.644469,14.62803,49.735302,36.570075,505.208812,26223.121175,0.0,0.0,0.0,2634.813803,712.111839,720.386837,2183.964871,0.09849403371298796,0.29860000000000003,6593.628135,2464.170568,4129.457567,10003.188655,3409.56052,5873.731088,1.5170993040756517,2.4223977345633148,23.14561700000013,20.717641999999614,10.932700000000295,31.65566100000069,10.938019000000168,20.722961000000396,0.8951000096475933,0.4723442887696722,1.3676741043455662,0.4725740946979338,0.8953298155758941
Italy,IT,2026-01,2026-01-01,italy__standard_employee_roma_lazio,"Italie · salarie standard (Rome, Latium)","Italy · standard employee (Rome, Lazio)",3.17,7337.160589,1746.977936,674.285058,26.518273,118.128285,146.743212,44.022964,22.011482,33.750939,14.674321,49.892692,36.685803,506.807574,26330.024207,0.0,0.0,0.0,2643.092572,714.349344,722.814812,2190.876152,0.09851424180853056,0.29860000000000003,6614.345777,2473.95551,4140.390266,10034.844315,3420.498538,5894.454049,1.5171333120313026,2.4236469679221075,23.14561700000013,20.717642000000524,10.932698999999957,31.655660000000353,10.938017999999829,20.722960999999486,0.8951000096476326,0.4723442455649333,1.3676740611408276,0.4725740514931949,0.8953298155758549
Italy,IT,2026-01,2026-01-01,italy__standard_employee_roma_lazio,"Italie · salarie standard (Rome, Latium)","Italy · standard employee (Rome, Lazio)",3.18,7360.306206,1752.488908,676.41214,26.749729,118.50093,147.206124,44.161837,22.080919,33.857409,14.720612,50.050082,36.801531,508.406336,26436.927239,0.0,0.0,0.0,2651.371342,716.586849,725.242788,2197.787433,0.09853432280913267,0.29860000000000003,6635.063418,2483.740452,4151.322966,10066.499975,3431.436557,5915.177009,1.517167107610794,2.4248896214541262,23.14561700000013,20.717640999999276,10.932699999999386,31.655660000000353,10.938019000000168,20.722960000000057,0.8950999664428544,0.4723442887696329,1.3676740611408276,0.4725740946979338,0.8953297723711553
Italy,IT,2026-01,2026-01-01,italy__standard_employee_roma_lazio,"Italie · salarie standard (Rome, Latium)","Italy · standard employee (Rome, Lazio)",3.19,7383.451823,1757.999879,678.539223,26.981185,118.873574,147.669036,44.300711,22.150355,33.963878,14.766904,50.207472,36.917259,510.005098,26543.83027,0.0,0.0,0.0,2659.650112,718.824354,727.670763,2204.698714,0.0985542779100445,0.2985999999999999,6655.78106,2493.525395,4162.255665,10098.155635,3442.374575,5935.89997,1.5172006927973345,2.4261257470076534,23.14561700000013,20.717642000000524,10.932698999999957,31.655659999998534,10.938017999999829,20.722961000000396,0.8951000096476326,0.4723442455649333,1.367674061140749,0.4725740514931949,0.8953298155758941
Italy,IT,2026-01,2026-01-01,italy__standard_employee_roma_lazio,"Italie · salarie standard (Rome, Latium)","Italy · standard employee (Rome, Lazio)",3.2,7406.59744,1763.51085,680.666305,27.212641,119.246219,148.131949,44.439585,22.219792,34.070348,14.813195,50.364863,37.032987,511.60386,26650.733302,0.0,0.0,0.0,2667.928881,721.06186,730.098738,2211.609996,0.0985741082915756,0.29860000000000003,6676.498702,2503.310337,4173.188365,10129.811296,3453.312594,5956.622931,1.5172340695495161,2.427355395887655,23.14561699999922,20.717641999999614,10.932700000000295,31.65566100000069,10.938019000000168,20.722960999999486,0.8951000096476285,0.47234428876969076,1.3676741043456202,0.47257409469795236,0.89532981557589
Italy,IT,2026-01,2026-01-01,italy__standard_employee_roma_lazio,"Italie · salarie standard (Rome, Latium)","Italy · standard employee (Rome, Lazio)",3.21,7429.743057,1769.021822,682.793387,27.444097,119.618863,148.594861,44.578458,22.289229,34.176818,14.859486,50.522253,37.148715,513.202622,26757.636333,0.0,0.0,0.0,2676.207651,723.299365,732.526713,2218.521277,0.0985938151193277,0.29860000000000003,6697.216344,2513.095279,4184.121065,10161.466956,3464.250612,5977.345892,1.517267239801695,2.428578618862876,23.14561700000013,20.717642000000524,10.932700000000295,31.655660000000353,10.938017999999829,20.722961000000396,0.8951000096476326,0.4723442887696722,1.3676740611408276,0.4725740514931949,0.8953298155758941
Italy,IT,2026-01,2026-01-01,italy__standard_employee_roma_lazio,"Italie · salarie standard (Rome, Latium)","Italy · standard employee (Rome, Lazio)",3.22,7452.888674,1774.532793,684.920469,27.675553,119.991508,149.057773,44.717332,22.358666,34.283288,14.905777,50.679643,37.264443,514.801384,26864.539365,0.0,0.0,0.0,2684.486421,725.53687,734.954689,2225.432558,0.09861339954442296,0.2986,6717.933985,2522.880221,4195.053764,10193.122616,3475.188631,5998.068852,1.5173002054643665,2.429795466172828,23.14561700000013,20.717640999999276,10.932698999999957,31.655660000000353,10.938019000000168,20.722960000000057,0.8950999664428544,0.4723442455649333,1.3676740611408276,0.4725740946979338,0.8953297723711553
Italy,IT,2026-01,2026-01-01,italy__standard_employee_roma_lazio,"Italie · salarie standard (Rome, Latium)","Italy · standard employee (Rome, Lazio)",3.23,7476.034291,1780.043765,687.047551,27.90701,120.364152,149.520686,44.856206,22.428103,34.389758,14.952069,50.837033,37.380171,516.400146,26971.442396,0.0,0.0,0.0,2692.76519,727.774376,737.382664,2232.343839,0.09863286270372816,0.29860000000000003,6738.651627,2532.665164,4205.986464,10224.778277,3486.126649,6018.791813,1.5173329684245314,2.4310059875346726,23.14561700000013,20.717642000000524,10.932699999999386,31.655660999998872,10.938017999999829,20.722960999999486,0.8951000096476326,0.4723442887696329,1.3676741043454879,0.4725740514931949,0.8953298155758549
Italy,IT,2026-01,2026-01-01,italy__standard_employee_roma_lazio,"Italie · salarie standard (Rome, Latium)","Italy · standard employee (Rome, Lazio)",3.24,7499.179908,1785.554736,689.174634,28.138466,120.736797,149.983598,44.995079,22.49754,34.496228,14.99836,50.994423,37.4959,517.998908,27078.345428,0.0,0.0,0.0,2701.04396,730.011881,739.810639,2239.255121,0.09865220572007467,0.2986,6759.369269,2542.450106,4216.919163,10256.433937,3497.064668,6039.514774,1.5173655305460536,2.4322102321499846,23.14561700000013,20.717641999999614,10.932698999999957,31.655660000000353,10.938019000000168,20.722961000000396,0.8951000096475933,0.4723442455649333,1.3676740611408276,0.4725740946979338,0.8953298155758941
Italy,IT,2026-01,2026-01-01,italy__standard_employee_roma_lazio,"Italie · salarie standard (Rome, Latium)","Italy · standard employee (Rome, Lazio)",3.25,7522.325525,1791.065708,691.301716,28.369922,121.109441,150.446511,45.133953,22.566977,34.602697,15.044651,51.151814,37.611628,519.597671,27185.24846,0.0,0.0,0.0,2709.32273,732.249386,742.238614,2246.166402,0.09867142970247443,0.29860000000000003,6780.086911,2552.235048,4227.851863,10288.089597,3508.002687,6060.237734,1.517397893670018,2.4334082487114252,23.14561700000013,20.717642000000524,10.932700000000295,31.655660000000353,10.938019000000168,20.722960000000057,0.8951000096476326,0.4723442887696722,1.3676740611408276,0.4725740946979338,0.8953297723711553
Italy,IT,2026-01,2026-01-01,italy__standard_employee_roma_lazio,"Italie · salarie standard (Rome, Latium)","Italy · standard employee (Rome, Lazio)",3.26,7545.471142,1796.576679,693.428798,28.601378,121.482085,150.909423,45.272827,22.636413,34.709167,15.090942,51.309204,37.727356,521.196433,27292.151491,0.0,0.0,0.0,2717.601499,734.486892,744.666589,2253.077683,0.09869053574633187,0.2986,6800.804553,2562.01999,4238.784562,10319.745258,3518.940705,6080.960695,1.5174300596150738,2.4346000854092993,23.14561700000013,20.717641999999614,10.932698999999957,31.65566100000069,10.938017999999829,20.722960999999486,0.8951000096475933,0.4723442455649333,1.3676741043455662,0.4725740514931949,0.8953298155758549
Italy,IT,2026-01,2026-01-01,italy__standard_employee_roma_lazio,"Italie · salarie standard (Rome, Latium)","Italy · standard employee (Rome, Lazio)",3.27,7568.616759,1802.08765,695.55588,28.832834,121.85473,151.372335,45.411701,22.70585,34.815637,15.137234,51.466594,37.843084,522.795195,27399.054523,0.0,0.0,0.0,2725.880269,736.724397,747.094565,2259.988964,0.09870952493365195,0.2985999999999999,6821.522194,2571.804932,4249.717262,10351.400918,3529.878724,6101.683656,1.5174620301777775,2.4357857899380218,23.14561699999922,20.717641000000185,10.932700000000295,31.655659999998534,10.938019000000168,20.722961000000396,0.8950999664429289,0.47234428876969076,1.3676740611408027,0.47257409469795236,0.8953298155759293
Italy,IT,2026-01,2026-01-01,italy__standard_employee_roma_lazio,"Italie · salarie standard (Rome, Latium)","Italy · standard employee (Rome, Lazio)",3.28,7591.762376,1807.598622,697.682962,29.06429,122.227374,151.835248,45.550574,22.775287,34.922107,15.183525,51.623984,37.958812,524.393957,27505.957554,0.0,0.0,0.0,2734.159039,738.961902,749.52254,2266.900245,0.0987283983332445,0.2986,6842.239836,2581.589875,4260.649962,10383.056578,3540.816742,6122.406617,1.5174938071329251,2.436965409502476,23.14561700000013,20.717641999999614,10.932700000000295,31.655660000000353,10.938017999999829,20.722960999999486,0.8951000096475933,0.4723442887696722,1.3676740611408276,0.4725740514931949,0.8953298155758549
Italy,IT,2026-01,2026-01-01,italy__standard_employee_roma_lazio,"Italie · salarie standard (Rome, Latium)","Italy · standard employee (Rome, Lazio)",3.29,7614.907993,1813.109593,699.810045,29.295747,122.600019,152.29816,45.689448,22.844724,35.028577,15.229816,51.781374,38.07454,525.992719,27612.860586,0.0,0.0,0.0,2742.437808,741.199408,751.950515,2273.811527,0.09874715700092458,0.2986,6862.957478,2591.374817,4271.582661,10414.712238,3551.754761,6143.129577,1.517525392233883,2.438138990824282,23.14561700000013,20.717642000000524,10.932698999999957,31.655660000000353,10.938019000000168,20.722960000000057,0.8951000096476326,0.4723442455649333,1.3676740611408276,0.4725740946979338,0.8953297723711553
Italy,IT,2026-01,2026-01-01,italy__standard_employee_roma_lazio,"Italie · salarie standard (Rome, Latium)","Italy · standard employee (Rome, Lazio)",3.3,7638.05361,1818.620565,701.937127,29.527203,122.972663,152.761072,45.828322,22.914161,35.135047,15.276107,51.938765,38.190268,527.591481,27719.763617,0.0,0.0,0.0,2750.716578,743.436913,754.37849,2280.722808,0.09876580197970967,0.29860000000000003,6883.67512,2601.159759,4282.515361,10446.367899,3562.692779,6163.852538,1.5175567872129088,2.4393065801479628,23.14561700000013,20.717641999999614,10.932699999999386,31.65566100000069,10.938017999999829,20.722961000000396,0.8951000096475933,0.4723442887696329,1.3676741043455662,0.4725740514931949,0.8953298155758941
Italy,IT,2026-01,2026-01-01,italy__standard_employee_roma_lazio,"Italie · salarie standard (Rome, Latium)","Italy · standard employee (Rome, Lazio)",3.31,7661.199227,1824.131536,704.064209,29.758659,123.345308,153.223985,45.967195,22.983598,35.241516,15.322398,52.096155,38.305996,529.190243,27826.666649,0.0,0.0,0.0,2758.995347,745.674418,756.806466,2287.634089,0.09878433430001267,0.29860000000000003,6904.392761,2610.944701,4293.44806,10478.023559,3573.630798,6184.575499,1.5175879937814682,2.4404682232470183,23.14561700000013,20.717641000000185,10.932698999999957,31.655659999998534,10.938019000000168,20.722960999999486,0.8950999664428937,0.4723442455649333,1.367674061140749,0.4725740946979338,0.8953298155758549
Italy,IT,2026-01,2026-01-01,italy__standard_employee_roma_lazio,"Italie · salarie standard (Rome, Latium)","Italy · standard employee (Rome, Lazio)",3.32,7684.344844,1829.642507,706.191291,29.990115,123.717952,153.686897,46.106069,23.053035,35.347986,15.36869,52.253545,38.421724,530.789005,27933.569681,0.0,0.0,0.0,2767.274117,747.911924,759.234441,2294.54537,0.09880275497983192,0.2986,6925.110403,2620.729643,4304.38076,10509.679219,3584.568816,6205.29846,1.517619013630547,2.4416239654299075,23.14561700000013,20.717641999999614,10.932700000000295,31.655660000000353,10.938017999999829,20.722961000000396,0.8951000096475933,0.4723442887696722,1.3676740611408276,0.4725740514931949,0.8953298155758941
Italy,IT,2026-01,2026-01-01,italy__standard_employee_roma_lazio,"Italie · salarie standard (Rome, Latium)","Italy · standard employee (Rome, Lazio)",3.33,7707.490461,1835.153479,708.318373,30.221571,124.090596,154.149809,46.244943,23.122471,35.454456,15.414981,52.410935,38.537452,532.387767,28040.472712,0.0,0.0,0.0,2775.552887,750.149429,761.662416,2301.456652,0.09882106502493752,0.29860000000000003,6945.828045,2630.514586,4315.313459,10541.33488,3595.506835,6226.02142,1.517649848430956,2.4427738515459416,23.14561700000013,20.717642000000524,10.932698999999957,31.65566100000069,10.938019000000168,20.722960000000057,0.8951000096476326,0.4723442455649333,1.3676741043455662,0.4725740946979338,0.8953297723711553
Italy,IT,2026-01,2026-01-01,italy__standard_employee_roma_lazio,"Italie · salarie standard (Rome, Latium)","Italy · standard employee (Rome, Lazio)",3.34,7730.636078,1840.66445,710.445456,30.453027,124.463241,154.612722,46.383816,23.191908,35.560926,15.461272,52.568325,38.65318,533.986529,28147.375744,0.0,0.0,0.0,2783.831656,752.386934,764.090391,2308.367933,0.09883926542905447,0.2986,6966.545687,2640.299528,4326.246159,10572.99054,3606.444853,6246.744381,1.5176804998336302,2.443917925991081,23.14561700000013,20.717641999999614,10.932700000000295,31.655660000000353,10.938017999999829,20.722961000000396,0.8951000096475933,0.4723442887696722,1.3676740611408276,0.4725740514931949,0.8953298155758941
Italy,IT,2026-01,2026-01-01,italy__standard_employee_roma_lazio,"Italie · salarie standard (Rome, Latium)","Italy · standard employee (Rome, Lazio)",3.35,7753.781695,1846.175422,712.572538,30.684484,124.835885,155.075634,46.52269,23.261345,35.667396,15.507563,52.725716,38.768908,535.585291,28254.278775,0.0,0.0,0.0,2792.110426,754.624439,766.518366,2315.279214,0.09885735717404237,0.2986,6987.263329,2650.08447,4337.178858,10604.6462,3617.382872,6267.467342,1.5177109694699247,2.445056232713654,23.14561699999922,20.717642000000524,10.932698999999957,31.655659999998534,10.938019000000168,20.722960999999486,0.8951000096476677,0.4723442455649519,1.3676740611408027,0.47257409469795236,0.89532981557589
Italy,IT,2026-01,2026-01-01,italy__standard_employee_roma_lazio,"Italie · salarie standard (Rome, Latium)","Italy · standard employee (Rome, Lazio)",3.36,7776.927312,1851.686393,714.69962,30.91594,125.20853,155.538546,46.661564,23.330782,35.773866,15.553855,52.883106,38.884637,537.184053,28361.181807,0.0,0.0,0.0,2800.389196,756.861945,768.946342,2322.190495,0.09887534123007201,0.29860000000000003,7007.98097,2659.869412,4348.111558,10636.301861,3628.32089,6288.190303,1.5177412589519026,2.4461888152199798,23.14561700000013,20.717640999999276,10.932699999999386,31.65566100000069,10.938017999999829,20.722961000000396,0.8950999664428544,0.4723442887696329,1.3676741043455662,0.4725740514931949,0.8953298155758941
Italy,IT,2026-01,2026-01-01,italy__standard_employee_roma_lazio,"Italie · salarie standard (Rome, Latium)","Italy · standard employee (Rome, Lazio)",3.37,7800.072929,1857.197364,716.826702,31.147396,125.581174,156.001459,46.800438,23.400219,35.880335,15.600146,53.040496,39.000365,538.782815,28468.084838,0.0,0.0,0.0,2808.667965,759.09945,771.374317,2329.101777,0.09889321855579877,0.2986,7028.698612,2669.654354,4359.044258,10667.957521,3639.258909,6308.913263,1.5177713698726214,2.4473157165799155,23.14561700000013,20.717642000000524,10.932700000000295,31.655660000000353,10.938019000000168,20.722960000000057,0.8951000096476326,0.4723442887696722,1.3676740611408276,0.4725740946979338,0.8953297723711553
Italy,IT,2026-01,2026-01-01,italy__standard_employee_roma_lazio,"Italie · salarie standard (Rome, Latium)","Italy · standard employee (Rome, Lazio)",3.38,7823.218546,1862.708336,718.953784,31.378852,125.953819,156.464371,46.939311,23.469656,35.986805,15.646437,53.197886,39.116093,540.381577,28574.98787,0.0,0.0,0.0,2816.946735,761.336955,773.802292,2336.013058,0.0989109900985331,0.2986,7049.416254,2679.439297,4369.976957,10699.613181,3650.196927,6329.636224,1.5178013038064109,2.4484369794323126,23.14561700000013,20.717641999999614,10.932698999999957,31.655660000000353,10.938017999999829,20.722960999999486,0.8951000096475933,0.4723442455649333,1.3676740611408276,0.4725740514931949,0.8953298155758549
Italy,IT,2026-01,2026-01-01,italy__standard_employee_roma_lazio,"Italie · salarie standard (Rome, Latium)","Italy · standard employee (Rome, Lazio)",3.39,7846.364163,1868.219307,721.080867,31.610308,126.326463,156.927283,47.078185,23.539092,36.093275,15.692728,53.355276,39.231821,541.980339,28681.890901,0.0,0.0,0.0,2825.225505,763.574461,776.230267,2342.924339,0.09892865679440764,0.2985999999999999,7070.133896,2689.224239,4380.909657,10731.268841,3661.134946,6350.359185,1.5178310623091467,2.449552645990396,23.14561700000013,20.717642000000524,10.932700000000295,31.655659999998534,10.938019000000168,20.722961000000396,0.8951000096476326,0.4723442887696722,1.367674061140749,0.4725740946979338,0.8953298155758941
Italy,IT,2026-01,2026-01-01,italy__standard_employee_roma_lazio,"Italie · salarie standard (Rome, Latium)","Italy · standard employee (Rome, Lazio)",3.4,7869.50978,1873.730279,723.207949,31.841764,126.699107,157.390196,47.217059,23.608529,36.199745,15.73902,53.512667,39.347549,543.579101,28788.793933,0.0,0.0,0.0,2833.504274,765.811966,778.658243,2349.83562,0.09894621956854174,0.29860000000000003,7090.851537,2699.009181,4391.842356,10762.924502,3672.072964,6371.082145,1.517860646918523,2.4506627580470632,23.14561700000013,20.717640999999276,10.932698999999957,31.65566100000069,10.938017999999829,20.722960000000057,0.8950999664428544,0.4723442455649333,1.3676741043455662,0.4725740514931949,0.8953297723711553
Italy,IT,2026-01,2026-01-01,italy__standard_employee_roma_lazio,"Italie · salarie standard (Rome, Latium)","Italy · standard employee (Rome, Lazio)",3.41,7892.655397,1879.24125,725.335031,32.073221,127.071752,157.853108,47.355932,23.677966,36.306215,15.785311,53.670057,39.463277,545.177864,28895.696965,0.0,0.0,0.0,2841.783044,768.049471,781.086218,2356.746902,0.0989636793352029,0.2986,7111.569179,2708.794123,4402.775056,10794.580162,3683.010983,6391.805106,1.5178900591543139,2.4517673569801004,23.14561700000013,20.717642000000524,10.932700000000295,31.655660000000353,10.938019000000168,20.722960999999486,0.8951000096476326,0.4723442887696722,1.3676740611408276,0.4725740946979338,0.8953298155758549
Italy,IT,2026-01,2026-01-01,italy__standard_employee_roma_lazio,"Italie · salarie standard (Rome, Latium)","Italy · standard employee (Rome, Lazio)",3.42,7915.801014,1884.752221,727.462113,32.304677,127.444396,158.31602,47.494806,23.747403,36.412685,15.831602,53.827447,39.579005,546.776626,29002.599996,0.0,0.0,0.0,2850.061814,770.286977,783.514193,2363.658183,0.09898103699796547,0.2986000000000001,7132.286821,2718.579066,4413.707755,10826.235822,3693.949001,6412.528067,1.517919300518635,2.452866483757324,23.14561699999922,20.717641999999614,10.932698999999957,31.655660000000353,10.938017999999829,20.722961000000396,0.8951000096476285,0.4723442455649519,1.3676740611408813,0.4725740514932135,0.8953298155759293
Italy,IT,2026-01,2026-01-01,italy__standard_employee_roma_lazio,"Italie · salarie standard (Rome, Latium)","Italy · standard employee (Rome, Lazio)",3.43,7938.946631,1890.263193,729.589195,32.536133,127.817041,158.778933,47.63368,23.81684,36.519155,15.877893,53.984837,39.694733,548.375388,29109.503028,0.0,0.0,0.0,2858.340583,772.524482,785.942168,2370.569464,0.09899829344986646,0.2986000000000001,7153.004463,2728.364008,4424.640455,10857.891483,3704.88702,6433.251028,1.5179483724962002,2.453960178941649,23.14561700000013,20.717642000000524,10.932699999999386,31.655660999998872,10.938019000000168,20.722960999999486,0.8951000096476326,0.4723442887696329,1.3676741043454879,0.4725740946979338,0.8953298155758549
Italy,IT,2026-01,2026-01-01,italy__standard_employee_roma_lazio,"Italie · salarie standard (Rome, Latium)","Italy · standard employee (Rome, Lazio)",3.44,7962.092248,1895.774164,731.716278,32.767589,128.189685,159.241845,47.772553,23.886277,36.625624,15.924184,54.142227,39.810461,549.97415,29216.406059,0.0,0.0,0.0,2866.619353,774.761987,788.370143,2377.480745,0.0990154495735587,0.29860000000000003,7173.722105,2738.14895,4435.573155,10889.547143,3715.825038,6453.973988,1.5179772765545712,2.455048482696071,23.14561700000013,20.717641999999614,10.932700000000295,31.655660000000353,10.938017999999829,20.722960000000057,0.8951000096475933,0.4723442887696722,1.3676740611408276,0.4725740514931949,0.8953297723711553
Italy,IT,2026-01,2026-01-01,italy__standard_employee_roma_lazio,"Italie · salarie standard (Rome, Latium)","Italy · standard employee (Rome, Lazio)",3.45,7985.237865,1901.285136,733.84336,32.999045,128.56233,159.704757,47.911427,23.955714,36.732094,15.970476,54.299617,39.926189,551.572912,29323.309091,0.0,0.0,0.0,2874.898123,776.999493,790.798119,2384.392026,0.09903250624146143,0.2986,7194.439746,2747.933892,4446.505854,10921.202803,3726.763057,6474.696949,1.518006014144406,2.4561314347885945,23.14561700000013,20.717641000000185,10.932698999999957,31.655660000000353,10.938019000000168,20.722961000000396,0.8950999664428937,0.4723442455649333,1.3676740611408276,0.4725740946979338,0.8953298155758941
Italy,IT,2026-01,2026-01-01,italy__standard_employee_roma_lazio,"Italie · salarie standard (Rome, Latium)","Italy · standard employee (Rome, Lazio)",3.46,8008.383482,1906.796107,735.970442,33.230501,128.934974,160.16767,48.050301,24.02515,36.838564,16.016767,54.457008,40.041917,553.171674,29430.212122,0.0,0.0,0.0,2883.176892,779.236998,793.226094,2391.303308,0.09904946431590807,0.29860000000000003,7215.157388,2757.718834,4457.438554,10952.858464,3737.701076,6495.41991,1.5180345866997005,2.4572090745970665,23.14561700000013,20.717641999999614,10.932700000000295,31.65566100000069,10.938018999999713,20.722960999999486,0.8951000096475933,0.4723442887696722,1.3676741043455662,0.47257409469791417,0.8953298155758549
Italy,IT,2026-01,2026-01-01,italy__standard_employee_roma_lazio,"Italie · salarie standard (Rome, Latium)","Italy · standard employee (Rome, Lazio)",3.47,8031.529099,1912.307078,738.097524,33.461958,129.307618,160.630582,48.189175,24.094587,36.945034,16.063058,54.614398,40.157645,554.770436,29537.115154,0.0,0.0,0.0,2891.455662,781.474503,795.654069,2398.214589,0.09906632464929162,0.29860000000000003,7235.87503,2767.503777,4468.371253,10984.514124,3748.639094,6516.142871,1.518062995638027,2.4582814411139515,23.14561700000013,20.717642000000524,10.932698999999957,31.655659999998534,10.938018000000284,20.722961000000396,0.8951000096476326,0.4723442455649333,1.367674061140749,0.4725740514932146,0.8953298155758941
Italy,IT,2026-01,2026-01-01,italy__standard_employee_roma_lazio,"Italie · salarie standard (Rome, Latium)","Italy · standard employee (Rome, Lazio)",3.48,8054.674716,1917.81805,740.224606,33.693414,129.680263,161.093494,48.328048,24.164024,37.051504,16.109349,54.771788,40.273374,556.369198,29644.018186,0.0,0.0,0.0,2899.734432,783.712009,798.082044,2405.12587,0.09908308808420745,0.2986,7256.592672,2777.288719,4479.303953,11016.169784,3759.577113,6536.865831,1.51809124236077,2.459348572951039,23.14561700000013,20.717641999999614,10.932699999999386,31.655660000000353,10.938018999999713,20.722960000000057,0.8951000096475933,0.4723442887696329,1.3676740611408276,0.47257409469791417,0.8953297723711553
Italy,IT,2026-01,2026-01-01,italy__standard_employee_roma_lazio,"Italie · salarie standard (Rome, Latium)","Italy · standard employee (Rome, Lazio)",3.49,8077.820333,1923.329021,742.351689,33.92487,130.052907,161.556407,48.466922,24.233461,37.157974,16.155641,54.929178,40.389102,557.96796,29750.921217,0.0,0.0,0.0,2908.013201,785.949514,800.51002,2412.037151,0.09909975545359367,0.2986,7277.310313,2787.073661,4490.236652,11047.825444,3770.515131,6557.588792,1.5181193282533556,2.460410508344077,23.14561699999922,20.717641000000185,10.932698999999957,31.655660000000353,10.938018000000284,20.722960999999486,0.8950999664429289,0.4723442455649519,1.3676740611408813,0.47257405149323317,0.89532981557589
Italy,IT,2026-01,2026-01-01,italy__standard_employee_roma_lazio,"Italie · salarie standard (Rome, Latium)","Italy · standard employee (Rome, Lazio)",3.5,8100.96595,1928.839993,744.478771,34.156326,130.425552,162.019319,48.605796,24.302898,37.264443,16.201932,55.086568,40.50483,559.566722,29857.824249,0.0,0.0,0.0,2916.291971,788.187019,802.937995,2418.948433,0.0991163275808691,0.29860000000000003,7298.027955,2796.858603,4501.169352,11079.481105,3781.45315,6578.311753,1.518147254685477,2.46146728515733,23.14561700000013,20.717641999999614,10.932700000000295,31.65566100000069,10.938018999999713,20.722961000000396,0.8951000096475933,0.4723442887696722,1.3676741043455662,0.47257409469791417,0.8953298155758941
Italy,IT,2026-01,2026-01-01,italy__standard_employee_roma_lazio,"Italie · salarie standard (Rome, Latium)","Italy · standard employee (Rome, Lazio)",3.51,8124.111567,1934.350964,746.605853,34.387782,130.798196,162.482231,48.744669,24.372335,37.370913,16.248223,55.243959,40.620558,561.165484,29964.72728,0.0,0.0,0.0,2924.570741,790.424524,805.36597,2425.859714,0.09913280528006893,0.2986,7318.745597,2806.643545,4512.102052,11111.136765,3792.391168,6599.034714,1.5181750230113193,2.4625189408880916,23.14561700000013,20.717642000000524,10.932700000000295,31.655659999998534,10.938018000000284,20.722961000000396,0.8951000096476326,0.4723442887696722,1.367674061140749,0.4725740514932146,0.8953298155758941
Italy,IT,2026-01,2026-01-01,italy__standard_employee_roma_lazio,"Italie · salarie standard (Rome, Latium)","Italy · standard employee (Rome, Lazio)",3.52,8147.257184,1939.861936,748.732935,34.619239,131.170841,162.945144,48.883543,24.441772,37.477383,16.294514,55.401349,40.736286,562.764246,30071.630312,0.0,0.0,0.0,2932.84951,792.66203,807.793945,2432.770995,0.09914918935597782,0.2986,7339.463239,2816.428488,4523.034751,11142.792425,3803.329187,6619.757674,1.518202634569777,2.463565512671113,23.14561700000013,20.717641999999614,10.932698999999957,31.655660000000353,10.938018999999713,20.722960000000057,0.8951000096475933,0.4723442455649333,1.3676740611408276,0.47257409469791417,0.8953297723711553
Italy,IT,2026-01,2026-01-01,italy__standard_employee_roma_lazio,"Italie · salarie standard (Rome, Latium)","Italy · standard employee (Rome, Lazio)",3.53,8170.402801,1945.372907,750.860017,34.850695,131.543485,163.408056,49.022417,24.511208,37.583853,16.340806,55.558739,40.852014,564.363008,30178.533343,0.0,0.0,0.0,2941.12828,794.899535,810.22192,2439.682276,0.09916548060426118,0.29860000000000003,7360.180881,2826.21343,4533.967451,11174.448086,3814.267205,6640.480635,1.5182300906846704,2.464607037282976,23.14561700000013,20.717642000000524,10.932700000000295,31.65566100000069,10.938018000000284,20.722960999999486,0.8951000096476326,0.4723442887696722,1.3676741043455662,0.4725740514932146,0.8953298155758549
Italy,IT,2026-01,2026-01-01,italy__standard_employee_roma_lazio,"Italie · salarie standard (Rome, Latium)","Italy · standard employee (Rome, Lazio)",3.54,8193.548418,1950.883878,752.9871,35.082151,131.91613,163.870968,49.161291,24.580645,37.690323,16.387097,55.716129,40.967742,565.96177,30285.436375,0.0,0.0,0.0,2949.40705,797.13704,812.649896,2446.593558,0.09918167981159379,0.2986000000000001,7380.898522,2835.998372,4544.90015,11206.103746,3825.205224,6661.203596,1.518257392664955,2.465643551146398,23.14561700000013,20.717641000000185,10.932698999999957,31.655660000000353,10.938018999999713,20.722961000000396,0.8950999664428937,0.4723442455649333,1.3676740611408276,0.47257409469791417,0.8953298155758941
Italy,IT,2026-01,2026-01-01,italy__standard_employee_roma_lazio,"Italie · salarie standard (Rome, Latium)","Italy · standard employee (Rome, Lazio)",3.55,8216.694035,1956.39485,755.114182,35.313607,132.288774,164.333881,49.300164,24.650082,37.796793,16.433388,55.873519,41.08347,567.560532,30392.339407,0.0,0.0,0.0,2957.685819,799.374546,815.077871,2453.504839,0.09919778775578646,0.29860000000000003,7401.616164,2845.783314,4555.83285,11237.759406,3836.143242,6681.926556,1.518284541804931,2.4666750903344785,23.14561700000013,20.717641999999614,10.932699999999386,31.655659999998534,10.938018000000284,20.722960000000057,0.8951000096475933,0.4723442887696329,1.367674061140749,0.4725740514932146,0.8953297723711553
Italy,IT,2026-01,2026-01-01,italy__standard_employee_roma_lazio,"Italie · salarie standard (Rome, Latium)","Italy · standard employee (Rome, Lazio)",3.56,8239.839652,1961.905821,757.241264,35.545063,132.661418,164.796793,49.439038,24.719519,37.903262,16.479679,56.03091,41.199198,569.159294,30499.242438,0.0,0.0,0.0,2965.964589,801.612051,817.505846,2460.41612,0.09921380520591064,0.2986,7422.333806,2855.568256,4566.765549,11269.415067,3847.081261,6702.649517,1.518311539384449,2.4677016905748905,23.14561700000013,20.717641999999614,10.932698999999957,31.65566100000069,10.938018999999713,20.722960999999486,0.8951000096475933,0.4723442455649333,1.3676741043455662,0.47257409469791417,0.8953298155758549
Italy,IT,2026-01,2026-01-01,italy__standard_employee_roma_lazio,"Italie · salarie standard (Rome, Latium)","Italy · standard employee (Rome, Lazio)",3.57,8262.985269,1967.416793,759.368346,35.776519,133.034063,165.259705,49.577912,24.788956,38.009732,16.525971,56.1883,41.314926,570.758057,30606.14547,0.0,0.0,0.0,2974.243358,803.849556,819.933821,2467.327401,0.09922973292242071,0.29860000000000003,7443.051448,2865.353199,4577.698249,11301.070727,3858.019279,6723.372478,1.518338386669109,2.4687233872539966,23.14561700000013,20.717642000000524,10.932700000000295,31.655660000000353,10.938018000000284,20.722961000000396,0.8951000096476326,0.4723442887696722,1.3676740611408276,0.4725740514932146,0.8953298155758941
Italy,IT,2026-01,2026-01-01,italy__standard_employee_roma_lazio,"Italie · salarie standard (Rome, Latium)","Italy · standard employee (Rome, Lazio)",3.58,8286.130886,1972.927764,761.495428,36.007976,133.406707,165.722618,49.716785,24.858393,38.116202,16.572262,56.34569,41.430654,572.356819,30713.048501,0.0,0.0,0.0,2982.522128,806.087062,822.361797,2474.238683,0.0992455716572743,0.29860000000000003,7463.769089,2875.138141,4588.630948,11332.726387,3868.957298,6744.095439,1.5183650849104582,2.469740215420919,23.14561700000013,20.717641000000185,10.932698999999957,31.655660000000353,10.938018999999713,20.722960999999486,0.8950999664428937,0.4723442455649333,1.3676740611408276,0.47257409469791417,0.8953298155758549
Italy,IT,2026-01,2026-01-01,italy__standard_employee_roma_lazio,"Italie · salarie standard (Rome, Latium)","Italy · standard employee (Rome, Lazio)",3.59,8309.276503,1978.438735,763.622511,36.239432,133.779352,166.18553,49.855659,24.92783,38.222672,16.618553,56.50308,41.546383,573.955581,30819.951533,0.0,0.0,0.0,2990.800898,808.324567,824.789772,2481.149964,0.09926132215405067,0.29860000000000003,7484.486731,2884.923083,4599.563648,11364.382047,3879.895316,6764.818399,1.518391635346188,2.4707522097915473,23.14561699999831,20.717641999999614,10.932700000000295,31.655659999998534,10.938018000000284,20.722960000000057,0.8951000096476636,0.47234428876970935,1.3676740611408564,0.4725740514932517,0.8953297723712256
Italy,IT,2026-01,2026-01-01,italy__standard_employee_roma_lazio,"Italie · salarie standard (Rome, Latium)","Italy · standard employee (Rome, Lazio)",3.6,8332.42212,1983.949707,765.749593,36.470888,134.151996,166.648442,49.994533,24.997266,38.329142,16.664844,56.66047,41.662111,575.554343,30926.854564,0.0,0.0,0.0,2999.079667,810.562072,827.217747,2488.061245,0.0992769851480672,0.2986,7505.204373,2894.708025,4610.496348,11396.037708,3890.833335,6785.54136,1.518418039200322,2.4717594047524876,23.14561700000013,20.717641999999614,10.932699999999386,31.65566100000069,10.938018999999713,20.722961000000396,0.8951000096475933,0.4723442887696329,1.3676741043455662,0.47257409469791417,0.8953298155758941
Italy,IT,2026-01,2026-01-01,italy__standard_employee_roma_lazio,"Italie · salarie standard (Rome, Latium)","Italy · standard employee (Rome, Lazio)",3.61,8355.567737,1989.460678,767.876675,36.702344,134.524641,167.111355,50.133406,25.066703,38.435612,16.711135,56.817861,41.777839,577.153105,31033.757596,0.0,0.0,0.0,3007.358437,812.799578,829.645722,2494.972526,0.09929256136649361,0.29860000000000003,7525.922015,2904.492968,4621.429047,11427.693368,3901.771353,6806.264321,1.5184442976834058,2.4727618343649618,23.14561700000013,20.717642000000524,10.932698999999957,31.655660000000353,10.938018000000284,20.722960999999486,0.8951000096476326,0.4723442455649333,1.3676740611408276,0.4725740514932146,0.8953298155758549
Italy,IT,2026-01,2026-01-01,italy__standard_employee_roma_lazio,"Italie · salarie standard (Rome, Latium)","Italy · standard employee (Rome, Lazio)",3.62,8378.713354,1994.97165,770.003757,36.9338,134.897285,167.574267,50.27228,25.13614,38.542081,16.757427,56.975251,41.893567,578.751867,31140.660628,0.0,0.0,0.0,3015.637207,815.037083,832.073698,2501.883808,0.09930805152846464,0.2986000000000001,7546.639656,2914.27791,4632.361747,11459.349028,3912.709372,6826.987282,1.5184704119926933,2.4737595323686423,23.14561700000013,20.717641000000185,10.932700000000295,31.655660000000353,10.938018999999713,20.722961000000396,0.8950999664428937,0.4723442887696722,1.3676740611408276,0.47257409469791417,0.8953298155758941
Italy,IT,2026-01,2026-01-01,italy__standard_employee_roma_lazio,"Italie · salarie standard (Rome, Latium)","Italy · standard employee (Rome, Lazio)",3.63,8401.858971,2000.482621,772.130839,37.165256,135.269929,168.037179,50.411154,25.205577,38.648551,16.803718,57.132641,42.009295,580.350629,31247.563659,0.0,0.0,0.0,3023.915976,817.274588,834.501673,2508.795089,0.0993234563451906,0.29860000000000003,7567.357298,2924.062852,4643.294446,11491.004689,3923.64739,6847.710242,1.5184963833123257,2.474752532185439,23.14561700000013,20.717641999999614,10.932698999999957,31.655660999998872,10.938018000000284,20.722960000000057,0.8951000096475933,0.4723442455649333,1.3676741043454879,0.4725740514932146,0.8953297723711553
Italy,IT,2026-01,2026-01-01,italy__standard_employee_roma_lazio,"Italie · salarie standard (Rome, Latium)","Italy · standard employee (Rome, Lazio)",3.64,8425.004588,2005.993592,774.257922,37.396713,135.642574,168.500092,50.550028,25.275014,38.755021,16.850009,57.290031,42.125023,581.949391,31354.466691,0.0,0.0,0.0,3032.194746,819.512094,836.929648,2515.70637,0.09933877652006647,0.2986,7588.07494,2933.847794,4654.227146,11522.660349,3934.585409,6868.433203,1.5185222128135125,2.4757408669232333,23.14561700000013,20.717642000000524,10.932700000000295,31.655660000000353,10.938018999999713,20.722960999999486,0.8951000096476326,0.4723442887696722,1.3676740611408276,0.47257409469791417,0.8953298155758549
Italy,IT,2026-01,2026-01-01,italy__standard_employee_roma_lazio,"Italie · salarie standard (Rome, Latium)","Italy · standard employee (Rome, Lazio)",3.65,8448.150205,2011.504564,776.385004,37.628169,136.015218,168.963004,50.688901,25.344451,38.861491,16.8963,57.447421,42.240751,583.548153,31461.369722,0.0,0.0,0.0,3040.473516,821.749599,839.357623,2522.617651,0.09935401274877863,0.29860000000000003,7608.792582,2943.632736,4665.159845,11554.316009,3945.523427,6889.156164,1.518547901654707,2.476724569379556,23.14561700000013,20.717641999999614,10.932698999999957,31.655660000000353,10.938018000000284,20.722961000000396,0.8951000096475933,0.4723442455649333,1.3676740611408276,0.4725740514932146,0.8953298155758941
Italy,IT,2026-01,2026-01-01,italy__standard_employee_roma_lazio,"Italie · salarie standard (Rome, Latium)","Italy · standard employee (Rome, Lazio)",3.66,8471.295822,2017.015535,778.512086,37.859625,136.387863,169.425916,50.827775,25.413887,38.967961,16.942592,57.604812,42.356479,585.146915,31568.272754,0.0,0.0,0.0,3048.752285,823.987104,841.785598,2529.528932,0.09936916571941039,0.29860000000000003,7629.510224,2953.417679,4676.092545,11585.97167,3956.461446,6909.879125,1.5185734509817794,2.477703672045214,23.14561700000013,20.717641999999614,10.932700000000295,31.65566100000069,10.938018999999713,20.722961000000396,0.8951000096475933,0.4723442887696722,1.3676741043455662,0.47257409469791417,0.8953298155758941
Italy,IT,2026-01,2026-01-01,italy__standard_employee_roma_lazio,"Italie · salarie standard (Rome, Latium)","Italy · standard employee (Rome, Lazio)",3.67,8494.441439,2022.526507,780.639168,38.091081,136.760507,169.888829,50.966649,25.483324,39.074431,16.988883,57.762202,42.472207,586.745677,31675.175785,0.0,0.0,0.0,3057.031055,826.224609,844.213574,2536.440214,0.09938423611254547,0.2986,7650.227865,2963.202621,4687.025245,11617.62733,3967.399464,6930.602085,1.5185988619281878,2.478678207107869,23.14561700000013,20.717641000000185,10.932699999999386,31.655659999998534,10.938018000000284,20.722960000000057,0.8950999664428937,0.4723442887696329,1.367674061140749,0.4725740514932146,0.8953297723711553
Italy,IT,2026-01,2026-01-01,italy__standard_employee_roma_lazio,"Italie · salarie standard (Rome, Latium)","Italy · standard employee (Rome, Lazio)",3.68,8517.587056,2028.037478,782.76625,38.322537,137.133152,170.351741,51.105522,25.552761,39.1809,17.035174,57.919592,42.587935,588.344439,31782.078817,0.0,0.0,0.0,3065.309825,828.462115,846.641549,2543.351495,0.09939922460137009,0.2986,7670.945507,2972.987563,4697.957944,11649.28299,3978.337483,6951.325046,1.5186241356151455,2.47964820645557,23.14561700000013,20.717642000000524,10.932698999999957,31.655660000000353,10.938018999999713,20.722960999999486,0.8951000096476326,0.4723442455649333,1.3676740611408276,0.47257409469791417,0.8953298155758549
Italy,IT,2026-01,2026-01-01,italy__standard_employee_roma_lazio,"Italie · salarie standard (Rome, Latium)","Italy · standard employee (Rome, Lazio)",3.69,8540.732673,2033.548449,784.893333,38.553993,137.505796,170.814653,51.244396,25.622198,39.28737,17.081465,58.076982,42.703663,589.943201,31888.981849,0.0,0.0,0.0,3073.588594,830.69962,849.069524,2550.262776,0.09941413185177289,0.2986,7691.663149,2982.772505,4708.890644,11680.93865,3989.275502,6972.048007,1.5186492731517849,2.4806137016802183,23.14561700000013,20.717641999999614,10.932700000000295,31.655660000000353,10.938019000000168,20.722961000000396,0.8951000096475933,0.4723442887696722,1.3676740611408276,0.4725740946979338,0.8953298155758941
Italy,IT,2026-01,2026-01-01,italy__standard_employee_roma_lazio,"Italie · salarie standard (Rome, Latium)","Italy · standard employee (Rome, Lazio)",3.7,8563.87829,2039.059421,787.020415,38.78545,137.87844,171.277566,51.38327,25.691635,39.39384,17.127757,58.234372,42.819391,591.541963,31995.88488,0.0,0.0,0.0,3081.867364,832.937125,851.497499,2557.174057,0.09942895852244377,0.29860000000000003,7712.380791,2992.557447,4719.823343,11712.594311,4000.21352,6992.770967,1.5186742756353206,2.481574724081011,23.14561700000013,20.717641999999614,10.932698999999957,31.65566100000069,10.938017999999829,20.722960000000057,0.8951000096475933,0.4723442455649333,1.3676741043455662,0.4725740514931949,0.8953297723711553
Italy,IT,2026-01,2026-01-01,italy__standard_employee_roma_lazio,"Italie · salarie standard (Rome, Latium)","Italy · standard employee (Rome, Lazio)",3.71,8587.023907,2044.570392,789.147497,39.016906,138.251085,171.740478,51.522143,25.761072,39.50031,17.174048,58.391763,42.93512,593.140725,32102.787912,0.0,0.0,0.0,3090.146134,835.174631,853.925475,2564.085339,0.09944370526497086,0.2986,7733.098432,3002.34239,4730.756043,11744.249971,4011.151539,7013.493928,1.5186991441512108,2.4825313046678152,23.14561700000013,20.717641000000185,10.932700000000295,31.655659999998534,10.938019000000168,20.722960999999486,0.8950999664428937,0.4723442887696722,1.367674061140749,0.4725740946979338,0.8953298155758549
Italy,IT,2026-01,2026-01-01,italy__standard_employee_roma_lazio,"Italie · salarie standard (Rome, Latium)","Italy · standard employee (Rome, Lazio)",3.72,8610.169524,2050.081364,791.274579,39.248362,138.623729,172.20339,51.661017,25.830509,39.60678,17.220339,58.549153,43.050848,594.739487,32209.690943,0.0,0.0,0.0,3098.424903,837.412136,856.35345,2570.99662,0.09945837272393601,0.2986,7753.816074,3012.127332,4741.688742,11775.905631,4022.089557,7034.216889,1.5187238797733102,2.4834834741645064,23.14561700000013,20.717642000000524,10.932698999999957,31.655660000000353,10.938017999999829,20.722961000000396,0.8951000096476326,0.4723442455649333,1.3676740611408276,0.4725740514931949,0.8953298155758941
Italy,IT,2026-01,2026-01-01,italy__standard_employee_roma_lazio,"Italie · salarie standard (Rome, Latium)","Italy · standard employee (Rome, Lazio)",3.73,8633.315141,2055.592335,793.401661,39.479818,138.996374,172.666303,51.799891,25.899945,39.71325,17.26663,58.706543,43.166576,596.33825,32316.593975,0.0,0.0,0.0,3106.703673,839.649641,858.781425,2577.907901,0.09947296153700858,0.2986000000000001,7774.533716,3021.912274,4752.621442,11807.561292,4033.027576,7054.93985,1.5187484835640288,2.484431263012256,23.14561699999831,20.717641999999614,10.932699999999386,31.65566100000069,10.938019000000168,20.722960999999486,0.8951000096476636,0.47234428876967005,1.367674104345674,0.47257409469797096,0.8953298155759252
Italy,IT,2026-01,2026-01-01,italy__standard_employee_roma_lazio,"Italie · salarie standard (Rome, Latium)","Italy · standard employee (Rome, Lazio)",3.74,8656.460758,2061.103306,795.528744,39.711274,139.369018,173.129215,51.938765,25.969382,39.819719,17.312922,58.863933,43.282304,597.937012,32423.497006,0.0,0.0,0.0,3114.982443,841.887147,861.2094,2584.819182,0.09948747233503796,0.29860000000000003,7795.251358,3031.697216,4763.554142,11839.216952,4043.965594,7075.66281,1.5187729565744816,2.4853747013727796,23.14561700000013,20.717642000000524,10.932700000000295,31.655660000000353,10.938017999999829,20.722960000000057,0.8951000096476326,0.4723442887696722,1.3676740611408276,0.4725740514931949,0.8953297723711553
Italy,IT,2026-01,2026-01-01,italy__standard_employee_roma_lazio,"Italie · salarie standard (Rome, Latium)","Italy · standard employee (Rome, Lazio)",3.75,8679.606375,2066.614278,797.655826,39.94273,139.741663,173.592128,52.077638,26.038819,39.926189,17.359213,59.021323,43.398032,599.535774,32530.400038,0.0,0.0,0.0,3123.261212,844.124652,863.637375,2591.730464,0.09950190574214453,0.2986,7815.969,3041.482159,4774.486841,11870.872612,4054.903613,7096.385771,1.518797299844639,2.4863138191315293,23.14561700000013,20.717641999999614,10.932698999999957,31.655659999998534,10.938019000000168,20.722961000000396,0.8951000096475933,0.4723442455649333,1.367674061140749,0.4725740946979338,0.8953298155758941
Italy,IT,2026-01,2026-01-01,italy__standard_employee_roma_lazio,"Italie · salarie standard (Rome, Latium)","Italy · standard employee (Rome, Lazio)",3.76,8702.751992,2072.125249,799.782908,40.174187,140.114307,174.05504,52.216512,26.108256,40.032659,17.405504,59.178714,43.51376,601.134536,32637.303069,0.0,0.0,0.0,3131.539982,846.362157,866.065351,2598.641745,0.09951626237580903,0.29860000000000003,7836.686641,3051.267101,4785.419541,11902.528273,4065.841631,7117.108732,1.518821514403474,2.4872486459008587,23.14561700000013,20.717641000000185,10.932700000000295,31.65566100000069,10.938017999999829,20.722960999999486,0.8950999664428937,0.4723442887696722,1.3676741043455662,0.4725740514931949,0.8953298155758549
Italy,IT,2026-01,2026-01-01,italy__standard_employee_roma_lazio,"Italie · salarie standard (Rome, Latium)","Italy · standard employee (Rome, Lazio)",3.77,8725.897609,2077.636221,801.90999,40.405643,140.486952,174.517952,52.355386,26.177693,40.139129,17.451795,59.336104,43.629488,602.733298,32744.206101,0.0,0.0,0.0,3139.818752,848.599663,868.493326,2605.553026,0.09953054284696074,0.29860000000000003,7857.404283,3061.052043,4796.35224,11934.183933,4076.77965,7137.831693,1.5188456012691067,2.4881792110231262,23.14561700000013,20.717641999999614,10.932698999999957,31.655660000000353,10.938019000000168,20.722961000000396,0.8951000096475933,0.4723442455649333,1.3676740611408276,0.4725740946979338,0.8953298155758941
Italy,IT,2026-01,2026-01-01,italy__standard_employee_roma_lazio,"Italie · salarie standard (Rome, Latium)","Italy · standard employee (Rome, Lazio)",3.78,8749.043226,2083.147192,804.037072,40.637099,140.859596,174.980865,52.494259,26.24713,40.245599,17.498086,59.493494,43.745216,604.33206,32851.109133,0.0,0.0,0.0,3148.097521,850.837168,870.921301,2612.464307,0.09954474776006399,0.2986,7878.121925,3070.836985,4807.28494,11965.839593,4087.717668,7158.554653,1.5188695614489485,2.489105543573771,23.14561700000013,20.717642000000524,10.932699999999386,31.655660000000353,10.938017999999829,20.722960000000057,0.8951000096476326,0.4723442887696329,1.3676740611408276,0.4725740514931949,0.8953297723711553
Italy,IT,2026-01,2026-01-01,italy__standard_employee_roma_lazio,"Italie · salarie standard (Rome, Latium)","Italy · standard employee (Rome, Lazio)",3.79,8772.188843,2088.658164,806.164155,40.868555,141.23224,175.443777,52.633133,26.316567,40.352069,17.544378,59.650884,43.860944,605.930822,32958.012164,0.0,0.0,0.0,3156.376291,853.074673,873.349276,2619.375589,0.09955887771320368,0.2986,7898.839567,3080.621927,4818.217639,11997.495253,4098.655687,7179.277614,1.5188933959398414,2.4900276723643406,23.14561700000013,20.717641999999614,10.932699000000866,31.655659999998534,10.938019000000622,20.722960999999486,0.8951000096475933,0.4723442455649726,1.367674061140749,0.4725740946979535,0.8953298155758549
Italy,IT,2026-01,2026-01-01,italy__standard_employee_roma_lazio,"Italie · salarie standard (Rome, Latium)","Italy · standard employee (Rome, Lazio)",3.8,8795.33446,2094.169135,808.291237,41.100011,141.604885,175.906689,52.772007,26.386003,40.458539,17.590669,59.808274,43.976672,607.529584,33064.915196,0.0,0.0,0.0,3164.655061,855.312179,875.777252,2626.28687,0.09957293329816894,0.29860000000000003,7919.557208,3090.40687,4829.150339,12029.150914,4109.593705,7200.000575,1.5189171057281956,2.4909456259454763,23.14561700000013,20.717641000000185,10.932699999999386,31.65566100000069,10.938017999999829,20.722961000000396,0.8950999664428937,0.4723442887696329,1.3676741043455662,0.4725740514931949,0.8953298155758941
Italy,IT,2026-01,2026-01-01,italy__standard_employee_roma_lazio,"Italie · salarie standard (Rome, Latium)","Italy · standard employee (Rome, Lazio)",3.81,8818.480077,2099.680106,810.418319,41.331467,141.977529,176.369602,52.91088,26.45544,40.565008,17.63696,59.965665,44.0924,609.128346,33171.818227,0.0,0.0,0.0,3172.93383,857.549684,878.205227,2633.198151,0.09958691510053594,0.29860000000000003,7940.27485,3100.191812,4840.083038,12060.806574,4120.531724,7220.723536,1.5189406917901267,2.491859432609859,23.14561700000013,20.717641999999614,10.932698999999957,31.655660000000353,10.938019000000168,20.722961000000396,0.8951000096475933,0.4723442455649333,1.3676740611408276,0.4725740946979338,0.8953298155758941
Italy,IT,2026-01,2026-01-01,italy__standard_employee_roma_lazio,"Italie · salarie standard (Rome, Latium)","Italy · standard employee (Rome, Lazio)",3.82,8841.625694,2105.191078,812.545401,41.562924,142.350174,176.832514,53.049754,26.524877,40.671478,17.683251,60.123055,44.208128,610.727108,33278.721259,0.0,0.0,0.0,3181.2126,859.787189,880.633202,2640.109432,0.0996008236997492,0.2986,7960.992492,3109.976754,4851.015738,12092.462234,4131.469742,7241.446496,1.5189641550915898,2.4927691203951188,23.14561700000013,20.717642000000524,10.932700000000295,31.655660000000353,10.938017999999829,20.722959999999148,0.8951000096476326,0.4723442887696722,1.3676740611408276,0.4725740514931949,0.895329772371116
Italy,IT,2026-01,2026-01-01,italy__standard_employee_roma_lazio,"Italie · salarie standard (Rome, Latium)","Italy · standard employee (Rome, Lazio)",3.83,8864.771311,2110.702049,814.672483,41.79438,142.722818,177.295426,53.188628,26.594314,40.777948,17.729543,60.280445,44.323857,612.32587,33385.62429,0.0,0.0,0.0,3189.491369,862.024694,883.061177,2647.020713,0.09961465966920156,0.29860000000000003,7981.710134,3119.761696,4861.948438,12124.117895,4142.407761,7262.169457,1.5189874965885113,2.4936747170867033,23.14561700000013,20.717641999999614,10.932700000000295,31.655660999998872,10.938019000000168,20.722961000000396,0.8951000096475933,0.4723442887696722,1.3676741043454879,0.4725740946979338,0.8953298155758941
Italy,IT,2026-01,2026-01-01,italy__standard_employee_roma_lazio,"Italie · salarie standard (Rome, Latium)","Italy · standard employee (Rome, Lazio)",3.84,8887.916928,2116.213021,816.799566,42.025836,143.095463,177.758339,53.327502,26.663751,40.884418,17.775834,60.437835,44.439585,613.924632,33492.527322,0.0,0.0,0.0,3197.770139,864.2622,885.489152,2653.931995,0.09962842357631303,0.29860000000000003,8002.427776,3129.546638,4872.881137,12155.773555,4153.345779,7282.892418,1.5190107172269163,2.4945762502207005,23.14561700000013,20.717642000000524,10.932698999999957,31.655660000000353,10.938017999999829,20.722961000000396,0.8951000096476326,0.4723442455649333,1.3676740611408276,0.4725740514931949,0.8953298155758941
Italy,IT,2026-01,2026-01-01,italy__standard_employee_roma_lazio,"Italie · salarie standard (Rome, Latium)","Italy · standard employee (Rome, Lazio)",3.85,8911.062545,2121.723992,818.926648,42.257292,143.468107,178.221251,53.466375,26.733188,40.990888,17.822125,60.595225,44.555313,615.523394,33599.430354,0.0,0.0,0.0,3206.048909,866.499705,887.917128,2660.843276,0.0996421159826083,0.29860000000000003,8023.145417,3139.331581,4883.813837,12187.429215,4164.283798,7303.615379,1.519033817943061,2.4954737470866366,23.14561700000013,20.717640999999276,10.932699999999386,31.655660000000353,10.938019000000168,20.722960999999486,0.8950999664428544,0.4723442887696329,1.3676740611408276,0.4725740946979338,0.8953298155758549
Italy,IT,2026-01,2026-01-01,italy__standard_employee_roma_lazio,"Italie · salarie standard (Rome, Latium)","Italy · standard employee (Rome, Lazio)",3.86,8934.208162,2127.234963,821.05373,42.488748,143.840751,178.684163,53.605249,26.802624,41.097358,17.868416,60.752616,44.671041,617.122156,33706.333385,0.0,0.0,0.0,3214.327678,868.73721,890.345103,2667.754557,0.09965573744379325,0.2986,8043.863059,3149.116523,4894.746536,12219.084876,4175.221816,7324.338339,1.519056799663554,2.4963672347302266,23.14561700000013,20.717642000000524,10.932698999999957,31.65566100000069,10.938017999999829,20.722960000000057,0.8951000096476326,0.4723442455649333,1.3676741043455662,0.4725740514931949,0.8953297723711553
Italy,IT,2026-01,2026-01-01,italy__standard_employee_roma_lazio,"Italie · salarie standard (Rome, Latium)","Italy · standard employee (Rome, Lazio)",3.87,8957.353779,2132.745935,823.180812,42.720204,144.213396,179.147076,53.744123,26.872061,41.203827,17.914708,60.910006,44.786769,618.720918,33813.236417,0.0,0.0,0.0,3222.606448,870.974716,892.773078,2674.665838,0.09966928850982996,0.2986,8064.580701,3158.901465,4905.679236,12250.740536,4186.159835,7345.0613,1.5190796633054837,2.4972567399560908,23.14561699999831,20.717641999999614,10.932700000000295,31.655659999998534,10.938019000000168,20.722961000000396,0.8951000096476636,0.47234428876970935,1.3676740611408564,0.47257409469797096,0.8953298155759645
Italy,IT,2026-01,2026-01-01,italy__standard_employee_roma_lazio,"Italie · salarie standard (Rome, Latium)","Italy · standard employee (Rome, Lazio)",3.88,8980.499396,2138.256906,825.307894,42.951661,144.58604,179.609988,53.882996,26.941498,41.310297,17.960999,61.067396,44.902497,620.319681,33920.139448,0.0,0.0,0.0,3230.885218,873.212221,895.201053,2681.57712,0.09968276972501082,0.2986,8085.298343,3168.686407,4916.611935,12282.396196,4197.097853,7365.784261,1.5191024097765378,2.498142289330436,23.14561700000013,20.717642000000524,10.932698999999957,31.655660000000353,10.938017999999829,20.722960999999486,0.8951000096476326,0.4723442455649333,1.3676740611408276,0.4725740514931949,0.8953298155758549
Italy,IT,2026-01,2026-01-01,italy__standard_employee_roma_lazio,"Italie · salarie standard (Rome, Latium)","Italy · standard employee (Rome, Lazio)",3.89,9003.645013,2143.767878,827.434977,43.183117,144.958685,180.0729,54.02187,27.010935,41.416767,18.00729,61.224786,45.018225,621.918443,34027.04248,0.0,0.0,0.0,3239.163987,875.449726,897.629029,2688.488401,0.09969618162803134,0.2985999999999999,8106.015984,3178.471349,4927.544635,12314.051856,4208.035872,7386.507221,1.5191250399751244,2.4990239091837005,23.14561700000013,20.717640999999276,10.932700000000295,31.655660000000353,10.938019000000168,20.722960000000057,0.8950999664428544,0.4723442887696722,1.3676740611408276,0.4725740946979338,0.8953297723711553
Italy,IT,2026-01,2026-01-01,italy__standard_employee_roma_lazio,"Italie · salarie standard (Rome, Latium)","Italy · standard employee (Rome, Lazio)",3.9,9026.79063,2149.278849,829.562059,43.414573,145.331329,180.535813,54.160744,27.080372,41.523237,18.053581,61.382176,45.133953,623.517205,34133.945511,0.0,0.0,0.0,3247.442757,877.687232,900.057004,2695.399682,0.09970952475206203,0.2986,8126.733626,3188.256292,4938.477335,12345.707517,4218.97389,7407.230182,1.5191475547904914,2.499901625613163,23.14561700000013,20.717642000000524,10.932699999999386,31.65566100000069,10.938017999999829,20.722961000000396,0.8951000096476326,0.4723442887696329,1.3676741043455662,0.4725740514931949,0.8953298155758941
Italy,IT,2026-01,2026-01-01,italy__standard_employee_roma_lazio,"Italie · salarie standard (Rome, Latium)","Italy · standard employee (Rome, Lazio)",3.91,9049.936247,2154.78982,831.689141,43.646029,145.703974,180.998725,54.299617,27.149809,41.629707,18.099872,61.539566,45.249681,625.115967,34240.848543,0.0,0.0,0.0,3255.721527,879.924737,902.484979,2702.310963,0.09972279962481892,0.2986,8147.451268,3198.041234,4949.410034,12377.363177,4229.911909,7427.953143,1.5191699551028397,2.5007754644855185,23.14561700000013,20.717641999999614,10.932699000000866,31.655659999998534,10.938019000000168,20.722960999999486,0.8951000096475933,0.4723442455649726,1.367674061140749,0.4725740946979338,0.8953298155758549
Italy,IT,2026-01,2026-01-01,italy__standard_employee_roma_lazio,"Italie · salarie standard (Rome, Latium)","Italy · standard employee (Rome, Lazio)",3.92,9073.081864,2160.300792,833.816223,43.877485,146.076618,181.461637,54.438491,27.219246,41.736177,18.146164,61.696957,45.365409,626.714729,34347.751575,0.0,0.0,0.0,3264.000296,882.162242,904.912954,2709.222245,0.09973600676863313,0.2986,8168.16891,3207.826176,4960.342734,12409.018837,4240.849928,7448.676104,1.5191922417834425,2.5016454514394177,23.14561700000013,20.717642000000524,10.932699999999386,31.655660000000353,10.938018999999258,20.722961000000396,0.8951000096476326,0.4723442887696329,1.3676740611408276,0.4725740946978945,0.8953298155758941
Italy,IT,2026-01,2026-01-01,italy__standard_employee_roma_lazio,"Italie · salarie standard (Rome, Latium)","Italy · standard employee (Rome, Lazio)",3.93,9096.227481,2165.811763,835.943306,44.108941,146.449262,181.92455,54.577365,27.288682,41.842646,18.192455,61.854347,45.481137,628.313491,34454.654606,0.0,0.0,0.0,3272.279066,884.399748,907.340929,2716.133526,0.0997491467005196,0.2986,8188.886552,3217.611118,4971.275433,12440.674498,4251.787946,7469.399064,1.5192144156947542,2.502511611887979,23.14561700000013,20.717641999999614,10.932698999999957,31.65566100000069,10.938018000000739,20.722960000000057,0.8951000096475933,0.4723442455649333,1.3676741043455662,0.4725740514932342,0.8953297723711553
Italy,IT,2026-01,2026-01-01,italy__standard_employee_roma_lazio,"Italie · salarie standard (Rome, Latium)","Italy · standard employee (Rome, Lazio)",3.94,9119.373098,2171.322735,838.070388,44.340398,146.821907,182.387462,54.716239,27.358119,41.949116,18.238746,62.011737,45.596865,629.912253,34561.557638,0.0,0.0,0.0,3280.557836,886.637253,909.768905,2723.044807,0.09976221993224416,0.29860000000000003,8209.604193,3227.396061,4982.208133,12472.330158,4262.725965,7490.122025,1.519236477690524,2.503373971021257,23.14561700000013,20.717640999999276,10.932700000000295,31.655660000000353,10.938018999999258,20.722960999999486,0.8950999664428544,0.4723442887696722,1.3676740611408276,0.4725740946978945,0.8953298155758549
Italy,IT,2026-01,2026-01-01,italy__standard_employee_roma_lazio,"Italie · salarie standard (Rome, Latium)","Italy · standard employee (Rome, Lazio)",3.95,9142.518715,2176.833706,840.19747,44.571854,147.194551,182.850374,54.855112,27.427556,42.055586,18.285037,62.169127,45.712594,631.511015,34668.460669,0.0,0.0,0.0,3288.836605,888.874758,912.19688,2729.956088,0.09977522697039037,0.29860000000000003,8230.321835,3237.181003,4993.140832,12503.985818,4273.663983,7510.844986,1.5192584286159048,2.5042325538086887,23.14561700000013,20.717642000001433,10.932698999999957,31.655659999998534,10.938018000000739,20.722961000000396,0.8951000096476719,0.4723442455649333,1.367674061140749,0.4725740514932342,0.8953298155758941
Italy,IT,2026-01,2026-01-01,italy__standard_employee_roma_lazio,"Italie · salarie standard (Rome, Latium)","Italy · standard employee (Rome, Lazio)",3.96,9165.664332,2182.344677,842.324552,44.80331,147.567196,183.313287,54.993986,27.496993,42.162056,18.331329,62.326517,45.828322,633.109777,34775.363701,0.0,0.0,0.0,3297.115375,891.112264,914.624855,2736.86737,0.09978816831642473,0.2985999999999999,8251.039477,3246.965945,5004.073532,12535.641479,4284.602002,7531.567947,1.5192802693075598,2.505087385001502,23.14561700000013,20.717641999999614,10.932700000000295,31.65566100000069,10.938018999999258,20.722960999999486,0.8951000096475933,0.4723442887696722,1.3676741043455662,0.4725740946978945,0.8953298155758549
Italy,IT,2026-01,2026-01-01,italy__standard_employee_roma_lazio,"Italie · salarie standard (Rome, Latium)","Italy · standard employee (Rome, Lazio)",3.97,9188.809949,2187.855649,844.451634,45.034766,147.93984,183.776199,55.13286,27.56643,42.268526,18.37762,62.483908,45.94405,634.708539,34882.266732,0.0,0.0,0.0,3305.394145,893.349769,917.05283,2743.778651,0.09980104446676119,0.29860000000000003,8271.757119,3256.750887,5015.006232,12567.297139,4295.54002,7552.290907,1.5193020005937723,2.5059384891350924,23.14561700000013,20.717641999999614,10.932699999999386,31.655660000000353,10.938018000000739,20.722960000000057,0.8951000096475933,0.4723442887696329,1.3676740611408276,0.4725740514932342,0.8953297723711553
Italy,IT,2026-01,2026-01-01,italy__standard_employee_roma_lazio,"Italie · salarie standard (Rome, Latium)","Italy · standard employee (Rome, Lazio)",3.98,9211.955566,2193.36662,846.578717,45.266222,148.312485,184.239111,55.271733,27.635867,42.374996,18.423911,62.641298,46.059778,636.307301,34989.169764,0.0,0.0,0.0,3313.672914,895.587274,919.480806,2750.689932,0.0998138559128246,0.29860000000000003,8292.47476,3266.535829,5025.938931,12598.952799,4306.478039,7573.013868,1.5193236232945466,2.506785890531377,23.14561700000013,20.717640999999276,10.932698999999957,31.655660000000353,10.938018999999258,20.722961000000396,0.8950999664428544,0.4723442455649333,1.3676740611408276,0.4725740946978945,0.8953298155758941
Italy,IT,2026-01,2026-01-01,italy__standard_employee_roma_lazio,"Italie · salarie standard (Rome, Latium)","Italy · standard employee (Rome, Lazio)",3.99,9235.101183,2198.877592,848.705799,45.497678,148.685129,184.702024,55.410607,27.705304,42.481465,18.470202,62.798688,46.175506,637.906063,35096.072796,0.0,0.0,0.0,3321.951684,897.824779,921.908781,2757.601213,0.09982660314111329,0.29860000000000003,8313.192402,3276.320772,5036.871631,12630.608459,4317.416057,7593.736829,1.5193451382217131,2.5076296133011033,23.14561700000013,20.717642000001433,10.932700000000295,31.655659999998534,10.938018000000739,20.722961000000396,0.8951000096476719,0.4723442887696722,1.367674061140749,0.4725740514932342,0.8953298155758941
Italy,IT,2026-01,2026-01-01,italy__standard_employee_roma_lazio,"Italie · salarie standard (Rome, Latium)","Italy · standard employee (Rome, Lazio)",4.0,9258.2468,2204.388563,850.832881,45.729135,149.057773,185.164936,55.549481,27.77474,42.587935,18.516494,62.956078,46.291234,639.504825,35202.975827,0.0,0.0,0.0,3330.230454,900.062285,924.336756,2764.512494,0.0998392866332605,0.29860000000000003,8333.910044,3286.105714,5047.80433,12662.26412,4328.354076,7614.45979,1.5193665461790293,2.5084696813461385,23.14561700000013,20.717641999999614,10.932698999999957,31.65566100000069,10.938018999999258,20.722960999999486,0.8951000096475933,0.4723442455649333,1.3676741043455662,0.4725740946978945,0.8953298155758549
Italy,IT,2026-01,2026-01-01,italy__standard_employee_roma_lazio,"Italie · salarie standard (Rome, Latium)","Italy · standard employee (Rome, Lazio)",4.01,9281.392417,2209.899534,852.959963,45.960591,149.430418,185.627848,55.688355,27.844177,42.694405,18.562785,63.113468,46.406962,641.103587,35309.878859,0.0,0.0,0.0,3338.509223,902.29979,926.764731,2771.423776,0.09985190686609524,0.29860000000000003,8354.627686,3295.890656,5058.73703,12693.91978,4339.292094,7635.18275,1.5193878479622809,2.5093061183617307,23.14561699999831,20.717641999999614,10.932700000000295,31.655660000000353,10.938018000000739,20.722960000000057,0.8951000096476636,0.47234428876970935,1.367674061140935,0.47257405149327136,0.8953297723712256
Italy,IT,2026-01,2026-01-01,italy__standard_employee_roma_lazio,"Italie · salarie standard (Rome, Latium)","Italy · standard employee (Rome, Lazio)",4.02,9304.538034,2215.410506,855.087045,46.192047,149.803062,186.090761,55.827228,27.913614,42.800875,18.609076,63.270859,46.52269,642.702349,35416.78189,0.0,0.0,0.0,3346.787993,904.537295,929.192706,2778.335057,0.09986446431170198,0.2986000000000001,8375.345328,3305.675598,5069.669729,12725.57544,4350.230113,7655.905711,1.5194090443593786,2.510138947838731,23.14561700000013,20.717641999999614,10.932698999999957,31.655660000000353,10.938018999999258,20.722961000000396,0.8951000096475933,0.4723442455649333,1.3676740611408276,0.4725740946978945,0.8953298155758941
Italy,IT,2026-01,2026-01-01,italy__standard_employee_roma_lazio,"Italie · salarie standard (Rome, Latium)","Italy · standard employee (Rome, Lazio)",4.03,9327.683651,2220.921477,857.214128,46.423503,150.175707,186.553673,55.966102,27.983051,42.907345,18.655367,63.428249,46.638418,644.301111,35523.684922,0.0,0.0,0.0,3355.066763,906.774801,931.620682,2785.246338,0.0998769594374794,0.2986000000000001,8396.062969,3315.46054,5080.602429,12757.231101,4361.168131,7676.628672,1.519430136150457,2.5109681930657963,23.14561700000013,20.717641000001095,10.932699999999386,31.655660999998872,10.938018000000739,20.722960999999486,0.895099966442933,0.4723442887696329,1.3676741043454879,0.4725740514932342,0.8953298155758549
Italy,IT,2026-01,2026-01-01,italy__standard_employee_roma_lazio,"Italie · salarie standard (Rome, Latium)","Italy · standard employee (Rome, Lazio)",4.04,9350.829268,2226.432449,859.34121,46.654959,150.548351,187.016585,56.104976,28.052488,43.013815,18.701659,63.585639,46.754146,645.899874,35630.587953,0.0,0.0,0.0,3363.345532,909.012306,934.048657,2792.157619,0.09988939270619851,0.29860000000000003,8416.780611,3325.245483,5091.535128,12788.886761,4372.10615,7697.351632,1.5194511241079696,2.5117938771315607,23.14561700000013,20.717641999999614,10.932699000000866,31.655660000000353,10.938018999999258,20.722960000000057,0.8951000096475933,0.4723442455649726,1.3676740611408276,0.4725740946978945,0.8953297723711553
Italy,IT,2026-01,2026-01-01,italy__standard_employee_roma_lazio,"Italie · salarie standard (Rome, Latium)","Italy · standard employee (Rome, Lazio)",4.05,9373.974885,2231.94342,861.468292,46.886416,150.920996,187.479498,56.243849,28.121925,43.120284,18.74795,63.743029,46.869874,647.498636,35737.490985,0.0,0.0,0.0,3371.624302,911.249811,936.476632,2799.068901,0.09990176457605972,0.2986,8437.498253,3335.030425,5102.467828,12820.542421,4383.044168,7718.074593,1.519472008996783,2.5126160229267738,23.14561700000013,20.717641999999614,10.932699999999386,31.655660000000353,10.938018000000739,20.722961000000396,0.8951000096475933,0.4723442887696329,1.3676740611408276,0.4725740514932342,0.8953298155758941
Italy,IT,2026-01,2026-01-01,italy__standard_employee_roma_lazio,"Italie · salarie standard (Rome, Latium)","Italy · standard employee (Rome, Lazio)",4.06,9397.120502,2237.454392,863.595374,47.117872,151.29364,187.94241,56.382723,28.191362,43.226754,18.794241,63.900419,46.985603,649.097398,35844.394017,0.0,0.0,0.0,3379.903072,913.487317,938.904607,2805.980182,0.09991407550074924,0.2986,8458.215895,3344.815367,5113.400528,12852.198082,4393.982187,7738.797554,1.51949279157427,2.5134346531464216,23.14561700000013,20.717641999999614,10.932700000000295,31.65566100000069,10.938018999999258,20.722960999999486,0.8951000096475933,0.4723442887696722,1.3676741043455662,0.4725740946978945,0.8953298155758549
Italy,IT,2026-01,2026-01-01,italy__standard_employee_roma_lazio,"Italie · salarie standard (Rome, Latium)","Italy · standard employee (Rome, Lazio)",4.07,9420.266119,2242.965363,865.722456,47.349328,151.666285,188.405322,56.521597,28.260798,43.333224,18.840532,64.05781,47.101331,650.69616,35951.297048,0.0,0.0,0.0,3388.181841,915.724822,941.332583,2812.891463,0.09992632592949434,0.29860000000000003,8478.933536,3354.600309,5124.333227,12883.853742,4404.920205,7759.520515,1.5195134725904003,2.514249790291808,23.14561700000013,20.717641000001095,10.932698999999957,31.655659999998534,10.938018000000739,20.722961000000396,0.895099966442933,0.4723442455649333,1.367674061140749,0.4725740514932342,0.8953298155758941
Italy,IT,2026-01,2026-01-01,italy__standard_employee_roma_lazio,"Italie · salarie standard (Rome, Latium)","Italy · standard employee (Rome, Lazio)",4.08,9443.411736,2248.476334,867.849539,47.580784,152.038929,188.868235,56.66047,28.330235,43.439694,18.886823,64.2152,47.217059,652.294922,36058.20008,0.0,0.0,0.0,3396.460611,917.962327,943.760558,2819.802744,0.09993851630711811,0.29860000000000003,8499.651178,3364.385251,5135.265927,12915.509402,4415.858224,7780.243475,1.519534052787832,2.515061456672626,23.14561700000013,20.717641999999614,10.932700000000295,31.655660000000353,10.938018999999258,20.722960000000057,0.8951000096475933,0.4723442887696722,1.3676740611408276,0.4725740946978945,0.8953297723711553
Italy,IT,2026-01,2026-01-01,italy__standard_employee_roma_lazio,"Italie · salarie standard (Rome, Latium)","Italy · standard employee (Rome, Lazio)",4.09,9466.557353,2253.987306,869.976621,47.81224,152.411573,189.331147,56.799344,28.399672,43.546164,18.933115,64.37259,47.332787,653.893684,36165.103111,0.0,0.0,0.0,3404.73938,920.199833,946.188533,2826.714026,0.09995064707409337,0.2986,8520.36882,3374.170194,5146.198626,12947.165062,4426.796242,7800.966436,1.5195545329020006,2.5158696744089846,23.14561700000013,20.717641999999614,10.932698999999957,31.655660000000353,10.938018000000739,20.722960999999486,0.8951000096475933,0.4723442455649333,1.3676740611408276,0.4725740514932342,0.8953298155758549
Italy,IT,2026-01,2026-01-01,italy__standard_employee_roma_lazio,"Italie · salarie standard (Rome, Latium)","Italy · standard employee (Rome, Lazio)",4.1,9489.70297,2259.498277,872.103703,48.043696,152.784218,189.794059,56.938218,28.469109,43.652634,18.979406,64.52998,47.448515,655.492446,36272.006143,0.0,0.0,0.0,3413.01815,922.437338,948.616508,2833.625307,0.09996271866659559,0.2986000000000001,8541.086462,3383.955136,5157.131326,12978.820723,4437.734261,7821.689397,1.5195749136612053,2.5166744654334234,23.14561700000013,20.717641999999614,10.932699999999386,31.65566100000069,10.938018999999258,20.722961000000396,0.8951000096475933,0.4723442887696329,1.3676741043455662,0.4725740946978945,0.8953298155758941
Italy,IT,2026-01,2026-01-01,italy__standard_employee_roma_lazio,"Italie · salarie standard (Rome, Latium)","Italy · standard employee (Rome, Lazio)",4.11,9512.848587,2265.009249,874.230785,48.275153,153.156862,190.256972,57.077092,28.538546,43.759104,19.025697,64.68737,47.564243,657.091208,36378.909174,0.0,0.0,0.0,3421.29692,924.674843,951.044483,2840.536588,0.09997473151655521,0.2986,8561.804104,3393.740078,5168.064025,13010.476383,4448.672279,7842.412358,1.5195951957866962,2.5174758514928937,23.14561700000013,20.717642000001433,10.932698999999957,31.655659999998534,10.938018000000739,20.722960999999486,0.8951000096476719,0.4723442455649333,1.367674061140749,0.4725740514932342,0.8953298155758549
Italy,IT,2026-01,2026-01-01,italy__standard_employee_roma_lazio,"Italie · salarie standard (Rome, Latium)","Italy · standard employee (Rome, Lazio)",4.12,9535.994204,2270.52022,876.357867,48.506609,153.529507,190.719884,57.215965,28.607983,43.865573,19.071988,64.844761,47.679971,658.68997,36485.812206,0.0,0.0,0.0,3429.575689,926.912348,953.472459,2847.447869,0.0999866860517092,0.2985999999999999,8582.521745,3403.52502,5178.996725,13042.132043,4459.610298,7863.135318,1.5196153799927588,2.518273854150714,23.14561700000013,20.717640999999276,10.932700000000295,31.655660000000353,10.938018999999258,20.722960000000057,0.8950999664428544,0.4723442887696722,1.3676740611408276,0.4725740946978945,0.8953297723711553
Italy,IT,2026-01,2026-01-01,italy__standard_employee_roma_lazio,"Italie · salarie standard (Rome, Latium)","Italy · standard employee (Rome, Lazio)",4.13,9559.139821,2276.031191,878.48495,48.738065,153.902151,191.182796,57.354839,28.677419,43.972043,19.11828,65.002151,47.795699,660.288732,36592.715237,0.0,0.0,0.0,3437.854459,929.149854,955.900434,2854.359151,0.0999985826956518,0.29860000000000003,8603.239387,3413.309963,5189.929425,13073.787704,4470.548317,7883.858279,1.519635466986799,2.519068494788518,23.14561700000013,20.717641999999614,10.932700000000295,31.65566100000069,10.938019000000168,20.722961000000396,0.8951000096475933,0.4723442887696722,1.3676741043455662,0.4725740946979338,0.8953298155758941
Italy,IT,2026-01,2026-01-01,italy__standard_employee_roma_lazio,"Italie · salarie standard (Rome, Latium)","Italy · standard employee (Rome, Lazio)",4.14,9582.285438,2281.542163,880.612032,48.969521,154.274796,191.645709,57.493713,28.746856,44.078513,19.164571,65.159541,47.911427,661.887494,36699.618269,0.0,0.0,0.0,3446.133229,931.387359,958.328409,2861.270432,0.10001042186788453,0.29860000000000003,8623.957029,3423.094905,5200.862124,13105.443364,4481.486335,7904.58124,1.5196554574694243,2.5198597946081462,23.14561700000013,20.717641999999614,10.932698999999957,31.655660000000353,10.938017999999829,20.722961000000396,0.8951000096475933,0.4723442455649333,1.3676740611408276,0.4725740514931949,0.8953298155758941
Italy,IT,2026-01,2026-01-01,italy__standard_employee_roma_lazio,"Italie · salarie standard (Rome, Latium)","Italy · standard employee (Rome, Lazio)",4.15,9605.431055,2287.053134,882.739114,49.200977,154.64744,192.108621,57.632586,28.816293,44.184983,19.210862,65.316931,48.027155,663.486256,36806.521301,0.0,0.0,0.0,3454.411998,933.624864,960.756384,2868.181713,0.10002220398386552,0.2986000000000001,8644.674671,3432.879847,5211.794824,13137.099024,4492.424354,7925.304201,1.5196753521345263,2.5206477746335434,23.14561699999831,20.717642000001433,10.932699999999386,31.655659999998534,10.938019000000168,20.722960999999486,0.8951000096477422,0.47234428876967005,1.3676740611408564,0.47257409469797096,0.8953298155759252
Italy,IT,2026-01,2026-01-01,italy__standard_employee_roma_lazio,"Italie · salarie standard (Rome, Latium)","Italy · standard employee (Rome, Lazio)",4.16,9628.576672,2292.564106,884.866196,49.432433,155.020084,192.571533,57.77146,28.88573,44.291453,19.257153,65.474321,48.142883,665.085018,36913.424332,0.0,0.0,0.0,3462.690768,935.86237,963.18436,2875.092994,0.10003392945505814,0.29860000000000003,8665.392312,3442.664789,5222.727523,13168.754685,4503.362372,7946.027161,1.519695151669361,2.521432455712618,23.14561700000013,20.717640999999276,10.932698999999957,31.65566100000069,10.938017999999829,20.722960000000057,0.8950999664428544,0.4723442455649333,1.3676741043455662,0.4725740514931949,0.8953297723711553
Italy,IT,2026-01,2026-01-01,italy__standard_employee_roma_lazio,"Italie · salarie standard (Rome, Latium)","Italy · standard employee (Rome, Lazio)",4.17,9651.722289,2298.075077,886.993278,49.66389,155.392729,193.034446,57.910334,28.955167,44.397923,19.303445,65.631712,48.258611,666.68378,37020.327364,0.0,0.0,0.0,3470.969538,938.099875,965.612335,2882.004275,0.10004559868897887,0.29860000000000003,8686.109954,3452.449731,5233.660223,13200.410345,4514.300391,7966.750122,1.5197148567546266,2.5222138585190756,23.14561700000013,20.717641999999614,10.932700000000295,31.655660000000353,10.938019000000168,20.722961000000396,0.8951000096475933,0.4723442887696722,1.3676740611408276,0.4725740946979338,0.8953298155758941
Italy,IT,2026-01,2026-01-01,italy__standard_employee_roma_lazio,"Italie · salarie standard (Rome, Latium)","Italy · standard employee (Rome, Lazio)",4.18,9674.867906,2303.586048,889.120361,49.895346,155.765373,193.497358,58.049207,29.024604,44.504392,19.349736,65.789102,48.37434,668.282542,37127.230395,0.0,0.0,0.0,3479.248307,940.33738,968.04031,2888.915557,0.10005721208924448,0.2986,8706.827596,3462.234674,5244.592922,13232.066005,4525.238409,7987.473083,1.519734468064543,2.5229920035542452,23.14561700000013,20.717641999999614,10.932698999999957,31.655660000000353,10.938017999999829,20.722960999999486,0.8951000096475933,0.4723442455649333,1.3676740611408276,0.4725740514931949,0.8953298155758549
Italy,IT,2026-01,2026-01-01,italy__standard_employee_roma_lazio,"Italie · salarie standard (Rome, Latium)","Italy · standard employee (Rome, Lazio)",4.19,9698.013523,2309.09702,891.247443,50.126802,156.138018,193.96027,58.188081,29.094041,44.610862,19.396027,65.946492,48.490068,669.881304,37234.133427,0.0,0.0,0.0,3487.527077,942.574886,970.468285,2895.826838,0.1000687700556186,0.2985999999999999,8727.545238,3472.019616,5255.525622,13263.721665,4536.176428,8008.196043,1.519753986266929,2.5237669111488614,23.14561700000013,20.717642000001433,10.932700000000295,31.655659999998534,10.938019000000168,20.722960000000057,0.8951000096476719,0.4723442887696722,1.367674061140749,0.4725740946979338,0.8953297723711553
Italy,IT,2026-01,2026-01-01,italy__standard_employee_roma_lazio,"Italie · salarie standard (Rome, Latium)","Italy · standard employee (Rome, Lazio)",4.2,9721.15914,2314.607991,893.374525,50.358258,156.510662,194.423183,58.326955,29.163477,44.717332,19.442318,66.103882,48.605796,671.480067,37341.036458,0.0,0.0,0.0,3495.805847,944.812391,972.89626,2902.738119,0.1000802729840576,0.29860000000000003,8748.26288,3481.804558,5266.458322,13295.377326,4547.114446,8028.919004,1.5197734120232762,2.524538601464842,23.14561700000013,20.717641999999614,10.932700000000295,31.65566100000069,10.938017999999829,20.722961000000396,0.8951000096475933,0.4723442887696722,1.3676741043455662,0.4725740514931949,0.8953298155758941
Italy,IT,2026-01,2026-01-01,italy__standard_employee_roma_lazio,"Italie · salarie standard (Rome, Latium)","Italy · standard employee (Rome, Lazio)",4.21,9744.304757,2320.118963,895.501607,50.589714,156.883307,194.886095,58.465829,29.232914,44.823802,19.48861,66.261272,48.721524,673.078829,37447.93949,0.0,0.0,0.0,3504.084616,947.049896,975.324236,2909.6494,0.1000917212667558,0.2986,8768.980521,3491.5895,5277.391021,13327.032986,4558.052465,8049.641965,1.519792745988825,2.525307094497034,23.14561700000013,20.717640999999276,10.932698999999957,31.655660000000353,10.938019000000168,20.722960999999486,0.8950999664428544,0.4723442455649333,1.3676740611408276,0.4725740946979338,0.8953298155758549
Italy,IT,2026-01,2026-01-01,italy__standard_employee_roma_lazio,"Italie · salarie standard (Rome, Latium)","Italy · standard employee (Rome, Lazio)",4.22,9767.450374,2325.629934,897.628689,50.82117,157.255951,195.349007,58.604702,29.302351,44.930272,19.534901,66.418663,48.837252,674.677591,37554.842522,0.0,0.0,0.0,3512.363386,949.287402,977.752211,2916.560682,0.10010311529219003,0.2985999999999999,8789.698163,3501.374442,5288.323721,13358.688646,4568.990483,8070.364926,1.5198119888126382,2.5260724100749363,23.14561700000013,20.717641999999614,10.932699999999386,31.655660000000353,10.938017999999829,20.722961000000396,0.8951000096475933,0.4723442887696329,1.3676740611408276,0.4725740514931949,0.8953298155758941
Italy,IT,2026-01,2026-01-01,italy__standard_employee_roma_lazio,"Italie · salarie standard (Rome, Latium)","Italy · standard employee (Rome, Lazio)",4.23,9790.595991,2331.140905,899.755772,51.052627,157.628595,195.81192,58.743576,29.371788,45.036742,19.581192,66.576053,48.95298,676.276353,37661.745553,0.0,0.0,0.0,3520.642156,951.524907,980.180186,2923.471963,0.10011445544516358,0.29860000000000003,8810.415805,3511.159385,5299.25642,13390.344307,4579.928502,8091.087886,1.5198311411376737,2.526834567864417,23.14561700000013,20.717642000001433,10.932698999999957,31.655660999998872,10.938019000000168,20.722960000000057,0.8951000096476719,0.4723442455649333,1.3676741043454879,0.4725740946979338,0.8953297723711553
Italy,IT,2026-01,2026-01-01,italy__standard_employee_roma_lazio,"Italie · salarie standard (Rome, Latium)","Italy · standard employee (Rome, Lazio)",4.24,9813.741608,2336.651877,901.882854,51.284083,158.00124,196.274832,58.88245,29.441225,45.143211,19.627483,66.733443,49.068708,677.875115,37768.648585,0.0,0.0,0.0,3528.920925,953.762412,982.608161,2930.383244,0.1001257421068495,0.2985999999999999,8831.133447,3520.944327,5310.18912,13421.999967,4590.86652,8111.810847,1.5198502036008559,2.527593587369386,23.14561700000013,20.717641999999614,10.932700000000295,31.655660000000353,10.938017999999829,20.722960999999486,0.8951000096475933,0.4723442887696722,1.3676740611408276,0.4725740514931949,0.8953298155758549
Italy,IT,2026-01,2026-01-01,italy__standard_employee_roma_lazio,"Italie · salarie standard (Rome, Latium)","Italy · standard employee (Rome, Lazio)",4.25,9836.887225,2342.162848,904.009936,51.515539,158.373884,196.737745,59.021323,29.510662,45.249681,19.673774,66.890833,49.184436,679.473877,37875.551616,0.0,0.0,0.0,3537.199695,955.999918,985.036137,2937.294525,0.10013697565483339,0.2986000000000001,8851.851088,3530.729269,5321.121819,13453.655627,4601.804539,8132.533808,1.5198691768331465,2.5283494879334656,23.14561700000013,20.717640999999276,10.932698999999957,31.655660000000353,10.938019000000168,20.722961000000396,0.8950999664428544,0.4723442455649333,1.3676740611408276,0.4725740946979338,0.8953298155758941
Italy,IT,2026-01,2026-01-01,italy__standard_employee_roma_lazio,"Italie · salarie standard (Rome, Latium)","Italy · standard employee (Rome, Lazio)",4.26,9860.032842,2347.67382,906.137018,51.746995,158.746529,197.200657,59.160197,29.580099,45.356151,19.720066,67.048223,49.300164,681.072639,37982.454648,0.0,0.0,0.0,3545.478465,958.237423,987.464112,2944.205807,0.10014815646315538,0.2986,8872.56873,3540.514211,5332.054519,13485.311288,4612.742557,8153.256769,1.519888061459613,2.5291022887416275,23.14561700000013,20.717642000001433,10.932700000000295,31.65566100000069,10.938017999999829,20.722960999999486,0.8951000096476719,0.4723442887696722,1.3676741043455662,0.4725740514931949,0.8953298155758549
Italy,IT,2026-01,2026-01-01,italy__standard_employee_roma_lazio,"Italie · salarie standard (Rome, Latium)","Italy · standard employee (Rome, Lazio)",4.27,9883.178459,2353.184791,908.2641,51.978451,159.119173,197.663569,59.299071,29.649535,45.462621,19.766357,67.205614,49.415892,682.671401,38089.357679,0.0,0.0,0.0,3553.757234,960.474928,989.892087,2951.117088,0.10015928490235174,0.2986,8893.286372,3550.299153,5342.987218,13516.966948,4623.680576,8173.979729,1.5199068580995003,2.529852008821828,23.14561700000013,20.717641999999614,10.932698999999957,31.655659999998534,10.938019000000168,20.722960000000057,0.8951000096475933,0.4723442455649333,1.367674061140749,0.4725740946979338,0.8953297723711553
Italy,IT,2026-01,2026-01-01,italy__standard_employee_roma_lazio,"Italie · salarie standard (Rome, Latium)","Italy · standard employee (Rome, Lazio)",4.28,9906.324076,2358.695762,910.391183,52.209907,159.491818,198.126482,59.437944,29.718972,45.569091,19.812648,67.363004,49.53162,684.270163,38196.260711,0.0,0.0,0.0,3562.036004,962.712433,992.320062,2958.028369,0.10017036133949578,0.2986,8914.004014,3560.084096,5353.919918,13548.622608,4634.618594,8194.70269,1.519925567366294,2.5305986670465948,23.14561700000013,20.717641999999614,10.932699999999386,31.655660000000353,10.938017999999829,20.722961000000396,0.8951000096475933,0.4723442887696329,1.3676740611408276,0.4725740514931949,0.8953298155758941
Italy,IT,2026-01,2026-01-01,italy__standard_employee_roma_lazio,"Italie · salarie standard (Rome, Latium)","Italy · standard employee (Rome, Lazio)",4.29,9929.469693,2364.206734,912.518265,52.441364,159.864462,198.589394,59.576818,29.788409,45.675561,19.858939,67.520394,49.647348,685.868925,38303.163743,0.0,0.0,0.0,3570.314774,964.949939,994.748037,2964.93965,0.10018138613823822,0.29860000000000003,8934.721656,3569.869038,5364.852618,13580.278268,4645.556613,8215.425651,1.519944189867791,2.531342282134621,23.14561699999831,20.717641999999614,10.932700000000295,31.655660000000353,10.938019000000168,20.722960999999486,0.8951000096476636,0.47234428876970935,1.367674061140935,0.47257409469797096,0.8953298155759252
Italy,IT,2026-01,2026-01-01,italy__standard_employee_roma_lazio,"Italie · salarie standard (Rome, Latium)","Italy · standard employee (Rome, Lazio)",4.3,9952.61531,2369.717705,914.645347,52.67282,160.237106,199.052306,59.715692,29.857846,45.78203,19.905231,67.677784,49.763077,687.467687,38410.066774,0.0,0.0,0.0,3578.593543,967.187444,997.176013,2971.850932,0.10019235965884696,0.2985999999999999,8955.439297,3579.65398,5375.785317,13611.933929,4656.494631,8236.148612,1.5199627262061632,2.5320828726523312,23.14561700000013,20.717641000001095,10.932698999999957,31.65566100000069,10.938017999999829,20.722961000001305,0.895099966442933,0.4723442455649333,1.3676741043455662,0.4725740514931949,0.8953298155759334
Italy,IT,2026-01,2026-01-01,italy__standard_employee_roma_lazio,"Italie · salarie standard (Rome, Latium)","Italy · standard employee (Rome, Lazio)",4.31,9975.760927,2375.228677,916.772429,52.904276,160.609751,199.515219,59.854566,29.927283,45.8885,19.951522,67.835174,49.878805,689.066449,38516.969806,0.0,0.0,0.0,3586.872313,969.424949,999.603988,2978.762213,0.10020328225824639,0.29860000000000003,8976.156939,3589.438922,5386.718017,13643.589589,4667.43265,8256.871572,1.5199811769780245,2.53282045701542,23.14561700000013,20.717641999999614,10.932700000000295,31.655659999998534,10.938019000000168,20.722959999999148,0.8951000096475933,0.4723442887696722,1.367674061140749,0.4725740946979338,0.895329772371116
Italy,IT,2026-01,2026-01-01,italy__standard_employee_roma_lazio,"Italie · salarie standard (Rome, Latium)","Italy · standard employee (Rome, Lazio)",4.32,9998.906544,2380.739648,918.899511,53.135732,160.982395,199.978131,59.993439,29.99672,45.99497,19.997813,67.992564,49.994533,690.665211,38623.872837,0.0,0.0,0.0,3595.151083,971.662455,1002.031963,2985.673494,0.100214154290056,0.29860000000000003,8996.874581,3599.223865,5397.650716,13675.245249,4678.370668,8277.594533,1.5199995427744917,2.5335550534903812,23.14561700000013,20.717641999999614,10.932698999999957,31.655660000000353,10.938017999999829,20.722960999999486,0.8951000096475933,0.4723442455649333,1.3676740611408276,0.4725740514931949,0.8953298155758549
Italy,IT,2026-01,2026-01-01,italy__standard_employee_roma_lazio,"Italie · salarie standard (Rome, Latium)","Italy · standard employee (Rome, Lazio)",4.33,10022.052161,2386.25062,921.026594,53.367188,161.35504,200.441043,60.132313,30.066156,46.10144,20.044104,68.149955,50.110261,692.263973,38730.775869,0.0,0.0,0.0,3603.429852,973.89996,1004.459938,2992.584775,0.10022497610462863,0.29860000000000003,9017.592223,3609.008807,5408.583416,13706.90091,4689.308687,8298.317494,1.5200178241812494,2.534286680196017,23.14561700000013,20.717641999999614,10.932700000000295,31.65566100000069,10.938019000000168,20.722961000001305,0.8951000096475933,0.4723442887696722,1.3676741043455662,0.4725740946979338,0.8953298155759334
Italy,IT,2026-01,2026-01-01,italy__standard_employee_roma_lazio,"Italie · salarie standard (Rome, Latium)","Italy · standard employee (Rome, Lazio)",4.34,10045.197778,2391.761591,923.153676,53.598644,161.727684,200.903956,60.271187,30.135593,46.20791,20.090396,68.307345,50.225989,693.862735,38837.6789,0.0,0.0,0.0,3611.708622,976.137465,1006.887914,2999.496057,0.10023574804908798,0.2986,9038.309864,3618.793749,5419.516115,13738.55657,4700.246705,8319.040454,1.520036021778613,2.5350153551049233,23.14561700000013,20.717641000001095,10.932698999999957,31.655660000000353,10.938017999999829,20.722959999999148,0.895099966442933,0.4723442455649333,1.3676740611408276,0.4725740514931949,0.895329772371116
Italy,IT,2026-01,2026-01-01,italy__standard_employee_roma_lazio,"Italie · salarie standard (Rome, Latium)","Italy · standard employee (Rome, Lazio)",4.35,10068.343395,2397.272562,925.280758,53.830101,162.100329,201.366868,60.41006,30.20503,46.31438,20.136687,68.464735,50.341717,695.461497,38944.581932,0.0,0.0,0.0,3619.987391,978.374971,1009.315889,3006.407338,0.10024647046736596,0.2986000000000001,9059.027506,3628.578691,5430.448815,13770.21223,4711.184724,8339.763415,1.5200541361415896,2.535741096044972,23.14561700000013,20.717641999999614,10.932699999999386,31.655659999998534,10.938019000000168,20.722960999999486,0.8951000096475933,0.4723442887696329,1.367674061140749,0.4725740946979338,0.8953298155758549
Italy,IT,2026-01,2026-01-01,italy__standard_employee_roma_lazio,"Italie · salarie standard (Rome, Latium)","Italy · standard employee (Rome, Lazio)",4.36,10091.489012,2402.783534,927.40784,54.061557,162.472973,201.82978,60.548934,30.274467,46.420849,20.182978,68.622125,50.457445,697.06026,39051.484964,0.0,0.0,0.0,3628.266161,980.612476,1011.743864,3013.318619,0.10025714370023897,0.29860000000000003,9079.745148,3638.363633,5441.381515,13801.867891,4722.122743,8360.486376,1.5200721678399363,2.5364639207007484,23.14561700000013,20.717641999999614,10.932700000000295,31.65566100000069,10.938019000000168,20.722961000001305,0.8951000096475933,0.4723442887696722,1.3676741043455662,0.4725740946979338,0.8953298155759334
Italy,IT,2026-01,2026-01-01,italy__standard_employee_roma_lazio,"Italie · salarie standard (Rome, Latium)","Italy · standard employee (Rome, Lazio)",4.37,10114.634629,2408.294505,929.534922,54.293013,162.845618,202.292693,60.687808,30.343904,46.527319,20.229269,68.779515,50.573173,698.659022,39158.387995,0.0,0.0,0.0,3636.544931,982.849981,1014.171839,3020.2299,0.10026776808536428,0.2986000000000001,9100.46279,3648.148576,5452.314214,13833.523551,4733.060761,8381.209337,1.5200901174382242,2.537183846615004,23.14561700000013,20.717641999999614,10.932698999999957,31.655660000000353,10.938017999999829,20.722960999999486,0.8951000096475933,0.4723442455649333,1.3676740611408276,0.4725740514931949,0.8953298155758549
Italy,IT,2026-01,2026-01-01,italy__standard_employee_roma_lazio,"Italie · salarie standard (Rome, Latium)","Italy · standard employee (Rome, Lazio)",4.38,10137.780246,2413.805477,931.662005,54.524469,163.218262,202.755605,60.826681,30.413341,46.633789,20.27556,68.936906,50.688901,700.257784,39265.291027,0.0,0.0,0.0,3644.8237,985.087487,1016.599814,3027.141181,0.1002783439573155,0.2986,9121.180432,3657.933518,5463.246914,13865.179211,4743.99878,8401.932297,1.5201079854958934,2.5379008911900662,23.14561700000013,20.717641999999614,10.932700000000295,31.655660000000353,10.938019000000168,20.722959999999148,0.8951000096475933,0.4723442887696722,1.3676740611408276,0.4725740946979338,0.895329772371116
Italy,IT,2026-01,2026-01-01,italy__standard_employee_roma_lazio,"Italie · salarie standard (Rome, Latium)","Italy · standard employee (Rome, Lazio)",4.39,10160.925863,2419.316448,933.789087,54.755925,163.590906,203.218517,60.965555,30.482778,46.740259,20.321852,69.094296,50.804629,701.856546,39372.194058,0.0,0.0,0.0,3653.10247,987.324992,1019.02779,3034.052463,0.10028887164761775,0.2986,9141.898073,3667.71846,5474.179613,13896.834871,4754.936798,8422.655258,1.5201257725673132,2.5386150716892413,23.14561700000013,20.717641000001095,10.932698999999957,31.655659999998534,10.938017999999829,20.722961000001305,0.895099966442933,0.4723442455649333,1.367674061140749,0.4725740514931949,0.8953298155759334
Italy,IT,2026-01,2026-01-01,italy__standard_employee_roma_lazio,"Italie · salarie standard (Rome, Latium)","Italy · standard employee (Rome, Lazio)",4.4,10184.07148,2424.827419,935.916169,54.987381,163.963551,203.68143,61.104429,30.552214,46.846729,20.368143,69.251686,50.920357,703.455308,39479.09709,0.0,0.0,0.0,3661.38124,989.562497,1021.455765,3040.963744,0.10029935148478225,0.29860000000000003,9162.615715,3677.503402,5485.112313,13928.490532,4765.874817,8443.378219,1.5201434792018391,2.5393264052382034,23.14561700000013,20.717641999999614,10.932699999999386,31.65566100000069,10.938019000000168,20.722960999999486,0.8951000096475933,0.4723442887696329,1.3676741043455662,0.4725740946979338,0.8953298155758549
Italy,IT,2026-01,2026-01-01,italy__standard_employee_roma_lazio,"Italie · salarie standard (Rome, Latium)","Italy · standard employee (Rome, Lazio)",4.41,10207.217097,2426.536625,936.575875,55.059167,164.336195,204.144342,61.243303,30.621651,46.953199,20.414434,69.409076,51.036085,705.05407,39594.395685,0.0,0.0,0.0,3670.310177,991.975724,1022.256693,3044.073259,0.10015038215049993,0.29822754139942625,9184.960404,3688.056799,5496.903605,13956.344426,4771.384022,8459.440821,1.5194779086989416,2.5389465467396852,23.14561700000013,22.344688999999562,11.791292000000794,27.853893999999855,5.509205000000293,16.06260199999997,0.9653961266186785,0.5094395193699407,1.2034198094611044,0.23802368284242592,0.693980290091203
Italy,IT,2026-01,2026-01-01,italy__standard_employee_roma_lazio,"Italie · salarie standard (Rome, Latium)","Italy · standard employee (Rome, Lazio)",4.42,10230.362714,2426.536625,936.575875,55.059167,164.70884,204.607254,61.382176,30.691088,47.059668,20.460725,69.566466,51.151814,706.652832,39713.468774,0.0,0.0,0.0,3679.531419,994.467951,1022.32613,3045.473569,0.09993058490581555,0.297689696283138,9208.036584,3698.955679,5509.080905,13982.489115,4774.452531,8473.40821,1.518509292101868,2.5380801906912405,23.14561700000013,23.076180000000022,12.177299999999377,26.144689000000653,3.0685089999997217,13.967388999999457,0.9969999935624915,0.5261168885668206,1.1295740787554078,0.1325740851928771,0.6034571901885086
Italy,IT,2026-01,2026-01-01,italy__standard_employee_roma_lazio,"Italie · salarie standard (Rome, Latium)","Italy · standard employee (Rome, Lazio)",4.43,10253.508331,2426.536625,936.575875,55.059167,165.081484,205.070167,61.52105,30.760525,47.166138,20.507017,69.723857,51.267542,708.251594,39832.541864,0.0,0.0,0.0,3688.752661,996.960179,1022.395567,3046.873879,0.09971177997374825,0.2971542793615056,9231.112764,3709.854559,5521.258206,14008.633804,4777.52104,8487.375598,1.5175455182516344,2.5372176561911965,23.14561700000013,23.076180000000022,12.177301000000625,26.144688999998834,3.0685089999997217,13.967388000000938,0.9969999935624915,0.5261169317715988,1.1295740787553292,0.1325740851928771,0.6034571469838483
Italy,IT,2026-01,2026-01-01,italy__standard_employee_roma_lazio,"Italie · salarie standard (Rome, Latium)","Italy · standard employee (Rome, Lazio)",4.44,10276.653948,2426.536625,936.575875,55.059167,165.454129,205.533079,61.659924,30.829962,47.272608,20.553308,69.881247,51.38327,709.850356,39951.614954,0.0,0.0,0.0,3697.973902,999.452406,1022.465004,3048.274189,0.09949396064948304,0.2966212742278086,9254.188944,3720.753438,5533.435506,14034.778493,4780.589548,8501.342987,1.5165865509207244,2.5363589180095834,23.14561699999831,23.076180000000022,12.177299999999377,26.144689000000653,3.0685080000002927,13.967388999999457,0.9969999935625699,0.526116888566862,1.1295740787554966,0.13257404198818795,0.603457190188556
Italy,IT,2026-01,2026-01-01,italy__standard_employee_roma_lazio,"Italie · salarie standard (Rome, Latium)","Italy · standard employee (Rome, Lazio)",4.45,10299.799565,2426.536625,936.575875,55.059167,165.826773,205.995991,61.798797,30.899399,47.379078,20.599599,70.038637,51.498998,711.449118,40070.688043,0.0,0.0,0.0,3707.195144,1001.944633,1022.53444,3049.674499,0.09927712028847298,0.29609066462280226,9277.265125,3731.652318,5545.612806,14060.923182,4783.658057,8515.310376,1.5156323542420675,2.5355039511380304,23.14561700000013,23.07618100000036,12.177300000000287,26.144689000000653,3.0685089999997217,13.967388999999457,0.9970000367672304,0.5261168885668599,1.1295740787554078,0.1325740851928771,0.6034571901885086
Italy,IT,2026-01,2026-01-01,italy__standard_employee_roma_lazio,"Italie · salarie standard (Rome, Latium)","Italy · standard employee (Rome, Lazio)",4.46,10322.945182,2426.536625,936.575875,55.059167,166.199417,206.458904,61.937671,30.968836,47.485548,20.64589,70.196027,51.614726,713.04788,40189.761133,0.0,0.0,0.0,3716.416385,1004.436861,1022.603877,3051.074809,0.09906125230576339,0.29556243443306496,9300.341305,3742.551198,5557.790107,14087.067871,4786.726566,8529.277764,1.51468289270457,2.5346527307873474,23.14561700000013,23.076180000000022,12.177300999999716,26.144688999998834,3.068509000000631,13.967388000000938,0.9969999935624915,0.5261169317715595,1.1295740787553292,0.13257408519291639,0.6034571469838483
Italy,IT,2026-01,2026-01-01,italy__standard_employee_roma_lazio,"Italie · salarie standard (Rome, Latium)","Italy · standard employee (Rome, Lazio)",4.47,10346.090799,2426.536625,936.575875,55.059167,166.572062,206.921816,62.076545,31.038272,47.592018,20.692182,70.353417,51.730454,714.646642,40308.834222,0.0,0.0,0.0,3725.637627,1006.929088,1022.673314,3052.475118,0.09884635017532545,0.295036567689367,9323.417485,3753.450078,5569.967407,14113.21256,4789.795075,8543.245153,1.513738131148709,2.5338052323851232,23.14561700000013,23.076180000000022,12.177300000000287,26.144689000000653,3.0685089999997217,13.967388999999457,0.9969999935624915,0.5261168885668599,1.1295740787554078,0.1325740851928771,0.6034571901885086
Italy,IT,2026-01,2026-01-01,italy__standard_employee_roma_lazio,"Italie · salarie standard (Rome, Latium)","Italy · standard employee (Rome, Lazio)",4.48,10369.236416,2426.536625,936.575875,55.059167,166.944706,207.384728,62.215418,31.107709,47.698488,20.738473,70.510808,51.846182,716.245404,40427.907312,0.0,0.0,0.0,3734.858869,1009.421316,1022.742751,3053.875428,0.09863240742939838,0.2945130485650603,9346.493665,3764.348958,5582.144707,14139.357248,4792.863583,8557.212541,1.512798034762192,2.5329614315733617,23.14561700000013,23.076180000000022,12.177300000000287,26.144688000000315,3.0685080000002927,13.967388000000938,0.9969999935624915,0.5261168885668599,1.129574035550669,0.13257404198817752,0.6034571469838483
Italy,IT,2026-01,2026-01-01,italy__standard_employee_roma_lazio,"Italie · salarie standard (Rome, Latium)","Italy · standard employee (Rome, Lazio)",4.49,10392.382033,2426.536625,936.575875,55.059167,167.317351,207.847641,62.354292,31.177146,47.804957,20.784764,70.668198,51.96191,717.844166,40546.980401,0.0,0.0,0.0,3744.08011,1011.913543,1022.812188,3055.275738,0.0984194176578407,0.29399186137449224,9369.569845,3775.247838,5594.322007,14165.501937,4795.932092,8571.17993,1.511862569075682,2.532121304206153,23.14561700000013,23.076180000000022,12.177299999999377,26.144689000000653,3.0685089999997217,13.967388999999457,0.9969999935624915,0.5261168885668206,1.1295740787554078,0.1325740851928771,0.6034571901885086
Italy,IT,2026-01,2026-01-01,italy__standard_employee_roma_lazio,"Italie · salarie standard (Rome, Latium)","Italy · standard employee (Rome, Lazio)",4.5,10415.52765,2426.536625,936.575875,55.059167,167.689995,208.310553,62.493166,31.246583,47.911427,20.831055,70.825588,52.077638,719.442928,40666.053491,0.0,0.0,0.0,3753.301352,1014.405771,1022.881625,3056.676048,0.09820737450748995,0.29347299057143783,9392.646025,3786.146718,5606.499308,14191.646626,4799.000601,8585.147319,1.510931699958583,2.531284826347361,23.14561700000013,23.076180000000022,12.177301000000625,26.144688999998834,3.0685089999997217,13.967388999999457,0.9969999935624915,0.5261169317715988,1.1295740787553292,0.1325740851928771,0.6034571901885086
Italy,IT,2026-01,2026-01-01,italy__standard_employee_roma_lazio,"Italie · salarie standard (Rome, Latium)","Italy · standard employee (Rome, Lazio)",4.51,10438.673267,2426.536625,936.575875,55.059167,168.06264,208.773465,62.63204,31.31602,48.017897,20.877347,70.982978,52.193366,721.04169,40785.126581,0.0,0.0,0.0,3762.522593,1016.897998,1022.951061,3058.076358,0.09799627168153101,0.2929564207475544,9415.722206,3797.045598,5618.676608,14217.791315,4802.06911,8599.114707,1.5100053936148905,2.5304519742683627,23.14561700000013,23.07618100000036,12.177299999999377,26.144689000000653,3.068509000000631,13.967388000000938,0.9970000367672304,0.5261168885668206,1.1295740787554078,0.13257408519291639,0.6034571469838483
Italy,IT,2026-01,2026-01-01,italy__standard_employee_roma_lazio,"Italie · salarie standard (Rome, Latium)","Italy · standard employee (Rome, Lazio)",4.52,10461.818884,2426.536625,936.575875,55.059167,168.435284,209.236378,62.770913,31.385457,48.124367,20.923638,71.140368,52.309094,722.640453,40904.19967,0.0,0.0,0.0,3771.743835,1019.390226,1023.020498,3059.476667,0.09778610293887274,0.2924421366308563,9438.798386,3807.944478,5630.853908,14243.936004,4805.137618,8613.082096,1.5090836165791006,2.529622724445791,23.14561700000013,23.076180000000022,12.177300000000287,26.144688999998834,3.068507999999383,13.967388999999457,0.9969999935624915,0.5261168885668599,1.1295740787553292,0.13257404198813824,0.6034571901885086
Italy,IT,2026-01,2026-01-01,italy__standard_employee_roma_lazio,"Italie · salarie standard (Rome, Latium)","Italy · standard employee (Rome, Lazio)",4.53,10484.964501,2426.536625,936.575875,55.059167,168.807928,209.69929,62.909787,31.454894,48.230837,20.969929,71.297759,52.424823,724.239215,41023.27276,0.0,0.0,0.0,3780.965077,1021.882453,1023.089935,3060.876977,0.09757686209353304,0.2919301230842097,9461.874566,3818.843357,5643.031208,14270.080693,4808.206127,8627.049485,1.5081663357121802,2.5287970535593303,23.14561700000013,23.076180000000022,12.177300000000287,26.144689000000653,3.068509000000631,13.967388999999457,0.9969999935624915,0.5261168885668599,1.1295740787554078,0.13257408519291639,0.6034571901885086
Italy,IT,2026-01,2026-01-01,italy__standard_employee_roma_lazio,"Italie · salarie standard (Rome, Latium)","Italy · standard employee (Rome, Lazio)",4.54,10508.110118,2426.536625,936.575875,55.059167,169.180573,210.162202,63.048661,31.52433,48.337307,21.01622,71.455149,52.540551,725.837977,41142.345849,0.0,0.0,0.0,3790.186318,1024.374681,1023.159372,3062.277287,0.09736854301403186,0.29142036510384806,9484.950746,3829.742237,5655.208509,14296.225382,4811.274636,8641.016873,1.5072535181975955,2.5279749384895265,23.14561700000013,23.076180000000022,12.177300999999716,26.144689000000653,3.0685089999997217,13.967388000000938,0.9969999935624915,0.5261169317715595,1.1295740787554078,0.1325740851928771,0.6034571469838483
Italy,IT,2026-01,2026-01-01,italy__standard_employee_roma_lazio,"Italie · salarie standard (Rome, Latium)","Italy · standard employee (Rome, Lazio)",4.55,10531.255735,2426.536625,936.575875,55.059167,169.553217,210.625115,63.187534,31.593767,48.443776,21.062511,71.612539,52.656279,727.436739,41261.418939,0.0,0.0,0.0,3799.40756,1026.866908,1023.228809,3063.677597,0.09716113962279223,0.29091284781790566,9508.026926,3840.641117,5667.385809,14322.370071,4814.343145,8654.984262,1.5063451315373984,2.527156356315628,23.14561700000013,23.076180000000022,12.177300000000287,26.144688999998834,3.0685089999997217,13.967388999999457,0.9969999935624915,0.5261168885668599,1.1295740787553292,0.1325740851928771,0.6034571901885086
Italy,IT,2026-01,2026-01-01,italy__standard_employee_roma_lazio,"Italie · salarie standard (Rome, Latium)","Italy · standard employee (Rome, Lazio)",4.56,10554.401352,2426.536625,936.575875,55.059167,169.925862,211.088027,63.326408,31.663204,48.550246,21.108803,71.769929,52.772007,729.035501,41380.492028,0.0,0.0,0.0,3808.628801,1029.359135,1023.298246,3065.077907,0.09695464589554928,0.2904075564849716,9531.103106,3851.539997,5679.563109,14348.51476,4817.411653,8668.95165,1.5054411435483683,2.5263412843134545,23.14561700000013,23.076180000000022,12.177299999999377,26.144689000000653,3.0685080000002927,13.967388000000938,0.9969999935624915,0.5261168885668206,1.1295740787554078,0.13257404198817752,0.6034571469838483
Italy,IT,2026-01,2026-01-01,italy__standard_employee_roma_lazio,"Italie · salarie standard (Rome, Latium)","Italy · standard employee (Rome, Lazio)",4.57,10577.546969,2426.536625,936.575875,55.059167,170.298506,211.550939,63.465282,31.732641,48.656716,21.155094,71.927319,52.887735,730.634263,41499.565118,0.0,0.0,0.0,3817.850043,1031.851363,1023.367683,3066.478217,0.09674905586076689,0.2899044764926631,9554.179286,3862.438877,5691.740409,14374.659448,4820.480162,8682.919039,1.5045415223582157,2.525529699953301,23.14561700000013,23.076180000000022,12.177300000000287,26.144688000000315,3.0685089999997217,13.967388999999457,0.9969999935624915,0.5261168885668599,1.129574035550669,0.1325740851928771,0.6034571901885086
Italy,IT,2026-01,2026-01-01,italy__standard_employee_roma_lazio,"Italie · salarie standard (Rome, Latium)","Italy · standard employee (Rome, Lazio)",4.58,10600.692586,2426.536625,936.575875,55.059167,170.671151,212.013852,63.604156,31.802078,48.763186,21.201385,72.08471,53.003463,732.233025,41618.638208,0.0,0.0,0.0,3827.071284,1034.34359,1023.437119,3067.878526,0.09654436359906216,0.2894035933562163,9577.255467,3873.337757,5703.91771,14400.804137,4823.548671,8696.886428,1.5036462364018301,2.5247215808978543,23.14561699999831,23.07618100000036,12.177300999999716,26.144688999998834,3.0685089999997217,13.967388999999457,0.9970000367673088,0.5261169317716008,1.129574078755418,0.13257408519288752,0.603457190188556
Italy,IT,2026-01,2026-01-01,italy__standard_employee_roma_lazio,"Italie · salarie standard (Rome, Latium)","Italy · standard employee (Rome, Lazio)",4.59,10623.838203,2426.536625,936.575875,55.059167,171.043795,212.476764,63.743029,31.871515,48.869656,21.247676,72.2421,53.119191,733.831787,41737.711297,0.0,0.0,0.0,3836.292526,1036.835818,1023.506556,3069.278836,0.09634056324263719,0.28890489271709585,9600.331647,3884.236637,5716.09501,14426.948826,4826.61718,8710.853816,1.5027552544175933,2.5239169050001475,23.14561700000013,23.076180000000022,12.177300000000287,26.144689000000653,3.068509000000631,13.967388000000938,0.9969999935624915,0.5261168885668599,1.1295740787554078,0.13257408519291639,0.6034571469838483
Italy,IT,2026-01,2026-01-01,italy__standard_employee_roma_lazio,"Italie · salarie standard (Rome, Latium)","Italy · standard employee (Rome, Lazio)",4.6,10646.98382,2426.536625,936.575875,55.059167,171.41644,212.939676,63.881903,31.940951,48.976126,21.293968,72.39949,53.234919,735.430549,41856.784387,0.0,0.0,0.0,3845.513768,1039.328045,1023.575993,3070.679146,0.09613764897471842,0.2884083603416239,9623.407827,3895.135517,5728.27231,14453.093515,4829.685688,8724.821205,1.5018685454437393,2.5231156503015355,23.14561700000013,23.076180000000022,12.177300000000287,26.144689000000653,3.068507999999383,13.967388999999457,0.9969999935624915,0.5261168885668599,1.1295740787554078,0.13257404198813824,0.6034571901885086
Italy,IT,2026-01,2026-01-01,italy__standard_employee_roma_lazio,"Italie · salarie standard (Rome, Latium)","Italy · standard employee (Rome, Lazio)",4.61,10670.129437,2426.536625,936.575875,55.059167,171.789084,213.402589,64.020777,32.010388,49.082595,21.340259,72.55688,53.350647,737.029311,41975.857476,0.0,0.0,0.0,3854.735009,1041.820273,1023.64543,3072.079456,0.09593561502900318,0.2879139821196247,9646.484007,3906.034397,5740.449611,14479.238204,4832.754197,8738.788594,1.5009860788147653,2.522317795029699,23.14561700000013,23.076179999998203,12.177300999999716,26.144688999998834,3.068509000000631,13.967388999999457,0.9969999935624129,0.5261169317715595,1.1295740787553292,0.13257408519291639,0.6034571901885086
Italy,IT,2026-01,2026-01-01,italy__standard_employee_roma_lazio,"Italie · salarie standard (Rome, Latium)","Italy · standard employee (Rome, Lazio)",4.62,10693.275054,2426.536625,936.575875,55.059167,172.161728,213.865501,64.15965,32.079825,49.189065,21.38655,72.71427,53.466375,738.628073,42094.930566,0.0,0.0,0.0,3863.956251,1044.3125,1023.714867,3073.479766,0.09573445568911357,0.2874217440630887,9669.560187,3916.933276,5752.626911,14505.382893,4835.822706,8752.755982,1.5001078241578998,2.52152331759667,23.14561700000013,23.076180000000022,12.177300000000287,26.144689000000653,3.0685089999997217,13.967388000000938,0.9969999935624915,0.5261168885668599,1.1295740787554078,0.1325740851928771,0.6034571469838483
Italy,IT,2026-01,2026-01-01,italy__standard_employee_roma_lazio,"Italie · salarie standard (Rome, Latium)","Italy · standard employee (Rome, Lazio)",4.63,10716.420671,2426.536625,936.575875,55.059167,172.534373,214.328413,64.298524,32.149262,49.295535,21.432841,72.871661,53.582103,740.226835,42214.003655,0.0,0.0,0.0,3873.177492,1046.804728,1023.784304,3074.880076,0.09553416528805718,0.2869316323048532,9692.636367,3927.832156,5764.804211,14531.527582,4838.891215,8766.723371,1.4992337513896168,2.520732196596887,23.14561700000013,23.076180000000022,12.177299999999377,26.144689000000653,3.0685089999997217,13.967388999999457,0.9969999935624915,0.5261168885668206,1.1295740787554078,0.1325740851928771,0.6034571901885086
Italy,IT,2026-01,2026-01-01,italy__standard_employee_roma_lazio,"Italie · salarie standard (Rome, Latium)","Italy · standard employee (Rome, Lazio)",4.64,10739.566288,2426.536625,936.575875,55.059167,172.907017,214.791326,64.437398,32.218699,49.402005,21.479133,73.029051,53.697831,741.825597,42333.076745,0.0,0.0,0.0,3882.398734,1049.296955,1023.853741,3076.280385,0.09533473820769499,0.2864436330972996,9715.712547,3938.731036,5776.981511,14557.672271,4841.959723,8780.690759,1.4983638307122003,2.519944410805272,23.14561700000013,23.076180000000022,12.177300000000287,26.144688999998834,3.0685080000002927,13.967387999999119,0.9969999935624915,0.5261168885668599,1.1295740787553292,0.13257404198817752,0.6034571469837697
Italy,IT,2026-01,2026-01-01,italy__standard_employee_roma_lazio,"Italie · salarie standard (Rome, Latium)","Italy · standard employee (Rome, Lazio)",4.65,10762.711905,2426.536625,936.575875,55.059167,173.279662,215.254238,64.576271,32.288136,49.508475,21.525424,73.186441,53.81356,743.424359,42452.149835,0.0,0.0,0.0,3891.619976,1051.789183,1023.923177,3077.680695,0.09513616887821606,0.28595773281106884,9738.788728,3949.629916,5789.158812,14583.81696,4845.028232,8794.658148,1.4974980326103582,2.5191599391753314,23.14561700000013,23.07618100000036,12.177300999999716,26.144689000000653,3.0685089999997217,13.967389000001276,0.9970000367672304,0.5261169317715595,1.1295740787554078,0.1325740851928771,0.6034571901885872
Italy,IT,2026-01,2026-01-01,italy__standard_employee_roma_lazio,"Italie · salarie standard (Rome, Latium)","Italy · standard employee (Rome, Lazio)",4.66,10785.857522,2426.536625,936.575875,55.059167,173.652306,215.71715,64.715145,32.357573,49.614945,21.571715,73.343831,53.929288,745.023121,42571.222924,0.0,0.0,0.0,3900.841217,1054.28141,1023.992614,3079.081005,0.09493845177761903,0.28547391793379184,9761.864908,3960.528796,5801.336112,14609.961649,4848.096741,8808.625537,1.496636327847885,2.5183787608372796,23.14561700000013,23.076180000000022,12.177300000000287,26.144689000000653,3.068509000000631,13.967388999999457,0.9969999935624915,0.5261168885668599,1.1295740787554078,0.13257408519291639,0.6034571901885086
Italy,IT,2026-01,2026-01-01,italy__standard_employee_roma_lazio,"Italie · salarie standard (Rome, Latium)","Italy · standard employee (Rome, Lazio)",4.67,10809.003139,2426.536625,936.575875,55.059167,174.024951,216.180063,64.854019,32.427009,49.721414,21.618006,73.501221,54.045016,746.621883,42690.296014,0.0,0.0,0.0,3910.062459,1056.773637,1024.062051,3080.481315,0.09474158143120018,0.28499217506883723,9784.941088,3971.427676,5813.513412,14636.106337,4851.165249,8822.592925,1.4957786874643706,2.517600855096198,23.14561700000013,23.076180000000022,12.177300000000287,26.144687999998496,3.068507999999383,13.967388000000938,0.9969999935624915,0.5261168885668599,1.1295740355505903,0.13257404198813824,0.6034571469838483
Italy,IT,2026-01,2026-01-01,italy__standard_employee_roma_lazio,"Italie · salarie standard (Rome, Latium)","Italy · standard employee (Rome, Lazio)",4.68,10832.148756,2426.536625,936.575875,55.059167,174.397595,216.642975,64.992893,32.496446,49.827884,21.664298,73.658612,54.160744,748.220646,42809.369103,0.0,0.0,0.0,3919.2837,1059.265865,1024.131488,3081.881625,0.09454555241104802,0.2845124909340748,9808.017268,3982.326556,5825.690712,14662.251026,4854.233758,8836.560314,1.4949250827719551,2.5168262014301934,23.14561700000013,23.076180000000022,12.177299999999377,26.144689000000653,3.068509000000631,13.967388999999457,0.9969999935624915,0.5261168885668206,1.1295740787554078,0.13257408519291639,0.6034571901885086
Italy,IT,2026-01,2026-01-01,italy__standard_employee_roma_lazio,"Italie · salarie standard (Rome, Latium)","Italy · standard employee (Rome, Lazio)",4.69,10855.294373,2426.536625,936.575875,55.059167,174.770239,217.105887,65.131766,32.565883,49.934354,21.710589,73.816002,54.276472,749.819408,42928.442193,0.0,0.0,0.0,3928.504942,1061.758092,1024.200925,3083.281935,0.09435035933554471,0.2840348523606547,9831.093448,3993.225436,5837.868013,14688.395715,4857.302267,8850.527703,1.4940754853521307,2.5160547794886026,23.14561700000013,23.076180000000022,12.177301000000625,26.144689000000653,3.0685089999997217,13.967388999999457,0.9969999935624915,0.5261169317715988,1.1295740787554078,0.1325740851928771,0.6034571901885086
Italy,IT,2026-01,2026-01-01,italy__standard_employee_roma_lazio,"Italie · salarie standard (Rome, Latium)","Italy · standard employee (Rome, Lazio)",4.7,10878.43999,2426.536625,936.575875,55.059167,175.142884,217.5688,65.27064,32.63532,50.040824,21.75688,73.973392,54.3922,751.41817,43047.515282,0.0,0.0,0.0,3937.726183,1064.25032,1024.270362,3084.682244,0.09415599686887337,0.2835592462918022,9854.169628,4004.124315,5850.045313,14714.540404,4860.370776,8864.495091,1.4932298670525879,2.515286569090209,23.14561700000013,23.076180000000022,12.177299999999377,26.144688999998834,3.0685089999997217,13.967388000000938,0.9969999935624915,0.5261168885668206,1.1295740787553292,0.1325740851928771,0.6034571469838483
Italy,IT,2026-01,2026-01-01,italy__standard_employee_roma_lazio,"Italie · salarie standard (Rome, Latium)","Italy · standard employee (Rome, Lazio)",4.71,10901.585607,2426.536625,936.575875,55.059167,175.515528,218.031712,65.409514,32.704757,50.147294,21.803171,74.130782,54.507928,753.016932,43166.588372,0.0,0.0,0.0,3946.947425,1066.742547,1024.339798,3086.082554,0.0939624597205318,0.2830856597816285,9877.245809,4015.023195,5862.222613,14740.685093,4863.439284,8878.46248,1.492388199984106,2.5145215502214793,23.14561700000013,23.07618100000036,12.177300000000287,26.144689000000653,3.0685080000002927,13.967388999999457,0.9970000367672304,0.5261168885668599,1.1295740787554078,0.13257404198817752,0.6034571901885086
Italy,IT,2026-01,2026-01-01,italy__standard_employee_roma_lazio,"Italie · salarie standard (Rome, Latium)","Italy · standard employee (Rome, Lazio)",4.72,10924.731224,2426.536625,936.575875,55.059167,175.888173,218.494624,65.548387,32.774194,50.253764,21.849462,74.288172,54.623656,754.615694,43285.661461,0.0,0.0,0.0,3956.168667,1069.234775,1024.409235,3087.482864,0.0937697426448527,0.28261407999395555,9900.321989,4025.922075,5874.399913,14766.829782,4866.507793,8892.429868,1.4915504565174873,2.5137597030348333,23.14561699999831,23.076180000000022,12.177300000000287,26.144689000000653,3.0685089999997217,13.967387999999119,0.9969999935625699,0.5261168885669013,1.1295740787554966,0.13257408519288752,0.6034571469838172
Italy,IT,2026-01,2026-01-01,italy__standard_employee_roma_lazio,"Italie · salarie standard (Rome, Latium)","Italy · standard employee (Rome, Lazio)",4.73,10947.876841,2426.536625,936.575875,55.059167,176.260817,218.957537,65.687261,32.843631,50.360233,21.895754,74.445563,54.739384,756.214456,43404.734551,0.0,0.0,0.0,3965.389908,1071.727002,1024.478672,3088.883174,0.09357784044052951,0.2821444942011565,9923.398169,4036.820955,5886.577214,14792.974471,4869.576302,8906.397257,1.4907166092805315,2.513001007846915,23.14561700000013,23.076180000000022,12.177300999999716,26.144688999998834,3.068509000000631,13.967389000001276,0.9969999935624915,0.5261169317715595,1.1295740787553292,0.13257408519291639,0.6034571901885872
Italy,IT,2026-01,2026-01-01,italy__standard_employee_roma_lazio,"Italie · salarie standard (Rome, Latium)","Italy · standard employee (Rome, Lazio)",4.74,10971.022458,2426.536625,936.575875,55.059167,176.633462,219.420449,65.826135,32.913067,50.466703,21.942045,74.602953,54.855112,757.813218,43523.807641,0.0,0.0,0.0,3974.61115,1074.21923,1024.548109,3090.283484,0.09338674795014866,0.28167688978301064,9946.474349,4047.719835,5898.754514,14819.11916,4872.644811,8920.364646,1.4898866311550583,2.51224544513691,23.14561700000013,23.076180000000022,12.177300000000287,26.144689000000653,3.0685089999997217,13.967388999999457,0.9969999935624915,0.5261168885668599,1.1295740787554078,0.1325740851928771,0.6034571901885086
Italy,IT,2026-01,2026-01-01,italy__standard_employee_roma_lazio,"Italie · salarie standard (Rome, Latium)","Italy · standard employee (Rome, Lazio)",4.75,10994.168075,2426.536625,936.575875,55.059167,177.006106,219.883362,65.965008,32.982504,50.573173,21.988336,74.760343,54.97084,759.41198,43642.88073,0.0,0.0,0.0,3983.832391,1076.711457,1024.617546,3091.683794,0.0931964600597273,0.2812112542255727,9969.550529,4058.618715,5910.931814,14845.263849,4875.713319,8934.332034,1.4890604952739643,2.511492995544861,23.14561700000013,23.076180000000022,12.177299999999377,26.144689000000653,3.0685080000002927,13.967387999999119,0.9969999935624915,0.5261168885668206,1.1295740787554078,0.13257404198817752,0.6034571469837697
Italy,IT,2026-01,2026-01-01,italy__standard_employee_roma_lazio,"Italie · salarie standard (Rome, Latium)","Italy · standard employee (Rome, Lazio)",4.76,11017.313692,2426.536625,936.575875,55.059167,177.37875,220.346274,66.103882,33.051941,50.679643,22.034627,74.917733,55.086568,761.010742,43761.95382,0.0,0.0,0.0,3993.053633,1079.203685,1024.686983,3093.084103,0.09300697169825729,0.28074757512005677,9992.626709,4069.517595,5923.109114,14871.408537,4878.781828,8948.299423,1.4882381750183267,2.510743639870025,23.14561700000013,23.076180000000022,12.177300000000287,26.144687999998496,3.0685089999997217,13.967389000001276,0.9969999935624915,0.5261168885668599,1.1295740355505903,0.1325740851928771,0.6034571901885872
Italy,IT,2026-01,2026-01-01,italy__standard_employee_roma_lazio,"Italie · salarie standard (Rome, Latium)","Italy · standard employee (Rome, Lazio)",4.77,11040.459309,2426.536625,936.575875,55.059167,177.751395,220.809186,66.242756,33.121378,50.786113,22.080919,75.075123,55.202297,762.609504,43881.026909,0.0,0.0,0.0,4002.274875,1081.695912,1024.75642,3094.484413,0.09281827783725466,0.2802858401617339,10015.702889,4080.416475,5935.286415,14897.553226,4881.850337,8962.266812,1.48741964401454,2.509997359069228,23.14561700000013,23.076180000000022,12.177300999999716,26.144689000000653,3.0685089999997217,13.967388999999457,0.9969999935624915,0.5261169317715595,1.1295740787554078,0.1325740851928771,0.6034571901885086
Italy,IT,2026-01,2026-01-01,italy__standard_employee_roma_lazio,"Italie · salarie standard (Rome, Latium)","Italy · standard employee (Rome, Lazio)",4.78,11063.604926,2426.536625,936.575875,55.059167,178.124039,221.272099,66.38163,33.190815,50.892583,22.12721,75.232513,55.318025,764.208266,44000.099999,0.0,0.0,0.0,4011.496116,1084.18814,1024.825856,3095.884723,0.09263037349031479,0.2798260371488432,10038.77907,4091.315355,5947.463715,14923.697915,4884.918846,8976.2342,1.4866048761315012,2.50925413425526,23.14561700000013,23.07618100000036,12.177300000000287,26.144689000000653,3.0685089999997217,13.967388000000938,0.9970000367672304,0.5261168885668599,1.1295740787554078,0.1325740851928771,0.6034571469838483
Italy,IT,2026-01,2026-01-01,italy__standard_employee_roma_lazio,"Italie · salarie standard (Rome, Latium)","Italy · standard employee (Rome, Lazio)",4.79,11086.750543,2426.536625,936.575875,55.059167,178.496684,221.735011,66.520503,33.260252,50.999052,22.173501,75.389904,55.433753,765.807028,44119.173088,0.0,0.0,0.0,4020.717358,1086.680367,1024.895293,3097.285033,0.0924432537126732,0.27936815398151776,10061.85525,4102.214234,5959.641015,14949.842604,4887.987354,8990.201589,1.485793845477827,2.5085139466952824,23.14561700000013,23.076180000000022,12.177300000000287,26.144688999998834,3.0685080000002927,13.967388999999457,0.9969999935624915,0.5261168885668599,1.1295740787553292,0.13257404198817752,0.6034571901885086
Italy,IT,2026-01,2026-01-01,italy__standard_employee_roma_lazio,"Italie · salarie standard (Rome, Latium)","Italy · standard employee (Rome, Lazio)",4.8,11109.89616,2426.536625,936.575875,55.059167,178.869328,222.197923,66.659377,33.329688,51.105522,22.219792,75.547294,55.549481,767.40579,44238.246178,0.0,0.0,0.0,4029.938599,1089.172594,1024.96473,3098.685343,0.09225691360077182,0.2789121786607229,10084.93143,4113.113114,5971.818316,14975.987293,4891.055863,9004.168977,1.48498652639911,2.507776777809248,23.14561700000013,23.076180000000022,12.177300999999716,26.144689000000653,3.0685089999997217,13.967387999999119,0.9969999935624915,0.5261169317715595,1.1295740787554078,0.1325740851928771,0.6034571469837697
Italy,IT,2026-01,2026-01-01,italy__standard_employee_roma_lazio,"Italie · salarie standard (Rome, Latium)","Italy · standard employee (Rome, Lazio)",4.81,11133.041777,2426.536625,936.575875,55.059167,179.241973,222.660836,66.798251,33.399125,51.211992,22.266084,75.704684,55.665209,769.004552,44357.319268,0.0,0.0,0.0,4039.159841,1091.664822,1025.034167,3100.085653,0.09207134829183052,0.2784580992872079,10108.00761,4124.011994,5983.995616,15002.131982,4894.124372,9018.136366,1.4841828934752153,2.5070426091683484,23.14561700000013,23.076180000000022,12.177300000000287,26.144689000000653,3.068509000000631,13.967389000001276,0.9969999935624915,0.5261168885668599,1.1295740787554078,0.13257408519291639,0.6034571901885872
Italy,IT,2026-01,2026-01-01,italy__standard_employee_roma_lazio,"Italie · salarie standard (Rome, Latium)","Italy · standard employee (Rome, Lazio)",4.82,11156.187394,2426.536625,936.575875,55.059167,179.614617,223.123748,66.937124,33.468562,51.318462,22.312375,75.862074,55.780937,770.603314,44476.392357,0.0,0.0,0.0,4048.381083,1094.157049,1025.103604,3101.485962,0.0918865529634242,0.278005904060471,10131.08379,4134.910874,5996.172916,15028.276671,4897.192881,9032.103755,1.4833829215176122,2.506311422493485,23.14561700000013,23.076180000000022,12.177300000000287,26.144688999998834,3.0685089999997217,13.967388999999457,0.9969999935624915,0.5261168885668599,1.1295740787553292,0.1325740851928771,0.6034571901885086
Italy,IT,2026-01,2026-01-01,italy__standard_employee_roma_lazio,"Italie · salarie standard (Rome, Latium)","Italy · standard employee (Rome, Lazio)",4.83,11179.333011,2426.536625,936.575875,55.059167,179.987261,223.58666,67.075998,33.537999,51.424932,22.358666,76.019464,55.896665,772.202077,44595.465447,0.0,0.0,0.0,4057.602324,1096.649277,1025.173041,3102.886272,0.09170252283306517,0.2775555812777371,10154.15997,4145.809754,6008.350216,15054.42136,4900.261389,9046.071143,1.4825865855667415,2.5055831996537385,23.14561700000013,23.076180000000022,12.177299999999377,26.144689000000653,3.0685080000002927,13.967387999999119,0.9969999935624915,0.5261168885668206,1.1295740787554078,0.13257404198817752,0.6034571469837697
Italy,IT,2026-01,2026-01-01,italy__standard_employee_roma_lazio,"Italie · salarie standard (Rome, Latium)","Italy · standard employee (Rome, Lazio)",4.84,11202.478628,2426.536625,936.575875,55.059167,180.359906,224.049573,67.214872,33.607436,51.531402,22.404957,76.176855,56.012393,773.800839,44714.538536,0.0,0.0,0.0,4066.823566,1099.141504,1025.242478,3104.286582,0.09151925315779025,0.27710711933294835,10177.23615,4156.708634,6020.527517,15080.566049,4903.329898,9060.038532,1.4817938608894208,2.5048579226648857,23.14561700000013,23.076180000000022,12.177301000000625,26.144688999998834,3.0685089999997217,13.967389000001276,0.9969999935624915,0.5261169317715988,1.1295740787553292,0.1325740851928771,0.6034571901885872
Italy,IT,2026-01,2026-01-01,italy__standard_employee_roma_lazio,"Italie · salarie standard (Rome, Latium)","Italy · standard employee (Rome, Lazio)",4.85,11225.624245,2426.536625,936.575875,55.059167,180.73255,224.512485,67.353745,33.676873,51.637872,22.451248,76.334245,56.128121,775.399601,44833.611626,0.0,0.0,0.0,4076.044807,1101.633732,1025.311914,3105.686892,0.09133673923375354,0.2766605067157671,10200.312331,4167.607514,6032.704817,15106.710737,4906.398407,9074.005921,1.4810047229762835,2.5041355736879067,23.14561700000013,23.07618099999854,12.177299999999377,26.144688000000315,3.0685089999997217,13.967388999999457,0.9970000367671518,0.5261168885668206,1.129574035550669,0.1325740851928771,0.6034571901885086
Italy,IT,2026-01,2026-01-01,italy__standard_employee_roma_lazio,"Italie · salarie standard (Rome, Latium)","Italy · standard employee (Rome, Lazio)",4.86,11248.769862,2426.536625,936.575875,55.059167,181.105195,224.975397,67.492619,33.74631,51.744341,22.49754,76.491635,56.243849,776.998363,44952.684715,0.0,0.0,0.0,4085.266049,1104.125959,1025.381351,3107.087202,0.09115497639582403,0.2762157320105905,10223.388511,4178.506394,6044.882117,15132.855426,4909.466916,9087.973309,1.4802191475392519,2.5034161350275284,23.14561699999831,23.076180000000022,12.177300000000287,26.144689000000653,3.068509000000631,13.967388000000938,0.9969999935625699,0.5261168885669013,1.1295740787554966,0.13257408519292682,0.6034571469838957
Italy,IT,2026-01,2026-01-01,italy__standard_employee_roma_lazio,"Italie · salarie standard (Rome, Latium)","Italy · standard employee (Rome, Lazio)",4.87,11271.915479,2426.536625,936.575875,55.059167,181.477839,225.43831,67.631493,33.815746,51.850811,22.543831,76.649025,56.359577,778.597125,45071.757805,0.0,0.0,0.0,4094.48729,1106.618187,1025.450788,3108.487511,0.09097396001718784,0.2757727838955791,10246.464691,4189.405274,6057.059417,15159.000115,4912.535424,9101.940698,1.479437110509047,2.5026995891307786,23.14561700000013,23.076180000000022,12.177300000000287,26.144689000000653,3.068507999999383,13.967388999999457,0.9969999935624915,0.5261168885668599,1.1295740787554078,0.13257404198813824,0.6034571901885086
Italy,IT,2026-01,2026-01-01,italy__standard_employee_roma_lazio,"Italie · salarie standard (Rome, Latium)","Italy · standard employee (Rome, Lazio)",4.88,11295.061096,2426.536625,936.575875,55.059167,181.850484,225.901222,67.770367,33.885183,51.957281,22.590122,76.806415,56.475305,780.195887,45190.830895,0.0,0.0,0.0,4103.708532,1109.110414,1025.520225,3109.887821,0.09079368550895589,0.2753316511416947,10269.540871,4200.304153,6069.236718,15185.144804,4915.603933,9115.908086,1.4786585880327292,2.501985918585559,23.14561700000013,23.076180000000022,12.177300999999716,26.144688999998834,3.068509000000631,13.967387999999119,0.9969999935624915,0.5261169317715595,1.1295740787553292,0.13257408519291639,0.6034571469837697
Italy,IT,2026-01,2026-01-01,italy__standard_employee_roma_lazio,"Italie · salarie standard (Rome, Latium)","Italy · standard employee (Rome, Lazio)",4.89,11318.206713,2426.536625,936.575875,55.059167,182.223128,226.364134,67.90924,33.95462,52.063751,22.636413,76.963806,56.591034,781.794649,45309.903984,0.0,0.0,0.0,4112.929774,1111.602642,1025.589662,3111.288131,0.09061414831977603,0.27489232261175267,10292.617051,4211.203033,6081.414018,15211.289493,4918.672442,9129.875475,1.4778835564712727,2.5012751061192304,23.14561700000013,23.076180000000022,12.177300000000287,26.144689000000653,3.0685089999997217,13.967389000001276,0.9969999935624915,0.5261168885668599,1.1295740787554078,0.1325740851928771,0.6034571901885872
Italy,IT,2026-01,2026-01-01,italy__standard_employee_roma_lazio,"Italie · salarie standard (Rome, Latium)","Italy · standard employee (Rome, Lazio)",4.9,11341.35233,2426.536625,936.575875,55.059167,182.595773,226.827047,68.048114,34.024057,52.170221,22.682705,77.121196,56.706762,783.393411,45428.977074,0.0,0.0,0.0,4122.151015,1114.094869,1025.659099,3112.688441,0.09043534393544995,0.27445478725948363,10315.693231,4222.101913,6093.591318,15237.434182,4921.740951,9143.842864,1.4771119923971736,2.5005671345972265,23.14561700000013,23.076180000000022,12.177299999999377,26.144689000000653,3.0685089999997217,13.967388999999457,0.9969999935624915,0.5261168885668206,1.1295740787554078,0.1325740851928771,0.6034571901885086
Italy,IT,2026-01,2026-01-01,italy__standard_employee_roma_lazio,"Italie · salarie standard (Rome, Latium)","Italy · standard employee (Rome, Lazio)",4.91,11364.497947,2426.536625,936.575875,55.059167,182.968417,227.289959,68.186988,34.093494,52.276691,22.728996,77.278586,56.82249,784.992173,45548.050163,0.0,0.0,0.0,4131.372257,1116.587096,1025.728536,3114.088751,0.09025726787855493,0.27401903412860895,10338.769411,4233.000793,6105.768618,15263.578871,4924.809459,9157.810252,1.4763438725920908,2.499861987021671,23.14561700000013,23.076180000000022,12.177300000000287,26.144688999998834,3.0685080000002927,13.967387999999119,0.9969999935624915,0.5261168885668599,1.1295740787553292,0.13257404198817752,0.6034571469837697
Italy,IT,2026-01,2026-01-01,italy__standard_employee_roma_lazio,"Italie · salarie standard (Rome, Latium)","Italy · standard employee (Rome, Lazio)",4.92,11387.643564,2426.536625,936.575875,55.059167,183.341061,227.752871,68.325861,34.162931,52.38316,22.775287,77.435976,56.938218,786.590935,45667.123253,0.0,0.0,0.0,4140.593498,1119.079324,1025.797972,3115.489061,0.09007991570807009,0.2735850523519249,10361.845592,4243.899673,6117.945919,15289.72356,4927.877968,9171.777641,1.4755791740445123,2.4991596465300194,23.14561700000013,23.07618100000036,12.177300999999716,26.144689000000653,3.0685089999997217,13.967389000001276,0.9970000367672304,0.5261169317715595,1.1295740787554078,0.1325740851928771,0.6034571901885872
Italy,IT,2026-01,2026-01-01,italy__standard_employee_roma_lazio,"Italie · salarie standard (Rome, Latium)","Italy · standard employee (Rome, Lazio)",4.93,11410.789181,2426.536625,936.575875,55.059167,183.713706,228.215784,68.464735,34.232368,52.48963,22.821578,77.593366,57.053946,788.189697,45786.196342,0.0,0.0,0.0,4149.81474,1121.571551,1025.867409,3116.88937,0.08990328301900703,0.27315283115039973,10384.921772,4254.798553,6130.123219,15315.868249,4930.946477,9185.74503,1.4748178739474627,2.4984600963937162,23.14561700000013,23.076180000000022,12.177300000000287,26.144688999998834,3.068509000000631,13.967388999999457,0.9969999935624915,0.5261168885668599,1.1295740787553292,0.13257408519291639,0.6034571901885086
Italy,IT,2026-01,2026-01-01,italy__standard_employee_roma_lazio,"Italie · salarie standard (Rome, Latium)","Italy · standard employee (Rome, Lazio)",4.94,11433.934798,2426.536625,936.575875,55.059167,184.08635,228.678696,68.603609,34.301804,52.5961,22.86787,77.750757,57.169674,789.788459,45905.269432,0.0,0.0,0.0,4159.035982,1124.063779,1025.936846,3118.28968,0.08972736544204547,0.2727223598322814,10407.997952,4265.697433,6142.300519,15342.012937,4934.014986,9199.712418,1.4740599496962328,2.497763320016865,23.14561700000013,23.076180000000022,12.177300000000287,26.144688000000315,3.0685089999997217,13.967387999999119,0.9969999935624915,0.5261168885668599,1.129574035550669,0.1325740851928771,0.6034571469837697
Italy,IT,2026-01,2026-01-01,italy__standard_employee_roma_lazio,"Italie · salarie standard (Rome, Latium)","Italy · standard employee (Rome, Lazio)",4.95,11457.080415,2426.536625,936.575875,55.059167,184.458995,229.141608,68.742482,34.371241,52.70257,22.914161,77.908147,57.285402,791.387221,46024.342522,0.0,0.0,0.0,4168.257223,1126.556006,1026.006283,3119.68999,0.08955215864317266,0.2722936277922162,10431.074132,4276.596313,6154.47782,15368.157626,4937.083494,9213.679807,1.4733053788861417,2.4970693009349154,23.14561700000013,23.076180000000022,12.177300999999716,26.144689000000653,3.0685080000002927,13.967389000001276,0.9969999935624915,0.5261169317715595,1.1295740787554078,0.13257404198817752,0.6034571901885872
Italy,IT,2026-01,2026-01-01,italy__standard_employee_roma_lazio,"Italie · salarie standard (Rome, Latium)","Italy · standard employee (Rome, Lazio)",4.96,11480.226032,2426.536625,936.575875,55.059167,184.831639,229.604521,68.881356,34.440678,52.80904,22.960452,78.065537,57.40113,792.985983,46143.415611,0.0,0.0,0.0,4177.478465,1129.048234,1026.07572,3121.0903,0.08937765832332756,0.27186662451037696,10454.150312,4287.495192,6166.65512,15394.302315,4940.152003,9227.647195,1.4725541393103314,2.4963780228133685,23.14561700000013,23.076180000000022,12.177300000000287,26.144689000000653,3.0685089999997217,13.967387999999119,0.9969999935624915,0.5261168885668599,1.1295740787554078,0.1325740851928771,0.6034571469837697
Italy,IT,2026-01,2026-01-01,italy__standard_employee_roma_lazio,"Italie · salarie standard (Rome, Latium)","Italy · standard employee (Rome, Lazio)",4.97,11503.371649,2426.536625,936.575875,55.059167,185.204284,230.067433,69.02023,34.510115,52.91551,23.006743,78.222927,57.516858,794.584745,46262.488701,0.0,0.0,0.0,4186.699706,1131.540461,1026.145157,3122.49061,0.08920386021804924,0.27144133955160377,10477.226492,4298.394072,6178.83242,15420.447004,4943.220512,9241.614584,1.4718062089575876,2.495689469446495,23.14561700000013,23.076180000000022,12.177299999999377,26.144688999998834,3.0685089999997217,13.967389000001276,0.9969999935624915,0.5261168885668206,1.1295740787553292,0.1325740851928771,0.6034571901885872
Italy,IT,2026-01,2026-01-01,italy__standard_employee_roma_lazio,"Italie · salarie standard (Rome, Latium)","Italy · standard employee (Rome, Lazio)",4.98,11526.517266,2426.536625,936.575875,55.059167,185.576928,230.530345,69.159104,34.579552,53.021979,23.053035,78.380317,57.632586,796.183507,46381.56179,0.0,0.0,0.0,4195.920948,1134.032689,1026.214593,3123.89092,0.08903076009712944,0.2710177625645522,10500.302673,4309.292952,6191.00972,15446.591693,4946.289021,9255.581973,1.4710615660101867,2.495003624756064,23.14561700000013,23.07618100000036,12.177300000000287,26.144689000000653,3.0685089999997217,13.967388999999457,0.9970000367672304,0.5261168885668599,1.1295740787554078,0.1325740851928771,0.6034571901885086
Italy,IT,2026-01,2026-01-01,italy__standard_employee_roma_lazio,"Italie · salarie standard (Rome, Latium)","Italy · standard employee (Rome, Lazio)",4.99,11549.662883,2426.536625,936.575875,55.059167,185.949572,230.993258,69.297977,34.648989,53.128449,23.099326,78.537708,57.748314,797.78227,46500.63488,0.0,0.0,0.0,4205.14219,1136.524916,1026.28403,3125.291229,0.08885835376426947,0.2705958832808557,10523.378853,4320.191832,6203.187021,15472.736382,4949.357529,9269.549361,1.4703201888417803,2.4943204727901,23.14561700000013,23.076180000000022,12.177300999999716,26.144688999998834,3.0685080000002927,13.967387999999119,0.9969999935624915,0.5261169317715595,1.1295740787553292,0.13257404198817752,0.6034571469837697
Italy,IT,2026-01,2026-01-01,italy__standard_employee_roma_lazio,"Italie · salarie standard (Rome, Latium)","Italy · standard employee (Rome, Lazio)",5.0,11572.8085,2426.536625,936.575875,55.059167,186.322217,231.45617,69.436851,34.718426,53.234919,23.145617,78.695098,57.864043,799.381032,46619.707969,0.0,0.0,0.0,4214.363431,1139.017144,1026.353467,3126.691539,0.08868663705674094,0.270175691514294,10546.455033,4331.090712,6215.364321,15498.881071,4952.426038,9283.51675,1.4695820560152957,2.493639997721638,23.14561699999831,23.076180000000022,12.177300000000287,26.144689000000653,3.0685089999997217,13.967389000001276,0.9969999935625699,0.5261168885669013,1.1295740787554966,0.13257408519288752,0.6034571901886346
Italy,IT,2026-01,2026-01-01,italy__standard_employee_roma_lazio,"Italie · salarie standard (Rome, Latium)","Italy · standard employee (Rome, Lazio)",5.01,11595.954117,2426.536625,936.575875,55.059167,186.694861,231.919082,69.575725,34.787862,53.341389,23.191908,78.852488,57.979771,800.979794,46738.781059,0.0,0.0,0.0,4223.584673,1141.509371,1026.422904,3128.091849,0.08851560584505085,0.2697571771599741,10569.531213,4341.989592,6227.541621,15525.02576,4955.494547,9297.484139,1.4688471462808739,2.49296218384751,23.14561700000013,23.076180000000022,12.177300000000287,26.144689000000653,3.068509000000631,13.967388999999457,0.9969999935624915,0.5261168885668599,1.1295740787554078,0.13257408519291639,0.6034571901885086
Italy,IT,2026-01,2026-01-01,italy__standard_employee_roma_lazio,"Italie · salarie standard (Rome, Latium)","Italy · standard employee (Rome, Lazio)",5.02,11619.099734,2426.536625,936.575875,55.059167,187.067506,232.381995,69.714598,34.857299,53.447859,23.238199,79.009878,58.095499,802.578556,46857.854149,0.0,0.0,0.0,4232.805914,1144.001598,1026.492341,3129.492159,0.08834525603261051,0.26934033019352,10592.607393,4352.888472,6239.718921,15551.170449,4958.563055,9311.451527,1.468115438573827,2.492287015587124,23.14561700000013,23.076180000000022,12.177299999999377,26.144688999998834,3.068507999999383,13.967387999999119,0.9969999935624915,0.5261168885668206,1.1295740787553292,0.13257404198813824,0.6034571469837697
Italy,IT,2026-01,2026-01-01,italy__standard_employee_roma_lazio,"Italie · salarie standard (Rome, Latium)","Italy · standard employee (Rome, Lazio)",5.03,11642.245351,2426.536625,936.575875,55.059167,187.44015,232.844907,69.853472,34.926736,53.554329,23.284491,79.167268,58.211227,804.177318,46976.927238,0.0,0.0,0.0,4242.027156,1146.493826,1026.561778,3130.892469,0.08817558355540848,0.26892514067027234,10615.683573,4363.787352,6251.896222,15577.315137,4961.631564,9325.418916,1.4673869120126288,2.491614477481286,23.14561700000013,23.076180000000022,12.177301000000625,26.144688000000315,3.068509000000631,13.967389000001276,0.9969999935624915,0.5261169317715988,1.129574035550669,0.13257408519291639,0.6034571901885872
Italy,IT,2026-01,2026-01-01,italy__standard_employee_roma_lazio,"Italie · salarie standard (Rome, Latium)","Italy · standard employee (Rome, Lazio)",5.04,11665.390968,2426.536625,936.575875,55.059167,187.812795,233.307819,69.992346,34.996173,53.660798,23.330782,79.324659,58.326955,805.77608,47096.000328,0.0,0.0,0.0,4251.248397,1148.986053,1026.631215,3132.292779,0.08800658438168744,0.2685115987244979,10638.759753,4374.686232,6264.073522,15603.459826,4964.700073,9339.386305,1.4666615458969259,2.490944554191006,23.14561700000013,23.076180000000022,12.177299999999377,26.144689000000653,3.0685089999997217,13.967388999999457,0.9969999935624915,0.5261168885668206,1.1295740787554078,0.1325740851928771,0.6034571901885086
Italy,IT,2026-01,2026-01-01,italy__standard_employee_roma_lazio,"Italie · salarie standard (Rome, Latium)","Italy · standard employee (Rome, Lazio)",5.05,11688.536585,2426.536625,936.575875,55.059167,188.185439,233.770732,70.13122,35.06561,53.767268,23.377073,79.482049,58.442683,807.374842,47215.073417,0.0,0.0,0.0,4260.469639,1151.478281,1026.700651,3133.693088,0.0878382545116247,0.2680996945686079,10661.835934,4385.585111,6276.250822,15629.604515,4967.768582,9353.353693,1.4659393197055786,2.4902772304963414,23.14561700000013,23.07618100000036,12.177300000000287,26.144689000000653,3.0685089999997217,13.967387999999119,0.9970000367672304,0.5261168885668599,1.1295740787554078,0.1325740851928771,0.6034571469837697
Italy,IT,2026-01,2026-01-01,italy__standard_employee_roma_lazio,"Italie · salarie standard (Rome, Latium)","Italy · standard employee (Rome, Lazio)",5.06,11711.682202,2426.536625,936.575875,55.059167,188.558083,234.233644,70.270093,35.135047,53.873738,23.423364,79.639439,58.558411,808.973604,47334.146507,0.0,0.0,0.0,4269.690881,1153.970508,1026.770088,3135.093398,0.08767058997701675,0.2676894184923855,10684.912114,4396.483991,6288.428122,15655.749204,4970.83709,9367.321082,1.4652202130947245,2.4896124912952424,23.14561700000013,23.076180000000022,12.177300000000287,26.144688999998834,3.0685080000002927,13.967389000001276,0.9969999935624915,0.5261168885668599,1.1295740787553292,0.13257404198817752,0.6034571901885872
Italy,IT,2026-01,2026-01-01,italy__standard_employee_roma_lazio,"Italie · salarie standard (Rome, Latium)","Italy · standard employee (Rome, Lazio)",5.07,11734.827819,2426.536625,936.575875,55.059167,188.930728,234.696556,70.408967,35.204483,53.980208,23.469656,79.796829,58.674139,810.572366,47453.219596,0.0,0.0,0.0,4278.912122,1156.462736,1026.839525,3136.493708,0.0875035868409674,0.26728076086222285,10707.988294,4407.382871,6300.605423,15681.893893,4973.905599,9381.28847,1.4645042058958682,2.488950321602405,23.14561700000013,23.076180000000022,12.177300999999716,26.144689000000653,3.0685089999997217,13.967387999999119,0.9969999935624915,0.5261169317715595,1.1295740787554078,0.1325740851928771,0.6034571469837697
Italy,IT,2026-01,2026-01-01,italy__standard_employee_roma_lazio,"Italie · salarie standard (Rome, Latium)","Italy · standard employee (Rome, Lazio)",5.08,11757.973436,2426.536625,936.575875,55.059167,189.303372,235.159469,70.547841,35.27392,54.086678,23.515947,79.954219,58.789867,812.171128,47572.292686,0.0,0.0,0.0,4288.133364,1158.954963,1026.908962,3137.894018,0.08733724119757966,0.2668737121203681,10731.064474,4418.281751,6312.782723,15708.038582,4976.974108,9395.255859,1.4637912781139977,2.488290706548158,23.14561700000013,23.076180000000022,12.177300000000287,26.144688999998834,3.068509000000631,13.967389000001276,0.9969999935624915,0.5261168885668599,1.1295740787553292,0.13257408519291639,0.6034571901885872
Italy,IT,2026-01,2026-01-01,italy__standard_employee_roma_lazio,"Italie · salarie standard (Rome, Latium)","Italy · standard employee (Rome, Lazio)",5.09,11781.119053,2426.536625,936.575875,55.059167,189.676017,235.622381,70.686714,35.343357,54.193148,23.562238,80.11161,58.905595,813.76989,47691.365776,0.0,0.0,0.0,4297.354605,1161.447191,1026.978399,3139.294328,0.08717154917165124,0.26646826278417884,10754.140654,4429.180631,6324.960023,15734.183271,4980.042617,9409.223248,1.4630814099257217,2.487633631377339,23.14561700000013,23.076180000000022,12.177299999999377,26.144689000000653,3.0685089999997217,13.967388999999457,0.9969999935624915,0.5261168885668206,1.1295740787554078,0.1325740851928771,0.6034571901885086
Italy,IT,2026-01,2026-01-01,italy__standard_employee_roma_lazio,"Italie · salarie standard (Rome, Latium)","Italy · standard employee (Rome, Lazio)",5.1,11804.26467,2426.536625,936.575875,55.059167,190.048661,236.085293,70.825588,35.412794,54.299617,23.608529,80.269,59.021323,815.368652,47810.438865,0.0,0.0,0.0,4306.575847,1163.939418,1027.047836,3140.694638,0.0870065069183735,0.2660644034453863,10777.216834,4440.079511,6337.137323,15760.32796,4983.111125,9423.190636,1.4623745816774314,2.4869790814482005,23.14561700000013,23.076180000000022,12.177300000000287,26.144689000000653,3.0685080000002927,13.967387999999119,0.9969999935624915,0.5261168885668599,1.1295740787554078,0.13257404198817752,0.6034571469837697
Italy,IT,2026-01,2026-01-01,italy__standard_employee_roma_lazio,"Italie · salarie standard (Rome, Latium)","Italy · standard employee (Rome, Lazio)",5.11,11827.410287,2426.536625,936.575875,55.059167,190.421306,236.548206,70.964462,35.482231,54.406087,23.654821,80.42639,59.137051,816.967414,47929.511955,0.0,0.0,0.0,4315.797089,1166.431646,1027.117273,3142.094947,0.08684211062303418,0.26566212476936796,10800.293014,4450.978391,6349.314624,15786.472649,4986.179634,9437.158025,1.4616707738834878,2.4863270422313195,23.14561700000013,23.076180000000022,12.177300999999716,26.144688999998834,3.0685089999997217,13.967389000001276,0.9969999935624915,0.5261169317715595,1.1295740787553292,0.1325740851928771,0.6034571901885872
Italy,IT,2026-01,2026-01-01,italy__standard_employee_roma_lazio,"Italie · salarie standard (Rome, Latium)","Italy · standard employee (Rome, Lazio)",5.12,11850.555904,2426.536625,936.575875,55.059167,190.79395,237.011118,71.103335,35.551668,54.512557,23.701112,80.58378,59.25278,818.566176,48048.585044,0.0,0.0,0.0,4325.01833,1168.923873,1027.186709,3143.495257,0.08667835650072357,0.2652614174944278,10823.369195,4461.877271,6361.491924,15812.617338,4989.248143,9451.125414,1.4609699672244314,2.4856774993085224,23.14561700000013,23.07618099999854,12.177300000000287,26.144689000000653,3.0685089999997217,13.967388999999457,0.9970000367671518,0.5261168885668599,1.1295740787554078,0.1325740851928771,0.6034571901885086
Italy,IT,2026-01,2026-01-01,italy__standard_employee_roma_lazio,"Italie · salarie standard (Rome, Latium)","Italy · standard employee (Rome, Lazio)",5.13,11873.701521,2426.536625,936.575875,55.059167,191.166594,237.47403,71.242209,35.621105,54.619027,23.747403,80.74117,59.368508,820.164938,48167.658134,0.0,0.0,0.0,4334.239572,1171.4161,1027.256146,3144.895567,0.0865152407960438,0.26486227243108573,10846.445375,4472.776151,6373.669224,15838.762026,4992.316652,9465.092802,1.4602721425452139,2.485030438371824,23.14561700000013,23.076180000000022,12.177300000000287,26.144688000000315,3.068509000000631,13.967387999999119,0.9969999935624915,0.5261168885668599,1.129574035550669,0.13257408519291639,0.6034571469837697
Italy,IT,2026-01,2026-01-01,italy__standard_employee_roma_lazio,"Italie · salarie standard (Rome, Latium)","Italy · standard employee (Rome, Lazio)",5.14,11896.847138,2426.536625,936.575875,55.059167,191.539239,237.936943,71.381083,35.690541,54.725497,23.793694,80.898561,59.484236,821.7637,48286.731223,0.0,0.0,0.0,4343.460813,1173.908328,1027.325583,3146.295877,0.08635275978282192,0.26446468046137556,10869.521555,4483.67503,6385.846525,15864.906715,4995.38516,9479.060191,1.4595772808534522,2.4843858452223757,23.14561699999831,23.076180000000022,12.177300999999716,26.144688999998834,3.068507999999383,13.967389000001276,0.9969999935625699,0.5261169317716008,1.129574078755418,0.13257404198814865,0.6034571901886346
Italy,IT,2026-01,2026-01-01,italy__standard_employee_roma_lazio,"Italie · salarie standard (Rome, Latium)","Italy · standard employee (Rome, Lazio)",5.15,11919.992755,2426.536625,936.575875,55.059167,191.911883,238.399855,71.519957,35.759978,54.831967,23.839986,81.055951,59.599964,823.362463,48405.804313,0.0,0.0,0.0,4352.682055,1176.400555,1027.39502,3147.696187,0.08619090976382615,0.26406863253814955,10892.597735,4494.57391,6398.023825,15891.051404,4998.453669,9493.027579,1.4588853633177068,2.483743705769425,23.14561700000013,23.076180000000022,12.177300000000287,26.144689000000653,3.068509000000631,13.967387999999119,0.9969999935624915,0.5261168885668599,1.1295740787554078,0.13257408519291639,0.6034571469837697
Italy,IT,2026-01,2026-01-01,italy__standard_employee_roma_lazio,"Italie · salarie standard (Rome, Latium)","Italy · standard employee (Rome, Lazio)",5.16,11943.138372,2426.536625,936.575875,55.059167,192.284528,238.862767,71.65883,35.829415,54.938437,23.886277,81.213341,59.715692,824.961225,48524.877403,0.0,0.0,0.0,4361.903297,1178.892783,1027.464457,3149.096497,0.08602968707048539,0.26367411968439347,10915.673915,4505.47279,6410.201125,15917.196093,5001.522178,9506.994968,1.45819637126578,2.4831040060292953,23.14561700000013,23.076180000000022,12.177299999999377,26.144689000000653,3.0685089999997217,13.967389000001276,0.9969999935624915,0.5261168885668206,1.1295740787554078,0.1325740851928771,0.6034571901885872
Italy,IT,2026-01,2026-01-01,italy__standard_employee_roma_lazio,"Italie · salarie standard (Rome, Latium)","Italy · standard employee (Rome, Lazio)",5.17,11966.283989,2426.536625,936.575875,55.059167,192.657172,239.32568,71.797704,35.898852,55.044906,23.932568,81.370731,59.83142,826.559987,48643.950492,0.0,0.0,0.0,4371.124538,1181.38501,1027.533894,3150.496806,0.08586908806261212,0.26328113299254746,10938.750095,4516.37167,6422.378425,15943.340782,5004.590687,9520.962357,1.4575102861830356,2.482466732124361,23.14561700000013,23.076180000000022,12.177300000000287,26.144688999998834,3.0685089999997217,13.967388999999457,0.9969999935624915,0.5261168885668599,1.1295740787553292,0.1325740851928771,0.6034571901885086
Italy,IT,2026-01,2026-01-01,italy__standard_employee_roma_lazio,"Italie · salarie standard (Rome, Latium)","Italy · standard employee (Rome, Lazio)",5.18,11989.429606,2426.536625,936.575875,55.059167,193.029817,239.788592,71.936578,35.968289,55.151376,23.978859,81.528121,59.947148,828.158749,48763.023582,0.0,0.0,0.0,4380.34578,1183.877238,1027.60333,3151.897116,0.08570910912812833,0.2628896636238359,10961.826276,4527.27055,6434.555726,15969.485471,5007.659195,9534.929745,1.4568270897107416,2.4818318702820537,23.14561700000013,23.07618100000036,12.177300999999716,26.144689000000653,3.0685080000002927,13.967387999999119,0.9970000367672304,0.5261169317715595,1.1295740787554078,0.13257404198817752,0.6034571469837697
Italy,IT,2026-01,2026-01-01,italy__standard_employee_roma_lazio,"Italie · salarie standard (Rome, Latium)","Italy · standard employee (Rome, Lazio)",5.19,12012.575223,2426.536625,936.575875,55.059167,193.402461,240.251504,72.075451,36.037726,55.257846,24.02515,81.685512,60.062876,829.757511,48882.096671,0.0,0.0,0.0,4389.567021,1186.369465,1027.672767,3153.297426,0.08554974668279473,0.262499702807605,10984.902456,4538.16943,6446.733026,15995.63016,5010.727704,9548.897134,1.4561467636444316,2.4811994068338628,23.14561700000013,23.076180000000022,12.177300000000287,26.144689000000653,3.0685089999997217,13.967389000001276,0.9969999935624915,0.5261168885668599,1.1295740787554078,0.1325740851928771,0.6034571901885872
Italy,IT,2026-01,2026-01-01,italy__standard_employee_roma_lazio,"Italie · salarie standard (Rome, Latium)","Italy · standard employee (Rome, Lazio)",5.2,12035.72084,2426.536625,936.575875,55.059167,193.775106,240.714417,72.214325,36.107163,55.364316,24.071442,81.842902,60.178604,831.356273,49001.169761,0.0,0.0,0.0,4398.788263,1188.861693,1027.742204,3154.697736,0.08539099716994321,0.2621112418406673,11007.978636,4549.06831,6458.910326,16021.774849,5013.796213,9562.864523,1.4554692899322885,2.480569328214358,23.14561700000013,23.076180000000022,12.177300000000287,26.144688999998834,3.0685089999997217,13.967388999999457,0.9969999935624915,0.5261168885668599,1.1295740787553292,0.1325740851928771,0.6034571901885086
Italy,IT,2026-01,2026-01-01,italy__standard_employee_roma_lazio,"Italie · salarie standard (Rome, Latium)","Italy · standard employee (Rome, Lazio)",5.21,12058.866457,2426.536625,936.575875,55.059167,194.14775,241.177329,72.353199,36.176599,55.470786,24.117733,82.000292,60.294332,832.955035,49120.24285,0.0,0.0,0.0,4408.009504,1191.35392,1027.811641,3156.098046,0.08523285706021205,0.2617242720866545,11031.054816,4559.96719,6471.087626,16047.919538,5016.864722,9576.831911,1.4547946506735483,2.4799416209602203,23.14561700000013,23.076180000000022,12.177299999999377,26.144689000000653,3.068509000000631,13.967387999999119,0.9969999935624915,0.5261168885668206,1.1295740787554078,0.13257408519291639,0.6034571469837697
Italy,IT,2026-01,2026-01-01,italy__standard_employee_roma_lazio,"Italie · salarie standard (Rome, Latium)","Italy · standard employee (Rome, Lazio)",5.22,12082.012074,2426.536625,936.575875,55.059167,194.520394,241.640241,72.492072,36.246036,55.577256,24.164024,82.157682,60.41006,834.553797,49239.31594,0.0,0.0,0.0,4417.230746,1193.846148,1027.881078,3157.498355,0.08507532285128443,0.26133878497537744,11054.130996,4570.866069,6483.264927,16074.064226,5019.93323,9590.7993,1.4541228281169214,2.47931627170928,23.14561700000013,23.076180000000022,12.177301000000625,26.144688000000315,3.068507999999383,13.967389000001276,0.9969999935624915,0.5261169317715988,1.129574035550669,0.13257404198813824,0.6034571901885872
Italy,IT,2026-01,2026-01-01,italy__standard_employee_roma_lazio,"Italie · salarie standard (Rome, Latium)","Italy · standard employee (Rome, Lazio)",5.23,12105.157691,2426.536625,936.575875,55.059167,194.893039,242.103154,72.630946,36.315473,55.683725,24.210315,82.315072,60.525788,836.152559,49358.38903,0.0,0.0,0.0,4426.451988,1196.338375,1027.950515,3158.898665,0.08491839106762995,0.2609547720021931,11077.207176,4581.764949,6495.442227,16100.208915,5023.001739,9604.766688,1.453453804659038,2.4786932671995685,23.14561700000013,23.076180000000022,12.177299999999377,26.144688999998834,3.068509000000631,13.967387999999119,0.9969999935624915,0.5261168885668206,1.1295740787553292,0.13257408519291639,0.6034571469837697
Italy,IT,2026-01,2026-01-01,italy__standard_employee_roma_lazio,"Italie · salarie standard (Rome, Latium)","Italy · standard employee (Rome, Lazio)",5.24,12128.303308,2426.536625,936.575875,55.059167,195.265683,242.566066,72.76982,36.38491,55.790195,24.256607,82.472462,60.641517,837.751321,49477.462119,0.0,0.0,0.0,4435.673229,1198.830602,1028.019952,3160.298975,0.08476205826024899,0.26057222472737973,11100.283356,4592.663829,6507.619527,16126.353604,5026.070248,9618.734077,1.4527875628429097,2.4780725942683866,23.14561700000013,23.076180000000022,12.177300000000287,26.144689000000653,3.0685089999997217,13.967388999999457,0.9969999935624915,0.5261168885668599,1.1295740787554078,0.1325740851928771,0.6034571901885086
Italy,IT,2026-01,2026-01-01,italy__standard_employee_roma_lazio,"Italie · salarie standard (Rome, Latium)","Italy · standard employee (Rome, Lazio)",5.25,12151.448925,2426.536625,936.575875,55.059167,195.638328,243.028979,72.908694,36.454347,55.896665,24.302898,82.629853,60.757245,839.350083,49596.535209,0.0,0.0,0.0,4444.894471,1201.32283,1028.089388,3161.699285,0.08460632100641995,0.26019113477551814,11123.359537,4603.562709,6519.796827,16152.498293,5029.138757,9632.701466,1.4521240853564108,2.4774542398513697,23.14561700000013,23.07618100000036,12.177300000000287,26.144689000000653,3.0685089999997217,13.967389000001276,0.9970000367672304,0.5261168885668599,1.1295740787554078,0.1325740851928771,0.6034571901885872
Italy,IT,2026-01,2026-01-01,italy__standard_employee_roma_lazio,"Italie · salarie standard (Rome, Latium)","Italy · standard employee (Rome, Lazio)",5.26,12174.594542,2426.536625,936.575875,55.059167,196.010972,243.491891,73.047567,36.523784,56.003135,24.349189,82.787243,60.872973,840.948845,49715.608298,0.0,0.0,0.0,4454.115712,1203.815057,1028.158825,3163.099595,0.08445117590944957,0.2598114938348803,11146.435717,4614.461589,6531.974128,16178.642982,5032.207265,9646.668854,1.4514633550307785,2.4768381909815758,23.14561700000013,23.076180000000022,12.177300999999716,26.144688999998834,3.0685080000002927,13.967387999999119,0.9969999935624915,0.5261169317715595,1.1295740787553292,0.13257404198817752,0.6034571469837697
Italy,IT,2026-01,2026-01-01,italy__standard_employee_roma_lazio,"Italie · salarie standard (Rome, Latium)","Italy · standard employee (Rome, Lazio)",5.27,12197.740159,2426.536625,936.575875,55.059167,196.383617,243.954803,73.186441,36.59322,56.109605,24.39548,82.944633,60.988701,842.547607,49834.681388,0.0,0.0,0.0,4463.336954,1206.307285,1028.228262,3164.499905,0.08429661959842595,0.2594332936568254,11169.511897,4625.360469,6544.151428,16204.787671,5035.275774,9660.636243,1.450805354839133,2.476224434788578,23.14561700000013,23.076180000000022,12.177300000000287,26.144689000000653,3.0685089999997217,13.967389000001276,0.9969999935624915,0.5261168885668599,1.1295740787554078,0.1325740851928771,0.6034571901885872
Italy,IT,2026-01,2026-01-01,italy__standard_employee_roma_lazio,"Italie · salarie standard (Rome, Latium)","Italy · standard employee (Rome, Lazio)",5.28,12220.885776,2426.536625,936.575875,55.059167,196.756261,244.417716,73.325315,36.662657,56.216075,24.441772,83.102023,61.104429,844.146369,49953.754477,0.0,0.0,0.0,4472.558196,1208.799512,1028.297699,3165.900214,0.08414264872797438,0.2590565260552027,11192.588077,4636.259349,6556.328728,16230.93236,5038.344283,9674.603632,1.4501500678950154,2.4756129584975692,23.14561699999831,23.076180000000022,12.177300000000287,26.144689000000653,3.068509000000631,13.967388999999457,0.9969999935625699,0.5261168885669013,1.1295740787554966,0.13257408519292682,0.603457190188556
Italy,IT,2026-01,2026-01-01,italy__standard_employee_roma_lazio,"Italie · salarie standard (Rome, Latium)","Italy · standard employee (Rome, Lazio)",5.29,12244.031393,2426.536625,936.575875,55.059167,197.128905,244.880628,73.464188,36.732094,56.322544,24.488063,83.259413,61.220157,845.745131,50072.827567,0.0,0.0,0.0,4481.779437,1211.29174,1028.367136,3167.300524,0.08398925997801603,0.2586811829057599,11215.664257,4647.158229,6568.506029,16257.077049,5041.412792,9688.57102,1.4494974774509393,2.4750037494284727,23.14561700000013,23.076180000000022,12.177300999999716,26.144688999998834,3.0685089999997217,13.967387999999119,0.9969999935624915,0.5261169317715595,1.1295740787553292,0.1325740851928771,0.6034571469837697
Italy,IT,2026-01,2026-01-01,italy__standard_employee_roma_lazio,"Italie · salarie standard (Rome, Latium)","Italy · standard employee (Rome, Lazio)",5.3,12267.17701,2426.536625,936.575875,55.059167,197.50155,245.34354,73.603062,36.801531,56.429014,24.534354,83.416804,61.335885,847.343893,50191.900656,0.0,0.0,0.0,4491.000679,1213.783967,1028.436573,3168.700834,0.0838364500535292,0.25830725614556044,11238.740437,4658.057109,6580.683329,16283.221738,5044.4813,9702.538409,1.4488475668969696,2.4743967949950685,23.14561700000013,23.076180000000022,12.177300000000287,26.144689000000653,3.0685080000002927,13.967389000001276,0.9969999935624915,0.5261168885668599,1.1295740787554078,0.13257404198817752,0.6034571901885872
Italy,IT,2026-01,2026-01-01,italy__standard_employee_roma_lazio,"Italie · salarie standard (Rome, Latium)","Italy · standard employee (Rome, Lazio)",5.31,12290.322627,2426.536625,936.575875,55.059167,197.874194,245.806453,73.741936,36.870968,56.535484,24.580645,83.574194,61.451613,848.942656,50310.973746,0.0,0.0,0.0,4500.22192,1216.276195,1028.50601,3170.101144,0.08368421568431353,0.25793473777240494,11261.816617,4668.955988,6592.860629,16309.366426,5047.549809,9716.505797,1.4482003197593087,2.473792082704127,23.14561700000013,23.076180000000022,12.177299999999377,26.144688000000315,3.0685089999997217,13.967387999999119,0.9969999935624915,0.5261168885668206,1.129574035550669,0.1325740851928771,0.6034571469837697
Italy,IT,2026-01,2026-01-01,italy__standard_employee_roma_lazio,"Italie · salarie standard (Rome, Latium)","Italy · standard employee (Rome, Lazio)",5.32,12313.468244,2426.536625,936.575875,55.059167,198.246839,246.269365,73.880809,36.940405,56.641954,24.626936,83.731584,61.567341,850.541418,50430.046836,0.0,0.0,0.0,4509.443162,1218.768422,1028.575446,3171.501454,0.08353255362475652,0.25756361984426135,11284.892798,4679.854868,6605.037929,16335.511115,5050.618318,9730.473186,1.4475557196989075,2.4731896001545497,23.14561700000013,23.07618100000036,12.177300000000287,26.144688999998834,3.0685089999997217,13.967388999999457,0.9970000367672304,0.5261168885668599,1.1295740787553292,0.1325740851928771,0.6034571901885086
Italy,IT,2026-01,2026-01-01,italy__standard_employee_roma_lazio,"Italie · salarie standard (Rome, Latium)","Italy · standard employee (Rome, Lazio)",5.33,12336.613861,2426.536625,936.575875,55.059167,198.619483,246.732277,74.019683,37.009842,56.748424,24.673228,83.888974,61.683069,852.14018,50549.119925,0.0,0.0,0.0,4518.664404,1221.26065,1028.644883,3172.901764,0.08338146065360312,0.25719389447869984,11307.968978,4690.753748,6617.21523,16361.655804,5053.686826,9744.440575,1.4469137505100882,2.4725893350365213,23.14561700000013,23.076180000000022,12.177300999999716,26.144689000000653,3.0685080000002927,13.967389000001276,0.9969999935624915,0.5261169317715595,1.1295740787554078,0.13257404198817752,0.6034571901885872
Italy,IT,2026-01,2026-01-01,italy__standard_employee_roma_lazio,"Italie · salarie standard (Rome, Latium)","Italy · standard employee (Rome, Lazio)",5.34,12359.759478,2426.536625,936.575875,55.059167,198.992128,247.19519,74.158557,37.079278,56.854894,24.719519,84.046364,61.798797,853.738942,50668.193015,0.0,0.0,0.0,4527.885645,1223.752877,1028.71432,3174.302073,0.08323093357372748,0.25682555385233524,11331.045158,4701.652628,6629.39253,16387.800493,5056.755335,9758.407963,1.4462743961191882,2.4719912751306747,23.14561700000013,23.076180000000022,12.177300000000287,26.144688999998834,3.0685089999997217,13.967387999999119,0.9969999935624915,0.5261168885668599,1.1295740787553292,0.1325740851928771,0.6034571469837697
Italy,IT,2026-01,2026-01-01,italy__standard_employee_roma_lazio,"Italie · salarie standard (Rome, Latium)","Italy · standard employee (Rome, Lazio)",5.35,12382.905095,2426.536625,936.575875,55.059167,199.364772,247.658102,74.297431,37.148715,56.961363,24.76581,84.203755,61.914525,855.337704,50787.266104,0.0,0.0,0.0,4537.106887,1226.245105,1028.783757,3175.702383,0.08308096921190743,0.25645859020027484,11354.121338,4712.551508,6641.56983,16413.945182,5059.823844,9772.375352,1.4456376405832176,2.4713954083072576,23.14561700000013,23.076180000000022,12.177300000000287,26.144689000000653,3.0685089999997217,13.967388999999457,0.9969999935624915,0.5261168885668599,1.1295740787554078,0.1325740851928771,0.6034571901885086
Italy,IT,2026-01,2026-01-01,italy__standard_employee_roma_lazio,"Italie · salarie standard (Rome, Latium)","Italy · standard employee (Rome, Lazio)",5.36,12406.050712,2426.536625,936.575875,55.059167,199.737416,248.121014,74.436304,37.218152,57.067833,24.812101,84.361145,62.030254,856.936466,50906.339194,0.0,0.0,0.0,4546.328128,1228.737332,1028.853194,3177.102693,0.08293156441860161,0.25609299581557277,11377.197518,4723.450388,6653.74713,16440.089871,5062.892353,9786.342741,1.4450034680885337,2.4708017225253154,23.14561700000013,23.076180000000022,12.177299999999377,26.144689000000653,3.068509000000631,13.967389000001276,0.9969999935624915,0.5261168885668206,1.1295740787554078,0.13257408519291639,0.6034571901885872
Italy,IT,2026-01,2026-01-01,italy__standard_employee_roma_lazio,"Italie · salarie standard (Rome, Latium)","Italy · standard employee (Rome, Lazio)",5.37,12429.196329,2426.536625,936.575875,55.059167,200.110061,248.583927,74.575178,37.287589,57.174303,24.858393,84.518535,62.145982,858.535228,51025.412283,0.0,0.0,0.0,4555.54937,1231.229559,1028.922631,3178.503003,0.08278271606772898,0.2557287630486909,11400.273698,4734.349268,6665.924431,16466.23456,5065.960861,9800.310129,1.444371862949533,2.4702102058318784,23.14561700000013,23.076180000000022,12.177301000000625,26.144689000000653,3.068507999999383,13.967387999999119,0.9969999935624915,0.5261169317715988,1.1295740787554078,0.13257404198813824,0.6034571469837697
Italy,IT,2026-01,2026-01-01,italy__standard_employee_roma_lazio,"Italie · salarie standard (Rome, Latium)","Italy · standard employee (Rome, Lazio)",5.38,12452.341946,2426.536625,936.575875,55.059167,200.482705,249.046839,74.714052,37.357026,57.280773,24.904684,84.675925,62.26171,860.13399,51144.485373,0.0,0.0,0.0,4564.770611,1233.721787,1028.992068,3179.903313,0.08263442105645069,0.2553658843069647,11423.349878,4745.248148,6678.101731,16492.379249,5069.02937,9814.277518,1.4437428096073561,2.4696208463611606,23.14561700000013,23.076180000000022,12.177299999999377,26.144689000000653,3.068509000000631,13.967389000001276,0.9969999935624915,0.5261168885668206,1.1295740787554078,0.13257408519291639,0.6034571901885872
Italy,IT,2026-01,2026-01-01,italy__standard_employee_roma_lazio,"Italie · salarie standard (Rome, Latium)","Italy · standard employee (Rome, Lazio)",5.39,12475.487563,2426.536625,936.575875,55.059167,200.85535,249.509751,74.852925,37.426463,57.387243,24.950975,84.833315,62.377438,861.732752,51263.558463,0.0,0.0,0.0,4573.991853,1236.214014,1029.061504,3181.303623,0.08248667630495449,0.255004352054076,11446.426059,4756.147027,6690.279031,16518.523938,5072.097879,9828.244906,1.4431162926286123,2.4690336323337654,23.14561700000013,23.07618099999854,12.177300000000287,26.144688999997015,3.0685089999997217,13.967387999999119,0.9970000367671518,0.5261168885668599,1.1295740787552506,0.1325740851928771,0.6034571469837697
Italy,IT,2026-01,2026-01-01,italy__standard_employee_roma_lazio,"Italie · salarie standard (Rome, Latium)","Italy · standard employee (Rome, Lazio)",5.4,12498.63318,2426.536625,936.575875,55.059167,201.227994,249.972664,74.991799,37.4959,57.493713,24.997266,84.990706,62.493166,863.331514,51382.631552,0.0,0.0,0.0,4583.213095,1238.706242,1029.130941,3182.703932,0.0823394787562416,0.2546441588095315,11469.502239,4767.045907,6702.456331,16544.668626,5075.166388,9842.212295,1.4424922967041163,2.4684485520559027,23.14561700000013,23.076180000000022,12.177300000000287,26.144688000000315,3.0685089999997217,13.967388999999457,0.9969999935624915,0.5261168885668599,1.129574035550669,0.1325740851928771,0.6034571901885086
Italy,IT,2026-01,2026-01-01,italy__standard_employee_roma_lazio,"Italie · salarie standard (Rome, Latium)","Italy · standard employee (Rome, Lazio)",5.41,12521.778797,2426.536625,936.575875,55.059167,201.600639,250.435576,75.130673,37.565336,57.600182,25.043558,85.148096,62.608894,864.930276,51501.704642,0.0,0.0,0.0,4592.434336,1241.198469,1029.200378,3184.104242,0.08219282537591585,0.25428529714814607,11492.578419,4777.944787,6714.633632,16570.813315,5078.234896,9856.179684,1.4418708066476407,2.467865593918611,23.14561700000013,23.076180000000022,12.177300999999716,26.144689000000653,3.0685080000002927,13.967389000001276,0.9969999935624915,0.5261169317715595,1.1295740787554078,0.13257404198817752,0.6034571901885872
Italy,IT,2026-01,2026-01-01,italy__standard_employee_roma_lazio,"Italie · salarie standard (Rome, Latium)","Italy · standard employee (Rome, Lazio)",5.42,12544.924414,2426.536625,936.575875,55.059167,201.973283,250.898488,75.269546,37.634773,57.706652,25.089849,85.305486,62.724622,866.529038,51620.777731,0.0,0.0,0.0,4601.655578,1243.690697,1029.269815,3185.504552,0.08204671315197504,0.25392775969953324,11515.654599,4788.843667,6726.810932,16596.958004,5081.303405,9870.147072,1.4412518073946845,2.467284746396988,23.14561699999831,23.076180000000022,12.177300000000287,26.144689000000653,3.0685089999997217,13.967387999999119,0.9969999935625699,0.5261168885669013,1.1295740787554966,0.13257408519288752,0.6034571469838172
Italy,IT,2026-01,2026-01-01,italy__standard_employee_roma_lazio,"Italie · salarie standard (Rome, Latium)","Italy · standard employee (Rome, Lazio)",5.43,12568.070031,2426.536625,936.575875,55.059167,202.345927,251.361401,75.40842,37.70421,57.813122,25.13614,85.462876,62.84035,868.1278,51739.850821,0.0,0.0,0.0,4610.876819,1246.182924,1029.339252,3186.904862,0.08190113909460492,0.2535715391476004,11538.730779,4799.742547,6738.988232,16623.102693,5084.371914,9884.114461,1.4406352840012573,2.4667059980494366,23.14561700000013,23.076180000000022,12.177299999999377,26.144689000000653,3.068509000000631,13.967388999999457,0.9969999935624915,0.5261168885668206,1.1295740787554078,0.13257408519291639,0.6034571901885086
Italy,IT,2026-01,2026-01-01,italy__standard_employee_roma_lazio,"Italie · salarie standard (Rome, Latium)","Italy · standard employee (Rome, Lazio)",5.44,12591.215648,2426.536625,936.575875,55.059167,202.718572,251.824313,75.547294,37.773647,57.919592,25.182431,85.620266,62.956078,869.726562,51858.92391,0.0,0.0,0.0,4620.098061,1248.675152,1029.408689,3188.305172,0.08175610023597514,0.2532166282300496,11561.806959,4810.641427,6751.165532,16649.247382,5087.440423,9898.08185,1.4400212216426735,2.4661293375169056,23.14561700000013,23.076180000000022,12.177300000000287,26.144689000000653,3.0685089999997217,13.967389000001276,0.9969999935624915,0.5261168885668599,1.1295740787554078,0.1325740851928771,0.6034571901885872
Italy,IT,2026-01,2026-01-01,italy__standard_employee_roma_lazio,"Italie · salarie standard (Rome, Latium)","Italy · standard employee (Rome, Lazio)",5.45,12614.361265,2426.536625,936.575875,55.059167,203.091216,252.287225,75.686168,37.843084,58.026062,25.228723,85.777657,63.071806,871.325324,51977.997,0.0,0.0,0.0,4629.319303,1251.167379,1029.478125,3189.705482,0.08161159363003756,0.25286301973788444,11584.88314,4821.540307,6763.342833,16675.392071,5090.508931,9912.049238,1.4394096056123677,2.465554753522155,23.14561700000013,23.07618100000036,12.177300999999716,26.144688999997015,3.0685080000002927,13.967387999999119,0.9970000367672304,0.5261169317715595,1.1295740787552506,0.13257404198817752,0.6034571469837697
Italy,IT,2026-01,2026-01-01,italy__standard_employee_roma_lazio,"Italie · salarie standard (Rome, Latium)","Italy · standard employee (Rome, Lazio)",5.46,12637.506882,2426.536625,936.575875,55.059167,203.463861,252.750138,75.825041,37.912521,58.132532,25.275014,85.935047,63.187534,872.924086,52097.07009,0.0,0.0,0.0,4638.540544,1253.659607,1029.547562,3191.105791,0.08146761635232687,0.2525107065149213,11607.95932,4832.439187,6775.520133,16701.53676,5093.57744,9926.016627,1.4388004213207177,2.4649822348690136,23.14561700000013,23.076180000000022,12.177300000000287,26.144689000000653,3.0685089999997217,13.967389000001276,0.9969999935624915,0.5261168885668599,1.1295740787554078,0.1325740851928771,0.6034571901885872
Italy,IT,2026-01,2026-01-01,italy__standard_employee_roma_lazio,"Italie · salarie standard (Rome, Latium)","Italy · standard employee (Rome, Lazio)",5.47,12660.652499,2426.536625,936.575875,55.059167,203.836505,253.21305,75.963915,37.981957,58.239001,25.321305,86.092437,63.303262,874.522849,52216.143179,0.0,0.0,0.0,4647.761786,1256.151834,1029.616999,3192.506101,0.08132416549976322,0.25215968145730716,11631.0355,4843.338067,6787.697433,16727.681449,5096.645949,9939.984015,1.4381936542938865,2.464411770441659,23.14561700000013,23.076180000000022,12.177300000000287,26.144689000000653,3.0685089999997217,13.967387999999119,0.9969999935624915,0.5261168885668599,1.1295740787554078,0.1325740851928771,0.6034571469837697
Italy,IT,2026-01,2026-01-01,italy__standard_employee_roma_lazio,"Italie · salarie standard (Rome, Latium)","Italy · standard employee (Rome, Lazio)",5.48,12683.798116,2426.536625,936.575875,55.059167,204.20915,253.675962,76.102789,38.051394,58.345471,25.367596,86.249827,63.418991,876.121611,52335.216269,0.0,0.0,0.0,4656.983027,1258.644061,1029.686436,3193.906411,0.08118123819045707,0.251809937513042,11654.11168,4854.236946,6799.874734,16753.826138,5099.714458,9953.951404,1.4375892901726741,2.463843349203891,23.14561700000013,23.076180000000022,12.177300999999716,26.144689000000653,3.068509000000631,13.967388999999457,0.9969999935624915,0.5261169317715595,1.1295740787554078,0.13257408519291639,0.6034571901885086
Italy,IT,2026-01,2026-01-01,italy__standard_employee_roma_lazio,"Italie · salarie standard (Rome, Latium)","Italy · standard employee (Rome, Lazio)",5.49,12706.943733,2426.536625,936.575875,55.059167,204.581794,254.138875,76.241662,38.120831,58.451941,25.413887,86.407217,63.534719,877.720373,52454.289358,0.0,0.0,0.0,4666.204269,1261.136289,1029.755873,3195.306721,0.08103883156351635,0.2514614676815064,11677.18786,4865.135826,6812.052034,16779.970827,5102.782966,9967.918793,1.4369873147113863,2.4632769601984243,23.14561700000013,23.076180000000022,12.177300000000287,26.144689000000653,3.068507999999383,13.967389000001276,0.9969999935624915,0.5261168885668599,1.1295740787554078,0.13257404198813824,0.6034571901885872
Italy,IT,2026-01,2026-01-01,italy__standard_employee_roma_lazio,"Italie · salarie standard (Rome, Latium)","Italy · standard employee (Rome, Lazio)",5.5,12730.08935,2426.536625,936.575875,55.059167,204.954439,254.601787,76.380536,38.190268,58.558411,25.460179,86.564608,63.650447,879.319135,52573.362448,0.0,0.0,0.0,4675.42551,1263.628516,1029.82531,3196.707031,0.08089694277885541,0.2511142650129946,11700.26404,4876.034706,6824.229334,16806.115515,5105.851475,9981.886181,1.4363877137767145,2.462712592546181,23.14561700000013,23.076180000000022,12.177299999999377,26.144688000000315,3.068509000000631,13.967387999999119,0.9969999935624915,0.5261168885668206,1.129574035550669,0.13257408519291639,0.6034571469837697
Italy,IT,2026-01,2026-01-01,italy__standard_employee_roma_lazio,"Italie · salarie standard (Rome, Latium)","Italy · standard employee (Rome, Lazio)",5.51,12753.234967,2426.536625,936.575875,55.059167,205.327083,255.064699,76.51941,38.259705,58.664881,25.50647,86.721998,63.766175,880.917897,52692.435537,0.0,0.0,0.0,4684.646752,1266.120744,1029.894747,3198.107341,0.08075556901700631,0.2507683226082523,11723.34022,4886.933586,6836.406634,16832.260204,5108.919984,9995.85357,1.4357904733466305,2.4621502354456015,23.14561700000013,23.076180000000022,12.177300000000287,26.144688999997015,3.0685089999997217,13.967388999999457,0.9969999935624915,0.5261168885668599,1.1295740787552506,0.1325740851928771,0.6034571901885086
Italy,IT,2026-01,2026-01-01,italy__standard_employee_roma_lazio,"Italie · salarie standard (Rome, Latium)","Italy · standard employee (Rome, Lazio)",5.52,12776.380584,2426.536625,936.575875,55.059167,205.699727,255.527612,76.658284,38.329142,58.771351,25.552761,86.879388,63.881903,882.516659,52811.508627,0.0,0.0,0.0,4693.867994,1268.612971,1029.964183,3199.50765,0.08061470747893201,0.25042363361801995,11746.416401,4897.832466,6848.583935,16858.404893,5111.988493,10009.820959,1.4351955795092919,2.461589878171943,23.14561700000013,23.07618100000036,12.177300999999716,26.144689000000653,3.0685089999997217,13.967389000001276,0.9970000367672304,0.5261169317715595,1.1295740787554078,0.1325740851928771,0.6034571901885872
Italy,IT,2026-01,2026-01-01,italy__standard_employee_roma_lazio,"Italie · salarie standard (Rome, Latium)","Italy · standard employee (Rome, Lazio)",5.53,12799.526201,2426.536625,936.575875,55.059167,206.072372,255.990524,76.797157,38.398579,58.877821,25.599052,87.036778,63.997631,884.115421,52930.581717,0.0,0.0,0.0,4703.089235,1271.105199,1030.03362,3200.90796,0.0804743553858417,0.2500801912425804,11769.492581,4908.731346,6860.761235,16884.549582,5115.057001,10023.788347,1.434603018461964,2.461031510076614,23.14561700000013,23.076180000000022,12.177300000000287,26.144689000000653,3.0685080000002927,13.967387999999119,0.9969999935624915,0.5261168885668599,1.1295740787554078,0.13257404198817752,0.6034571469837697
Italy,IT,2026-01,2026-01-01,italy__standard_employee_roma_lazio,"Italie · salarie standard (Rome, Latium)","Italy · standard employee (Rome, Lazio)",5.54,12822.671818,2426.536625,936.575875,55.059167,206.445016,256.453436,76.936031,38.468015,58.98429,25.645344,87.194168,64.113359,885.714183,53049.654806,0.0,0.0,0.0,4712.310477,1273.597426,1030.103057,3202.30827,0.08033450997900807,0.24973798873131242,11792.568761,4919.630226,6872.938535,16910.694271,5118.12551,10037.755736,1.4340127765099502,2.460475120586481,23.14561700000013,23.076180000000022,12.177300000000287,26.144689000000653,3.0685089999997217,13.967388999999457,0.9969999935624915,0.5261168885668599,1.1295740787554078,0.1325740851928771,0.6034571901885086
Italy,IT,2026-01,2026-01-01,italy__standard_employee_roma_lazio,"Italie · salarie standard (Rome, Latium)","Italy · standard employee (Rome, Lazio)",5.55,12845.817435,2426.536625,936.575875,55.059167,206.817661,256.916349,77.074905,38.537452,59.09076,25.691635,87.351559,64.229087,887.312945,53168.727896,0.0,0.0,0.0,4721.531718,1276.089654,1030.172494,3203.70858,0.08019516851958644,0.24939701938224693,11815.644941,4930.529106,6885.115835,16936.83896,5121.194019,10051.723124,1.4334248400655378,2.459920699203218,23.14561700000013,23.076180000000022,12.177299999999377,26.144689000000653,3.0685089999997217,13.967388000000938,0.9969999935624915,0.5261168885668206,1.1295740787554078,0.1325740851928771,0.6034571469838483
Italy,IT,2026-01,2026-01-01,italy__standard_employee_roma_lazio,"Italie · salarie standard (Rome, Latium)","Italy · standard employee (Rome, Lazio)",5.56,12868.963052,2426.536625,936.575875,55.059167,207.190305,257.379261,77.213778,38.606889,59.19723,25.737926,87.508949,64.344815,888.911707,53287.800985,0.0,0.0,0.0,4730.75296,1278.581881,1030.241931,3205.10889,0.08005632828843609,0.24905727654163134,11838.721121,4941.427986,6897.293136,16962.983649,5124.262528,10065.690513,1.432839195646957,2.4593682355026365,23.14561699999831,23.076180000000022,12.177301000000625,26.144689000000653,3.068509000000631,13.967388999999457,0.9969999935625699,0.5261169317716401,1.1295740787554966,0.13257408519292682,0.603457190188556
Italy,IT,2026-01,2026-01-01,italy__standard_employee_roma_lazio,"Italie · salarie standard (Rome, Latium)","Italy · standard employee (Rome, Lazio)",5.57,12892.108669,2426.536625,936.575875,55.059167,207.56295,257.842173,77.352652,38.676326,59.3037,25.784217,87.666339,64.460543,890.510469,53406.874075,0.0,0.0,0.0,4739.974202,1281.074109,1030.311368,3206.509199,0.07991798658594339,0.24871875360349552,11861.797301,4952.326865,6909.470436,16989.128338,5127.331036,10079.657902,1.4322558298773467,2.458817719134032,23.14561700000013,23.076180000000022,12.177299999999377,26.144688999997015,3.068507999999383,13.967389000001276,0.9969999935624915,0.5261168885668206,1.1295740787552506,0.13257404198813824,0.6034571901885872
Italy,IT,2026-01,2026-01-01,italy__standard_employee_roma_lazio,"Italie · salarie standard (Rome, Latium)","Italy · standard employee (Rome, Lazio)",5.58,12915.254286,2426.536625,936.575875,55.059167,207.935594,258.305086,77.491526,38.745763,59.41017,25.830509,87.823729,64.576271,892.109231,53525.947164,0.0,0.0,0.0,4749.195443,1283.566336,1030.380805,3207.909509,0.07978014073184672,0.248381444009224,11884.873481,4963.225745,6921.647736,17015.273027,5130.399545,10093.62529,1.4316747294837393,2.4582691398195435,23.14561700000013,23.076180000000022,12.177300000000287,26.144689000000653,3.068509000000631,13.967387999999119,0.9969999935624915,0.5261168885668599,1.1295740787554078,0.13257408519291639,0.6034571469837697
Italy,IT,2026-01,2026-01-01,italy__standard_employee_roma_lazio,"Italie · salarie standard (Rome, Latium)","Italy · standard employee (Rome, Lazio)",5.59,12938.399903,2426.536625,936.575875,55.059167,208.308238,258.767998,77.630399,38.8152,59.51664,25.8768,87.981119,64.692,893.707993,53645.020254,0.0,0.0,0.0,4758.416685,1286.058563,1030.450241,3209.309819,0.07964278806506345,0.2480453412471324,11907.949662,4974.124625,6933.825036,17041.417715,5133.468054,10107.592679,1.4310958812960535,2.4577224873535135,23.14561700000013,23.07618100000036,12.177300000000287,26.144688000000315,3.0685089999997217,13.967388999999457,0.9970000367672304,0.5261168885668599,1.129574035550669,0.1325740851928771,0.6034571901885086
Italy,IT,2026-01,2026-01-01,italy__standard_employee_roma_lazio,"Italie · salarie standard (Rome, Latium)","Italy · standard employee (Rome, Lazio)",5.6,12961.54552,2426.536625,936.575875,55.059167,208.680883,259.23091,77.769273,38.884637,59.623109,25.923091,88.13851,64.807728,895.306755,53764.093344,0.0,0.0,0.0,4767.637926,1288.550791,1030.519678,3210.710129,0.07950592594351871,0.24771043885204827,11931.025842,4985.023505,6946.002337,17067.562404,5136.536563,10121.560068,1.4305192722460967,2.457177751601843,23.14561700000013,23.076179999998203,12.177300999999716,26.144689000000653,3.0685089999997217,13.967389000001276,0.9969999935624129,0.5261169317715595,1.1295740787554078,0.1325740851928771,0.6034571901885872
Italy,IT,2026-01,2026-01-01,italy__standard_employee_roma_lazio,"Italie · salarie standard (Rome, Latium)","Italy · standard employee (Rome, Lazio)",5.61,12984.691137,2426.536625,936.575875,55.059167,209.053527,259.693823,77.908147,38.954073,59.729579,25.969382,88.2959,64.923456,896.905517,53883.166433,0.0,0.0,0.0,4776.859168,1291.043018,1030.589115,3212.110439,0.07936955174397589,0.24737673040489658,11954.102022,4995.922385,6958.179637,17093.707093,5139.605071,10135.527456,1.4299448893665856,2.456634922501384,23.14561700000013,23.076180000000022,12.177300000000287,26.144689000000653,3.0685080000002927,13.967387999999119,0.9969999935624915,0.5261168885668599,1.1295740787554078,0.13257404198817752,0.6034571469837697
Italy,IT,2026-01,2026-01-01,italy__standard_employee_roma_lazio,"Italie · salarie standard (Rome, Latium)","Italy · standard employee (Rome, Lazio)",5.62,13007.836754,2426.536625,936.575875,55.059167,209.426172,260.156735,78.047021,39.02351,59.836049,26.015674,88.45329,65.039184,898.504279,54002.239523,0.0,0.0,0.0,4786.08041,1293.535246,1030.658552,3213.510749,0.07923366286186916,0.2470442095322901,11977.178202,5006.821265,6970.356937,17119.851782,5142.67358,10149.494845,1.4293727197901716,2.456093990059305,23.14561700000013,23.076180000000022,12.177299999999377,26.144689000000653,3.0685089999997217,13.967388999999457,0.9969999935624915,0.5261168885668206,1.1295740787554078,0.1325740851928771,0.6034571901885086
Italy,IT,2026-01,2026-01-01,italy__standard_employee_roma_lazio,"Italie · salarie standard (Rome, Latium)","Italy · standard employee (Rome, Lazio)",5.63,13030.982371,2426.536625,936.575875,55.059167,209.798816,260.619647,78.185894,39.092947,59.942519,26.061965,88.61068,65.154912,900.103042,54121.312612,0.0,0.0,0.0,4795.301651,1296.027473,1030.727989,3214.911058,0.07909825671113761,0.24671286990612257,12000.254382,5017.720145,6982.534237,17145.996471,5145.742089,10163.462234,1.4288027507484795,2.4555549443524844,23.14561700000013,23.076180000000022,12.177300000000287,26.144688999997015,3.068509000000631,13.967389000001276,0.9969999935624915,0.5261168885668599,1.1295740787552506,0.13257408519291639,0.6034571901885872
Italy,IT,2026-01,2026-01-01,italy__standard_employee_roma_lazio,"Italie · salarie standard (Rome, Latium)","Italy · standard employee (Rome, Lazio)",5.64,13054.127988,2426.536625,936.575875,55.059167,210.171461,261.08256,78.324768,39.162384,60.048989,26.108256,88.76807,65.27064,901.701804,54240.385702,0.0,0.0,0.0,4804.522893,1298.519701,1030.797426,3216.311368,0.07896333072406114,0.24638270524316852,12023.330562,5028.619025,6994.711538,17172.14116,5148.810598,10177.429622,1.4282349695711594,2.4550177755269025,23.14561700000013,23.076180000000022,12.177300999999716,26.144689000000653,3.0685089999997217,13.967387999999119,0.9969999935624915,0.5261169317715595,1.1295740787554078,0.1325740851928771,0.6034571469837697
Italy,IT,2026-01,2026-01-01,italy__standard_employee_roma_lazio,"Italie · salarie standard (Rome, Latium)","Italy · standard employee (Rome, Lazio)",5.65,13077.273605,2426.536625,936.575875,55.059167,210.544105,261.545472,78.463642,39.231821,60.155459,26.154547,88.925461,65.386368,903.300566,54359.458791,0.0,0.0,0.0,4813.744134,1301.011928,1030.866862,3217.711678,0.07882888235109817,0.24605370930468498,12046.406743,5039.517904,7006.888838,17198.285849,5151.879106,10191.397011,1.427669363684947,2.4544824737970417,23.14561700000013,23.07618100000036,12.177300000000287,26.144689000000653,3.0685080000002927,13.967388999999457,0.9970000367672304,0.5261168885668599,1.1295740787554078,0.13257404198817752,0.6034571901885086
Italy,IT,2026-01,2026-01-01,italy__standard_employee_roma_lazio,"Italie · salarie standard (Rome, Latium)","Italy · standard employee (Rome, Lazio)",5.66,13100.419222,2426.536625,936.575875,55.059167,210.916749,262.008384,78.602515,39.301258,60.261928,26.200838,89.082851,65.502096,904.899328,54478.531881,0.0,0.0,0.0,4822.965376,1303.504156,1030.936299,3219.111988,0.07869490906072521,0.24572587589601946,12069.482923,5050.416784,7019.066138,17224.430538,5154.947615,10205.364399,1.4271059206127352,2.4539490294452895,23.14561700000013,23.076180000000022,12.177300000000287,26.144689000000653,3.0685089999997217,13.967388000000938,0.9969999935624915,0.5261168885668599,1.1295740787554078,0.1325740851928771,0.6034571469838483
Italy,IT,2026-01,2026-01-01,italy__standard_employee_roma_lazio,"Italie · salarie standard (Rome, Latium)","Italy · standard employee (Rome, Lazio)",5.67,13123.564839,2426.536625,936.575875,55.059167,211.289394,262.471297,78.741389,39.370695,60.368398,26.24713,89.240241,65.617824,906.49809,54597.604971,0.0,0.0,0.0,4832.186617,1305.996383,1031.005736,3220.512298,0.07856140833927774,0.2453991988662205,12092.559103,5061.315664,7031.243439,17250.575227,5158.016124,10219.331788,1.4265446279726577,2.453417432821355,23.14561700000013,23.076180000000022,12.177300999999716,26.144689000000653,3.0685089999997217,13.967388999999457,0.9969999935624915,0.5261169317715595,1.1295740787554078,0.1325740851928771,0.6034571901885086
Italy,IT,2026-01,2026-01-01,italy__standard_employee_roma_lazio,"Italie · salarie standard (Rome, Latium)","Italy · standard employee (Rome, Lazio)",5.68,13146.710456,2426.536625,936.575875,55.059167,211.662038,262.934209,78.880263,39.440131,60.474868,26.293421,89.397631,65.733552,908.096852,54716.67806,0.0,0.0,0.0,4841.407859,1308.488611,1031.075173,3221.912608,0.07842837769079308,0.24507367210765318,12115.635283,5072.214544,7043.420739,17276.719915,5161.084632,10233.299177,1.4259854734771802,2.4528876743416834,23.14561700000013,23.076180000000022,12.177300000000287,26.144688000000315,3.0685080000002927,13.967389000001276,0.9969999935624915,0.5261168885668599,1.129574035550669,0.13257404198817752,0.6034571901885872
Italy,IT,2026-01,2026-01-01,italy__standard_employee_roma_lazio,"Italie · salarie standard (Rome, Latium)","Italy · standard employee (Rome, Lazio)",5.69,13169.856073,2426.536625,936.575875,55.059167,212.034683,263.397121,79.019136,39.509568,60.581338,26.339712,89.555021,65.84928,909.695614,54835.75115,0.0,0.0,0.0,4850.629101,1310.980838,1031.14461,3223.312917,0.07829581463685496,0.24474928955561867,12138.711463,5083.113424,7055.598039,17302.864604,5164.153141,10247.266565,1.4254284449322052,2.45235974448888,23.14561700000013,23.076180000000022,12.177300000000287,26.144688999997015,3.0685089999997217,13.967387999999119,0.9969999935624915,0.5261168885668599,1.1295740787552506,0.1325740851928771,0.6034571469837697
Italy,IT,2026-01,2026-01-01,italy__standard_employee_roma_lazio,"Italie · salarie standard (Rome, Latium)","Italy · standard employee (Rome, Lazio)",5.7,13193.00169,2426.536625,936.575875,55.059167,212.407327,263.860034,79.15801,39.579005,60.687808,26.386003,89.712411,65.965008,911.294376,54954.824239,0.0,0.0,0.0,4859.850342,1313.473065,1031.214047,3224.713227,0.07816371671643944,0.24442604518797725,12161.787643,5094.012304,7067.775339,17329.009293,5167.22165,10261.233954,1.4248735302361852,2.451833633811142,23.14561699999831,23.076180000000022,12.177299999999377,26.144689000000653,3.068509000000631,13.967388999999457,0.9969999935625699,0.526116888566862,1.1295740787554966,0.13257408519292682,0.603457190188556
Italy,IT,2026-01,2026-01-01,italy__standard_employee_roma_lazio,"Italie · salarie standard (Rome, Latium)","Italy · standard employee (Rome, Lazio)",5.71,13216.147307,2426.536625,936.575875,55.059167,212.779972,264.322946,79.296884,39.648442,60.794278,26.432295,89.869802,66.080737,912.893138,55073.897329,0.0,0.0,0.0,4869.071584,1315.965293,1031.283484,3226.113537,0.07803208148576264,0.2441039330247759,12184.863823,5104.911184,7079.95264,17355.153982,5170.290159,10275.201343,1.4243207173792471,2.4513093329216975,23.14561700000013,23.076180000000022,12.177301000000625,26.144689000000653,3.0685089999997217,13.967389000001276,0.9969999935624915,0.5261169317715988,1.1295740787554078,0.1325740851928771,0.6034571901885872
Italy,IT,2026-01,2026-01-01,italy__standard_employee_roma_lazio,"Italie · salarie standard (Rome, Latium)","Italy · standard employee (Rome, Lazio)",5.72,13239.292924,2426.536625,936.575875,55.059167,213.152616,264.785858,79.435758,39.717879,60.900747,26.478586,90.027192,66.196465,914.4919,55192.970418,0.0,0.0,0.0,4878.292825,1318.45752,1031.35292,3227.513847,0.0779009065181302,0.24378294712787946,12207.940004,5115.810064,7092.12994,17381.298671,5173.358667,10289.168731,1.4237699944423239,2.4507868324982374,23.14561700000013,23.07618100000036,12.177299999999377,26.144689000000653,3.0685080000002927,13.967387999999119,0.9970000367672304,0.5261168885668206,1.1295740787554078,0.13257404198817752,0.6034571469837697
Italy,IT,2026-01,2026-01-01,italy__standard_employee_roma_lazio,"Italie · salarie standard (Rome, Latium)","Italy · standard employee (Rome, Lazio)",5.73,13262.438541,2426.536625,936.575875,55.059167,213.525261,265.248771,79.574631,39.787316,61.007217,26.524877,90.184582,66.312193,916.090662,55312.043508,0.0,0.0,0.0,4887.514067,1320.949748,1031.422357,3228.914157,0.0777701894037879,0.2434630816006056,12231.016184,5126.708944,7104.30724,17407.44336,5176.427176,10303.13612,1.4232213495962982,2.4502661232823715,23.14561700000013,23.076180000000022,12.177300000000287,26.144689000000653,3.0685089999997217,13.967388999999457,0.9969999935624915,0.5261168885668599,1.1295740787554078,0.1325740851928771,0.6034571901885086
Italy,IT,2026-01,2026-01-01,italy__standard_employee_roma_lazio,"Italie · salarie standard (Rome, Latium)","Italy · standard employee (Rome, Lazio)",5.74,13285.584158,2426.536625,936.575875,55.059167,213.897905,265.711683,79.713505,39.856752,61.113687,26.571168,90.341972,66.427921,917.689424,55431.116598,0.0,0.0,0.0,4896.735309,1323.441975,1031.491794,3230.314467,0.07763992774977434,0.24314433058736418,12254.092364,5137.607823,7116.48454,17433.588049,5179.495685,10317.103508,1.4226747711011591,2.4497471960790835,23.14561700000013,23.076180000000022,12.177300000000287,26.144689000000653,3.0685089999997217,13.967388000000938,0.9969999935624915,0.5261168885668599,1.1295740787554078,0.1325740851928771,0.6034571469838483
Italy,IT,2026-01,2026-01-01,italy__standard_employee_roma_lazio,"Italie · salarie standard (Rome, Latium)","Italy · standard employee (Rome, Lazio)",5.75,13308.729775,2426.536625,936.575875,55.059167,214.270549,266.174596,79.852379,39.926189,61.220157,26.61746,90.499362,66.543649,919.288186,55550.189687,0.0,0.0,0.0,4905.95655,1325.934203,1031.561231,3231.714776,0.07751011917977473,0.24282668827329917,12277.168544,5148.506703,7128.661841,17459.732738,5182.564194,10331.070897,1.422130247305159,2.4492300417561776,23.14561700000013,23.076180000000022,12.177300999999716,26.144688999997015,3.0685089999997217,13.967388999999457,0.9969999935624915,0.5261169317715595,1.1295740787552506,0.1325740851928771,0.6034571901885086
Italy,IT,2026-01,2026-01-01,italy__standard_employee_roma_lazio,"Italie · salarie standard (Rome, Latium)","Italy · standard employee (Rome, Lazio)",5.76,13331.875392,2426.536625,936.575875,55.059167,214.643194,266.637508,79.991252,39.995626,61.326627,26.663751,90.656753,66.659377,920.886948,55669.262777,0.0,0.0,0.0,4915.177792,1328.42643,1031.630668,3233.115086,0.0773807613339765,0.24251014888393577,12300.244724,5159.405583,7140.839141,17485.877427,5185.632702,10345.038286,1.4215877666439891,2.4487146512437565,23.14561700000013,23.076180000000022,12.177300000000287,26.144689000000653,3.0685080000002927,13.967389000001276,0.9969999935624915,0.5261168885668599,1.1295740787554078,0.13257404198817752,0.6034571901885872
Italy,IT,2026-01,2026-01-01,italy__standard_employee_roma_lazio,"Italie · salarie standard (Rome, Latium)","Italy · standard employee (Rome, Lazio)",5.77,13355.021009,2426.536625,936.575875,55.059167,215.015838,267.10042,80.130126,40.065063,61.433097,26.710042,90.814143,66.775105,922.48571,55788.335866,0.0,0.0,0.0,4924.399033,1330.918658,1031.700105,3234.515396,0.0772518518689263,0.2421947066848302,12323.320904,5170.304463,7153.016441,17512.022115,5188.701211,10359.005674,1.4210473176399616,2.4482010155336837,23.14561700000013,23.076180000000022,12.177299999999377,26.144688000000315,3.0685089999997217,13.967387999999119,0.9969999935624915,0.5261168885668206,1.129574035550669,0.1325740851928771,0.6034571469837697
Italy,IT,2026-01,2026-01-01,italy__standard_employee_roma_lazio,"Italie · salarie standard (Rome, Latium)","Italy · standard employee (Rome, Lazio)",5.78,13378.166626,2426.536625,936.575875,55.059167,215.388483,267.563333,80.269,40.1345,61.539566,26.756333,90.971533,66.890833,924.084472,55907.408956,0.0,0.0,0.0,4933.620275,1333.410885,1031.769542,3235.915706,0.07712338845738836,0.2418803559812232,12346.397084,5181.203343,7165.193741,17538.166804,5191.76972,10372.973063,1.4205088889011974,2.44768912567906,23.14561700000013,23.076180000000022,12.177300000000287,26.144689000000653,3.068509000000631,13.967388999999457,0.9969999935624915,0.5261168885668599,1.1295740787554078,0.13257408519291639,0.6034571901885086
Italy,IT,2026-01,2026-01-01,italy__standard_employee_roma_lazio,"Italie · salarie standard (Rome, Latium)","Italy · standard employee (Rome, Lazio)",5.79,13401.312243,2426.536625,936.575875,55.059167,215.761127,268.026245,80.407873,40.203937,61.646036,26.802624,91.128923,67.006561,925.683235,56026.482045,0.0,0.0,0.0,4942.841517,1335.903113,1031.838978,3237.316016,0.07699536878820461,0.24156709111769772,12369.473265,5192.102223,7177.371042,17564.311493,5194.838229,10386.940452,1.4199724691208273,2.447178972793704,23.14561700000013,23.07618100000036,12.177300999999716,26.144689000000653,3.0685089999997217,13.967389000001276,0.9970000367672304,0.5261169317715595,1.1295740787554078,0.1325740851928771,0.6034571901885872
Italy,IT,2026-01,2026-01-01,italy__standard_employee_roma_lazio,"Italie · salarie standard (Rome, Latium)","Italy · standard employee (Rome, Lazio)",5.8,13424.45786,2426.536625,936.575875,55.059167,216.133772,268.489157,80.546747,40.273374,61.752506,26.848916,91.286313,67.122289,927.281997,56145.555135,0.0,0.0,0.0,4952.062758,1338.39534,1031.908415,3238.716326,0.07686779056615599,0.24125490647783973,12392.549445,5203.001103,7189.548342,17590.456182,5197.906737,10400.90784,1.4194380470762007,2.4466705480516393,23.14561700000013,23.076180000000022,12.177300000000287,26.144689000000653,3.0685080000002927,13.967387999999119,0.9969999935624915,0.5261168885668599,1.1295740787554078,0.13257404198817752,0.6034571469837697
Italy,IT,2026-01,2026-01-01,italy__standard_employee_roma_lazio,"Italie · salarie standard (Rome, Latium)","Italy · standard employee (Rome, Lazio)",5.81,13447.603477,2426.536625,936.575875,55.059167,216.506416,268.95207,80.685621,40.34281,61.858976,26.895207,91.443704,67.238017,928.880759,56264.628224,0.0,0.0,0.0,4961.284,1340.887567,1031.977852,3240.116635,0.07674065151182527,0.2409437964839019,12415.625625,5213.899983,7201.725642,17616.600871,5200.975246,10414.875229,1.4189056116281014,2.4461638426865835,23.14561700000013,23.076180000000022,12.177300000000287,26.144688999997015,3.0685089999997217,13.967388999999457,0.9969999935624915,0.5261168885668599,1.1295740787552506,0.1325740851928771,0.6034571901885086
Italy,IT,2026-01,2026-01-01,italy__standard_employee_roma_lazio,"Italie · salarie standard (Rome, Latium)","Italy · standard employee (Rome, Lazio)",5.82,13470.749094,2426.536625,936.575875,55.059167,216.87906,269.414982,80.824495,40.412247,61.965446,26.941498,91.601094,67.353745,930.479521,56383.701314,0.0,0.0,0.0,4970.505241,1343.379795,1032.047289,3241.516945,0.07661394936146128,0.24063375559647252,12438.701805,5224.798863,7213.902943,17642.74556,5204.043755,10428.842617,1.4183751517199756,2.4456588479914445,23.14561700000013,23.076180000000022,12.177300999999716,26.144689000000653,3.0685089999997217,13.967388000000938,0.9969999935624915,0.5261169317715595,1.1295740787554078,0.1325740851928771,0.6034571469838483
Italy,IT,2026-01,2026-01-01,italy__standard_employee_roma_lazio,"Italie · salarie standard (Rome, Latium)","Italy · standard employee (Rome, Lazio)",5.83,13493.894711,2426.536625,936.575875,55.059167,217.251705,269.877894,80.963368,40.481684,62.071916,26.987789,91.758484,67.469474,932.078283,56502.774404,0.0,0.0,0.0,4979.726483,1345.872022,1032.116726,3242.917255,0.07648768186684472,0.24032477831414584,12461.777985,5235.697742,7226.080243,17668.890249,5207.112264,10442.810006,1.4178466563771663,2.4451555553178252,23.14561700000013,23.076180000000022,12.177300000000287,26.144689000000653,3.068509000000631,13.967388999999457,0.9969999935624915,0.5261168885668599,1.1295740787554078,0.13257408519291639,0.6034571901885086
Italy,IT,2026-01,2026-01-01,italy__standard_employee_roma_lazio,"Italie · salarie standard (Rome, Latium)","Italy · standard employee (Rome, Lazio)",5.84,13517.040328,2426.536625,936.575875,55.059167,217.624349,270.340807,81.102242,40.551121,62.178386,27.034081,91.915874,67.585202,933.677045,56621.847493,0.0,0.0,0.0,4988.947724,1348.36425,1032.186163,3244.317565,0.07636184679515493,0.24001685917319693,12484.854165,5246.596622,7238.257543,17695.034938,5210.180772,10456.777395,1.4173201147061536,2.4446539560755225,23.14561699999831,23.076180000000022,12.177299999999377,26.144689000000653,3.068507999999383,13.967388999999457,0.9969999935625699,0.526116888566862,1.1295740787554966,0.13257404198814865,0.603457190188556
Italy,IT,2026-01,2026-01-01,italy__standard_employee_roma_lazio,"Italie · salarie standard (Rome, Latium)","Italy · standard employee (Rome, Lazio)",5.85,13540.185945,2426.536625,936.575875,55.059167,217.996994,270.803719,81.241116,40.620558,62.284855,27.080372,92.073264,67.70093,935.275807,56740.920583,0.0,0.0,0.0,4998.168966,1350.856477,1032.2556,3245.717875,0.07623644192883841,0.23970999274725988,12507.930345,5257.495502,7250.434843,17721.179627,5213.249281,10470.744783,1.416795515893811,2.44415404173205,23.14561700000013,23.076180000000022,12.177300000000287,26.144689000000653,3.068509000000631,13.967388000000938,0.9969999935624915,0.5261168885668599,1.1295740787554078,0.13257408519291639,0.6034571469838483
Italy,IT,2026-01,2026-01-01,italy__standard_employee_roma_lazio,"Italie · salarie standard (Rome, Latium)","Italy · standard employee (Rome, Lazio)",5.86,13563.331562,2426.536625,936.575875,55.059167,218.369638,271.266631,81.379989,40.689995,62.391325,27.126663,92.230655,67.816658,936.874569,56859.993672,0.0,0.0,0.0,5007.390208,1353.348705,1032.325036,3247.118185,0.07611146506547863,0.23940417364700856,12531.006526,5268.394382,7262.612144,17747.324316,5216.31779,10484.712172,1.4162728492066614,2.443655803812141,23.14561700000013,23.07618099999854,12.177300999999716,26.144688999997015,3.0685089999997217,13.967388999999457,0.9970000367671518,0.5261169317715595,1.1295740787552506,0.1325740851928771,0.6034571901885086
Italy,IT,2026-01,2026-01-01,italy__standard_employee_roma_lazio,"Italie · salarie standard (Rome, Latium)","Italy · standard employee (Rome, Lazio)",5.87,13586.477179,2426.536625,936.575875,55.059167,218.742283,271.729544,81.518863,40.759432,62.497795,27.172954,92.388045,67.932386,938.473331,56979.066762,0.0,0.0,0.0,5016.611449,1355.840932,1032.394473,3248.518494,0.07598691401766691,0.23909939651984155,12554.082706,5279.293262,7274.789444,17773.469004,5219.386299,10498.679561,1.4157521039901457,2.443159233897279,23.14561700000013,23.076180000000022,12.177300000000287,26.144688000000315,3.0685089999997217,13.967389000001276,0.9969999935624915,0.5261168885668599,1.129574035550669,0.1325740851928771,0.6034571901885872
Italy,IT,2026-01,2026-01-01,italy__standard_employee_roma_lazio,"Italie · salarie standard (Rome, Latium)","Italy · standard employee (Rome, Lazio)",5.88,13609.622796,2426.536625,936.575875,55.059167,219.114927,272.192456,81.657737,40.828868,62.604265,27.219246,92.545435,68.048114,940.072093,57098.139851,0.0,0.0,0.0,5025.832691,1358.33316,1032.46391,3249.918804,0.07586278661287496,0.23879565604956973,12577.158886,5290.192142,7286.966744,17799.613693,5222.454807,10512.646949,1.415233269667901,2.4426643236252192,23.14561700000013,23.076180000000022,12.177300000000287,26.144689000000653,3.0685080000002927,13.967387999999119,0.9969999935624915,0.5261168885668599,1.1295740787554078,0.13257404198817752,0.6034571469837697
Italy,IT,2026-01,2026-01-01,italy__standard_employee_roma_lazio,"Italie · salarie standard (Rome, Latium)","Italy · standard employee (Rome, Lazio)",5.89,13632.768413,2426.536625,936.575875,55.059167,219.487571,272.655368,81.79661,40.898305,62.710735,27.265537,92.702825,68.163842,941.670855,57217.212941,0.0,0.0,0.0,5035.053932,1360.825387,1032.533347,3251.319114,0.07573908069332849,0.23849294695610698,12600.235066,5301.091022,7299.144044,17825.758382,5225.523316,10526.614338,1.4147163357410415,2.4421710646895223,23.14561700000013,23.076180000000022,12.177299999999377,26.144689000000653,3.0685089999997217,13.967388999999457,0.9969999935624915,0.5261168885668206,1.1295740787554078,0.1325740851928771,0.6034571901885086
Italy,IT,2026-01,2026-01-01,italy__standard_employee_roma_lazio,"Italie · salarie standard (Rome, Latium)","Italy · standard employee (Rome, Lazio)",5.9,13655.91403,2426.536625,936.575875,55.059167,219.860216,273.118281,81.935484,40.967742,62.817205,27.311828,92.860215,68.27957,943.269617,57336.286031,0.0,0.0,0.0,5044.275174,1363.317615,1032.602784,3252.719424,0.07561579411588217,0.2381912639951644,12623.311246,5311.989902,7311.321345,17851.903071,5228.591825,10540.581726,1.4142012917874531,2.441679448839086,23.14561700000013,23.076180000000022,12.177301000000625,26.144689000000653,3.068509000000631,13.967388000000938,0.9969999935624915,0.5261169317715988,1.1295740787554078,0.13257408519291639,0.6034571469838483
Italy,IT,2026-01,2026-01-01,italy__standard_employee_roma_lazio,"Italie · salarie standard (Rome, Latium)","Italy · standard employee (Rome, Lazio)",5.91,13679.059647,2426.536625,936.575875,55.059167,220.23286,273.581193,82.074358,41.037179,62.923674,27.358119,93.017606,68.395298,944.868379,57455.35912,0.0,0.0,0.0,5053.496416,1365.809842,1032.672221,3254.119734,0.07549292475189588,0.23789060195794756,12646.387426,5322.888781,7323.498645,17878.04776,5231.660334,10554.549115,1.4136881274610904,2.4411894678776873,23.14561700000013,23.076180000000022,12.177299999999377,26.144689000000653,3.0685089999997217,13.967388999999457,0.9969999935624915,0.5261168885668206,1.1295740787554078,0.1325740851928771,0.6034571901885086
Italy,IT,2026-01,2026-01-01,italy__standard_employee_roma_lazio,"Italie · salarie standard (Rome, Latium)","Italy · standard employee (Rome, Lazio)",5.92,13702.205264,2426.536625,936.575875,55.059167,220.605505,274.044105,82.213232,41.106616,63.030144,27.404411,93.174996,68.511026,946.467141,57574.43221,0.0,0.0,0.0,5062.717657,1368.30207,1032.741657,3255.520043,0.07537047048711229,0.23759095567085642,12669.463607,5333.787661,7335.675945,17904.192449,5234.728842,10568.516504,1.4131768324912855,2.4407011136635255,23.14561700000013,23.07618100000036,12.177300000000287,26.144688999997015,3.0685080000002927,13.967388999999457,0.9970000367672304,0.5261168885668599,1.1295740787552506,0.13257404198817752,0.6034571901885086
Italy,IT,2026-01,2026-01-01,italy__standard_employee_roma_lazio,"Italie · salarie standard (Rome, Latium)","Italy · standard employee (Rome, Lazio)",5.93,13725.350881,2426.536625,936.575875,55.059167,220.978149,274.507018,82.352105,41.176053,63.136614,27.450702,93.332386,68.626754,948.065903,57693.505299,0.0,0.0,0.0,5071.938899,1370.794297,1032.811094,3256.920353,0.07524842922153535,0.23729231999518896,12692.539787,5344.686541,7347.853245,17930.337138,5237.797351,10582.483892,1.412667396682064,2.4402143781087764,23.14561700000013,23.076180000000022,12.177300000000287,26.144689000000653,3.0685089999997217,13.967388000000938,0.9969999935624915,0.5261168885668599,1.1295740787554078,0.1325740851928771,0.6034571469838483
Italy,IT,2026-01,2026-01-01,italy__standard_employee_roma_lazio,"Italie · salarie standard (Rome, Latium)","Italy · standard employee (Rome, Lazio)",5.94,13748.496498,2426.536625,936.575875,55.059167,221.350794,274.96993,82.490979,41.245489,63.243084,27.496993,93.489776,68.742482,949.664666,57812.578389,0.0,0.0,0.0,5081.16014,1373.286524,1032.880531,3258.320663,0.07512679886931055,0.23699468982684688,12715.615967,5355.585421,7360.030546,17956.481827,5240.86586,10596.451281,1.4121598099114632,2.4397292531791344,23.14561700000013,23.076180000000022,12.177300999999716,26.144689000000653,3.0685089999997217,13.967388999999457,0.9969999935624915,0.5261169317715595,1.1295740787554078,0.1325740851928771,0.6034571901885086
Italy,IT,2026-01,2026-01-01,italy__standard_employee_roma_lazio,"Italie · salarie standard (Rome, Latium)","Italy · standard employee (Rome, Lazio)",5.95,13771.642115,2426.536625,936.575875,55.059167,221.723438,275.432842,82.629853,41.314926,63.349554,27.543284,93.647166,68.858211,951.263428,57931.651478,0.0,0.0,0.0,5090.381382,1375.778752,1032.949968,3259.720973,0.07500557735860583,0.2366980600960454,12738.692147,5366.484301,7372.207846,17982.626516,5243.934369,10610.41867,1.4116540621308662,2.4392457308933837,23.14561700000013,23.076180000000022,12.177300000000287,26.144689000000653,3.0685089999997217,13.967388999999457,0.9969999935624915,0.5261168885668599,1.1295740787554078,0.1325740851928771,0.6034571901885086
Italy,IT,2026-01,2026-01-01,italy__standard_employee_roma_lazio,"Italie · salarie standard (Rome, Latium)","Italy · standard employee (Rome, Lazio)",5.96,13794.787732,2426.536625,936.575875,55.059167,222.096082,275.895755,82.768726,41.384363,63.456024,27.589575,93.804557,68.973939,952.86219,58050.724568,0.0,0.0,0.0,5099.602624,1378.270979,1033.019405,3261.121283,0.07488476263149407,0.23640242576702516,12761.768327,5377.383181,7384.385146,18008.771204,5247.002877,10624.386058,1.4111501433643365,2.4387638033229524,23.14561700000013,23.076180000000022,12.177299999999377,26.144688000000315,3.0685080000002927,13.967388000000938,0.9969999935624915,0.5261168885668206,1.129574035550669,0.13257404198817752,0.6034571469838483
Italy,IT,2026-01,2026-01-01,italy__standard_employee_roma_lazio,"Italie · salarie standard (Rome, Latium)","Italy · standard employee (Rome, Lazio)",5.97,13817.933349,2426.536625,936.575875,55.059167,222.468727,276.358667,82.9076,41.4538,63.562493,27.635867,93.961947,69.089667,954.460952,58169.797658,0.0,0.0,0.0,5108.823865,1380.763207,1033.088842,3262.521593,0.07476435264383663,0.23610778183776715,12784.844507,5388.282061,7396.562446,18034.915893,5250.071386,10638.353447,1.4106480437079618,2.438283462591482,23.14561700000013,23.076180000000022,12.177300000000287,26.144689000000653,3.0685089999997217,13.967388999999457,0.9969999935624915,0.5261168885668599,1.1295740787554078,0.1325740851928771,0.6034571901885086
Italy,IT,2026-01,2026-01-01,italy__standard_employee_roma_lazio,"Italie · salarie standard (Rome, Latium)","Italy · standard employee (Rome, Lazio)",5.98,13841.078966,2426.536625,936.575875,55.059167,222.841371,276.821579,83.046474,41.523237,63.668963,27.682158,94.119337,69.205395,956.059714,58288.870747,0.0,0.0,0.0,5118.045107,1383.255434,1033.158279,3263.921902,0.07464434536516801,0.2358141233397107,12807.920687,5399.180941,7408.739747,18061.060582,5253.139895,10652.320835,1.4101477533292057,2.437804700874395,23.14561699999831,23.076180000000022,12.177300999999716,26.144688999997015,3.068509000000631,13.967388000000938,0.9969999935625699,0.5261169317716008,1.1295740787553394,0.13257408519292682,0.6034571469838957
Italy,IT,2026-01,2026-01-01,italy__standard_employee_roma_lazio,"Italie · salarie standard (Rome, Latium)","Italy · standard employee (Rome, Lazio)",5.99,13864.224583,2426.536625,936.575875,55.059167,223.214016,277.284492,83.185347,41.592674,63.775433,27.728449,94.276727,69.321123,957.658476,58407.943837,0.0,0.0,0.0,5127.266348,1385.747662,1033.227715,3265.322212,0.07452473877858175,0.23552144533747413,12830.996868,5410.079821,7420.917047,18087.205271,5256.208404,10666.288224,1.4096492624662673,2.437327510398477,23.14561700000013,23.07618100000036,12.177300000000287,26.144689000000653,3.0685089999997217,13.967388999999457,0.9970000367672304,0.5261168885668599,1.1295740787554078,0.1325740851928771,0.6034571901885086
Italy,IT,2026-01,2026-01-01,italy__standard_employee_roma_lazio,"Italie · salarie standard (Rome, Latium)","Italy · standard employee (Rome, Lazio)",6.0,13887.3702,2426.536625,936.575875,55.059167,223.58666,277.747404,83.324221,41.662111,63.881903,27.77474,94.434117,69.436851,959.257238,58527.016926,0.0,0.0,0.0,5136.48759,1388.239889,1033.297152,3266.722522,0.07440553088061745,0.23522974292857832,12854.073048,5420.9787,7433.094347,18113.34996,5259.276912,10680.255613,1.4091525614274432,2.4368518834414474,23.14561700000013,23.076180000000022,12.177300000000287,26.144689000000653,3.0685080000002927,13.967388999999457,0.9969999935624915,0.5261168885668599,1.1295740787554078,0.13257404198817752,0.6034571901885086
